market_id,horizon_h,price,outcome,volume,neg_risk,fees,category
253597,1,0.4229999929,0,1037039118.18879,True,False,presidential-election-winner-2024
253597,6,0.4409999982,0,1037039118.18879,True,False,presidential-election-winner-2024
253597,24,0.442,0,1037039118.18879,True,False,presidential-election-winner-2024
253597,72,0.373,0,1037039118.18879,True,False,presidential-election-winner-2024
253597,168,0.33799999999999997,0,1037039118.18879,True,False,presidential-election-winner-2024
253597,720,0.4920000081,0,1037039118.18879,True,False,presidential-election-winner-2024
253642,1,0.001,0,241655099.850067,True,False,presidential-election-winner-2024
253642,6,0.001,0,241655099.850067,True,False,presidential-election-winner-2024
253642,24,0.001,0,241655099.850067,True,False,presidential-election-winner-2024
253642,72,0.0010000000000000009,0,241655099.850067,True,False,presidential-election-winner-2024
253642,168,0.001,0,241655099.850067,True,False,presidential-election-winner-2024
253642,720,0.0030000000000000027,0,241655099.850067,True,False,presidential-election-winner-2024
253591,1,0.627,1,1531479284.504353,True,False,presidential-election-winner-2024
253591,6,0.584,1,1531479284.504353,True,False,presidential-election-winner-2024
253591,24,0.57,1,1531479284.504353,True,False,presidential-election-winner-2024
253591,72,0.5799999992,1,1531479284.504353,True,False,presidential-election-winner-2024
253591,168,0.662,1,1531479284.504353,True,False,presidential-election-winner-2024
253591,720,0.505,1,1531479284.504353,True,False,presidential-election-winner-2024
511754,1,0.992,1,400409526.886835,True,False,who-will-be-inaugurated-as-president
511754,6,0.991,1,400409526.886835,True,False,who-will-be-inaugurated-as-president
511754,24,0.9929999997,1,400409526.886835,True,False,who-will-be-inaugurated-as-president
511754,72,0.992,1,400409526.886835,True,False,who-will-be-inaugurated-as-president
511754,168,0.994,1,400409526.886835,True,False,who-will-be-inaugurated-as-president
511754,720,0.9639999734,1,400409526.886835,True,False,who-will-be-inaugurated-as-president
2169995,1,0.001,0,375813104.55575246,False,True,microstrategy-sell-any-bitcoin-in-2025
2169995,6,0.001,0,375813104.55575246,False,True,microstrategy-sell-any-bitcoin-in-2025
2169995,24,0.001,0,375813104.55575246,False,True,microstrategy-sell-any-bitcoin-in-2025
2169995,72,0.001,0,375813104.55575246,False,True,microstrategy-sell-any-bitcoin-in-2025
2169995,168,0.001,0,375813104.55575246,False,True,microstrategy-sell-any-bitcoin-in-2025
2169995,720,0.1189821376,0,375813104.55575246,False,True,microstrategy-sell-any-bitcoin-in-2025
546814,1,0.0229999885,0,242231180.272023,False,False,will-zelenskyy-wear-a-suit-before-july
546814,6,0.02,0,242231180.272023,False,False,will-zelenskyy-wear-a-suit-before-july
546814,24,0.0379999928,0,242231180.272023,False,False,will-zelenskyy-wear-a-suit-before-july
546814,72,0.1399750805,0,242231180.272023,False,False,will-zelenskyy-wear-a-suit-before-july
546814,168,0.03700000000000003,0,242231180.272023,False,False,will-zelenskyy-wear-a-suit-before-july
546814,720,0.08,0,242231180.272023,False,False,will-zelenskyy-wear-a-suit-before-july
601697,1,0.001,0,235065166.637259,True,False,fed-decision-in-january
601697,6,0.001,0,235065166.637259,True,False,fed-decision-in-january
601697,24,0.001,0,235065166.637259,True,False,fed-decision-in-january
601697,72,0.001,0,235065166.637259,True,False,fed-decision-in-january
601697,168,0.002,0,235065166.637259,True,False,fed-decision-in-january
601697,720,0.01200000000000001,0,235065166.637259,True,False,fed-decision-in-january
1640919,1,0.999,1,269049107.0837461,False,False,us-forces-enter-iran-by
1640919,6,0.999,1,269049107.0837461,False,False,us-forces-enter-iran-by
1640919,24,0.999,1,269049107.0837461,False,False,us-forces-enter-iran-by
1640919,72,0.999,1,269049107.0837461,False,False,us-forces-enter-iran-by
1640919,168,0.999,1,269049107.0837461,False,False,us-forces-enter-iran-by
1640919,720,0.69,1,269049107.0837461,False,False,us-forces-enter-iran-by
601700,1,0.001,0,216455743.153891,True,False,fed-decision-in-january
601700,6,0.001,0,216455743.153891,True,False,fed-decision-in-january
601700,24,0.002,0,216455743.153891,True,False,fed-decision-in-january
601700,72,0.001,0,216455743.153891,True,False,fed-decision-in-january
601700,168,0.001,0,216455743.153891,True,False,fed-decision-in-january
601700,720,0.0030000000000000027,0,216455743.153891,True,False,fed-decision-in-january
2036399,1,0.6500001225,0,203621392.1401,False,False,us-x-iran-ceasefire-extended-by
2270330,1,0.8130001124,1,177370818.43892464,False,False,us-x-iran-permanent-peace-deal-by
2270330,6,0.14600012610000002,1,177370818.43892464,False,False,us-x-iran-permanent-peace-deal-by
2270330,24,0.2473524897,1,177370818.43892464,False,False,us-x-iran-permanent-peace-deal-by
2270330,72,0.1420000105,1,177370818.43892464,False,False,us-x-iran-permanent-peace-deal-by
2270330,168,0.07999999999999996,1,177370818.43892464,False,False,us-x-iran-permanent-peace-deal-by
2270330,720,0.18000000000000005,1,177370818.43892464,False,False,us-x-iran-permanent-peace-deal-by
558938,1,0.0010000000000000009,0,174315688.25573426,True,True,world-cup-winner
558938,6,0.4129999814,0,174315688.25573426,True,True,world-cup-winner
558938,24,0.4099999446,0,174315688.25573426,True,True,world-cup-winner
558938,72,0.4159999804,0,174315688.25573426,True,True,world-cup-winner
558938,168,0.183,0,174315688.25573426,True,True,world-cup-winner
558938,720,0.117,0,174315688.25573426,True,True,world-cup-winner
1706788,1,0.020000000000000018,1,173696184.17746878,False,False,us-x-iran-ceasefire-by
1706788,6,0.02200000000000002,1,173696184.17746878,False,False,us-x-iran-ceasefire-by
1706788,24,0.023,1,173696184.17746878,False,False,us-x-iran-ceasefire-by
1706788,72,0.01200000000000001,1,173696184.17746878,False,False,us-x-iran-ceasefire-by
1706788,168,0.07000000299999998,1,173696184.17746878,False,False,us-x-iran-ceasefire-by
654415,1,0.001,0,172972056.63332495,True,False,fed-decision-in-march-885
654415,6,0.001,0,172972056.63332495,True,False,fed-decision-in-march-885
654415,24,0.001,0,172972056.63332495,True,False,fed-decision-in-march-885
654415,72,0.0020000000000000018,0,172972056.63332495,True,False,fed-decision-in-march-885
654415,168,0.0020000000000000018,0,172972056.63332495,True,False,fed-decision-in-march-885
654415,720,0.006000000000000005,0,172972056.63332495,True,False,fed-decision-in-march-885
253727,1,0.7289999989,0,163779786.645492,True,False,presidential-election-popular-vote-winne
253727,6,0.7281360557,0,163779786.645492,True,False,presidential-election-popular-vote-winne
253727,24,0.7389999991,0,163779786.645492,True,False,presidential-election-popular-vote-winne
253727,72,0.688,0,163779786.645492,True,False,presidential-election-popular-vote-winne
253727,168,0.5730000009,0,163779786.645492,True,False,presidential-election-popular-vote-winne
253727,720,0.7379999994,0,163779786.645492,True,False,presidential-election-popular-vote-winne
558968,1,0.001,0,158580818.67117897,True,True,world-cup-winner
558968,6,0.001,0,158580818.67117897,True,True,world-cup-winner
558968,24,0.001,0,158580818.67117897,True,True,world-cup-winner
558968,72,0.001,0,158580818.67117897,True,True,world-cup-winner
558968,168,0.001,0,158580818.67117897,True,True,world-cup-winner
558968,720,0.002,0,158580818.67117897,True,True,world-cup-winner
570360,1,0.005,0,161574382.129451,True,False,fed-decision-in-december
570360,6,0.008,0,161574382.129451,True,False,fed-decision-in-december
570360,24,0.008000000000000007,0,161574382.129451,True,False,fed-decision-in-december
570360,72,0.0070000001,0,161574382.129451,True,False,fed-decision-in-december
570360,168,0.007,0,161574382.129451,True,False,fed-decision-in-december
570360,720,0.02300000000000002,0,161574382.129451,True,False,fed-decision-in-december
680392,1,0.8600000017,1,157296576.448084,False,False,will-there-be-another-us-government-shut
680392,6,0.8800001008,1,157296576.448084,False,False,will-there-be-another-us-government-shut
680392,24,0.42000000000000004,1,157296576.448084,False,False,will-there-be-another-us-government-shut
680392,72,0.7221276272,1,157296576.448084,False,False,will-there-be-another-us-government-shut
680392,168,0.07999999999999996,1,157296576.448084,False,False,will-there-be-another-us-government-shut
680392,720,0.27,1,157296576.448084,False,False,will-there-be-another-us-government-shut
253609,1,0.001,0,153382275.618594,True,False,presidential-election-winner-2024
253609,6,0.001,0,153382275.618594,True,False,presidential-election-winner-2024
253609,24,0.001,0,153382275.618594,True,False,presidential-election-winner-2024
253609,72,0.001,0,153382275.618594,True,False,presidential-election-winner-2024
253609,168,0.001,0,153382275.618594,True,False,presidential-election-winner-2024
253609,720,0.0020000000000000018,0,153382275.618594,True,False,presidential-election-winner-2024
558963,1,0.0010000000000000009,0,152254451.3257818,True,True,world-cup-winner
558963,6,0.0010000000000000009,0,152254451.3257818,True,True,world-cup-winner
558963,24,0.0010000000000000009,0,152254451.3257818,True,True,world-cup-winner
558963,72,0.0010000000000000009,0,152254451.3257818,True,True,world-cup-winner
558963,168,0.0010000000000000009,0,152254451.3257818,True,True,world-cup-winner
558963,720,0.034,0,152254451.3257818,True,True,world-cup-winner
558934,1,0.999,1,152168021.58979887,True,True,world-cup-winner
558934,6,0.5920000000000001,1,152168021.58979887,True,True,world-cup-winner
558934,24,0.5909998901,1,152168021.58979887,True,True,world-cup-winner
558934,72,0.5839999887,1,152168021.58979887,True,True,world-cup-winner
558934,168,0.20500000019999998,1,152168021.58979887,True,True,world-cup-winner
558934,720,0.1369999965,1,152168021.58979887,True,True,world-cup-winner
538932,1,0.922,1,143254859.334333,True,False,new-york-city-mayoral-election
538932,6,0.8929997997,1,143254859.334333,True,False,new-york-city-mayoral-election
538932,24,0.948,1,143254859.334333,True,False,new-york-city-mayoral-election
538932,72,0.947,1,143254859.334333,True,False,new-york-city-mayoral-election
538932,168,0.879,1,143254859.334333,True,False,new-york-city-mayoral-election
538932,720,0.881,1,143254859.334333,True,False,new-york-city-mayoral-election
558943,1,0.001,0,142460221.86557126,True,True,world-cup-winner
558943,6,0.001,0,142460221.86557126,True,True,world-cup-winner
558943,24,0.001,0,142460221.86557126,True,True,world-cup-winner
558943,72,0.001,0,142460221.86557126,True,True,world-cup-winner
558943,168,0.001,0,142460221.86557126,True,True,world-cup-winner
558943,720,0.033,0,142460221.86557126,True,True,world-cup-winner
253595,1,0.001,0,141605110.748029,True,False,presidential-election-winner-2024
253595,6,0.001,0,141605110.748029,True,False,presidential-election-winner-2024
253595,24,0.0010000000000000009,0,141605110.748029,True,False,presidential-election-winner-2024
253595,72,0.001,0,141605110.748029,True,False,presidential-election-winner-2024
253595,168,0.001,0,141605110.748029,True,False,presidential-election-winner-2024
253595,720,0.0010000000000000009,0,141605110.748029,True,False,presidential-election-winner-2024
558945,1,0.0010000000000000009,0,137807960.8917842,True,True,world-cup-winner
558945,6,0.0010000000000000009,0,137807960.8917842,True,True,world-cup-winner
558945,24,0.0010000000000000009,0,137807960.8917842,True,True,world-cup-winner
558945,72,0.0010000000000000009,0,137807960.8917842,True,True,world-cup-winner
558945,168,0.0010000000000000009,0,137807960.8917842,True,True,world-cup-winner
558945,720,0.015000000000000013,0,137807960.8917842,True,True,world-cup-winner
1795527,1,0.999,1,141250712.68070313,False,False,russia-x-ukraine-ceasefire-by-may-31-202
1795527,6,0.999,1,141250712.68070313,False,False,russia-x-ukraine-ceasefire-by-may-31-202
1795527,24,0.999,1,141250712.68070313,False,False,russia-x-ukraine-ceasefire-by-may-31-202
1795527,72,0.999,1,141250712.68070313,False,False,russia-x-ukraine-ceasefire-by-may-31-202
1795527,168,0.999,1,141250712.68070313,False,False,russia-x-ukraine-ceasefire-by-may-31-202
1795527,720,0.082,1,141250712.68070313,False,False,russia-x-ukraine-ceasefire-by-may-31-202
558951,1,0.073,0,137345387.0652803,True,True,world-cup-winner
558951,6,0.073,0,137345387.0652803,True,True,world-cup-winner
558951,24,0.073,0,137345387.0652803,True,True,world-cup-winner
558951,72,0.073,0,137345387.0652803,True,True,world-cup-winner
558951,168,0.073,0,137345387.0652803,True,True,world-cup-winner
558951,720,0.025,0,137345387.0652803,True,True,world-cup-winner
504494,1,0.002,0,133955589.249666,True,False,fed-interest-rates-november-2024
504494,6,0.001,0,133955589.249666,True,False,fed-interest-rates-november-2024
504494,24,0.003,0,133955589.249666,True,False,fed-interest-rates-november-2024
504494,72,0.003,0,133955589.249666,True,False,fed-interest-rates-november-2024
504494,168,0.001,0,133955589.249666,True,False,fed-interest-rates-november-2024
504494,720,0.0020000000000000018,0,133955589.249666,True,False,fed-interest-rates-november-2024
558974,1,0.001,0,132837715.7947361,True,True,world-cup-winner
558974,6,0.001,0,132837715.7947361,True,True,world-cup-winner
558974,24,0.001,0,132837715.7947361,True,True,world-cup-winner
558974,72,0.001,0,132837715.7947361,True,True,world-cup-winner
558974,168,0.001,0,132837715.7947361,True,True,world-cup-winner
558974,720,0.009,0,132837715.7947361,True,True,world-cup-winner
558936,1,0.0010000000000000009,0,132448346.86106883,True,True,world-cup-winner
558936,6,0.0010000000000000009,0,132448346.86106883,True,True,world-cup-winner
558936,24,0.0010000000000000009,0,132448346.86106883,True,True,world-cup-winner
558936,72,0.0010000000000000009,0,132448346.86106883,True,True,world-cup-winner
558936,168,0.3889999952,0,132448346.86106883,True,True,world-cup-winner
558936,720,0.1849999522,0,132448346.86106883,True,True,world-cup-winner
570363,1,0.001,0,133173605.453166,True,False,fed-decision-in-december
570363,6,0.001,0,133173605.453166,True,False,fed-decision-in-december
570363,24,0.001,0,133173605.453166,True,False,fed-decision-in-december
570363,72,0.0010000000000000009,0,133173605.453166,True,False,fed-decision-in-december
570363,168,0.0020000000000000018,0,133173605.453166,True,False,fed-decision-in-december
570363,720,0.0050000000000000044,0,133173605.453166,True,False,fed-decision-in-december
1180303,1,0.018000000000000016,1,131114970.827221,False,False,khamenei-out-as-supreme-leader-of-iran-b
1180303,6,0.0171217159,1,131114970.827221,False,False,khamenei-out-as-supreme-leader-of-iran-b
1180303,24,0.014000000300000037,1,131114970.827221,False,False,khamenei-out-as-supreme-leader-of-iran-b
1180303,72,0.018,1,131114970.827221,False,False,khamenei-out-as-supreme-leader-of-iran-b
1180303,168,0.041000000000000036,1,131114970.827221,False,False,khamenei-out-as-supreme-leader-of-iran-b
1180303,720,0.1800000505,1,131114970.827221,False,False,khamenei-out-as-supreme-leader-of-iran-b
558946,1,0.001,0,129278677.369467,True,True,world-cup-winner
558946,6,0.001,0,129278677.369467,True,True,world-cup-winner
558946,24,0.001,0,129278677.369467,True,True,world-cup-winner
558946,72,0.001,0,129278677.369467,True,True,world-cup-winner
558946,168,0.001,0,129278677.369467,True,True,world-cup-winner
558946,720,0.016000000000000014,0,129278677.369467,True,True,world-cup-winner
558970,1,0.001,0,119207233.3327582,True,True,world-cup-winner
558970,6,0.001,0,119207233.3327582,True,True,world-cup-winner
558970,24,0.001,0,119207233.3327582,True,True,world-cup-winner
558970,72,0.001,0,119207233.3327582,True,True,world-cup-winner
558970,168,0.001,0,119207233.3327582,True,True,world-cup-winner
558970,720,0.001,0,119207233.3327582,True,True,world-cup-winner
253641,1,0.001,0,116558196.386525,True,False,presidential-election-winner-2024
253641,6,0.001,0,116558196.386525,True,False,presidential-election-winner-2024
253641,24,0.001,0,116558196.386525,True,False,presidential-election-winner-2024
253641,72,0.0010000000000000009,0,116558196.386525,True,False,presidential-election-winner-2024
253641,168,0.001,0,116558196.386525,True,False,presidential-election-winner-2024
253641,720,0.0020000000000000018,0,116558196.386525,True,False,presidential-election-winner-2024
253706,1,0.274,1,119932620.818624,True,False,presidential-election-popular-vote-winne
253706,6,0.274,1,119932620.818624,True,False,presidential-election-popular-vote-winne
253706,24,0.262,1,119932620.818624,True,False,presidential-election-popular-vote-winne
253706,72,0.31,1,119932620.818624,True,False,presidential-election-popular-vote-winne
253706,168,0.427,1,119932620.818624,True,False,presidential-election-popular-vote-winne
253706,720,0.255,1,119932620.818624,True,False,presidential-election-popular-vote-winne
529278,1,0.0010000000000000009,0,115067178.333268,True,False,ireland-presidential-election
529278,6,0.0010000000000000009,0,115067178.333268,True,False,ireland-presidential-election
529278,24,0.0010000000000000009,0,115067178.333268,True,False,ireland-presidential-election
529278,72,0.0010000000000000009,0,115067178.333268,True,False,ireland-presidential-election
529278,168,0.0010000000000000009,0,115067178.333268,True,False,ireland-presidential-election
529278,720,0.001,0,115067178.333268,True,False,ireland-presidential-election
558966,1,0.0010000000000000009,0,111749187.63597094,True,True,world-cup-winner
558966,6,0.0010000000000000009,0,111749187.63597094,True,True,world-cup-winner
558966,24,0.0010000000000000009,0,111749187.63597094,True,True,world-cup-winner
558966,72,0.0010000000000000009,0,111749187.63597094,True,True,world-cup-winner
558966,168,0.0010000000000000009,0,111749187.63597094,True,True,world-cup-winner
558966,720,0.005,0,111749187.63597094,True,True,world-cup-winner
558935,1,0.0010000000000000009,0,110162254.18757918,True,True,world-cup-winner
558935,6,0.0010000000000000009,0,110162254.18757918,True,True,world-cup-winner
558935,24,0.0010000000000000009,0,110162254.18757918,True,True,world-cup-winner
558935,72,0.0010000000000000009,0,110162254.18757918,True,True,world-cup-winner
558935,168,0.21499999999999997,0,110162254.18757918,True,True,world-cup-winner
558935,720,0.125,0,110162254.18757918,True,True,world-cup-winner
558976,1,0.0010000000000000009,0,109483286.88874409,True,True,world-cup-winner
558976,6,0.0010000000000000009,0,109483286.88874409,True,True,world-cup-winner
558976,24,0.0010000000000000009,0,109483286.88874409,True,True,world-cup-winner
558976,72,0.0010000000000000009,0,109483286.88874409,True,True,world-cup-winner
558976,168,0.0010000000000000009,0,109483286.88874409,True,True,world-cup-winner
558976,720,0.006000000000000005,0,109483286.88874409,True,True,world-cup-winner
558940,1,0.0010000000000000009,0,109092961.84747173,True,True,world-cup-winner
558940,6,0.0010000000000000009,0,109092961.84747173,True,True,world-cup-winner
558940,24,0.0010000000000000009,0,109092961.84747173,True,True,world-cup-winner
558940,72,0.0010000000000000009,0,109092961.84747173,True,True,world-cup-winner
558940,168,0.0010000000000000009,0,109092961.84747173,True,True,world-cup-winner
558940,720,0.07399999999999995,0,109092961.84747173,True,True,world-cup-winner
253593,1,0.001,0,107529158.083605,True,False,presidential-election-winner-2024
253593,6,0.001,0,107529158.083605,True,False,presidential-election-winner-2024
253593,24,0.001,0,107529158.083605,True,False,presidential-election-winner-2024
253593,72,0.0010000000000000009,0,107529158.083605,True,False,presidential-election-winner-2024
253593,168,0.001,0,107529158.083605,True,False,presidential-election-winner-2024
253593,720,0.0010000000000000009,0,107529158.083605,True,False,presidential-election-winner-2024
558961,1,0.001,0,107521229.19240354,True,True,world-cup-winner
558961,6,0.001,0,107521229.19240354,True,True,world-cup-winner
558961,24,0.001,0,107521229.19240354,True,True,world-cup-winner
558961,72,0.001,0,107521229.19240354,True,True,world-cup-winner
558961,168,0.001,0,107521229.19240354,True,True,world-cup-winner
558961,720,0.003,0,107521229.19240354,True,True,world-cup-winner
601699,1,0.995,1,106767096.072298,True,False,fed-decision-in-january
601699,6,0.994,1,106767096.072298,True,False,fed-decision-in-january
601699,24,0.9889941119,1,106767096.072298,True,False,fed-decision-in-january
601699,72,0.99,1,106767096.072298,True,False,fed-decision-in-january
601699,168,0.9710000276,1,106767096.072298,True,False,fed-decision-in-january
601699,720,0.86,1,106767096.072298,True,False,fed-decision-in-january
558956,1,0.0010000000000000009,0,107400630.58821647,True,True,world-cup-winner
558956,6,0.0010000000000000009,0,107400630.58821647,True,True,world-cup-winner
558956,24,0.0010000000000000009,0,107400630.58821647,True,True,world-cup-winner
558956,72,0.0010000000000000009,0,107400630.58821647,True,True,world-cup-winner
558956,168,0.0010000000000000009,0,107400630.58821647,True,True,world-cup-winner
558956,720,0.0010000000000000009,0,107400630.58821647,True,True,world-cup-winner
1484949,1,0.001,0,104205875.48971872,False,False,netanyahu-out-before-2027
1484949,6,0.0020000000000000018,0,104205875.48971872,False,False,netanyahu-out-before-2027
1484949,24,0.001,0,104205875.48971872,False,False,netanyahu-out-before-2027
1484949,72,0.0040000000000000036,0,104205875.48971872,False,False,netanyahu-out-before-2027
1484949,168,0.00900006919999996,0,104205875.48971872,False,False,netanyahu-out-before-2027
558952,1,0.0010000000000000009,0,102858402.64237365,True,True,world-cup-winner
558952,6,0.0010000000000000009,0,102858402.64237365,True,True,world-cup-winner
558952,24,0.0010000000000000009,0,102858402.64237365,True,True,world-cup-winner
558952,72,0.0010000000000000009,0,102858402.64237365,True,True,world-cup-winner
558952,168,0.0010000000000000009,0,102858402.64237365,True,True,world-cup-winner
558952,720,0.003,0,102858402.64237365,True,True,world-cup-winner
553813,1,0.001,0,102216689.131463,True,False,fed-decision-in-october
553813,6,0.001,0,102216689.131463,True,False,fed-decision-in-october
553813,24,0.0010000000000000009,0,102216689.131463,True,False,fed-decision-in-october
553813,72,0.001,0,102216689.131463,True,False,fed-decision-in-october
553813,168,0.0010000000000000009,0,102216689.131463,True,False,fed-decision-in-october
553813,720,0.0050000000000000044,0,102216689.131463,True,False,fed-decision-in-october
601698,1,0.004,0,101211542.667667,True,False,fed-decision-in-january
601698,6,0.005,0,101211542.667667,True,False,fed-decision-in-january
601698,24,0.008,0,101211542.667667,True,False,fed-decision-in-january
601698,72,0.006,0,101211542.667667,True,False,fed-decision-in-january
601698,168,0.024000076199999998,0,101211542.667667,True,False,fed-decision-in-january
601698,720,0.12,0,101211542.667667,True,False,fed-decision-in-january
558955,1,0.0010000000000000009,0,96888032.22035679,True,True,world-cup-winner
558955,6,0.0010000000000000009,0,96888032.22035679,True,True,world-cup-winner
558955,24,0.0010000000000000009,0,96888032.22035679,True,True,world-cup-winner
558955,72,0.0010000000000000009,0,96888032.22035679,True,True,world-cup-winner
558955,168,0.0010000000000000009,0,96888032.22035679,True,True,world-cup-winner
558955,720,0.004,0,96888032.22035679,True,True,world-cup-winner
558981,1,0.001,0,96120346.28892957,True,True,world-cup-winner
558981,6,0.001,0,96120346.28892957,True,True,world-cup-winner
558981,24,0.001,0,96120346.28892957,True,True,world-cup-winner
558981,72,0.001,0,96120346.28892957,True,True,world-cup-winner
558981,168,0.001,0,96120346.28892957,True,True,world-cup-winner
558981,720,0.0010000000000000009,0,96120346.28892957,True,True,world-cup-winner
558949,1,0.0010000000000000009,0,95790683.29305987,True,True,world-cup-winner
558949,6,0.0010000000000000009,0,95790683.29305987,True,True,world-cup-winner
558949,24,0.0010000000000000009,0,95790683.29305987,True,True,world-cup-winner
558949,72,0.0010000000000000009,0,95790683.29305987,True,True,world-cup-winner
558949,168,0.0010000000000000009,0,95790683.29305987,True,True,world-cup-winner
558949,720,0.0139999861,0,95790683.29305987,True,True,world-cup-winner
253610,1,0.001,0,93307167.686999,True,False,presidential-election-winner-2024
253610,6,0.001,0,93307167.686999,True,False,presidential-election-winner-2024
253610,24,0.001,0,93307167.686999,True,False,presidential-election-winner-2024
253610,72,0.0010000000000000009,0,93307167.686999,True,False,presidential-election-winner-2024
253610,168,0.001,0,93307167.686999,True,False,presidential-election-winner-2024
253610,720,0.001,0,93307167.686999,True,False,presidential-election-winner-2024
504873,1,0.001,0,92886849.31616,True,False,democratic-vp-nominee-on-election-day
504873,6,0.001,0,92886849.31616,True,False,democratic-vp-nominee-on-election-day
504873,24,0.0010000000000000009,0,92886849.31616,True,False,democratic-vp-nominee-on-election-day
504873,72,0.001,0,92886849.31616,True,False,democratic-vp-nominee-on-election-day
504873,168,0.001,0,92886849.31616,True,False,democratic-vp-nominee-on-election-day
504873,720,0.0020000000000000018,0,92886849.31616,True,False,democratic-vp-nominee-on-election-day
1198423,1,0.55,1,89652867.363489,False,False,us-strikes-iran-by
1198423,6,0.5300000791,1,89652867.363489,False,False,us-strikes-iran-by
1198423,24,0.58,1,89652867.363489,False,False,us-strikes-iran-by
1198423,72,0.45,1,89652867.363489,False,False,us-strikes-iran-by
1198423,168,0.52,1,89652867.363489,False,False,us-strikes-iran-by
558969,1,0.001,0,90337041.03721622,True,True,world-cup-winner
558969,6,0.001,0,90337041.03721622,True,True,world-cup-winner
558969,24,0.001,0,90337041.03721622,True,True,world-cup-winner
558969,72,0.001,0,90337041.03721622,True,True,world-cup-winner
558969,168,0.001,0,90337041.03721622,True,True,world-cup-winner
558969,720,0.001,0,90337041.03721622,True,True,world-cup-winner
558967,1,0.001,0,89137687.48381385,True,True,world-cup-winner
558967,6,0.001,0,89137687.48381385,True,True,world-cup-winner
558967,24,0.001,0,89137687.48381385,True,True,world-cup-winner
558967,72,0.001,0,89137687.48381385,True,True,world-cup-winner
558967,168,0.001,0,89137687.48381385,True,True,world-cup-winner
558967,720,0.001,0,89137687.48381385,True,True,world-cup-winner
558958,1,0.0010000000000000009,0,88367393.01311678,True,True,world-cup-winner
558958,6,0.0010000000000000009,0,88367393.01311678,True,True,world-cup-winner
558958,24,0.0010000000000000009,0,88367393.01311678,True,True,world-cup-winner
558958,72,0.0010000000000000009,0,88367393.01311678,True,True,world-cup-winner
558958,168,0.0010000000000000009,0,88367393.01311678,True,True,world-cup-winner
558958,720,0.003,0,88367393.01311678,True,True,world-cup-winner
654413,1,0.005,0,87103283.7263213,True,False,fed-decision-in-march-885
654413,6,0.0050000000000000044,0,87103283.7263213,True,False,fed-decision-in-march-885
654413,24,0.0030000000000000027,0,87103283.7263213,True,False,fed-decision-in-march-885
654413,72,0.0030000000000000027,0,87103283.7263213,True,False,fed-decision-in-march-885
654413,168,0.007,0,87103283.7263213,True,False,fed-decision-in-march-885
654413,720,0.0699999874,0,87103283.7263213,True,False,fed-decision-in-march-885
558975,1,0.0010000000000000009,0,85671553.448979,True,True,world-cup-winner
558975,6,0.0010000000000000009,0,85671553.448979,True,True,world-cup-winner
558975,24,0.0010000000000000009,0,85671553.448979,True,True,world-cup-winner
558975,72,0.0010000000000000009,0,85671553.448979,True,True,world-cup-winner
558975,168,0.0010000000000000009,0,85671553.448979,True,True,world-cup-winner
558975,720,0.004,0,85671553.448979,True,True,world-cup-winner
507300,1,0.4029999808,0,82978657.0443518,True,False,champions-league-winner-2025
507300,6,0.401,0,82978657.0443518,True,False,champions-league-winner-2025
507300,24,0.405,0,82978657.0443518,True,False,champions-league-winner-2025
507300,72,0.4099999923,0,82978657.0443518,True,False,champions-league-winner-2025
507300,168,0.41400000000000003,0,82978657.0443518,True,False,champions-league-winner-2025
507300,720,0.171,0,82978657.0443518,True,False,champions-league-winner-2025
558937,1,0.0010000000000000009,0,81936874.65550427,True,True,world-cup-winner
558937,6,0.0010000000000000009,0,81936874.65550427,True,True,world-cup-winner
558937,24,0.0010000000000000009,0,81936874.65550427,True,True,world-cup-winner
558937,72,0.0010000000000000009,0,81936874.65550427,True,True,world-cup-winner
558937,168,0.0010000000000000009,0,81936874.65550427,True,True,world-cup-winner
558937,720,0.0669999798,0,81936874.65550427,True,True,world-cup-winner
558939,1,0.001,0,80873590.38103242,True,True,world-cup-winner
558939,6,0.001,0,80873590.38103242,True,True,world-cup-winner
558939,24,0.001,0,80873590.38103242,True,True,world-cup-winner
558939,72,0.001,0,80873590.38103242,True,True,world-cup-winner
558939,168,0.001,0,80873590.38103242,True,True,world-cup-winner
558939,720,0.0609999994,0,80873590.38103242,True,True,world-cup-winner
812010,1,0.3070609842,0,80824835.00196,False,False,who-will-die-in-stranger-things-season-5
812010,6,0.3399999422,0,80824835.00196,False,False,who-will-die-in-stranger-things-season-5
812010,24,0.40000000599999996,0,80824835.00196,False,False,who-will-die-in-stranger-things-season-5
812010,72,0.6299999861,0,80824835.00196,False,False,who-will-die-in-stranger-things-season-5
812010,168,0.5140344568,0,80824835.00196,False,False,who-will-die-in-stranger-things-season-5
551963,1,0.0010000000000000009,0,78655911.742866,False,False,xi-jinping-out-in-2025
551963,6,0.0020000000000000018,0,78655911.742866,False,False,xi-jinping-out-in-2025
551963,24,0.0020000000000000018,0,78655911.742866,False,False,xi-jinping-out-in-2025
551963,72,0.0030001159000000444,0,78655911.742866,False,False,xi-jinping-out-in-2025
551963,168,0.0050000000000000044,0,78655911.742866,False,False,xi-jinping-out-in-2025
551963,720,0.0139671549,0,78655911.742866,False,False,xi-jinping-out-in-2025
558980,1,0.0010000000000000009,0,77544086.61694826,True,True,world-cup-winner
558980,6,0.0010000000000000009,0,77544086.61694826,True,True,world-cup-winner
558980,24,0.0010000000000000009,0,77544086.61694826,True,True,world-cup-winner
558980,72,0.0010000000000000009,0,77544086.61694826,True,True,world-cup-winner
558980,168,0.0010000000000000009,0,77544086.61694826,True,True,world-cup-winner
558980,720,0.005,0,77544086.61694826,True,True,world-cup-winner
558941,1,0.001,0,77727053.21317497,True,True,world-cup-winner
558941,6,0.001,0,77727053.21317497,True,True,world-cup-winner
558941,24,0.001,0,77727053.21317497,True,True,world-cup-winner
558941,72,0.001,0,77727053.21317497,True,True,world-cup-winner
558941,168,0.001,0,77727053.21317497,True,True,world-cup-winner
558941,720,0.039,0,77727053.21317497,True,True,world-cup-winner
669662,1,0.998,1,76909226.49304736,True,True,fed-decision-in-april
669662,6,0.999,1,76909226.49304736,True,True,fed-decision-in-april
669662,24,0.998,1,76909226.49304736,True,True,fed-decision-in-april
669662,72,0.996,1,76909226.49304736,True,True,fed-decision-in-april
669662,168,0.994,1,76909226.49304736,True,True,fed-decision-in-april
669662,720,0.967,1,76909226.49304736,True,True,fed-decision-in-april
502571,1,0.999,1,76899060.598799,False,False,will-trump-launch-a-coin-before-the-elec
502571,6,0.999,1,76899060.598799,False,False,will-trump-launch-a-coin-before-the-elec
502571,24,0.999,1,76899060.598799,False,False,will-trump-launch-a-coin-before-the-elec
502571,72,0.999,1,76899060.598799,False,False,will-trump-launch-a-coin-before-the-elec
502571,168,0.999,1,76899060.598799,False,False,will-trump-launch-a-coin-before-the-elec
502571,720,0.3300000003,1,76899060.598799,False,False,will-trump-launch-a-coin-before-the-elec
669663,1,0.0010000000000000009,0,75978206.16104123,True,True,fed-decision-in-april
669663,6,0.001,0,75978206.16104123,True,True,fed-decision-in-april
669663,24,0.001,0,75978206.16104123,True,True,fed-decision-in-april
669663,72,0.0010000000000000009,0,75978206.16104123,True,True,fed-decision-in-april
669663,168,0.0020000000000000018,0,75978206.16104123,True,True,fed-decision-in-april
669663,720,0.0189999959,0,75978206.16104123,True,True,fed-decision-in-april
1162940,1,0.04700000000000004,0,73927762.4785615,False,False,us-forces-enter-iran-by
1162940,6,0.0529999513,0,73927762.4785615,False,False,us-forces-enter-iran-by
1162940,24,0.124,0,73927762.4785615,False,False,us-forces-enter-iran-by
1162940,72,0.17,0,73927762.4785615,False,False,us-forces-enter-iran-by
1162940,168,0.2,0,73927762.4785615,False,False,us-forces-enter-iran-by
1162940,720,0.3708826638,0,73927762.4785615,False,False,us-forces-enter-iran-by
516719,1,0.0020000000000000018,0,73752993.267722,False,False,russia-x-ukraine-ceasefire-in-2025
516719,6,0.0020000000000000018,0,73752993.267722,False,False,russia-x-ukraine-ceasefire-in-2025
516719,24,0.002000016999999965,0,73752993.267722,False,False,russia-x-ukraine-ceasefire-in-2025
516719,72,0.01200000000000001,0,73752993.267722,False,False,russia-x-ukraine-ceasefire-in-2025
516719,168,0.009000000000000008,0,73752993.267722,False,False,russia-x-ukraine-ceasefire-in-2025
516719,720,0.1,0,73752993.267722,False,False,russia-x-ukraine-ceasefire-in-2025
534189,1,0.963,1,88035547.447225,True,False,next-president-of-south-korea
534189,6,0.965,1,88035547.447225,True,False,next-president-of-south-korea
534189,24,0.96,1,88035547.447225,True,False,next-president-of-south-korea
534189,72,0.950999999,1,88035547.447225,True,False,next-president-of-south-korea
534189,168,0.916,1,88035547.447225,True,False,next-president-of-south-korea
534189,720,0.7699999195,1,88035547.447225,True,False,next-president-of-south-korea
507868,1,0.001,0,73646892.531998,True,False,nba-champion-2024-2025
507868,6,0.0010000000000000009,0,73646892.531998,True,False,nba-champion-2024-2025
507868,24,0.291,0,73646892.531998,True,False,nba-champion-2024-2025
507868,72,0.254,0,73646892.531998,True,False,nba-champion-2024-2025
507868,168,0.191,0,73646892.531998,True,False,nba-champion-2024-2025
507868,720,0.175999988,0,73646892.531998,True,False,nba-champion-2024-2025
1919425,1,0.025000000000000022,0,87888981.28583376,False,False,us-x-iran-permanent-peace-deal-by
1919425,6,0.023,0,87888981.28583376,False,False,us-x-iran-permanent-peace-deal-by
1919425,24,0.06000000000000005,0,87888981.28583376,False,False,us-x-iran-permanent-peace-deal-by
1919425,72,0.1399999426,0,87888981.28583376,False,False,us-x-iran-permanent-peace-deal-by
1919425,168,0.69,0,87888981.28583376,False,False,us-x-iran-permanent-peace-deal-by
1919425,720,0.1899999667,0,87888981.28583376,False,False,us-x-iran-permanent-peace-deal-by
534197,1,0.0368054644,0,73197949.803466,True,False,next-president-of-south-korea
534197,6,0.0349999716,0,73197949.803466,True,False,next-president-of-south-korea
534197,24,0.04,0,73197949.803466,True,False,next-president-of-south-korea
534197,72,0.044,0,73197949.803466,True,False,next-president-of-south-korea
534197,168,0.076,0,73197949.803466,True,False,next-president-of-south-korea
534197,720,0.06,0,73197949.803466,True,False,next-president-of-south-korea
253592,1,0.001,0,72176112.338298,True,False,presidential-election-winner-2024
253592,6,0.001,0,72176112.338298,True,False,presidential-election-winner-2024
253592,24,0.001,0,72176112.338298,True,False,presidential-election-winner-2024
253592,72,0.001,0,72176112.338298,True,False,presidential-election-winner-2024
253592,168,0.001,0,72176112.338298,True,False,presidential-election-winner-2024
253592,720,0.001,0,72176112.338298,True,False,presidential-election-winner-2024
253731,1,0.001,0,70237132.505143,True,False,presidential-election-popular-vote-winne
253731,6,0.001,0,70237132.505143,True,False,presidential-election-popular-vote-winne
253731,24,0.001,0,70237132.505143,True,False,presidential-election-popular-vote-winne
253731,72,0.0010000000000000009,0,70237132.505143,True,False,presidential-election-popular-vote-winne
253731,168,0.001,0,70237132.505143,True,False,presidential-election-popular-vote-winne
253731,720,0.001,0,70237132.505143,True,False,presidential-election-popular-vote-winne
558965,1,0.0010000000000000009,0,80692765.78550497,True,True,world-cup-winner
558965,6,0.0010000000000000009,0,80692765.78550497,True,True,world-cup-winner
558965,24,0.0010000000000000009,0,80692765.78550497,True,True,world-cup-winner
558965,72,0.0010000000000000009,0,80692765.78550497,True,True,world-cup-winner
558965,168,0.0010000000000000009,0,80692765.78550497,True,True,world-cup-winner
558965,720,0.005,0,80692765.78550497,True,True,world-cup-winner
542539,1,0.02100000000000002,0,67368762.49652,True,False,fed-decision-in-september
542539,6,0.02400000000000002,0,67368762.49652,True,False,fed-decision-in-september
542539,24,0.025,0,67368762.49652,True,False,fed-decision-in-september
542539,72,0.023,0,67368762.49652,True,False,fed-decision-in-september
542539,168,0.03700000000000003,0,67368762.49652,True,False,fed-decision-in-september
542539,720,0.25,0,67368762.49652,True,False,fed-decision-in-september
542540,1,0.001,0,67002488.50419,True,False,fed-decision-in-september
542540,6,0.001,0,67002488.50419,True,False,fed-decision-in-september
542540,24,0.0010000000000000009,0,67002488.50419,True,False,fed-decision-in-september
542540,72,0.0010000000000000009,0,67002488.50419,True,False,fed-decision-in-september
542540,168,0.0010000000000000009,0,67002488.50419,True,False,fed-decision-in-september
542540,720,0.005,0,67002488.50419,True,False,fed-decision-in-september
558944,1,0.0010000000000000009,0,78019361.83129518,True,True,world-cup-winner
558944,6,0.0010000000000000009,0,78019361.83129518,True,True,world-cup-winner
558944,24,0.0010000000000000009,0,78019361.83129518,True,True,world-cup-winner
558944,72,0.0010000000000000009,0,78019361.83129518,True,True,world-cup-winner
558944,168,0.0010000000000000009,0,78019361.83129518,True,True,world-cup-winner
558944,720,0.006000000000000005,0,78019361.83129518,True,True,world-cup-winner
669660,1,0.001,0,66025383.9220003,True,True,fed-decision-in-april
669660,6,0.001,0,66025383.9220003,True,True,fed-decision-in-april
669660,24,0.001,0,66025383.9220003,True,True,fed-decision-in-april
669660,72,0.001,0,66025383.9220003,True,True,fed-decision-in-april
669660,168,0.0010000000000000009,0,66025383.9220003,True,True,fed-decision-in-april
669660,720,0.0050000000000000044,0,66025383.9220003,True,True,fed-decision-in-april
669661,1,0.002,0,65311948.7161929,True,True,fed-decision-in-april
669661,6,0.001,0,65311948.7161929,True,True,fed-decision-in-april
669661,24,0.001,0,65311948.7161929,True,True,fed-decision-in-april
669661,72,0.002,0,65311948.7161929,True,True,fed-decision-in-april
669661,168,0.0030000000000000027,0,65311948.7161929,True,True,fed-decision-in-april
669661,720,0.011,0,65311948.7161929,True,True,fed-decision-in-april
566331,1,0.999,1,65428102.459334,False,False,will-polymarket-us-go-live-in-2025
566331,6,0.999,1,65428102.459334,False,False,will-polymarket-us-go-live-in-2025
566331,24,0.999,1,65428102.459334,False,False,will-polymarket-us-go-live-in-2025
566331,72,0.999,1,65428102.459334,False,False,will-polymarket-us-go-live-in-2025
566331,168,0.999,1,65428102.459334,False,False,will-polymarket-us-go-live-in-2025
566331,720,0.8203955397,1,65428102.459334,False,False,will-polymarket-us-go-live-in-2025
558983,1,0.001,0,63473942.77971768,True,True,world-cup-winner
558983,6,0.001,0,63473942.77971768,True,True,world-cup-winner
558983,24,0.001,0,63473942.77971768,True,True,world-cup-winner
558983,72,0.001,0,63473942.77971768,True,True,world-cup-winner
558983,168,0.001,0,63473942.77971768,True,True,world-cup-winner
558983,720,0.0010000000000000009,0,63473942.77971768,True,True,world-cup-winner
916732,1,0.999,1,63238697.721704,False,False,khamenei-out-as-supreme-leader-of-iran-b
916732,6,0.999,1,63238697.721704,False,False,khamenei-out-as-supreme-leader-of-iran-b
916732,24,0.999,1,63238697.721704,False,False,khamenei-out-as-supreme-leader-of-iran-b
916732,72,0.999,1,63238697.721704,False,False,khamenei-out-as-supreme-leader-of-iran-b
916732,168,0.999,1,63238697.721704,False,False,khamenei-out-as-supreme-leader-of-iran-b
916732,720,0.967,1,63238697.721704,False,False,khamenei-out-as-supreme-leader-of-iran-b
958442,1,0.0020000000000000018,0,63229537.94105003,False,False,will-the-iranian-regime-fall-by-march-31
958442,6,0.0020000000000000018,0,63229537.94105003,False,False,will-the-iranian-regime-fall-by-march-31
958442,24,0.006000000000000005,0,63229537.94105003,False,False,will-the-iranian-regime-fall-by-march-31
958442,72,0.006000000000000005,0,63229537.94105003,False,False,will-the-iranian-regime-fall-by-march-31
958442,168,0.018000000000000016,0,63229537.94105003,False,False,will-the-iranian-regime-fall-by-march-31
958442,720,0.3926428571,0,63229537.94105003,False,False,will-the-iranian-regime-fall-by-march-31
558973,1,0.001,0,67943136.59193021,True,True,world-cup-winner
558973,6,0.001,0,67943136.59193021,True,True,world-cup-winner
558973,24,0.001,0,67943136.59193021,True,True,world-cup-winner
558973,72,0.001,0,67943136.59193021,True,True,world-cup-winner
558973,168,0.001,0,67943136.59193021,True,True,world-cup-winner
558973,720,0.0010000000000000009,0,67943136.59193021,True,True,world-cup-winner
516767,1,0.2259999983,0,67376035.838465,True,False,next-prime-minster-of-canada
516767,6,0.231,0,67376035.838465,True,False,next-prime-minster-of-canada
516767,24,0.21500007919999997,0,67376035.838465,True,False,next-prime-minster-of-canada
516767,72,0.208,0,67376035.838465,True,False,next-prime-minster-of-canada
516767,168,0.25,0,67376035.838465,True,False,next-prime-minster-of-canada
516767,720,0.37,0,67376035.838465,True,False,next-prime-minster-of-canada
558960,1,0.001,0,61524249.26841759,True,True,world-cup-winner
558960,6,0.001,0,61524249.26841759,True,True,world-cup-winner
558960,24,0.001,0,61524249.26841759,True,True,world-cup-winner
558960,72,0.001,0,61524249.26841759,True,True,world-cup-winner
558960,168,0.001,0,61524249.26841759,True,True,world-cup-winner
558960,720,0.001,0,61524249.26841759,True,True,world-cup-winner
538930,1,0.0010000000000000009,0,60402049.764981,True,False,new-york-city-mayoral-election
538930,6,0.001,0,60402049.764981,True,False,new-york-city-mayoral-election
538930,24,0.0010000000000000009,0,60402049.764981,True,False,new-york-city-mayoral-election
538930,72,0.0030000000000000027,0,60402049.764981,True,False,new-york-city-mayoral-election
538930,168,0.0020000000000000018,0,60402049.764981,True,False,new-york-city-mayoral-election
538930,720,0.0040000000000000036,0,60402049.764981,True,False,new-york-city-mayoral-election
507242,1,0.041,0,109063759.600993,True,False,pennsylvania-margin-of-victory
507242,6,0.05300000000000005,0,109063759.600993,True,False,pennsylvania-margin-of-victory
507242,24,0.049000000000000044,0,109063759.600993,True,False,pennsylvania-margin-of-victory
507242,72,0.04400000000000004,0,109063759.600993,True,False,pennsylvania-margin-of-victory
507242,168,0.03500000000000003,0,109063759.600993,True,False,pennsylvania-margin-of-victory
507242,720,0.06000000000000005,0,109063759.600993,True,False,pennsylvania-margin-of-victory
958443,1,0.0010000000000000009,0,65931940.58445303,False,False,will-the-iranian-regime-fall-by-june-30
958443,6,0.0010000000000000009,0,65931940.58445303,False,False,will-the-iranian-regime-fall-by-june-30
958443,24,0.0010000000000000009,0,65931940.58445303,False,False,will-the-iranian-regime-fall-by-june-30
958443,72,0.0020000000000000018,0,65931940.58445303,False,False,will-the-iranian-regime-fall-by-june-30
958443,168,0.0030000000000000027,0,65931940.58445303,False,False,will-the-iranian-regime-fall-by-june-30
958443,720,0.02300000000000002,0,65931940.58445303,False,False,will-the-iranian-regime-fall-by-june-30
558947,1,0.001,0,104668584.41449788,True,True,world-cup-winner
558947,6,0.001,0,104668584.41449788,True,True,world-cup-winner
558947,24,0.001,0,104668584.41449788,True,True,world-cup-winner
558947,72,0.001,0,104668584.41449788,True,True,world-cup-winner
558947,168,0.001,0,104668584.41449788,True,True,world-cup-winner
558947,720,0.017000000000000015,0,104668584.41449788,True,True,world-cup-winner
503013,1,0.994,1,64552171.3431552,False,False,will-biden-complete-his-term-as-presiden
503013,6,0.9929995774,1,64552171.3431552,False,False,will-biden-complete-his-term-as-presiden
503013,24,0.994,1,64552171.3431552,False,False,will-biden-complete-his-term-as-presiden
503013,72,0.993,1,64552171.3431552,False,False,will-biden-complete-his-term-as-presiden
503013,168,0.991,1,64552171.3431552,False,False,will-biden-complete-his-term-as-presiden
503013,720,0.9299999999999999,1,64552171.3431552,False,False,will-biden-complete-his-term-as-presiden
558984,1,0.0010000000000000009,0,57485266.93301565,True,True,world-cup-winner
558984,6,0.0010000000000000009,0,57485266.93301565,True,True,world-cup-winner
558984,24,0.0010000000000000009,0,57485266.93301565,True,True,world-cup-winner
558984,72,0.0010000000000000009,0,57485266.93301565,True,True,world-cup-winner
558984,168,0.0010000000000000009,0,57485266.93301565,True,True,world-cup-winner
558984,720,0.0010000000000000009,0,57485266.93301565,True,True,world-cup-winner
558972,1,0.001,0,57271836.512883715,True,True,world-cup-winner
558972,6,0.001,0,57271836.512883715,True,True,world-cup-winner
558972,24,0.001,0,57271836.512883715,True,True,world-cup-winner
558972,72,0.001,0,57271836.512883715,True,True,world-cup-winner
558972,168,0.001,0,57271836.512883715,True,True,world-cup-winner
558972,720,0.001,0,57271836.512883715,True,True,world-cup-winner
512325,1,0.001999566199999969,0,56978076.059909,True,False,fed-interest-rates-january-2025
512325,6,0.0010000784000000484,0,56978076.059909,True,False,fed-interest-rates-january-2025
512325,24,0.0010000000000000009,0,56978076.059909,True,False,fed-interest-rates-january-2025
512325,72,0.001000518100000014,0,56978076.059909,True,False,fed-interest-rates-january-2025
512325,168,0.0020000242,0,56978076.059909,True,False,fed-interest-rates-january-2025
512325,720,0.006000000000000005,0,56978076.059909,True,False,fed-interest-rates-january-2025
510319,1,0.0060000053,0,56491984.2956951,False,False,trump-wins-ends-ukraine-war-in-90-days
510319,6,0.006000000000000005,0,56491984.2956951,False,False,trump-wins-ends-ukraine-war-in-90-days
510319,24,0.003000000200000019,0,56491984.2956951,False,False,trump-wins-ends-ukraine-war-in-90-days
510319,72,0.008000000000000007,0,56491984.2956951,False,False,trump-wins-ends-ukraine-war-in-90-days
510319,168,0.013000122000000003,0,56491984.2956951,False,False,trump-wins-ends-ukraine-war-in-90-days
510319,720,0.16000000000000003,0,56491984.2956951,False,False,trump-wins-ends-ukraine-war-in-90-days
2252244,1,0.11,0,56435144.72298723,True,True,fed-decision-in-september-762
2252244,6,0.12,0,56435144.72298723,True,True,fed-decision-in-september-762
2252244,24,0.1299999948,0,56435144.72298723,True,True,fed-decision-in-september-762
2252244,72,0.2,0,56435144.72298723,True,True,fed-decision-in-september-762
2252244,168,0.46,0,56435144.72298723,True,True,fed-decision-in-september-762
2252244,720,0.75,0,56435144.72298723,True,True,fed-decision-in-september-762
2252243,1,0.002,0,56255118.64173398,True,True,fed-decision-in-september-762
2252243,6,0.002,0,56255118.64173398,True,True,fed-decision-in-september-762
2252243,24,0.0030000000000000027,0,56255118.64173398,True,True,fed-decision-in-september-762
2252243,72,0.0030000000000000027,0,56255118.64173398,True,True,fed-decision-in-september-762
2252243,168,0.0040000000000000036,0,56255118.64173398,True,True,fed-decision-in-september-762
2252243,720,0.01200000000000001,0,56255118.64173398,True,True,fed-decision-in-september-762
686122,1,0.999,1,55056697.127347,False,False,lighter-market-cap-fdv-one-day-after-lau
686122,6,0.998,1,55056697.127347,False,False,lighter-market-cap-fdv-one-day-after-lau
686122,24,0.9979999973,1,55056697.127347,False,False,lighter-market-cap-fdv-one-day-after-lau
686122,72,0.85,1,55056697.127347,False,False,lighter-market-cap-fdv-one-day-after-lau
686122,168,0.92,1,55056697.127347,False,False,lighter-market-cap-fdv-one-day-after-lau
686122,720,0.65,1,55056697.127347,False,False,lighter-market-cap-fdv-one-day-after-lau
570361,1,0.968,1,54634506.683355,True,False,fed-decision-in-december
570361,6,0.968,1,54634506.683355,True,False,fed-decision-in-december
570361,24,0.9399999662,1,54634506.683355,True,False,fed-decision-in-december
570361,72,0.92,1,54634506.683355,True,False,fed-decision-in-december
570361,168,0.9199999849,1,54634506.683355,True,False,fed-decision-in-december
570361,720,0.7299999087,1,54634506.683355,True,False,fed-decision-in-december
253701,1,0.999,1,54563172.65,True,False,democratic-nominee-2024
253701,6,0.999,1,54563172.65,True,False,democratic-nominee-2024
253701,24,0.999,1,54563172.65,True,False,democratic-nominee-2024
253701,72,0.999,1,54563172.65,True,False,democratic-nominee-2024
253701,168,0.999,1,54563172.65,True,False,democratic-nominee-2024
253701,720,0.495,1,54563172.65,True,False,democratic-nominee-2024
558959,1,0.0010000000000000009,0,62233146.37678978,True,True,world-cup-winner
558959,6,0.0010000000000000009,0,62233146.37678978,True,True,world-cup-winner
558959,24,0.0010000000000000009,0,62233146.37678978,True,True,world-cup-winner
558959,72,0.0010000000000000009,0,62233146.37678978,True,True,world-cup-winner
558959,168,0.0010000000000000009,0,62233146.37678978,True,True,world-cup-winner
558959,720,0.001,0,62233146.37678978,True,True,world-cup-winner
253594,1,0.001,0,54161276.228088,True,False,presidential-election-winner-2024
253594,6,0.001,0,54161276.228088,True,False,presidential-election-winner-2024
253594,24,0.001,0,54161276.228088,True,False,presidential-election-winner-2024
253594,72,0.001,0,54161276.228088,True,False,presidential-election-winner-2024
253594,168,0.001,0,54161276.228088,True,False,presidential-election-winner-2024
253594,720,0.001,0,54161276.228088,True,False,presidential-election-winner-2024
506202,1,0.999,1,53500373.740494,False,False,us-government-shutdown-before-2025
506202,6,0.999,1,53500373.740494,False,False,us-government-shutdown-before-2025
506202,24,0.999,1,53500373.740494,False,False,us-government-shutdown-before-2025
506202,72,0.999,1,53500373.740494,False,False,us-government-shutdown-before-2025
506202,168,0.998,1,53500373.740494,False,False,us-government-shutdown-before-2025
506202,720,0.03262879299999999,1,53500373.740494,False,False,us-government-shutdown-before-2025
558985,1,0.0010000000000000009,0,61684097.10867325,True,True,world-cup-winner
558985,6,0.0010000000000000009,0,61684097.10867325,True,True,world-cup-winner
558985,24,0.0010000000000000009,0,61684097.10867325,True,True,world-cup-winner
558985,72,0.0010000000000000009,0,61684097.10867325,True,True,world-cup-winner
558985,168,0.0010000000000000009,0,61684097.10867325,True,True,world-cup-winner
558985,720,0.004,0,61684097.10867325,True,True,world-cup-winner
1507751,1,0.0010000000000000009,0,52714900.01335832,False,False,will-the-iranian-regime-fall-by-april-30
1507751,6,0.001,0,52714900.01335832,False,False,will-the-iranian-regime-fall-by-april-30
1507751,24,0.002000142500000024,0,52714900.01335832,False,False,will-the-iranian-regime-fall-by-april-30
1507751,72,0.0030000000000000027,0,52714900.01335832,False,False,will-the-iranian-regime-fall-by-april-30
1507751,168,0.007000000000000006,0,52714900.01335832,False,False,will-the-iranian-regime-fall-by-april-30
1507751,720,0.0699999874,0,52714900.01335832,False,False,will-the-iranian-regime-fall-by-april-30
553810,1,0.007,0,52589989.131546,True,False,fed-decision-in-october
553810,6,0.008000000000000007,0,52589989.131546,True,False,fed-decision-in-october
553810,24,0.009000000000000008,0,52589989.131546,True,False,fed-decision-in-october
553810,72,0.007,0,52589989.131546,True,False,fed-decision-in-october
553810,168,0.016,0,52589989.131546,True,False,fed-decision-in-october
553810,720,0.03500000000000003,0,52589989.131546,True,False,fed-decision-in-october
534220,1,0.0010000000000000009,0,51905307.266619,True,False,next-president-of-south-korea
534220,6,0.001,0,51905307.266619,True,False,next-president-of-south-korea
534220,24,0.0010000000000000009,0,51905307.266619,True,False,next-president-of-south-korea
534220,72,0.0062413886,0,51905307.266619,True,False,next-president-of-south-korea
534220,168,0.007,0,51905307.266619,True,False,next-president-of-south-korea
534220,720,0.046,0,51905307.266619,True,False,next-president-of-south-korea
552649,1,0.995,1,51779894.19503,False,False,israel-x-iran-ceasefire-before-july
552649,6,0.997,1,51779894.19503,False,False,israel-x-iran-ceasefire-before-july
552649,24,0.994,1,51779894.19503,False,False,israel-x-iran-ceasefire-before-july
552649,72,0.993,1,51779894.19503,False,False,israel-x-iran-ceasefire-before-july
552649,168,0.8215436148,1,51779894.19503,False,False,israel-x-iran-ceasefire-before-july
553811,1,0.98,1,51626217.76071,True,False,fed-decision-in-october
553811,6,0.98,1,51626217.76071,True,False,fed-decision-in-october
553811,24,0.98,1,51626217.76071,True,False,fed-decision-in-october
553811,72,0.981,1,51626217.76071,True,False,fed-decision-in-october
553811,168,0.9589997996,1,51626217.76071,True,False,fed-decision-in-october
553811,720,0.8099999741,1,51626217.76071,True,False,fed-decision-in-october
588775,1,0.022,0,51073020.592839,False,False,us-x-venezuela-military-engagement-by
588775,6,0.0333636354,0,51073020.592839,False,False,us-x-venezuela-military-engagement-by
588775,24,0.08360305999999995,0,51073020.592839,False,False,us-x-venezuela-military-engagement-by
588775,72,0.03700000560000005,0,51073020.592839,False,False,us-x-venezuela-military-engagement-by
588775,168,0.0899999944,0,51073020.592839,False,False,us-x-venezuela-military-engagement-by
588775,720,0.45000000360000003,0,51073020.592839,False,False,us-x-venezuela-military-engagement-by
507305,1,0.598,1,51320576.4557441,True,False,champions-league-winner-2025
507305,6,0.6,1,51320576.4557441,True,False,champions-league-winner-2025
507305,24,0.5950000746999999,1,51320576.4557441,True,False,champions-league-winner-2025
507305,72,0.5919998996,1,51320576.4557441,True,False,champions-league-winner-2025
507305,168,0.5879999958,1,51320576.4557441,True,False,champions-league-winner-2025
507305,720,0.4189998062,1,51320576.4557441,True,False,champions-league-winner-2025
542537,1,0.0730671119,0,49890284.071409,True,False,fed-decision-in-september
542537,6,0.058,0,49890284.071409,True,False,fed-decision-in-september
542537,24,0.06900000009999996,0,49890284.071409,True,False,fed-decision-in-september
542537,72,0.06500000039999998,0,49890284.071409,True,False,fed-decision-in-september
542537,168,0.144,0,49890284.071409,True,False,fed-decision-in-september
542537,720,0.035,0,49890284.071409,True,False,fed-decision-in-september
1106713,1,0.008292197800000012,0,49748804.334599,False,False,khamenei-out-as-supreme-leader-of-iran-b
1106713,6,0.010000000000000009,0,49748804.334599,False,False,khamenei-out-as-supreme-leader-of-iran-b
1106713,24,0.02,0,49748804.334599,False,False,khamenei-out-as-supreme-leader-of-iran-b
1106713,72,0.0189999997,0,49748804.334599,False,False,khamenei-out-as-supreme-leader-of-iran-b
1106713,168,0.05,0,49748804.334599,False,False,khamenei-out-as-supreme-leader-of-iran-b
538931,1,0.001,0,49207581.601009,True,False,new-york-city-mayoral-election
538931,6,0.001,0,49207581.601009,True,False,new-york-city-mayoral-election
538931,24,0.001,0,49207581.601009,True,False,new-york-city-mayoral-election
538931,72,0.001,0,49207581.601009,True,False,new-york-city-mayoral-election
538931,168,0.001,0,49207581.601009,True,False,new-york-city-mayoral-election
538931,720,0.001,0,49207581.601009,True,False,new-york-city-mayoral-election
1962237,1,0.2799998432,1,49036513.606860146,False,False,us-x-iran-permanent-peace-deal-by
1962237,6,0.28,1,49036513.606860146,False,False,us-x-iran-permanent-peace-deal-by
1962237,24,0.36,1,49036513.606860146,False,False,us-x-iran-permanent-peace-deal-by
1962237,72,0.45000004400000004,1,49036513.606860146,False,False,us-x-iran-permanent-peace-deal-by
1962237,168,0.75,1,49036513.606860146,False,False,us-x-iran-permanent-peace-deal-by
1962237,720,0.30000000000000004,1,49036513.606860146,False,False,us-x-iran-permanent-peace-deal-by
512320,1,0.001,0,48840781.093981,True,False,fed-interest-rates-january-2025
512320,6,0.001,0,48840781.093981,True,False,fed-interest-rates-january-2025
512320,24,0.001,0,48840781.093981,True,False,fed-interest-rates-january-2025
512320,72,0.0010000000000000009,0,48840781.093981,True,False,fed-interest-rates-january-2025
512320,168,0.0010000237999999717,0,48840781.093981,True,False,fed-interest-rates-january-2025
512320,720,0.0050000000000000044,0,48840781.093981,True,False,fed-interest-rates-january-2025
538929,1,0.0789486827,0,48755937.180665,True,False,new-york-city-mayoral-election
538929,6,0.1079999996,0,48755937.180665,True,False,new-york-city-mayoral-election
538929,24,0.05,0,48755937.180665,True,False,new-york-city-mayoral-election
538929,72,0.0519720218,0,48755937.180665,True,False,new-york-city-mayoral-election
538929,168,0.12,0,48755937.180665,True,False,new-york-city-mayoral-election
538929,720,0.1129999987,0,48755937.180665,True,False,new-york-city-mayoral-election
509218,1,0.030000000000000027,0,47843276.232386,True,False,nevada-margin-of-victory
509218,6,0.030000000000000027,0,47843276.232386,True,False,nevada-margin-of-victory
509218,24,0.040000000000000036,0,47843276.232386,True,False,nevada-margin-of-victory
509218,72,0.040000000000000036,0,47843276.232386,True,False,nevada-margin-of-victory
509218,168,0.040000000000000036,0,47843276.232386,True,False,nevada-margin-of-victory
253703,1,0.0010000000000000009,0,47510450.44,True,False,democratic-nominee-2024
253703,6,0.0010000000000000009,0,47510450.44,True,False,democratic-nominee-2024
253703,24,0.0010000000000000009,0,47510450.44,True,False,democratic-nominee-2024
253703,72,0.0010000000000000009,0,47510450.44,True,False,democratic-nominee-2024
253703,168,0.0010000000000000009,0,47510450.44,True,False,democratic-nominee-2024
253703,720,0.036,0,47510450.44,True,False,democratic-nominee-2024
558957,1,0.001,0,47529246.662645176,True,True,world-cup-winner
558957,6,0.001,0,47529246.662645176,True,True,world-cup-winner
558957,24,0.001,0,47529246.662645176,True,True,world-cup-winner
558957,72,0.001,0,47529246.662645176,True,True,world-cup-winner
558957,168,0.001,0,47529246.662645176,True,True,world-cup-winner
558957,720,0.001,0,47529246.662645176,True,True,world-cup-winner
558964,1,0.001,0,46577445.48789424,True,True,world-cup-winner
558964,6,0.001,0,46577445.48789424,True,True,world-cup-winner
558964,24,0.001,0,46577445.48789424,True,True,world-cup-winner
558964,72,0.001,0,46577445.48789424,True,True,world-cup-winner
558964,168,0.001,0,46577445.48789424,True,True,world-cup-winner
558964,720,0.001,0,46577445.48789424,True,True,world-cup-winner
253596,1,0.001,0,46309049.202369,True,False,presidential-election-winner-2024
253596,6,0.001,0,46309049.202369,True,False,presidential-election-winner-2024
253596,24,0.001,0,46309049.202369,True,False,presidential-election-winner-2024
253596,72,0.001,0,46309049.202369,True,False,presidential-election-winner-2024
253596,168,0.001,0,46309049.202369,True,False,presidential-election-winner-2024
253596,720,0.001,0,46309049.202369,True,False,presidential-election-winner-2024
507413,1,0.0010000000000000009,0,46180509.9261022,True,False,la-liga-winner
507413,6,0.0010000000000000009,0,46180509.9261022,True,False,la-liga-winner
507413,24,0.0010000000000000009,0,46180509.9261022,True,False,la-liga-winner
507413,72,0.0010000000000000009,0,46180509.9261022,True,False,la-liga-winner
507413,168,0.0010000000000000009,0,46180509.9261022,True,False,la-liga-winner
507413,720,0.0012719876,0,46180509.9261022,True,False,la-liga-winner
553812,1,0.014,0,46052653.992844,True,False,fed-decision-in-october
553812,6,0.01200000000000001,0,46052653.992844,True,False,fed-decision-in-october
553812,24,0.01,0,46052653.992844,True,False,fed-decision-in-october
553812,72,0.007000000000000006,0,46052653.992844,True,False,fed-decision-in-october
553812,168,0.021000000699999966,0,46052653.992844,True,False,fed-decision-in-october
553812,720,0.16,0,46052653.992844,True,False,fed-decision-in-october
570362,1,0.025999975,0,44523455.111481,True,False,fed-decision-in-december
570362,6,0.027,0,44523455.111481,True,False,fed-decision-in-december
570362,24,0.059999989,0,44523455.111481,True,False,fed-decision-in-december
570362,72,0.07000000930000005,0,44523455.111481,True,False,fed-decision-in-december
570362,168,0.08,0,44523455.111481,True,False,fed-decision-in-december
570362,720,0.24,0,44523455.111481,True,False,fed-decision-in-december
558971,1,0.001,0,45097302.84833185,True,True,world-cup-winner
558971,6,0.001,0,45097302.84833185,True,True,world-cup-winner
558971,24,0.001,0,45097302.84833185,True,True,world-cup-winner
558971,72,0.001,0,45097302.84833185,True,True,world-cup-winner
558971,168,0.001,0,45097302.84833185,True,True,world-cup-winner
558971,720,0.001,0,45097302.84833185,True,True,world-cup-winner
558978,1,0.001,0,44007492.74691623,True,True,world-cup-winner
558978,6,0.001,0,44007492.74691623,True,True,world-cup-winner
558978,24,0.001,0,44007492.74691623,True,True,world-cup-winner
558978,72,0.001,0,44007492.74691623,True,True,world-cup-winner
558978,168,0.001,0,44007492.74691623,True,True,world-cup-winner
558978,720,0.001,0,44007492.74691623,True,True,world-cup-winner
528975,1,0.001,0,43479262.352112,True,False,fed-decision-in-july
528975,6,0.001,0,43479262.352112,True,False,fed-decision-in-july
528975,24,0.001,0,43479262.352112,True,False,fed-decision-in-july
528975,72,0.001,0,43479262.352112,True,False,fed-decision-in-july
528975,168,0.0020000000000000018,0,43479262.352112,True,False,fed-decision-in-july
528975,720,0.007000000000000006,0,43479262.352112,True,False,fed-decision-in-july
906974,1,0.995,1,43061416.20801809,True,True,fed-decision-in-june-825
906974,6,0.996,1,43061416.20801809,True,True,fed-decision-in-june-825
906974,24,0.995,1,43061416.20801809,True,True,fed-decision-in-june-825
906974,72,0.995,1,43061416.20801809,True,True,fed-decision-in-june-825
906974,168,0.99,1,43061416.20801809,True,True,fed-decision-in-june-825
906974,720,0.979,1,43061416.20801809,True,True,fed-decision-in-june-825
553866,1,0.0010000000000000009,0,42740007.48347176,True,True,2026-nba-champion
553866,6,0.0010000000000000009,0,42740007.48347176,True,True,2026-nba-champion
553866,24,0.0010000000000000009,0,42740007.48347176,True,True,2026-nba-champion
553866,72,0.0010000000000000009,0,42740007.48347176,True,True,2026-nba-champion
553866,168,0.0010000000000000009,0,42740007.48347176,True,True,2026-nba-champion
553866,720,0.64,0,42740007.48347176,True,True,2026-nba-champion
1706766,1,0.009000000000000008,1,48720376.31273075,False,False,iran-x-israelus-conflict-ends-by
1706766,6,0.0067961165,1,48720376.31273075,False,False,iran-x-israelus-conflict-ends-by
1706766,24,0.0070000001,1,48720376.31273075,False,False,iran-x-israelus-conflict-ends-by
1706766,72,0.0120000001,1,48720376.31273075,False,False,iran-x-israelus-conflict-ends-by
1706766,168,0.041407656800000026,1,48720376.31273075,False,False,iran-x-israelus-conflict-ends-by
1092199,1,0.08999999999999997,0,41754060.055673,False,False,us-strikes-iran-by
1092199,6,0.09999999999999998,0,41754060.055673,False,False,us-strikes-iran-by
1092199,24,0.16000000000000003,0,41754060.055673,False,False,us-strikes-iran-by
1092199,72,0.11,0,41754060.055673,False,False,us-strikes-iran-by
1092199,168,0.3299998927,0,41754060.055673,False,False,us-strikes-iran-by
528972,1,0.004,0,40912544.015545,True,False,fed-decision-in-july
528972,6,0.003,0,40912544.015545,True,False,fed-decision-in-july
528972,24,0.0030000000000000027,0,40912544.015545,True,False,fed-decision-in-july
528972,72,0.012000000300000035,0,40912544.015545,True,False,fed-decision-in-july
528972,168,0.007000000000000006,0,40912544.015545,True,False,fed-decision-in-july
528972,720,0.017000000000000015,0,40912544.015545,True,False,fed-decision-in-july
563368,1,0.003,0,44180791.509037,False,False,will-satoshi-move-any-bitcoin-in-2025
563368,6,0.0020000000000000018,0,44180791.509037,False,False,will-satoshi-move-any-bitcoin-in-2025
563368,24,0.005000000100000013,0,44180791.509037,False,False,will-satoshi-move-any-bitcoin-in-2025
563368,72,0.003000063999999969,0,44180791.509037,False,False,will-satoshi-move-any-bitcoin-in-2025
563368,168,0.006,0,44180791.509037,False,False,will-satoshi-move-any-bitcoin-in-2025
563368,720,0.009000000000000008,0,44180791.509037,False,False,will-satoshi-move-any-bitcoin-in-2025
1971905,1,0.006,0,44111324.778536566,False,False,strait-of-hormuz-traffic-returns-to-norm
1971905,6,0.010000000000000009,0,44111324.778536566,False,False,strait-of-hormuz-traffic-returns-to-norm
1971905,24,0.010000000000000009,0,44111324.778536566,False,False,strait-of-hormuz-traffic-returns-to-norm
1971905,72,0.05500000000000005,0,44111324.778536566,False,False,strait-of-hormuz-traffic-returns-to-norm
1971905,168,0.06000000000000005,0,44111324.778536566,False,False,strait-of-hormuz-traffic-returns-to-norm
1971905,720,0.29000000000000004,0,44111324.778536566,False,False,strait-of-hormuz-traffic-returns-to-norm
514139,1,0.75,0,40863065.298881,True,False,poland-presidential-election
514139,6,0.7199999741,0,40863065.298881,True,False,poland-presidential-election
514139,24,0.7299999944,0,40863065.298881,True,False,poland-presidential-election
514139,72,0.81,0,40863065.298881,True,False,poland-presidential-election
514139,168,0.83,0,40863065.298881,True,False,poland-presidential-election
514139,720,0.7099999987,0,40863065.298881,True,False,poland-presidential-election
1654958,1,0.7529999984,1,40497085.547722004,True,True,fed-decision-in-july-181
1654958,6,0.7929999999,1,40497085.547722004,True,True,fed-decision-in-july-181
1654958,24,0.72,1,40497085.547722004,True,True,fed-decision-in-july-181
1654958,72,0.7869999937,1,40497085.547722004,True,True,fed-decision-in-july-181
1654958,168,0.849,1,40497085.547722004,True,True,fed-decision-in-july-181
1654958,720,0.81,1,40497085.547722004,True,True,fed-decision-in-july-181
529312,1,0.999,1,40212917.298398,False,False,yoon-out-as-president-of-south-korea-bef
529312,6,0.999,1,40212917.298398,False,False,yoon-out-as-president-of-south-korea-bef
529312,24,0.999,1,40212917.298398,False,False,yoon-out-as-president-of-south-korea-bef
529312,72,0.999,1,40212917.298398,False,False,yoon-out-as-president-of-south-korea-bef
529312,168,0.999,1,40212917.298398,False,False,yoon-out-as-president-of-south-korea-bef
529312,720,0.36,1,40212917.298398,False,False,yoon-out-as-president-of-south-korea-bef
512321,1,0.0019995663,0,42815445.766141,True,False,fed-interest-rates-january-2025
512321,6,0.0010004337000000252,0,42815445.766141,True,False,fed-interest-rates-january-2025
512321,24,0.001999500000000043,0,42815445.766141,True,False,fed-interest-rates-january-2025
512321,72,0.002,0,42815445.766141,True,False,fed-interest-rates-january-2025
512321,168,0.0010000185999999855,0,42815445.766141,True,False,fed-interest-rates-january-2025
512321,720,0.009000000000000008,0,42815445.766141,True,False,fed-interest-rates-january-2025
253728,1,0.001,0,39315353.333832,True,False,presidential-election-popular-vote-winne
253728,6,0.001,0,39315353.333832,True,False,presidential-election-popular-vote-winne
253728,24,0.001,0,39315353.333832,True,False,presidential-election-popular-vote-winne
253728,72,0.001,0,39315353.333832,True,False,presidential-election-popular-vote-winne
253728,168,0.001,0,39315353.333832,True,False,presidential-election-popular-vote-winne
253728,720,0.001,0,39315353.333832,True,False,presidential-election-popular-vote-winne
507792,1,0.999,1,40061277.633281,False,False,israel-x-hezbollah-ceasefire-in-2024
507792,6,0.999,1,40061277.633281,False,False,israel-x-hezbollah-ceasefire-in-2024
507792,24,0.999,1,40061277.633281,False,False,israel-x-hezbollah-ceasefire-in-2024
507792,72,0.999,1,40061277.633281,False,False,israel-x-hezbollah-ceasefire-in-2024
507792,168,0.999,1,40061277.633281,False,False,israel-x-hezbollah-ceasefire-in-2024
507792,720,0.99,1,40061277.633281,False,False,israel-x-hezbollah-ceasefire-in-2024
2316216,1,0.3899999558,0,38427417.853250585,True,True,ucl-psg-ars-2026-05-30
2316216,6,0.4,0,38427417.853250585,True,True,ucl-psg-ars-2026-05-30
2316216,24,0.4099999988,0,38427417.853250585,True,True,ucl-psg-ars-2026-05-30
2316216,72,0.41,0,38427417.853250585,True,True,ucl-psg-ars-2026-05-30
2316216,168,0.41000015339999996,0,38427417.853250585,True,True,ucl-psg-ars-2026-05-30
571191,1,0.001,0,38337948.635363,True,False,2025-national-heads-up-poker-championshi
571191,6,0.001,0,38337948.635363,True,False,2025-national-heads-up-poker-championshi
571191,24,0.001,0,38337948.635363,True,False,2025-national-heads-up-poker-championshi
571191,72,0.001,0,38337948.635363,True,False,2025-national-heads-up-poker-championshi
571191,168,0.001,0,38337948.635363,True,False,2025-national-heads-up-poker-championshi
571191,720,0.0020000000000000018,0,38337948.635363,True,False,2025-national-heads-up-poker-championshi
2252245,1,0.87,1,42158279.47949004,True,True,fed-decision-in-september-762
2252245,6,0.87,1,42158279.47949004,True,True,fed-decision-in-september-762
2252245,24,0.88,1,42158279.47949004,True,True,fed-decision-in-september-762
2252245,72,0.8,1,42158279.47949004,True,True,fed-decision-in-september-762
2252245,168,0.55,1,42158279.47949004,True,True,fed-decision-in-september-762
2252245,720,0.24,1,42158279.47949004,True,True,fed-decision-in-september-762
253698,1,0.0010000000000000009,0,37514692.52,True,False,democratic-nominee-2024
253698,6,0.0010000000000000009,0,37514692.52,True,False,democratic-nominee-2024
253698,24,0.0010000000000000009,0,37514692.52,True,False,democratic-nominee-2024
253698,72,0.0010000000000000009,0,37514692.52,True,False,democratic-nominee-2024
253698,168,0.0010000000000000009,0,37514692.52,True,False,democratic-nominee-2024
253698,720,0.020426688,0,37514692.52,True,False,democratic-nominee-2024
508806,1,0.999,1,37391614.253381,True,False,nba-eastern-conference-champion
508806,6,0.999,1,37391614.253381,True,False,nba-eastern-conference-champion
508806,24,0.999,1,37391614.253381,True,False,nba-eastern-conference-champion
508806,72,0.999,1,37391614.253381,True,False,nba-eastern-conference-champion
508806,168,0.8569999749,1,37391614.253381,True,False,nba-eastern-conference-champion
508806,720,0.07400001290000002,1,37391614.253381,True,False,nba-eastern-conference-champion
2718907,1,0.4599999939,0,37800234.64466119,True,True,fifwc-bel-sen-2026-07-01
2718907,6,0.45000008150000004,0,37800234.64466119,True,True,fifwc-bel-sen-2026-07-01
2718907,24,0.45,0,37800234.64466119,True,True,fifwc-bel-sen-2026-07-01
2718907,72,0.449999988,0,37800234.64466119,True,True,fifwc-bel-sen-2026-07-01
947289,1,0.3870000309,0,36601896.005035795,True,True,peru-presidential-election-winner
947289,6,0.3759999984,0,36601896.005035795,True,True,peru-presidential-election-winner
947289,24,0.4149998357,0,36601896.005035795,True,True,peru-presidential-election-winner
947289,72,0.276,0,36601896.005035795,True,True,peru-presidential-election-winner
947289,168,0.2119999969,0,36601896.005035795,True,True,peru-presidential-election-winner
947289,720,0.374,0,36601896.005035795,True,True,peru-presidential-election-winner
253736,1,0.001,0,36496306.548087,True,False,presidential-election-popular-vote-winne
253736,6,0.001,0,36496306.548087,True,False,presidential-election-popular-vote-winne
253736,24,0.001,0,36496306.548087,True,False,presidential-election-popular-vote-winne
253736,72,0.0010000000000000009,0,36496306.548087,True,False,presidential-election-popular-vote-winne
253736,168,0.0010000000000000009,0,36496306.548087,True,False,presidential-election-popular-vote-winne
253736,720,0.0040000000000000036,0,36496306.548087,True,False,presidential-election-popular-vote-winne
558954,1,0.001,0,36470355.983686015,True,True,world-cup-winner
558954,6,0.001,0,36470355.983686015,True,True,world-cup-winner
558954,24,0.001,0,36470355.983686015,True,True,world-cup-winner
558954,72,0.001,0,36470355.983686015,True,True,world-cup-winner
558954,168,0.001,0,36470355.983686015,True,True,world-cup-winner
558954,720,0.001,0,36470355.983686015,True,True,world-cup-winner
516769,1,0.776,1,36416000.185007,True,False,next-prime-minster-of-canada
516769,6,0.7676423358,1,36416000.185007,True,False,next-prime-minster-of-canada
516769,24,0.782,1,36416000.185007,True,False,next-prime-minster-of-canada
516769,72,0.792,1,36416000.185007,True,False,next-prime-minster-of-canada
516769,168,0.749,1,36416000.185007,True,False,next-prime-minster-of-canada
516769,720,0.63,1,36416000.185007,True,False,next-prime-minster-of-canada
1707932,1,0.0010000000000000009,0,38330965.45359882,False,False,will-the-iranian-regime-fall-by-may-31
1707932,6,0.0010000000000000009,0,38330965.45359882,False,False,will-the-iranian-regime-fall-by-may-31
1707932,24,0.0010000000000000009,0,38330965.45359882,False,False,will-the-iranian-regime-fall-by-may-31
1707932,72,0.0030000000000000027,0,38330965.45359882,False,False,will-the-iranian-regime-fall-by-may-31
1707932,168,0.0039879576,0,38330965.45359882,False,False,will-the-iranian-regime-fall-by-may-31
1707932,720,0.03700000000000003,0,38330965.45359882,False,False,will-the-iranian-regime-fall-by-may-31
1540766,1,0.002,0,38005859.138665095,False,False,strait-of-hormuz-traffic-returns-to-norm
1540766,6,0.004,0,38005859.138665095,False,False,strait-of-hormuz-traffic-returns-to-norm
1540766,24,0.0050000000000000044,0,38005859.138665095,False,False,strait-of-hormuz-traffic-returns-to-norm
1540766,72,0.0050000000000000044,0,38005859.138665095,False,False,strait-of-hormuz-traffic-returns-to-norm
1540766,168,0.06999999999999995,0,38005859.138665095,False,False,strait-of-hormuz-traffic-returns-to-norm
1540766,720,0.20999999999999996,0,38005859.138665095,False,False,strait-of-hormuz-traffic-returns-to-norm
506105,1,0.0010000000000000009,0,37958529.9175012,True,False,nfl-mvp-1
506105,6,0.0010000000000000009,0,37958529.9175012,True,False,nfl-mvp-1
506105,24,0.0010000000000000009,0,37958529.9175012,True,False,nfl-mvp-1
506105,72,0.0010000000000000009,0,37958529.9175012,True,False,nfl-mvp-1
506105,168,0.0010000000000000009,0,37958529.9175012,True,False,nfl-mvp-1
506105,720,0.002,0,37958529.9175012,True,False,nfl-mvp-1
542538,1,0.91,1,36329925.673244,True,False,fed-decision-in-september
542538,6,0.91,1,36329925.673244,True,False,fed-decision-in-september
542538,24,0.9099999827,1,36329925.673244,True,False,fed-decision-in-september
542538,72,0.91,1,36329925.673244,True,False,fed-decision-in-september
542538,168,0.8299999972,1,36329925.673244,True,False,fed-decision-in-september
542538,720,0.71,1,36329925.673244,True,False,fed-decision-in-september
906972,1,0.001,0,37866883.42341023,True,True,fed-decision-in-june-825
906972,6,0.001,0,37866883.42341023,True,True,fed-decision-in-june-825
906972,24,0.001,0,37866883.42341023,True,True,fed-decision-in-june-825
906972,72,0.0010000000000000009,0,37866883.42341023,True,True,fed-decision-in-june-825
906972,168,0.0020000000000000018,0,37866883.42341023,True,True,fed-decision-in-june-825
906972,720,0.0050000000000000044,0,37866883.42341023,True,True,fed-decision-in-june-825
253724,1,0.001,0,47770370.83836,True,False,presidential-election-popular-vote-winne
253724,6,0.001,0,47770370.83836,True,False,presidential-election-popular-vote-winne
253724,24,0.001,0,47770370.83836,True,False,presidential-election-popular-vote-winne
253724,72,0.0010000000000000009,0,47770370.83836,True,False,presidential-election-popular-vote-winne
253724,168,0.001,0,47770370.83836,True,False,presidential-election-popular-vote-winne
253724,720,0.0010000000000000009,0,47770370.83836,True,False,presidential-election-popular-vote-winne
504868,1,0.0010000000000000009,0,36277175.060258,True,False,democratic-vp-nominee-on-election-day
504868,6,0.0013377926,0,36277175.060258,True,False,democratic-vp-nominee-on-election-day
504868,24,0.0020000000000000018,0,36277175.060258,True,False,democratic-vp-nominee-on-election-day
504868,72,0.001,0,36277175.060258,True,False,democratic-vp-nominee-on-election-day
504868,168,0.0010000000000000009,0,36277175.060258,True,False,democratic-vp-nominee-on-election-day
504868,720,0.0030000000000000027,0,36277175.060258,True,False,democratic-vp-nominee-on-election-day
2680257,1,0.5299998781,1,36162490.191441655,True,True,fifwc-rsa-can-2026-06-28
2680257,6,0.59,1,36162490.191441655,True,True,fifwc-rsa-can-2026-06-28
2680257,24,0.56,1,36162490.191441655,True,True,fifwc-rsa-can-2026-06-28
2680257,72,0.5700000158,1,36162490.191441655,True,True,fifwc-rsa-can-2026-06-28
1897356,1,0.5,0,36081118.38206247,True,True,fifwc-tur-usa-2026-06-25
1897356,6,0.54,0,36081118.38206247,True,True,fifwc-tur-usa-2026-06-25
1897356,24,0.5,0,36081118.38206247,True,True,fifwc-tur-usa-2026-06-25
1897356,72,0.51,0,36081118.38206247,True,True,fifwc-tur-usa-2026-06-25
1897356,168,0.429999828,0,36081118.38206247,True,True,fifwc-tur-usa-2026-06-25
1897356,720,0.3899998479,0,36081118.38206247,True,True,fifwc-tur-usa-2026-06-25
2740921,1,0.5499999972,1,35432188.53751932,True,True,fifwc-can-mar-2026-07-04
2740921,6,0.5599999776,1,35432188.53751932,True,True,fifwc-can-mar-2026-07-04
2740921,24,0.5499999725,1,35432188.53751932,True,True,fifwc-can-mar-2026-07-04
2740921,72,0.5399998634,1,35432188.53751932,True,True,fifwc-can-mar-2026-07-04
253702,1,0.0010000000000000009,0,35289981.76,True,False,democratic-nominee-2024
253702,6,0.0010000000000000009,0,35289981.76,True,False,democratic-nominee-2024
253702,24,0.0010000000000000009,0,35289981.76,True,False,democratic-nominee-2024
253702,72,0.0010000000000000009,0,35289981.76,True,False,democratic-nominee-2024
253702,168,0.0010000000000000009,0,35289981.76,True,False,democratic-nominee-2024
253702,720,0.007,0,35289981.76,True,False,democratic-nominee-2024
253737,1,0.001,0,35232789.166403,True,False,presidential-election-popular-vote-winne
253737,6,0.001,0,35232789.166403,True,False,presidential-election-popular-vote-winne
253737,24,0.0010000000000000009,0,35232789.166403,True,False,presidential-election-popular-vote-winne
253737,72,0.001,0,35232789.166403,True,False,presidential-election-popular-vote-winne
253737,168,0.001,0,35232789.166403,True,False,presidential-election-popular-vote-winne
253737,720,0.0010000000000000009,0,35232789.166403,True,False,presidential-election-popular-vote-winne
1809560,1,0.0020000000000000018,0,34564221.91767358,False,False,strait-of-hormuz-traffic-returns-to-norm
1809560,6,0.002999997,0,34564221.91767358,False,False,strait-of-hormuz-traffic-returns-to-norm
1809560,24,0.0040000000000000036,0,34564221.91767358,False,False,strait-of-hormuz-traffic-returns-to-norm
1809560,72,0.006,0,34564221.91767358,False,False,strait-of-hormuz-traffic-returns-to-norm
1809560,168,0.1579999939,0,34564221.91767358,False,False,strait-of-hormuz-traffic-returns-to-norm
1809560,720,0.2,0,34564221.91767358,False,False,strait-of-hormuz-traffic-returns-to-norm
516947,1,0.0020000000000000018,0,34641400.627049,False,False,maduro-out-in-2025
516947,6,0.0030000000000000027,0,34641400.627049,False,False,maduro-out-in-2025
516947,24,0.0050000000000000044,0,34641400.627049,False,False,maduro-out-in-2025
516947,72,0.016000009400000015,0,34641400.627049,False,False,maduro-out-in-2025
516947,168,0.02300000000000002,0,34641400.627049,False,False,maduro-out-in-2025
516947,720,0.18000000169999997,0,34641400.627049,False,False,maduro-out-in-2025
2252246,1,0.01,0,33434867.861863002,True,True,fed-decision-in-september-762
2252246,6,0.01,0,33434867.861863002,True,True,fed-decision-in-september-762
2252246,24,0.008,0,33434867.861863002,True,True,fed-decision-in-september-762
2252246,72,0.005,0,33434867.861863002,True,True,fed-decision-in-september-762
2252246,168,0.0050000000000000044,0,33434867.861863002,True,True,fed-decision-in-september-762
2252246,720,0.003,0,33434867.861863002,True,True,fed-decision-in-september-762
503310,1,0.001,0,33300682.7113171,True,False,superbowl-champion-2025
503310,6,0.001,0,33300682.7113171,True,False,superbowl-champion-2025
503310,24,0.001,0,33300682.7113171,True,False,superbowl-champion-2025
503310,72,0.001,0,33300682.7113171,True,False,superbowl-champion-2025
503310,168,0.001,0,33300682.7113171,True,False,superbowl-champion-2025
503310,720,0.008000000000000007,0,33300682.7113171,True,False,superbowl-champion-2025
558977,1,0.001,0,33265926.54182009,True,True,world-cup-winner
558977,6,0.001,0,33265926.54182009,True,True,world-cup-winner
558977,24,0.001,0,33265926.54182009,True,True,world-cup-winner
558977,72,0.001,0,33265926.54182009,True,True,world-cup-winner
558977,168,0.001,0,33265926.54182009,True,True,world-cup-winner
558977,720,0.001,0,33265926.54182009,True,True,world-cup-winner
507237,1,0.06,0,33119218.154897,True,False,pennsylvania-margin-of-victory
507237,6,0.08999999999999997,0,33119218.154897,True,False,pennsylvania-margin-of-victory
507237,24,0.07999999999999996,0,33119218.154897,True,False,pennsylvania-margin-of-victory
507237,72,0.07999999999999996,0,33119218.154897,True,False,pennsylvania-margin-of-victory
507237,168,0.07,0,33119218.154897,True,False,pennsylvania-margin-of-victory
507237,720,0.08999999999999997,0,33119218.154897,True,False,pennsylvania-margin-of-victory
253730,1,0.001,0,36970806.278363,True,False,presidential-election-popular-vote-winne
253730,6,0.001,0,36970806.278363,True,False,presidential-election-popular-vote-winne
253730,24,0.001,0,36970806.278363,True,False,presidential-election-popular-vote-winne
253730,72,0.0010000000000000009,0,36970806.278363,True,False,presidential-election-popular-vote-winne
253730,168,0.001,0,36970806.278363,True,False,presidential-election-popular-vote-winne
253730,720,0.0030000000000000027,0,36970806.278363,True,False,presidential-election-popular-vote-winne
509188,1,0.055,0,37386911.778964,True,False,wisconsin-margin-of-victory
509188,6,0.07999999999999996,0,37386911.778964,True,False,wisconsin-margin-of-victory
509188,24,0.072,0,37386911.778964,True,False,wisconsin-margin-of-victory
509188,72,0.0486499635,0,37386911.778964,True,False,wisconsin-margin-of-victory
509188,168,0.030000000000000027,0,37386911.778964,True,False,wisconsin-margin-of-victory
514670,1,0.0030000000000000027,0,32369092.703828,False,False,yoon-out-as-president-of-south-korea-bef
514670,6,0.0023530967,0,32369092.703828,False,False,yoon-out-as-president-of-south-korea-bef
514670,24,0.009000000000000008,0,32369092.703828,False,False,yoon-out-as-president-of-south-korea-bef
514670,72,0.007,0,32369092.703828,False,False,yoon-out-as-president-of-south-korea-bef
514670,168,0.22,0,32369092.703828,False,False,yoon-out-as-president-of-south-korea-bef
514670,720,0.78,0,32369092.703828,False,False,yoon-out-as-president-of-south-korea-bef
514138,1,0.25,1,31735999.949038,True,False,poland-presidential-election
514138,6,0.2799999854,1,31735999.949038,True,False,poland-presidential-election
514138,24,0.26,1,31735999.949038,True,False,poland-presidential-election
514138,72,0.17000000000000004,1,31735999.949038,True,False,poland-presidential-election
514138,168,0.16,1,31735999.949038,True,False,poland-presidential-election
514138,720,0.2199999164,1,31735999.949038,True,False,poland-presidential-election
503323,1,0.0010000000000000009,0,32651063.5802148,True,False,superbowl-champion-2025
503323,6,0.0010000000000000009,0,32651063.5802148,True,False,superbowl-champion-2025
503323,24,0.0010000000000000009,0,32651063.5802148,True,False,superbowl-champion-2025
503323,72,0.0010000000000000009,0,32651063.5802148,True,False,superbowl-champion-2025
503323,168,0.0010000000000000009,0,32651063.5802148,True,False,superbowl-champion-2025
503323,720,0.007000000000000006,0,32651063.5802148,True,False,superbowl-champion-2025
505971,1,0.0010000000000000009,0,31284285.708133,True,False,f1-constructors-championship-winner
505971,6,0.002,0,31284285.708133,True,False,f1-constructors-championship-winner
505971,24,0.001,0,31284285.708133,True,False,f1-constructors-championship-winner
505971,72,0.001,0,31284285.708133,True,False,f1-constructors-championship-winner
505971,168,0.002,0,31284285.708133,True,False,f1-constructors-championship-winner
505971,720,0.0030000000000000027,0,31284285.708133,True,False,f1-constructors-championship-winner
516861,1,0.0010000000000000009,0,31394607.518008,False,False,what-price-will-bitcoin-hit-in-2025
516861,6,0.0010000000000000009,0,31394607.518008,False,False,what-price-will-bitcoin-hit-in-2025
516861,24,0.0010000000000000009,0,31394607.518008,False,False,what-price-will-bitcoin-hit-in-2025
516861,72,0.0010000000000000009,0,31394607.518008,False,False,what-price-will-bitcoin-hit-in-2025
516861,168,0.003,0,31394607.518008,False,False,what-price-will-bitcoin-hit-in-2025
516861,720,0.0030000000000000027,0,31394607.518008,False,False,what-price-will-bitcoin-hit-in-2025
906975,1,0.0020000000000000018,0,31037182.120555956,True,True,fed-decision-in-june-825
906975,6,0.0020000000000000018,0,31037182.120555956,True,True,fed-decision-in-june-825
906975,24,0.0020000000000000018,0,31037182.120555956,True,True,fed-decision-in-june-825
906975,72,0.0020000000000000018,0,31037182.120555956,True,True,fed-decision-in-june-825
906975,168,0.007000000000000006,0,31037182.120555956,True,True,fed-decision-in-june-825
906975,720,0.006000000000000005,0,31037182.120555956,True,True,fed-decision-in-june-825
1897147,1,0.6899999998,1,31040324.64426019,True,True,fifwc-ger-civ-2026-06-20
1897147,6,0.66,1,31040324.64426019,True,True,fifwc-ger-civ-2026-06-20
1897147,24,0.64,1,31040324.64426019,True,True,fifwc-ger-civ-2026-06-20
1897147,72,0.64,1,31040324.64426019,True,True,fifwc-ger-civ-2026-06-20
1897147,168,0.64,1,31040324.64426019,True,True,fifwc-ger-civ-2026-06-20
1897147,720,0.65,1,31040324.64426019,True,True,fifwc-ger-civ-2026-06-20
558982,1,0.001,0,30615070.59271094,True,True,world-cup-winner
558982,6,0.001,0,30615070.59271094,True,True,world-cup-winner
558982,24,0.001,0,30615070.59271094,True,True,world-cup-winner
558982,72,0.001,0,30615070.59271094,True,True,world-cup-winner
558982,168,0.001,0,30615070.59271094,True,True,world-cup-winner
558982,720,0.001,0,30615070.59271094,True,True,world-cup-winner
503328,1,0.0010000000000000009,0,30528260.8240941,True,False,superbowl-champion-2025
503328,6,0.0010000000000000009,0,30528260.8240941,True,False,superbowl-champion-2025
503328,24,0.0010000000000000009,0,30528260.8240941,True,False,superbowl-champion-2025
503328,72,0.0010000000000000009,0,30528260.8240941,True,False,superbowl-champion-2025
503328,168,0.0010000000000000009,0,30528260.8240941,True,False,superbowl-champion-2025
503328,720,0.014000000000000012,0,30528260.8240941,True,False,superbowl-champion-2025
553858,1,0.999,1,30553323.311588034,True,True,2026-nba-champion
553858,6,0.999,1,30553323.311588034,True,True,2026-nba-champion
553858,24,0.999,1,30553323.311588034,True,True,2026-nba-champion
553858,72,0.999,1,30553323.311588034,True,True,2026-nba-champion
553858,168,0.999,1,30553323.311588034,True,True,2026-nba-champion
553858,720,0.357,1,30553323.311588034,True,True,2026-nba-champion
906973,1,0.002999997,0,30934915.761426214,True,True,fed-decision-in-june-825
906973,6,0.002,0,30934915.761426214,True,True,fed-decision-in-june-825
906973,24,0.0049692105,0,30934915.761426214,True,True,fed-decision-in-june-825
906973,72,0.0030000000000000027,0,30934915.761426214,True,True,fed-decision-in-june-825
906973,168,0.004,0,30934915.761426214,True,True,fed-decision-in-june-825
906973,720,0.010000000000000009,0,30934915.761426214,True,True,fed-decision-in-june-825
1144023,1,0.0489999589,1,30194309.815936,False,False,us-anti-cartel-ground-operation-in-mexic
1144023,6,0.05,1,30194309.815936,False,False,us-anti-cartel-ground-operation-in-mexic
1144023,24,0.0537555253,1,30194309.815936,False,False,us-anti-cartel-ground-operation-in-mexic
1144023,72,0.026,1,30194309.815936,False,False,us-anti-cartel-ground-operation-in-mexic
1144023,168,0.036,1,30194309.815936,False,False,us-anti-cartel-ground-operation-in-mexic
509235,1,0.2199999531,0,30180182.963199,True,False,closest-state-in-the-presidential-electi
509235,6,0.13,0,30180182.963199,True,False,closest-state-in-the-presidential-electi
509235,24,0.08999999999999997,0,30180182.963199,True,False,closest-state-in-the-presidential-electi
509235,72,0.12,0,30180182.963199,True,False,closest-state-in-the-presidential-electi
509235,168,0.13,0,30180182.963199,True,False,closest-state-in-the-presidential-electi
532741,1,0.999,1,29917021.2541,False,False,us-military-action-against-iran-before-j
532741,6,0.999,1,29917021.2541,False,False,us-military-action-against-iran-before-j
532741,24,0.999,1,29917021.2541,False,False,us-military-action-against-iran-before-j
532741,72,0.999,1,29917021.2541,False,False,us-military-action-against-iran-before-j
532741,168,0.999,1,29917021.2541,False,False,us-military-action-against-iran-before-j
532741,720,0.1,1,29917021.2541,False,False,us-military-action-against-iran-before-j
521834,1,0.003,0,29564378.908894,True,False,fed-decision-in-june
521834,6,0.003,0,29564378.908894,True,False,fed-decision-in-june
521834,24,0.003,0,29564378.908894,True,False,fed-decision-in-june
521834,72,0.005,0,29564378.908894,True,False,fed-decision-in-june
521834,168,0.003,0,29564378.908894,True,False,fed-decision-in-june
521834,720,0.011,0,29564378.908894,True,False,fed-decision-in-june
525362,1,0.001,0,29698106.695952,True,False,f1-drivers-champion
525362,6,0.001,0,29698106.695952,True,False,f1-drivers-champion
525362,24,0.001,0,29698106.695952,True,False,f1-drivers-champion
525362,72,0.001,0,29698106.695952,True,False,f1-drivers-champion
525362,168,0.001,0,29698106.695952,True,False,f1-drivers-champion
525362,720,0.001,0,29698106.695952,True,False,f1-drivers-champion
1897073,1,0.6300001756,0,29529221.83360376,True,True,fifwc-bel-egy-2026-06-15
1897073,6,0.6100000226,0,29529221.83360376,True,True,fifwc-bel-egy-2026-06-15
1897073,24,0.6099999968,0,29529221.83360376,True,True,fifwc-bel-egy-2026-06-15
1897073,72,0.6,0,29529221.83360376,True,True,fifwc-bel-egy-2026-06-15
1897073,168,0.5899999947,0,29529221.83360376,True,True,fifwc-bel-egy-2026-06-15
1897073,720,0.6,0,29529221.83360376,True,True,fifwc-bel-egy-2026-06-15
1897329,1,0.4419999993,0,29397547.75841289,True,True,fifwc-jpn-swe-2026-06-25
1897329,6,0.5069999976,0,29397547.75841289,True,True,fifwc-jpn-swe-2026-06-25
1897329,24,0.523,0,29397547.75841289,True,True,fifwc-jpn-swe-2026-06-25
1897329,72,0.5199999834,0,29397547.75841289,True,True,fifwc-jpn-swe-2026-06-25
1897329,168,0.4599999784,0,29397547.75841289,True,True,fifwc-jpn-swe-2026-06-25
1897329,720,0.5,0,29397547.75841289,True,True,fifwc-jpn-swe-2026-06-25
538935,1,0.0010000000000000009,0,29246888.170365,True,False,new-york-city-mayoral-election
538935,6,0.0010000000000000009,0,29246888.170365,True,False,new-york-city-mayoral-election
538935,24,0.0010000000000000009,0,29246888.170365,True,False,new-york-city-mayoral-election
538935,72,0.0010000000000000009,0,29246888.170365,True,False,new-york-city-mayoral-election
538935,168,0.0010000000000000009,0,29246888.170365,True,False,new-york-city-mayoral-election
538935,720,0.0020000000000000018,0,29246888.170365,True,False,new-york-city-mayoral-election
1303355,1,0.001,0,28829221.50917,False,False,what-price-will-bitcoin-hit-in-february-
1303355,6,0.001,0,28829221.50917,False,False,what-price-will-bitcoin-hit-in-february-
1303355,24,0.0010000000000000009,0,28829221.50917,False,False,what-price-will-bitcoin-hit-in-february-
1303355,72,0.0010000000000000009,0,28829221.50917,False,False,what-price-will-bitcoin-hit-in-february-
1303355,168,0.0010000000000000009,0,28829221.50917,False,False,what-price-will-bitcoin-hit-in-february-
1706358,1,0.999,1,28778654.98897903,False,False,military-action-against-iran-ends-by-522
1706358,6,0.999,1,28778654.98897903,False,False,military-action-against-iran-ends-by-522
1706358,24,0.999,1,28778654.98897903,False,False,military-action-against-iran-ends-by-522
1706358,72,0.999,1,28778654.98897903,False,False,military-action-against-iran-ends-by-522
1706358,168,0.999,1,28778654.98897903,False,False,military-action-against-iran-ends-by-522
511755,1,0.0040000000000000036,0,28689878.975383,True,False,who-will-be-inaugurated-as-president
511755,6,0.007000048999999953,0,28689878.975383,True,False,who-will-be-inaugurated-as-president
511755,24,0.006000000000000005,0,28689878.975383,True,False,who-will-be-inaugurated-as-president
511755,72,0.0040000000000000036,0,28689878.975383,True,False,who-will-be-inaugurated-as-president
511755,168,0.0040000000000000036,0,28689878.975383,True,False,who-will-be-inaugurated-as-president
511755,720,0.02200000000000002,0,28689878.975383,True,False,who-will-be-inaugurated-as-president
528974,1,0.97,1,28670116.640169,True,False,fed-decision-in-july
528974,6,0.977,1,28670116.640169,True,False,fed-decision-in-july
528974,24,0.9739999999,1,28670116.640169,True,False,fed-decision-in-july
528974,72,0.953,1,28670116.640169,True,False,fed-decision-in-july
528974,168,0.955,1,28670116.640169,True,False,fed-decision-in-july
528974,720,0.8200000000000001,1,28670116.640169,True,False,fed-decision-in-july
552650,1,0.987,1,28623187.178979,False,False,fordow-nuclear-facility-destroyed-before
552650,6,0.986,1,28623187.178979,False,False,fordow-nuclear-facility-destroyed-before
552650,24,0.9834201936,1,28623187.178979,False,False,fordow-nuclear-facility-destroyed-before
552650,72,0.8299999975,1,28623187.178979,False,False,fordow-nuclear-facility-destroyed-before
552650,168,0.3599998704,1,28623187.178979,False,False,fordow-nuclear-facility-destroyed-before
253699,1,0.001,0,28528853.89,True,False,democratic-nominee-2024
253699,6,0.001,0,28528853.89,True,False,democratic-nominee-2024
253699,24,0.001,0,28528853.89,True,False,democratic-nominee-2024
253699,72,0.001,0,28528853.89,True,False,democratic-nominee-2024
253699,168,0.001,0,28528853.89,True,False,democratic-nominee-2024
253699,720,0.003,0,28528853.89,True,False,democratic-nominee-2024
512600,1,0.021000000400000052,0,28587434.430255,False,False,will-bitcoin-hit-100k-in-november
512600,6,0.044132796,0,28587434.430255,False,False,will-bitcoin-hit-100k-in-november
512600,24,0.27,0,28587434.430255,False,False,will-bitcoin-hit-100k-in-november
512600,72,0.1449527284,0,28587434.430255,False,False,will-bitcoin-hit-100k-in-november
512600,168,0.77,0,28587434.430255,False,False,will-bitcoin-hit-100k-in-november
2159863,1,0.34999993,0,28337791.229197014,False,True,what-will-trump-say-during-bilateral-eve
2159863,6,0.4900000028,0,28337791.229197014,False,True,what-will-trump-say-during-bilateral-eve
2159863,24,0.8,0,28337791.229197014,False,True,what-will-trump-say-during-bilateral-eve
2159863,72,0.8299999978,0,28337791.229197014,False,True,what-will-trump-say-during-bilateral-eve
2159863,168,0.8,0,28337791.229197014,False,True,what-will-trump-say-during-bilateral-eve
514165,1,0.001,0,28301064.519864,True,False,germany-parliamentary-election
514165,6,0.001,0,28301064.519864,True,False,germany-parliamentary-election
514165,24,0.001,0,28301064.519864,True,False,germany-parliamentary-election
514165,72,0.001,0,28301064.519864,True,False,germany-parliamentary-election
514165,168,0.0010000000000000009,0,28301064.519864,True,False,germany-parliamentary-election
514165,720,0.0030000000000000027,0,28301064.519864,True,False,germany-parliamentary-election
521836,1,0.985,1,28071372.791282,True,False,fed-decision-in-june
521836,6,0.984,1,28071372.791282,True,False,fed-decision-in-june
521836,24,0.983,1,28071372.791282,True,False,fed-decision-in-june
521836,72,0.974,1,28071372.791282,True,False,fed-decision-in-june
521836,168,0.977,1,28071372.791282,True,False,fed-decision-in-june
521836,720,0.9,1,28071372.791282,True,False,fed-decision-in-june
253843,1,0.001,0,28123133.59,True,False,democratic-nominee-2024
253843,6,0.001,0,28123133.59,True,False,democratic-nominee-2024
253843,24,0.001,0,28123133.59,True,False,democratic-nominee-2024
253843,72,0.001,0,28123133.59,True,False,democratic-nominee-2024
253843,168,0.001,0,28123133.59,True,False,democratic-nominee-2024
253843,720,0.1329999901,0,28123133.59,True,False,democratic-nominee-2024
1654957,1,0.002,0,27994692.422440995,True,True,fed-decision-in-july-181
1654957,6,0.001,0,27994692.422440995,True,True,fed-decision-in-july-181
1654957,24,0.002,0,27994692.422440995,True,True,fed-decision-in-july-181
1654957,72,0.0050000000000000044,0,27994692.422440995,True,True,fed-decision-in-july-181
1654957,168,0.0040000000000000036,0,27994692.422440995,True,True,fed-decision-in-july-181
1654957,720,0.01200000000000001,0,27994692.422440995,True,True,fed-decision-in-july-181
1897043,1,0.4699999756,1,27745325.144072264,True,True,fifwc-usa-par-2026-06-12
1897043,6,0.46,1,27745325.144072264,True,True,fifwc-usa-par-2026-06-12
1897043,24,0.5,1,27745325.144072264,True,True,fifwc-usa-par-2026-06-12
1897043,72,0.5,1,27745325.144072264,True,True,fifwc-usa-par-2026-06-12
1897043,168,0.49000000720000003,1,27745325.144072264,True,True,fifwc-usa-par-2026-06-12
1897043,720,0.48,1,27745325.144072264,True,True,fifwc-usa-par-2026-06-12
1654960,1,0.0020000000000000018,0,27556966.68968001,True,True,fed-decision-in-july-181
1654960,6,0.004,0,27556966.68968001,True,True,fed-decision-in-july-181
1654960,24,0.006000785300000033,0,27556966.68968001,True,True,fed-decision-in-july-181
1654960,72,0.007000000000000006,0,27556966.68968001,True,True,fed-decision-in-july-181
1654960,168,0.0050000000000000044,0,27556966.68968001,True,True,fed-decision-in-july-181
1654960,720,0.0040000000000000036,0,27556966.68968001,True,True,fed-decision-in-july-181
522080,1,0.03400000000000003,0,27507326.472995,False,False,will-kanye-launch-a-coin-in-february
522080,6,0.06,0,27507326.472995,False,False,will-kanye-launch-a-coin-in-february
522080,24,0.09999999999999998,0,27507326.472995,False,False,will-kanye-launch-a-coin-in-february
522080,72,0.18999999999999995,0,27507326.472995,False,False,will-kanye-launch-a-coin-in-february
522080,168,0.71,0,27507326.472995,False,False,will-kanye-launch-a-coin-in-february
254250,1,0.001,0,27351093.5083624,True,False,highest-grossing-movie-in-2024
254250,6,0.001,0,27351093.5083624,True,False,highest-grossing-movie-in-2024
254250,24,0.001,0,27351093.5083624,True,False,highest-grossing-movie-in-2024
254250,72,0.0020000000000000018,0,27351093.5083624,True,False,highest-grossing-movie-in-2024
254250,168,0.0010000000000000009,0,27351093.5083624,True,False,highest-grossing-movie-in-2024
254250,720,0.0020000000000000018,0,27351093.5083624,True,False,highest-grossing-movie-in-2024
704339,1,0.0049271885,0,26995077.577181,False,False,russia-x-ukraine-ceasefire-by-january-31
704339,6,0.0030000000000000027,0,26995077.577181,False,False,russia-x-ukraine-ceasefire-by-january-31
704339,24,0.006000045900000028,0,26995077.577181,False,False,russia-x-ukraine-ceasefire-by-january-31
704339,72,0.005,0,26995077.577181,False,False,russia-x-ukraine-ceasefire-by-january-31
704339,168,0.02100000000000002,0,26995077.577181,False,False,russia-x-ukraine-ceasefire-by-january-31
704339,720,0.06000000000000005,0,26995077.577181,False,False,russia-x-ukraine-ceasefire-by-january-31
571202,1,0.001,0,26661572.0032,True,False,2025-national-heads-up-poker-championshi
571202,6,0.001,0,26661572.0032,True,False,2025-national-heads-up-poker-championshi
571202,24,0.001,0,26661572.0032,True,False,2025-national-heads-up-poker-championshi
571202,72,0.001,0,26661572.0032,True,False,2025-national-heads-up-poker-championshi
571202,168,0.001,0,26661572.0032,True,False,2025-national-heads-up-poker-championshi
571202,720,0.001731242,0,26661572.0032,True,False,2025-national-heads-up-poker-championshi
2470848,1,0.993,1,26990137.74792806,False,True,will-trump-be-in-the-wc-champions-photo-
2470848,6,0.5488440475,1,26990137.74792806,False,True,will-trump-be-in-the-wc-champions-photo-
2470848,24,0.63,1,26990137.74792806,False,True,will-trump-be-in-the-wc-champions-photo-
2470848,72,0.71,1,26990137.74792806,False,True,will-trump-be-in-the-wc-champions-photo-
2470848,168,0.69,1,26990137.74792806,False,True,will-trump-be-in-the-wc-champions-photo-
2470848,720,0.4924676962,1,26990137.74792806,False,True,will-trump-be-in-the-wc-champions-photo-
521837,1,0.001,0,26912558.981079,True,False,fed-decision-in-june
521837,6,0.001,0,26912558.981079,True,False,fed-decision-in-june
521837,24,0.001,0,26912558.981079,True,False,fed-decision-in-june
521837,72,0.001,0,26912558.981079,True,False,fed-decision-in-june
521837,168,0.0010000000000000009,0,26912558.981079,True,False,fed-decision-in-june
521837,720,0.0040000000000000036,0,26912558.981079,True,False,fed-decision-in-june
1082748,1,0.0010000000000000009,0,26660909.268647,False,False,what-price-will-bitcoin-hit-in-january-2
1082748,6,0.001,0,26660909.268647,False,False,what-price-will-bitcoin-hit-in-january-2
1082748,24,0.0010000000000000009,0,26660909.268647,False,False,what-price-will-bitcoin-hit-in-january-2
1082748,72,0.0010000000000000009,0,26660909.268647,False,False,what-price-will-bitcoin-hit-in-january-2
1082748,168,0.0010000000000000009,0,26660909.268647,False,False,what-price-will-bitcoin-hit-in-january-2
1082748,720,0.003,0,26660909.268647,False,False,what-price-will-bitcoin-hit-in-january-2
691854,1,0.12,0,26258664.60106,True,False,boxing-jake-paul-vs-anthony-joshua-third
691854,6,0.107999998,0,26258664.60106,True,False,boxing-jake-paul-vs-anthony-joshua-third
691854,24,0.1098352423,0,26258664.60106,True,False,boxing-jake-paul-vs-anthony-joshua-third
691854,72,0.1151935999,0,26258664.60106,True,False,boxing-jake-paul-vs-anthony-joshua-third
691854,168,0.07853565220000003,0,26258664.60106,True,False,boxing-jake-paul-vs-anthony-joshua-third
1897079,1,0.5399999676,0,26085380.534743734,True,True,fifwc-irn-nzl-2026-06-15
1897079,6,0.55,0,26085380.534743734,True,True,fifwc-irn-nzl-2026-06-15
1897079,24,0.5099998317,0,26085380.534743734,True,True,fifwc-irn-nzl-2026-06-15
1897079,72,0.5299999899,0,26085380.534743734,True,True,fifwc-irn-nzl-2026-06-15
1897079,168,0.5099999986,0,26085380.534743734,True,True,fifwc-irn-nzl-2026-06-15
1897079,720,0.49000004340000003,0,26085380.534743734,True,True,fifwc-irn-nzl-2026-06-15
1919417,1,0.007000000000000006,0,26051734.516940523,False,False,us-x-iran-permanent-peace-deal-by
1919417,6,0.04507069220000004,0,26051734.516940523,False,False,us-x-iran-permanent-peace-deal-by
1919417,24,0.13,0,26051734.516940523,False,False,us-x-iran-permanent-peace-deal-by
1919417,72,0.2,0,26051734.516940523,False,False,us-x-iran-permanent-peace-deal-by
1919417,168,0.18999999999999995,0,26051734.516940523,False,False,us-x-iran-permanent-peace-deal-by
556077,1,0.999,1,26021665.1755,False,False,lighter-airdop-by
556077,6,0.999,1,26021665.1755,False,False,lighter-airdop-by
556077,24,0.9,1,26021665.1755,False,False,lighter-airdop-by
556077,72,0.9299999999999999,1,26021665.1755,False,False,lighter-airdop-by
556077,168,0.87,1,26021665.1755,False,False,lighter-airdop-by
556077,720,0.8021511571,1,26021665.1755,False,False,lighter-airdop-by
1897315,1,0.609,0,25829443.2331225,True,True,fifwc-ecu-ger-2026-06-25
1897315,6,0.6119999972,0,25829443.2331225,True,True,fifwc-ecu-ger-2026-06-25
1897315,24,0.54,0,25829443.2331225,True,True,fifwc-ecu-ger-2026-06-25
1897315,72,0.5099999952,0,25829443.2331225,True,True,fifwc-ecu-ger-2026-06-25
1897315,168,0.5700000000000001,0,25829443.2331225,True,True,fifwc-ecu-ger-2026-06-25
1897315,720,0.6,0,25829443.2331225,True,True,fifwc-ecu-ger-2026-06-25
1654959,1,0.245,0,25890005.575899016,True,True,fed-decision-in-july-181
1654959,6,0.199747032,0,25890005.575899016,True,True,fed-decision-in-july-181
1654959,24,0.28200000000000003,0,25890005.575899016,True,True,fed-decision-in-july-181
1654959,72,0.205,0,25890005.575899016,True,True,fed-decision-in-july-181
1654959,168,0.144,0,25890005.575899016,True,True,fed-decision-in-july-181
1654959,720,0.16500000000000004,0,25890005.575899016,True,True,fed-decision-in-july-181
1819243,1,0.050000000000000044,1,25495050.864901926,False,False,qatarenergy-announcesresumes-lng-product
1819243,6,0.02200001169999999,1,25495050.864901926,False,False,qatarenergy-announcesresumes-lng-product
1819243,24,0.028,1,25495050.864901926,False,False,qatarenergy-announcesresumes-lng-product
1819243,72,0.050000000000000044,1,25495050.864901926,False,False,qatarenergy-announcesresumes-lng-product
1819243,168,0.14,1,25495050.864901926,False,False,qatarenergy-announcesresumes-lng-product
254252,1,0.0010000000000000009,0,25803996.5807667,True,False,highest-grossing-movie-in-2024
254252,6,0.0010000000000000009,0,25803996.5807667,True,False,highest-grossing-movie-in-2024
254252,24,0.0010000000000000009,0,25803996.5807667,True,False,highest-grossing-movie-in-2024
254252,72,0.0020000000000000018,0,25803996.5807667,True,False,highest-grossing-movie-in-2024
254252,168,0.0020000000000000018,0,25803996.5807667,True,False,highest-grossing-movie-in-2024
254252,720,0.0020000000000000018,0,25803996.5807667,True,False,highest-grossing-movie-in-2024
516846,1,0.001,0,25240782.288934,True,False,largest-company-end-of-2025
516846,6,0.0010000000000000009,0,25240782.288934,True,False,largest-company-end-of-2025
516846,24,0.0010000000000000009,0,25240782.288934,True,False,largest-company-end-of-2025
516846,72,0.001,0,25240782.288934,True,False,largest-company-end-of-2025
516846,168,0.001,0,25240782.288934,True,False,largest-company-end-of-2025
516846,720,0.0010000000000000009,0,25240782.288934,True,False,largest-company-end-of-2025
567560,1,0.29000000000000004,0,25456113.707224935,True,True,next-prime-minister-of-hungary
567560,6,0.3,0,25456113.707224935,True,True,next-prime-minister-of-hungary
567560,24,0.299999982,0,25456113.707224935,True,True,next-prime-minister-of-hungary
567560,72,0.32,0,25456113.707224935,True,True,next-prime-minister-of-hungary
567560,168,0.34,0,25456113.707224935,True,True,next-prime-minister-of-hungary
567560,720,0.3790037176,0,25456113.707224935,True,True,next-prime-minister-of-hungary
556033,1,0.991,1,25086666.676263,False,False,lighter-market-cap-fdv-one-day-after-lau
556033,6,0.9769999997,1,25086666.676263,False,False,lighter-market-cap-fdv-one-day-after-lau
556033,24,0.84,1,25086666.676263,False,False,lighter-market-cap-fdv-one-day-after-lau
556033,72,0.85,1,25086666.676263,False,False,lighter-market-cap-fdv-one-day-after-lau
556033,168,0.85,1,25086666.676263,False,False,lighter-market-cap-fdv-one-day-after-lau
556033,720,0.68,1,25086666.676263,False,False,lighter-market-cap-fdv-one-day-after-lau
1897127,1,0.4899999814,0,25033864.729953494,True,True,fifwc-tur-par-2026-06-19
1897127,6,0.47,0,25033864.729953494,True,True,fifwc-tur-par-2026-06-19
1897127,24,0.4600000097,0,25033864.729953494,True,True,fifwc-tur-par-2026-06-19
1897127,72,0.4799998272,0,25033864.729953494,True,True,fifwc-tur-par-2026-06-19
1897127,168,0.47,0,25033864.729953494,True,True,fifwc-tur-par-2026-06-19
1897127,720,0.4399999442,0,25033864.729953494,True,True,fifwc-tur-par-2026-06-19
566146,1,0.001,0,24660057.10849773,True,True,uefa-champions-league-winner
566146,6,0.001,0,24660057.10849773,True,True,uefa-champions-league-winner
566146,24,0.001,0,24660057.10849773,True,True,uefa-champions-league-winner
566146,72,0.001,0,24660057.10849773,True,True,uefa-champions-league-winner
566146,168,0.001,0,24660057.10849773,True,True,uefa-champions-league-winner
566146,720,0.089,0,24660057.10849773,True,True,uefa-champions-league-winner
1569627,1,0.999,1,24621548.021247767,False,False,us-x-iran-ceasefire-by
1569627,6,0.999,1,24621548.021247767,False,False,us-x-iran-ceasefire-by
1569627,24,0.999,1,24621548.021247767,False,False,us-x-iran-ceasefire-by
1569627,72,0.999,1,24621548.021247767,False,False,us-x-iran-ceasefire-by
1569627,168,0.989,1,24621548.021247767,False,False,us-x-iran-ceasefire-by
1569627,720,0.26,1,24621548.021247767,False,False,us-x-iran-ceasefire-by
509855,1,0.9987806365,1,27780153.857752,False,False,israel-military-action-against-iraq-befo
509855,6,0.9987806365,1,27780153.857752,False,False,israel-military-action-against-iraq-befo
509855,24,0.9987806365,1,27780153.857752,False,False,israel-military-action-against-iraq-befo
509855,72,0.9919503525,1,27780153.857752,False,False,israel-military-action-against-iraq-befo
509855,168,0.09999999999999998,1,27780153.857752,False,False,israel-military-action-against-iraq-befo
2707658,1,0.86,0,27706689.41426485,True,True,fifwc-arg-cvi-2026-07-03
2707658,6,0.86,0,27706689.41426485,True,True,fifwc-arg-cvi-2026-07-03
2707658,24,0.8599999991,0,27706689.41426485,True,True,fifwc-arg-cvi-2026-07-03
2707658,72,0.84,0,27706689.41426485,True,True,fifwc-arg-cvi-2026-07-03
567561,1,0.7099999987,1,24555476.477281053,True,True,next-prime-minister-of-hungary
567561,6,0.7099999933,1,24555476.477281053,True,True,next-prime-minister-of-hungary
567561,24,0.7,1,24555476.477281053,True,True,next-prime-minister-of-hungary
567561,72,0.69,1,24555476.477281053,True,True,next-prime-minister-of-hungary
567561,168,0.6500000038,1,24555476.477281053,True,True,next-prime-minister-of-hungary
567561,720,0.6190020935,1,24555476.477281053,True,True,next-prime-minister-of-hungary
500640,1,0.0030000000000000027,0,24501103.382891,True,False,balance-of-power-2024-election
500640,6,0.002,0,24501103.382891,True,False,balance-of-power-2024-election
500640,24,0.0040000000000000036,0,24501103.382891,True,False,balance-of-power-2024-election
500640,72,0.0020000000000000018,0,24501103.382891,True,False,balance-of-power-2024-election
500640,168,0.0010000000000000009,0,24501103.382891,True,False,balance-of-power-2024-election
500640,720,0.0030000000000000027,0,24501103.382891,True,False,balance-of-power-2024-election
538928,1,0.001,0,24498006.503446,True,False,new-york-city-mayoral-election
538928,6,0.001,0,24498006.503446,True,False,new-york-city-mayoral-election
538928,24,0.001,0,24498006.503446,True,False,new-york-city-mayoral-election
538928,72,0.0010000000000000009,0,24498006.503446,True,False,new-york-city-mayoral-election
538928,168,0.0020000000000000018,0,24498006.503446,True,False,new-york-city-mayoral-election
538928,720,0.0020000000000000018,0,24498006.503446,True,False,new-york-city-mayoral-election
1130012,1,0.999,1,24490194.082594994,True,False,which-party-will-gain-most-seats-in-russ
1130012,6,0.999,1,24490194.082594994,True,False,which-party-will-gain-most-seats-in-russ
1130012,24,0.999,1,24490194.082594994,True,False,which-party-will-gain-most-seats-in-russ
1130012,72,0.999,1,24490194.082594994,True,False,which-party-will-gain-most-seats-in-russ
1130012,168,0.999,1,24490194.082594994,True,False,which-party-will-gain-most-seats-in-russ
1130012,720,0.7100000094000001,1,24490194.082594994,True,False,which-party-will-gain-most-seats-in-russ
2176262,1,0.0010000000000000009,0,24291657.998471,False,False,strait-of-hormuz-traffic-returns-to-norm
2176262,6,0.0020000000000000018,0,24291657.998471,False,False,strait-of-hormuz-traffic-returns-to-norm
2176262,24,0.0020000000000000018,0,24291657.998471,False,False,strait-of-hormuz-traffic-returns-to-norm
2176262,72,0.0050000000000000044,0,24291657.998471,False,False,strait-of-hormuz-traffic-returns-to-norm
2176262,168,0.01100000000000001,0,24291657.998471,False,False,strait-of-hormuz-traffic-returns-to-norm
2176262,720,0.31,0,24291657.998471,False,False,strait-of-hormuz-traffic-returns-to-norm
1919421,1,0.004,0,24173101.268068768,False,False,us-x-iran-permanent-peace-deal-by
1919421,6,0.008000000000000007,0,24173101.268068768,False,False,us-x-iran-permanent-peace-deal-by
1919421,24,0.01100000000000001,0,24173101.268068768,False,False,us-x-iran-permanent-peace-deal-by
1919421,72,0.0209999949,0,24173101.268068768,False,False,us-x-iran-permanent-peace-deal-by
1919421,168,0.17000000000000004,0,24173101.268068768,False,False,us-x-iran-permanent-peace-deal-by
1473040,1,0.0010000000000000009,0,24149352.753224906,False,False,what-price-will-bitcoin-hit-in-march-202
1473040,6,0.0010000000000000009,0,24149352.753224906,False,False,what-price-will-bitcoin-hit-in-march-202
1473040,24,0.0010000000000000009,0,24149352.753224906,False,False,what-price-will-bitcoin-hit-in-march-202
1473040,72,0.0010000000000000009,0,24149352.753224906,False,False,what-price-will-bitcoin-hit-in-march-202
1473040,168,0.0020000000000000018,0,24149352.753224906,False,False,what-price-will-bitcoin-hit-in-march-202
1473040,720,0.0040000000000000036,0,24149352.753224906,False,False,what-price-will-bitcoin-hit-in-march-202
519784,1,0.0010000000000000009,0,24000661.535559,True,False,fed-decision-in-may-2025
519784,6,0.0010000000000000009,0,24000661.535559,True,False,fed-decision-in-may-2025
519784,24,0.001,0,24000661.535559,True,False,fed-decision-in-may-2025
519784,72,0.001,0,24000661.535559,True,False,fed-decision-in-may-2025
519784,168,0.0030000000000000027,0,24000661.535559,True,False,fed-decision-in-may-2025
519784,720,0.0030000000000000027,0,24000661.535559,True,False,fed-decision-in-may-2025
2707623,1,0.74,0,24012879.428884313,True,True,fifwc-ger-par-2026-06-29
2707623,6,0.7299999925,0,24012879.428884313,True,True,fifwc-ger-par-2026-06-29
2707623,24,0.74,0,24012879.428884313,True,True,fifwc-ger-par-2026-06-29
1897106,1,0.54,0,23866870.866488546,True,True,fifwc-cze-rsa-2026-06-18
1897106,6,0.52,0,23866870.866488546,True,True,fifwc-cze-rsa-2026-06-18
1897106,24,0.5400000032000001,0,23866870.866488546,True,True,fifwc-cze-rsa-2026-06-18
1897106,72,0.55,0,23866870.866488546,True,True,fifwc-cze-rsa-2026-06-18
1897106,168,0.5,0,23866870.866488546,True,True,fifwc-cze-rsa-2026-06-18
1897106,720,0.53,0,23866870.866488546,True,True,fifwc-cze-rsa-2026-06-18
1423580,1,0.001,0,23864336.99083,True,False,elon-musk-of-tweets-february-27-march-6
1423580,6,0.001,0,23864336.99083,True,False,elon-musk-of-tweets-february-27-march-6
1423580,24,0.001,0,23864336.99083,True,False,elon-musk-of-tweets-february-27-march-6
1423580,72,0.001,0,23864336.99083,True,False,elon-musk-of-tweets-february-27-march-6
1423580,168,0.001,0,23864336.99083,True,False,elon-musk-of-tweets-february-27-march-6
535039,1,0.001,0,23780140.489083,True,False,people-power-party-ppp-presidential-cand
535039,6,0.001,0,23780140.489083,True,False,people-power-party-ppp-presidential-cand
535039,24,0.001,0,23780140.489083,True,False,people-power-party-ppp-presidential-cand
535039,72,0.001,0,23780140.489083,True,False,people-power-party-ppp-presidential-cand
535039,168,0.001,0,23780140.489083,True,False,people-power-party-ppp-presidential-cand
535039,720,0.001,0,23780140.489083,True,False,people-power-party-ppp-presidential-cand
528973,1,0.026000000000000023,0,23551704.395621,True,False,fed-decision-in-july
528973,6,0.019,0,23551704.395621,True,False,fed-decision-in-july
528973,24,0.02400034360000003,0,23551704.395621,True,False,fed-decision-in-july
528973,72,0.0350000007,0,23551704.395621,True,False,fed-decision-in-july
528973,168,0.038,0,23551704.395621,True,False,fed-decision-in-july
528973,720,0.1699999823,0,23551704.395621,True,False,fed-decision-in-july
504071,1,0.01200000000000001,0,23499210.730061,True,False,fed-interest-rates-september-2024
504071,6,0.010000000000000009,0,23499210.730061,True,False,fed-interest-rates-september-2024
504071,24,0.015000000000000013,0,23499210.730061,True,False,fed-interest-rates-september-2024
504071,72,0.017000000000000015,0,23499210.730061,True,False,fed-interest-rates-september-2024
504071,168,0.02400000000000002,0,23499210.730061,True,False,fed-interest-rates-september-2024
504071,720,0.067,0,23499210.730061,True,False,fed-interest-rates-september-2024
566140,1,0.0010000000000000009,0,23610235.70386833,True,True,uefa-champions-league-winner
566140,6,0.45,0,23610235.70386833,True,True,uefa-champions-league-winner
566140,24,0.44,0,23610235.70386833,True,True,uefa-champions-league-winner
566140,72,0.4299999298,0,23610235.70386833,True,True,uefa-champions-league-winner
566140,168,0.42,0,23610235.70386833,True,True,uefa-champions-league-winner
566140,720,0.30000000000000004,0,23610235.70386833,True,True,uefa-champions-league-winner
2815444,1,0.5225000584999999,0,22701021.18817368,True,True,fifwc-nor-eng-2026-07-11
2815444,6,0.5024999384,0,22701021.18817368,True,True,fifwc-nor-eng-2026-07-11
2815444,24,0.5149999959,0,22701021.18817368,True,True,fifwc-nor-eng-2026-07-11
2815444,72,0.529999965,0,22701021.18817368,True,True,fifwc-nor-eng-2026-07-11
1897211,1,0.4199999962,1,22598452.18195877,True,True,fifwc-nor-sen-2026-06-22
1897211,6,0.4399999894,1,22598452.18195877,True,True,fifwc-nor-sen-2026-06-22
1897211,24,0.42,1,22598452.18195877,True,True,fifwc-nor-sen-2026-06-22
1897211,72,0.4299999979,1,22598452.18195877,True,True,fifwc-nor-sen-2026-06-22
1897211,168,0.4599997608,1,22598452.18195877,True,True,fifwc-nor-sen-2026-06-22
1897211,720,0.48,1,22598452.18195877,True,True,fifwc-nor-sen-2026-06-22
571214,1,0.001,0,22533633.258365,True,False,2025-national-heads-up-poker-championshi
571214,6,0.001,0,22533633.258365,True,False,2025-national-heads-up-poker-championshi
571214,24,0.001,0,22533633.258365,True,False,2025-national-heads-up-poker-championshi
571214,72,0.001,0,22533633.258365,True,False,2025-national-heads-up-poker-championshi
571214,168,0.001,0,22533633.258365,True,False,2025-national-heads-up-poker-championshi
571214,720,0.003,0,22533633.258365,True,False,2025-national-heads-up-poker-championshi
521835,1,0.013,0,22347675.300958,True,False,fed-decision-in-june
521835,6,0.0139999957,0,22347675.300958,True,False,fed-decision-in-june
521835,24,0.0150000001,0,22347675.300958,True,False,fed-decision-in-june
521835,72,0.022,0,22347675.300958,True,False,fed-decision-in-june
521835,168,0.019,0,22347675.300958,True,False,fed-decision-in-june
521835,720,0.1,0,22347675.300958,True,False,fed-decision-in-june
253874,1,0.001,0,22226397.94,True,False,democratic-nominee-2024
253874,6,0.001,0,22226397.94,True,False,democratic-nominee-2024
253874,24,0.001,0,22226397.94,True,False,democratic-nominee-2024
253874,72,0.001,0,22226397.94,True,False,democratic-nominee-2024
253874,168,0.001,0,22226397.94,True,False,democratic-nominee-2024
253874,720,0.001,0,22226397.94,True,False,democratic-nominee-2024
519110,1,0.006000293499999976,0,22213305.879178,False,False,was-trump-hacked
519110,6,0.007000000000000006,0,22213305.879178,False,False,was-trump-hacked
519110,24,0.03700002800000002,0,22213305.879178,False,False,was-trump-hacked
516008,1,0.0010000000000000009,0,22150914.603213,True,False,fed-decision-in-march
516008,6,0.0020000000000000018,0,22150914.603213,True,False,fed-decision-in-march
516008,24,0.0010000000000000009,0,22150914.603213,True,False,fed-decision-in-march
516008,72,0.0020000000000000018,0,22150914.603213,True,False,fed-decision-in-march
516008,168,0.007000000699999953,0,22150914.603213,True,False,fed-decision-in-march
516008,720,0.005000001199999993,0,22150914.603213,True,False,fed-decision-in-march
2879968,1,0.375,0,32717593.783729352,True,True,fifwc-fra-esp-2026-07-14
2879968,6,0.4074999999,0,32717593.783729352,True,True,fifwc-fra-esp-2026-07-14
2879968,24,0.4124999933,0,32717593.783729352,True,True,fifwc-fra-esp-2026-07-14
2879968,72,0.4299999951,0,32717593.783729352,True,True,fifwc-fra-esp-2026-07-14
558962,1,0.001,0,33082576.34188277,True,True,world-cup-winner
558962,6,0.001,0,33082576.34188277,True,True,world-cup-winner
558962,24,0.001,0,33082576.34188277,True,True,world-cup-winner
558962,72,0.001,0,33082576.34188277,True,True,world-cup-winner
558962,168,0.001,0,33082576.34188277,True,True,world-cup-winner
558962,720,0.001,0,33082576.34188277,True,True,world-cup-winner
519776,1,0.0010000000000000009,0,22089574.500042,True,False,fed-decision-in-may-2025
519776,6,0.0033438234,0,22089574.500042,True,False,fed-decision-in-may-2025
519776,24,0.001,0,22089574.500042,True,False,fed-decision-in-may-2025
519776,72,0.002,0,22089574.500042,True,False,fed-decision-in-may-2025
519776,168,0.007000000000000006,0,22089574.500042,True,False,fed-decision-in-may-2025
519776,720,0.04200000000000004,0,22089574.500042,True,False,fed-decision-in-may-2025
573655,1,0.0010000000000000009,0,22066951.68564701,False,True,when-will-bitcoin-hit-150k
573655,6,0.0010000000000000009,0,22066951.68564701,False,True,when-will-bitcoin-hit-150k
573655,24,0.001,0,22066951.68564701,False,True,when-will-bitcoin-hit-150k
573655,72,0.0020000000000000018,0,22066951.68564701,False,True,when-will-bitcoin-hit-150k
573655,168,0.0010000000000000009,0,22066951.68564701,False,True,when-will-bitcoin-hit-150k
573655,720,0.005,0,22066951.68564701,False,True,when-will-bitcoin-hit-150k
253635,1,0.001,0,22011560.654836,True,False,presidential-election-winner-2024
253635,6,0.001,0,22011560.654836,True,False,presidential-election-winner-2024
253635,24,0.001,0,22011560.654836,True,False,presidential-election-winner-2024
253635,72,0.001,0,22011560.654836,True,False,presidential-election-winner-2024
253635,168,0.001,0,22011560.654836,True,False,presidential-election-winner-2024
253635,720,0.001,0,22011560.654836,True,False,presidential-election-winner-2024
1654956,1,0.002,0,22015343.545755006,True,True,fed-decision-in-july-181
1654956,6,0.0020000000000000018,0,22015343.545755006,True,True,fed-decision-in-july-181
1654956,24,0.0010000000000000009,0,22015343.545755006,True,True,fed-decision-in-july-181
1654956,72,0.002,0,22015343.545755006,True,True,fed-decision-in-july-181
1654956,168,0.0010000000000000009,0,22015343.545755006,True,True,fed-decision-in-july-181
1654956,720,0.004,0,22015343.545755006,True,True,fed-decision-in-july-181
253723,1,0.001,0,21923974.494067,True,False,presidential-election-popular-vote-winne
253723,6,0.001,0,21923974.494067,True,False,presidential-election-popular-vote-winne
253723,24,0.001,0,21923974.494067,True,False,presidential-election-popular-vote-winne
253723,72,0.001,0,21923974.494067,True,False,presidential-election-popular-vote-winne
253723,168,0.001,0,21923974.494067,True,False,presidential-election-popular-vote-winne
253723,720,0.001,0,21923974.494067,True,False,presidential-election-popular-vote-winne
2941971,1,0.5599999969,0,21958455.592650715,True,True,fifwc-fra-eng-2026-07-18
2941971,6,0.52,0,21958455.592650715,True,True,fifwc-fra-eng-2026-07-18
2941971,24,0.5,0,21958455.592650715,True,True,fifwc-fra-eng-2026-07-18
567564,1,0.0010000000000000009,0,21744519.72813603,True,True,next-prime-minister-of-hungary
567564,6,0.0010000000000000009,0,21744519.72813603,True,True,next-prime-minister-of-hungary
567564,24,0.0010000000000000009,0,21744519.72813603,True,True,next-prime-minister-of-hungary
567564,72,0.002,0,21744519.72813603,True,True,next-prime-minister-of-hungary
567564,168,0.0010000000000000009,0,21744519.72813603,True,True,next-prime-minister-of-hungary
567564,720,0.0050000000000000044,0,21744519.72813603,True,True,next-prime-minister-of-hungary
906976,1,0.001,0,21740489.034398694,True,True,fed-decision-in-june-825
906976,6,0.001,0,21740489.034398694,True,True,fed-decision-in-june-825
906976,24,0.0010000000000000009,0,21740489.034398694,True,True,fed-decision-in-june-825
906976,72,0.001,0,21740489.034398694,True,True,fed-decision-in-june-825
906976,168,0.001,0,21740489.034398694,True,True,fed-decision-in-june-825
906976,720,0.0020000000000000018,0,21740489.034398694,True,True,fed-decision-in-june-825
254251,1,0.0010000000000000009,0,21691619.0902797,True,False,highest-grossing-movie-in-2024
254251,6,0.001,0,21691619.0902797,True,False,highest-grossing-movie-in-2024
254251,24,0.001,0,21691619.0902797,True,False,highest-grossing-movie-in-2024
254251,72,0.001,0,21691619.0902797,True,False,highest-grossing-movie-in-2024
254251,168,0.0020000000000000018,0,21691619.0902797,True,False,highest-grossing-movie-in-2024
254251,720,0.0020000000000000018,0,21691619.0902797,True,False,highest-grossing-movie-in-2024
519777,1,0.015000000000000013,0,21653201.774564,True,False,fed-decision-in-may-2025
519777,6,0.020000000000000018,0,21653201.774564,True,False,fed-decision-in-may-2025
519777,24,0.02,0,21653201.774564,True,False,fed-decision-in-may-2025
519777,72,0.022000020799999964,0,21653201.774564,True,False,fed-decision-in-may-2025
519777,168,0.08,0,21653201.774564,True,False,fed-decision-in-may-2025
519777,720,0.32,0,21653201.774564,True,False,fed-decision-in-may-2025
516011,1,0.001,0,21544318.532625,True,False,fed-decision-in-march
516011,6,0.001,0,21544318.532625,True,False,fed-decision-in-march
516011,24,0.0010000000000000009,0,21544318.532625,True,False,fed-decision-in-march
516011,72,0.0010000000000000009,0,21544318.532625,True,False,fed-decision-in-march
516011,168,0.0020000000000000018,0,21544318.532625,True,False,fed-decision-in-march
516011,720,0.006000000000000005,0,21544318.532625,True,False,fed-decision-in-march
2690979,1,0.5599999509,1,21449755.607713584,True,True,fifwc-bra-jpn-2026-06-29
2690979,6,0.5799999995,1,21449755.607713584,True,True,fifwc-bra-jpn-2026-06-29
2690979,24,0.5799999959,1,21449755.607713584,True,True,fifwc-bra-jpn-2026-06-29
2690979,72,0.5699999991,1,21449755.607713584,True,True,fifwc-bra-jpn-2026-06-29
2829164,1,0.6,1,21403123.724798873,True,True,fifwc-esp-bel-2026-07-10
2829164,6,0.6024998745,1,21403123.724798873,True,True,fifwc-esp-bel-2026-07-10
2829164,24,0.5925,1,21403123.724798873,True,True,fifwc-esp-bel-2026-07-10
2829164,72,0.6099999994,1,21403123.724798873,True,True,fifwc-esp-bel-2026-07-10
2707644,1,0.7799999844,1,21360211.01875305,True,True,fifwc-fra-swe-2026-06-30
2707644,6,0.77,1,21360211.01875305,True,True,fifwc-fra-swe-2026-06-30
2707644,24,0.7799999844,1,21360211.01875305,True,True,fifwc-fra-swe-2026-06-30
2707644,72,0.7599999924,1,21360211.01875305,True,True,fifwc-fra-swe-2026-06-30
512323,1,0.02200000000000002,0,21247359.999879,True,False,fed-interest-rates-january-2025
512323,6,0.0119999973,0,21247359.999879,True,False,fed-interest-rates-january-2025
512323,24,0.017,0,21247359.999879,True,False,fed-interest-rates-january-2025
512323,72,0.01698,0,21247359.999879,True,False,fed-interest-rates-january-2025
512323,168,0.006000000000000005,0,21247359.999879,True,False,fed-interest-rates-january-2025
512323,720,0.07999999999999996,0,21247359.999879,True,False,fed-interest-rates-january-2025
515761,1,0.001,0,21222938.680058,True,False,germany-parliamentary-election
515761,6,0.001,0,21222938.680058,True,False,germany-parliamentary-election
515761,24,0.001,0,21222938.680058,True,False,germany-parliamentary-election
515761,72,0.001,0,21222938.680058,True,False,germany-parliamentary-election
515761,168,0.001,0,21222938.680058,True,False,germany-parliamentary-election
515761,720,0.0030000564,0,21222938.680058,True,False,germany-parliamentary-election
1897193,1,0.6799999984,1,21219503.760994226,True,True,fifwc-arg-aut-2026-06-22
1897193,6,0.68,1,21219503.760994226,True,True,fifwc-arg-aut-2026-06-22
1897193,24,0.64,1,21219503.760994226,True,True,fifwc-arg-aut-2026-06-22
1897193,72,0.6199998512,1,21219503.760994226,True,True,fifwc-arg-aut-2026-06-22
1897193,168,0.6299999477,1,21219503.760994226,True,True,fifwc-arg-aut-2026-06-22
1897193,720,0.5899999894,1,21219503.760994226,True,True,fifwc-arg-aut-2026-06-22
2804853,1,0.6124999686,1,21875491.882710956,True,True,fifwc-fra-mar-2026-07-09
2804853,6,0.6125,1,21875491.882710956,True,True,fifwc-fra-mar-2026-07-09
2804853,24,0.61,1,21875491.882710956,True,True,fifwc-fra-mar-2026-07-09
2804853,72,0.6199999981,1,21875491.882710956,True,True,fifwc-fra-mar-2026-07-09
947269,1,0.6199999864,1,21817048.613106236,True,True,peru-presidential-election-winner
947269,6,0.62,1,21817048.613106236,True,True,peru-presidential-election-winner
947269,24,0.6,1,21817048.613106236,True,True,peru-presidential-election-winner
947269,72,0.72,1,21817048.613106236,True,True,peru-presidential-election-winner
947269,168,0.79,1,21817048.613106236,True,True,peru-presidential-election-winner
947269,720,0.62,1,21817048.613106236,True,True,peru-presidential-election-winner
1897070,1,0.92,0,21209383.43092772,True,True,fifwc-esp-cvi-2026-06-15
1897070,6,0.92,0,21209383.43092772,True,True,fifwc-esp-cvi-2026-06-15
1897070,24,0.899999976,0,21209383.43092772,True,True,fifwc-esp-cvi-2026-06-15
1897070,72,0.91,0,21209383.43092772,True,True,fifwc-esp-cvi-2026-06-15
1897070,168,0.91,0,21209383.43092772,True,True,fifwc-esp-cvi-2026-06-15
1897070,720,0.92,0,21209383.43092772,True,True,fifwc-esp-cvi-2026-06-15
253598,1,0.001,0,21181731.472915,True,False,presidential-election-winner-2024
253598,6,0.001,0,21181731.472915,True,False,presidential-election-winner-2024
253598,24,0.001,0,21181731.472915,True,False,presidential-election-winner-2024
253598,72,0.001,0,21181731.472915,True,False,presidential-election-winner-2024
253598,168,0.001,0,21181731.472915,True,False,presidential-election-winner-2024
253598,720,0.001,0,21181731.472915,True,False,presidential-election-winner-2024
1897392,1,0.5899999848,1,21107566.788395956,True,True,fifwc-ury-esp-2026-06-26
1897392,6,0.5899999848,1,21107566.788395956,True,True,fifwc-ury-esp-2026-06-26
1897392,24,0.66,1,21107566.788395956,True,True,fifwc-ury-esp-2026-06-26
1897392,72,0.6499999675,1,21107566.788395956,True,True,fifwc-ury-esp-2026-06-26
1897392,168,0.64,1,21107566.788395956,True,True,fifwc-ury-esp-2026-06-26
1897392,720,0.6259314428,1,21107566.788395956,True,True,fifwc-ury-esp-2026-06-26
512324,1,0.9760290083000001,1,21033386.279391,True,False,fed-interest-rates-january-2025
512324,6,0.9870004338,1,21033386.279391,True,False,fed-interest-rates-january-2025
512324,24,0.979,1,21033386.279391,True,False,fed-interest-rates-january-2025
512324,72,0.981,1,21033386.279391,True,False,fed-interest-rates-january-2025
512324,168,0.99,1,21033386.279391,True,False,fed-interest-rates-january-2025
512324,720,0.91,1,21033386.279391,True,False,fed-interest-rates-january-2025
253836,1,0.001,0,20963826.152231,True,False,electoral-college-margin-of-victory-in-t
253836,6,0.001,0,20963826.152231,True,False,electoral-college-margin-of-victory-in-t
253836,24,0.0010000000000000009,0,20963826.152231,True,False,electoral-college-margin-of-victory-in-t
253836,72,0.0010000000000000009,0,20963826.152231,True,False,electoral-college-margin-of-victory-in-t
253836,168,0.001,0,20963826.152231,True,False,electoral-college-margin-of-victory-in-t
253836,720,0.0030000000000000027,0,20963826.152231,True,False,electoral-college-margin-of-victory-in-t
506126,1,0.001,0,21001687.12647,True,False,so-paulo-mayoral-election-2024
506126,6,0.001,0,21001687.12647,True,False,so-paulo-mayoral-election-2024
506126,24,0.002,0,21001687.12647,True,False,so-paulo-mayoral-election-2024
506126,72,0.001,0,21001687.12647,True,False,so-paulo-mayoral-election-2024
506126,168,0.0010000000000000009,0,21001687.12647,True,False,so-paulo-mayoral-election-2024
506126,720,0.0030000000000000027,0,21001687.12647,True,False,so-paulo-mayoral-election-2024
2941974,1,0.42500000000000004,0,20835093.762332156,True,True,fifwc-esp-arg-2026-07-19
2941974,6,0.4249999882,0,20835093.762332156,True,True,fifwc-esp-arg-2026-07-19
2941974,24,0.4224999524,0,20835093.762332156,True,True,fifwc-esp-arg-2026-07-19
2941974,72,0.4199999991,0,20835093.762332156,True,True,fifwc-esp-arg-2026-07-19
2793738,1,0.74,1,20802138.270757653,True,True,fifwc-arg-egy-2026-07-07
2793738,6,0.7299998102,1,20802138.270757653,True,True,fifwc-arg-egy-2026-07-07
2793738,24,0.71,1,20802138.270757653,True,True,fifwc-arg-egy-2026-07-07
2793738,72,0.7199999856,1,20802138.270757653,True,True,fifwc-arg-egy-2026-07-07
519778,1,0.9829999997,1,20629387.641397,True,False,fed-decision-in-may-2025
519778,6,0.9788946633,1,20629387.641397,True,False,fed-decision-in-may-2025
519778,24,0.9789999982,1,20629387.641397,True,False,fed-decision-in-may-2025
519778,72,0.976,1,20629387.641397,True,False,fed-decision-in-may-2025
519778,168,0.92,1,20629387.641397,True,False,fed-decision-in-may-2025
519778,720,0.6050702811,1,20629387.641397,True,False,fed-decision-in-may-2025
1808970,1,0.0010000000000000009,0,20542829.378676113,False,False,us-obtains-iranian-enriched-uranium-by
1808970,6,0.0010000000000000009,0,20542829.378676113,False,False,us-obtains-iranian-enriched-uranium-by
1808970,24,0.0010000000000000009,0,20542829.378676113,False,False,us-obtains-iranian-enriched-uranium-by
1808970,72,0.008000000000000007,0,20542829.378676113,False,False,us-obtains-iranian-enriched-uranium-by
1808970,168,0.018000000000000016,0,20542829.378676113,False,False,us-obtains-iranian-enriched-uranium-by
1808970,720,0.08999999999999997,0,20542829.378676113,False,False,us-obtains-iranian-enriched-uranium-by
2844058,1,0.5725,0,20312069.978136703,True,True,fifwc-arg-che-2026-07-11
2844058,6,0.575,0,20312069.978136703,True,True,fifwc-arg-che-2026-07-11
2844058,24,0.5799999878,0,20312069.978136703,True,True,fifwc-arg-che-2026-07-11
2844058,72,0.5699999926,0,20312069.978136703,True,True,fifwc-arg-che-2026-07-11
255335,1,0.9877365579,1,20345317.826273,False,False,fed-rate-cut-by
255335,6,0.9889999974,1,20345317.826273,False,False,fed-rate-cut-by
255335,24,0.984,1,20345317.826273,False,False,fed-rate-cut-by
255335,72,0.9819999982000001,1,20345317.826273,False,False,fed-rate-cut-by
255335,168,0.9690000247,1,20345317.826273,False,False,fed-rate-cut-by
255335,720,0.9301386032,1,20345317.826273,False,False,fed-rate-cut-by
546262,1,0.001,0,20304686.659728,True,False,romania-bucharest-mayoral-election
546262,6,0.001,0,20304686.659728,True,False,romania-bucharest-mayoral-election
546262,24,0.001,0,20304686.659728,True,False,romania-bucharest-mayoral-election
546262,72,0.001,0,20304686.659728,True,False,romania-bucharest-mayoral-election
546262,168,0.001,0,20304686.659728,True,False,romania-bucharest-mayoral-election
546262,720,0.001,0,20304686.659728,True,False,romania-bucharest-mayoral-election
2510937,1,0.998,1,20219693.965023123,False,False,us-and-iran-sign-an-agreement-byptptpt-2
2510937,6,0.997,1,20219693.965023123,False,False,us-and-iran-sign-an-agreement-byptptpt-2
2510937,24,0.05913914330000003,1,20219693.965023123,False,False,us-and-iran-sign-an-agreement-byptptpt-2
2510937,72,0.27000018979999996,1,20219693.965023123,False,False,us-and-iran-sign-an-agreement-byptptpt-2
514164,1,0.001,0,19989626.707533,True,False,germany-parliamentary-election
514164,6,0.001,0,19989626.707533,True,False,germany-parliamentary-election
514164,24,0.001,0,19989626.707533,True,False,germany-parliamentary-election
514164,72,0.001,0,19989626.707533,True,False,germany-parliamentary-election
514164,168,0.001,0,19989626.707533,True,False,germany-parliamentary-election
514164,720,0.003,0,19989626.707533,True,False,germany-parliamentary-election
254580,1,0.001,0,20169086.258574,True,False,how-many-fed-rate-cuts-this-year
254580,6,0.001,0,20169086.258574,True,False,how-many-fed-rate-cuts-this-year
254580,24,0.001,0,20169086.258574,True,False,how-many-fed-rate-cuts-this-year
254580,72,0.001,0,20169086.258574,True,False,how-many-fed-rate-cuts-this-year
254580,168,0.001,0,20169086.258574,True,False,how-many-fed-rate-cuts-this-year
254580,720,0.0030000000000000027,0,20169086.258574,True,False,how-many-fed-rate-cuts-this-year
558979,1,0.001,0,20049174.385756884,True,True,world-cup-winner
558979,6,0.001,0,20049174.385756884,True,True,world-cup-winner
558979,24,0.001,0,20049174.385756884,True,True,world-cup-winner
558979,72,0.001,0,20049174.385756884,True,True,world-cup-winner
558979,168,0.001,0,20049174.385756884,True,True,world-cup-winner
558979,720,0.001,0,20049174.385756884,True,True,world-cup-winner
1897082,1,0.6799999854,1,19987092.112487588,True,True,fifwc-fra-sen-2026-06-16
1897082,6,0.6699999839,1,19987092.112487588,True,True,fifwc-fra-sen-2026-06-16
1897082,24,0.6599999999999999,1,19987092.112487588,True,True,fifwc-fra-sen-2026-06-16
1897082,72,0.67,1,19987092.112487588,True,True,fifwc-fra-sen-2026-06-16
1897082,168,0.67,1,19987092.112487588,True,True,fifwc-fra-sen-2026-06-16
1897082,720,0.69,1,19987092.112487588,True,True,fifwc-fra-sen-2026-06-16
2252242,1,0.001,0,19739407.147784986,True,True,fed-decision-in-september-762
2252242,6,0.001,0,19739407.147784986,True,True,fed-decision-in-september-762
2252242,24,0.001,0,19739407.147784986,True,True,fed-decision-in-september-762
2252242,72,0.001,0,19739407.147784986,True,True,fed-decision-in-september-762
2252242,168,0.0020000000000000018,0,19739407.147784986,True,True,fed-decision-in-september-762
2252242,720,0.003,0,19739407.147784986,True,True,fed-decision-in-september-762
1897061,1,0.4599997608,0,19893698.639120743,True,True,fifwc-nld-jpn-2026-06-14
1897061,6,0.48,0,19893698.639120743,True,True,fifwc-nld-jpn-2026-06-14
1897061,24,0.4799999645,0,19893698.639120743,True,True,fifwc-nld-jpn-2026-06-14
1897061,72,0.4799999963,0,19893698.639120743,True,True,fifwc-nld-jpn-2026-06-14
1897061,168,0.4899998711,0,19893698.639120743,True,True,fifwc-nld-jpn-2026-06-14
1897061,720,0.4901960784,0,19893698.639120743,True,True,fifwc-nld-jpn-2026-06-14
506116,1,0.001,0,19618409.681784,True,False,nfl-mvp-1
506116,6,0.001,0,19618409.681784,True,False,nfl-mvp-1
506116,24,0.001,0,19618409.681784,True,False,nfl-mvp-1
506116,72,0.001,0,19618409.681784,True,False,nfl-mvp-1
506116,168,0.001,0,19618409.681784,True,False,nfl-mvp-1
506116,720,0.001,0,19618409.681784,True,False,nfl-mvp-1
566136,1,0.999,1,19428880.867619038,True,True,uefa-champions-league-winner
566136,6,0.54,1,19428880.867619038,True,True,uefa-champions-league-winner
566136,24,0.579999826,1,19428880.867619038,True,True,uefa-champions-league-winner
566136,72,0.5799999991,1,19428880.867619038,True,True,uefa-champions-league-winner
566136,168,0.5799999991,1,19428880.867619038,True,True,uefa-champions-league-winner
566136,720,0.3,1,19428880.867619038,True,True,uefa-champions-league-winner
254432,1,0.0020000000000000018,0,19510179.2052032,False,False,ethereum-all-time-high-in-2024
254432,6,0.0020000000000000018,0,19510179.2052032,False,False,ethereum-all-time-high-in-2024
254432,24,0.003000973100000026,0,19510179.2052032,False,False,ethereum-all-time-high-in-2024
254432,72,0.009009863399999984,0,19510179.2052032,False,False,ethereum-all-time-high-in-2024
254432,168,0.01200000000000001,0,19510179.2052032,False,False,ethereum-all-time-high-in-2024
254432,720,0.22,0,19510179.2052032,False,False,ethereum-all-time-high-in-2024
2324252,1,0.11000000030000001,0,22930944.340371944,False,False,us-x-iran-permanent-peace-deal-by
2324252,6,0.12,0,22930944.340371944,False,False,us-x-iran-permanent-peace-deal-by
2324252,24,0.09000000070000003,0,22930944.340371944,False,False,us-x-iran-permanent-peace-deal-by
2324252,72,0.07999999999999996,0,22930944.340371944,False,False,us-x-iran-permanent-peace-deal-by
569426,1,0.01700000199999996,0,19399481.037677,True,False,portugal-presidential-election
569426,6,0.017000000000000015,0,19399481.037677,True,False,portugal-presidential-election
569426,24,0.020000000000000018,0,19399481.037677,True,False,portugal-presidential-election
569426,72,0.029462300000000052,0,19399481.037677,True,False,portugal-presidential-election
569426,168,0.049000000000000044,0,19399481.037677,True,False,portugal-presidential-election
569426,720,0.047,0,19399481.037677,True,False,portugal-presidential-election
255229,1,0.999,1,22807235.891544,False,False,will-bitcoin-hit-100k-in-2024
255229,6,0.999,1,22807235.891544,False,False,will-bitcoin-hit-100k-in-2024
255229,24,0.999,1,22807235.891544,False,False,will-bitcoin-hit-100k-in-2024
255229,72,0.999,1,22807235.891544,False,False,will-bitcoin-hit-100k-in-2024
255229,168,0.999,1,22807235.891544,False,False,will-bitcoin-hit-100k-in-2024
255229,720,0.735,1,22807235.891544,False,False,will-bitcoin-hit-100k-in-2024
538933,1,0.001,0,19383661.523146,True,False,new-york-city-mayoral-election
538933,6,0.001,0,19383661.523146,True,False,new-york-city-mayoral-election
538933,24,0.001,0,19383661.523146,True,False,new-york-city-mayoral-election
538933,72,0.0010000000000000009,0,19383661.523146,True,False,new-york-city-mayoral-election
538933,168,0.001,0,19383661.523146,True,False,new-york-city-mayoral-election
538933,720,0.001,0,19383661.523146,True,False,new-york-city-mayoral-election
514163,1,0.001,0,19221605.525162,True,False,germany-parliamentary-election
514163,6,0.001,0,19221605.525162,True,False,germany-parliamentary-election
514163,24,0.001,0,19221605.525162,True,False,germany-parliamentary-election
514163,72,0.0010000000000000009,0,19221605.525162,True,False,germany-parliamentary-election
514163,168,0.001,0,19221605.525162,True,False,germany-parliamentary-election
514163,720,0.002000009299999994,0,19221605.525162,True,False,germany-parliamentary-election
507418,1,0.001,0,19150629.538967,True,False,fed-interest-rates-november-2024
507418,6,0.0010000000000000009,0,19150629.538967,True,False,fed-interest-rates-november-2024
507418,24,0.001,0,19150629.538967,True,False,fed-interest-rates-november-2024
507418,72,0.0030000000000000027,0,19150629.538967,True,False,fed-interest-rates-november-2024
507418,168,0.002,0,19150629.538967,True,False,fed-interest-rates-november-2024
507418,720,0.0030000000000000027,0,19150629.538967,True,False,fed-interest-rates-november-2024
2334107,1,0.008000000000000007,0,19099091.534227055,False,False,us-x-iran-permanent-peace-deal-by
2334107,6,0.01200000000000001,0,19099091.534227055,False,False,us-x-iran-permanent-peace-deal-by
2334107,24,0.014000000000000012,0,19099091.534227055,False,False,us-x-iran-permanent-peace-deal-by
2334107,72,0.0508183333,0,19099091.534227055,False,False,us-x-iran-permanent-peace-deal-by
2334107,168,0.12000001010000005,0,19099091.534227055,False,False,us-x-iran-permanent-peace-deal-by
691855,1,0.86,1,19074523.591451,True,False,boxing-jake-paul-vs-anthony-joshua-third
691855,6,0.8699999983,1,19074523.591451,True,False,boxing-jake-paul-vs-anthony-joshua-third
691855,24,0.87,1,19074523.591451,True,False,boxing-jake-paul-vs-anthony-joshua-third
691855,72,0.86,1,19074523.591451,True,False,boxing-jake-paul-vs-anthony-joshua-third
691855,168,0.8699999829,1,19074523.591451,True,False,boxing-jake-paul-vs-anthony-joshua-third
1897366,1,0.6999999863,1,18919350.29098934,True,True,fifwc-nor-fra-2026-06-26
1897366,6,0.599999976,1,18919350.29098934,True,True,fifwc-nor-fra-2026-06-26
1897366,24,0.6099998597,1,18919350.29098934,True,True,fifwc-nor-fra-2026-06-26
1897366,72,0.61,1,18919350.29098934,True,True,fifwc-nor-fra-2026-06-26
1897366,168,0.55,1,18919350.29098934,True,True,fifwc-nor-fra-2026-06-26
1897366,720,0.5755725043,1,18919350.29098934,True,True,fifwc-nor-fra-2026-06-26
569437,1,0.001,0,18905388.951092,True,False,portugal-presidential-election
569437,6,0.001,0,18905388.951092,True,False,portugal-presidential-election
569437,24,0.001,0,18905388.951092,True,False,portugal-presidential-election
569437,72,0.001,0,18905388.951092,True,False,portugal-presidential-election
569437,168,0.001,0,18905388.951092,True,False,portugal-presidential-election
569437,720,0.001,0,18905388.951092,True,False,portugal-presidential-election
506109,1,0.0010000000000000009,0,18886263.2792296,True,False,nfl-mvp-1
506109,6,0.0010000000000000009,0,18886263.2792296,True,False,nfl-mvp-1
506109,24,0.0010000000000000009,0,18886263.2792296,True,False,nfl-mvp-1
506109,72,0.0010000000000000009,0,18886263.2792296,True,False,nfl-mvp-1
506109,168,0.0010000000000000009,0,18886263.2792296,True,False,nfl-mvp-1
506109,720,0.002,0,18886263.2792296,True,False,nfl-mvp-1
1897279,1,0.8199999998,1,18844769.047732238,True,True,fifwc-mar-hai-2026-06-24
1897279,6,0.8399999951,1,18844769.047732238,True,True,fifwc-mar-hai-2026-06-24
1897279,24,0.84,1,18844769.047732238,True,True,fifwc-mar-hai-2026-06-24
1897279,72,0.83,1,18844769.047732238,True,True,fifwc-mar-hai-2026-06-24
1897279,168,0.75,1,18844769.047732238,True,True,fifwc-mar-hai-2026-06-24
1897279,720,0.74116,1,18844769.047732238,True,True,fifwc-mar-hai-2026-06-24
1897088,1,0.65,1,18767166.838750347,True,True,fifwc-arg-alg-2026-06-16
1897088,6,0.689999999,1,18767166.838750347,True,True,fifwc-arg-alg-2026-06-16
1897088,24,0.7099999432,1,18767166.838750347,True,True,fifwc-arg-alg-2026-06-16
1897088,72,0.7,1,18767166.838750347,True,True,fifwc-arg-alg-2026-06-16
1897088,168,0.7,1,18767166.838750347,True,True,fifwc-arg-alg-2026-06-16
1897088,720,0.71,1,18767166.838750347,True,True,fifwc-arg-alg-2026-06-16
1897067,1,0.5099999566,1,18760216.76957973,True,True,fifwc-swe-tun-2026-06-14
1897067,6,0.5099999786,1,18760216.76957973,True,True,fifwc-swe-tun-2026-06-14
1897067,24,0.5099999786,1,18760216.76957973,True,True,fifwc-swe-tun-2026-06-14
1897067,72,0.5099999796,1,18760216.76957973,True,True,fifwc-swe-tun-2026-06-14
1897067,168,0.5099998745,1,18760216.76957973,True,True,fifwc-swe-tun-2026-06-14
1897067,720,0.53,1,18760216.76957973,True,True,fifwc-swe-tun-2026-06-14
501589,1,0.3651338549,0,18758441.931819,True,False,which-party-wins-presidency-popular-vote
501589,6,0.3399999912,0,18758441.931819,True,False,which-party-wins-presidency-popular-vote
501589,24,0.32,0,18758441.931819,True,False,which-party-wins-presidency-popular-vote
501589,72,0.28,0,18758441.931819,True,False,which-party-wins-presidency-popular-vote
501589,168,0.25,0,18758441.931819,True,False,which-party-wins-presidency-popular-vote
501589,720,0.2899999919,0,18758441.931819,True,False,which-party-wins-presidency-popular-vote
514162,1,0.03982001000000002,0,18597089.079314,True,False,germany-parliamentary-election
514162,6,0.0373193981,0,18597089.079314,True,False,germany-parliamentary-election
514162,24,0.03400000000000003,0,18597089.079314,True,False,germany-parliamentary-election
514162,72,0.04400000000000004,0,18597089.079314,True,False,germany-parliamentary-election
514162,168,0.04100002660000002,0,18597089.079314,True,False,germany-parliamentary-election
514162,720,0.062,0,18597089.079314,True,False,germany-parliamentary-election
2815441,1,0.2299999972,0,18513932.8140016,True,True,fifwc-nor-eng-2026-07-11
2815441,6,0.25,0,18513932.8140016,True,True,fifwc-nor-eng-2026-07-11
2815441,24,0.2349999481,0,18513932.8140016,True,True,fifwc-nor-eng-2026-07-11
2815441,72,0.2299999456,0,18513932.8140016,True,True,fifwc-nor-eng-2026-07-11
516878,1,0.0010000000000000009,0,18467737.400303,False,False,what-price-will-ethereum-hit-in-2025
516878,6,0.0010000000000000009,0,18467737.400303,False,False,what-price-will-ethereum-hit-in-2025
516878,24,0.002,0,18467737.400303,False,False,what-price-will-ethereum-hit-in-2025
516878,72,0.001,0,18467737.400303,False,False,what-price-will-ethereum-hit-in-2025
516878,168,0.0030000000000000027,0,18467737.400303,False,False,what-price-will-ethereum-hit-in-2025
516878,720,0.0240000078,0,18467737.400303,False,False,what-price-will-ethereum-hit-in-2025
2099029,1,0.0050000000000000044,0,18446435.319120057,False,False,us-x-iran-permanent-peace-deal-by
2099029,6,0.006000000000000005,0,18446435.319120057,False,False,us-x-iran-permanent-peace-deal-by
2099029,24,0.013000000000000012,0,18446435.319120057,False,False,us-x-iran-permanent-peace-deal-by
2099029,72,0.015000000000000013,0,18446435.319120057,False,False,us-x-iran-permanent-peace-deal-by
2099029,168,0.1919999994,0,18446435.319120057,False,False,us-x-iran-permanent-peace-deal-by
1897423,1,0.5400002392000001,1,18418022.199651264,True,True,fifwc-hrv-gha-2026-06-27
1897423,6,0.5199999996,1,18418022.199651264,True,True,fifwc-hrv-gha-2026-06-27
1897423,24,0.5499999931,1,18418022.199651264,True,True,fifwc-hrv-gha-2026-06-27
1897423,72,0.5499999807,1,18418022.199651264,True,True,fifwc-hrv-gha-2026-06-27
1897423,168,0.599999976,1,18418022.199651264,True,True,fifwc-hrv-gha-2026-06-27
1897423,720,0.5500000380000001,1,18418022.199651264,True,True,fifwc-hrv-gha-2026-06-27
2000802,1,0.43,0,18387774.814044967,True,True,ucl-atm-ars-2026-04-29
2000802,6,0.43,0,18387774.814044967,True,True,ucl-atm-ars-2026-04-29
2000802,24,0.3899999902,0,18387774.814044967,True,True,ucl-atm-ars-2026-04-29
2000802,72,0.37,0,18387774.814044967,True,True,ucl-atm-ars-2026-04-29
2000802,168,0.38,0,18387774.814044967,True,True,ucl-atm-ars-2026-04-29
254249,1,0.001,0,19502938.234954,True,False,highest-grossing-movie-in-2024
254249,6,0.0010000000000000009,0,19502938.234954,True,False,highest-grossing-movie-in-2024
254249,24,0.0010000000000000009,0,19502938.234954,True,False,highest-grossing-movie-in-2024
254249,72,0.002,0,19502938.234954,True,False,highest-grossing-movie-in-2024
254249,168,0.0010000000000000009,0,19502938.234954,True,False,highest-grossing-movie-in-2024
254249,720,0.0020000000000000018,0,19502938.234954,True,False,highest-grossing-movie-in-2024
506011,1,0.0010000000000000009,0,18226414.886526,True,False,afc-champion
506011,6,0.0010000000000000009,0,18226414.886526,True,False,afc-champion
506011,24,0.0010000000000000009,0,18226414.886526,True,False,afc-champion
506011,72,0.0010000000000000009,0,18226414.886526,True,False,afc-champion
506011,168,0.0010000000000000009,0,18226414.886526,True,False,afc-champion
506011,720,0.013971155799999968,0,18226414.886526,True,False,afc-champion
566170,1,0.001,0,19413483.377014894,True,True,uefa-champions-league-winner
566170,6,0.001,0,19413483.377014894,True,True,uefa-champions-league-winner
566170,24,0.001,0,19413483.377014894,True,True,uefa-champions-league-winner
566170,72,0.001,0,19413483.377014894,True,True,uefa-champions-league-winner
566170,168,0.001,0,19413483.377014894,True,True,uefa-champions-league-winner
566170,720,0.001,0,19413483.377014894,True,True,uefa-champions-league-winner
552106,1,0.0010000000000000009,0,18143784.381987,False,False,will-the-united-states-officially-declar
552106,6,0.0020000000000000018,0,18143784.381987,False,False,will-the-united-states-officially-declar
552106,24,0.001000113499999955,0,18143784.381987,False,False,will-the-united-states-officially-declar
552106,72,0.002,0,18143784.381987,False,False,will-the-united-states-officially-declar
552106,168,0.015,0,18143784.381987,False,False,will-the-united-states-officially-declar
509413,1,0.0010000000000000009,0,18101044.353532,True,False,nba-assists-leader
509413,6,0.0010000000000000009,0,18101044.353532,True,False,nba-assists-leader
509413,24,0.0010000000000000009,0,18101044.353532,True,False,nba-assists-leader
509413,72,0.0010000000000000009,0,18101044.353532,True,False,nba-assists-leader
509413,168,0.001,0,18101044.353532,True,False,nba-assists-leader
509413,720,0.001,0,18101044.353532,True,False,nba-assists-leader
1897168,1,0.7,0,18080948.748315174,True,True,fifwc-bel-irn-2026-06-21
1897168,6,0.69,0,18080948.748315174,True,True,fifwc-bel-irn-2026-06-21
1897168,24,0.6799999981,0,18080948.748315174,True,True,fifwc-bel-irn-2026-06-21
1897168,72,0.6799999999999999,0,18080948.748315174,True,True,fifwc-bel-irn-2026-06-21
1897168,168,0.7,0,18080948.748315174,True,True,fifwc-bel-irn-2026-06-21
1897168,720,0.7,0,18080948.748315174,True,True,fifwc-bel-irn-2026-06-21
2774056,1,0.0010000000000000009,0,18063387.164730005,False,False,strait-of-hormuz-traffic-returns-to-norm
2774056,6,0.0010000000000000009,0,18063387.164730005,False,False,strait-of-hormuz-traffic-returns-to-norm
2774056,24,0.001,0,18063387.164730005,False,False,strait-of-hormuz-traffic-returns-to-norm
2774056,72,0.0020000000000000018,0,18063387.164730005,False,False,strait-of-hormuz-traffic-returns-to-norm
2774056,168,0.0020000000000000018,0,18063387.164730005,False,False,strait-of-hormuz-traffic-returns-to-norm
2774056,720,0.10999999999999999,0,18063387.164730005,False,False,strait-of-hormuz-traffic-returns-to-norm
516926,1,0.002,0,17976157.529867,False,True,microstrategy-sell-any-bitcoin-in-2025
516926,6,0.0020000000000000018,0,17976157.529867,False,True,microstrategy-sell-any-bitcoin-in-2025
516926,24,0.0030000000000000027,0,17976157.529867,False,True,microstrategy-sell-any-bitcoin-in-2025
516926,72,0.010000000000000009,0,17976157.529867,False,True,microstrategy-sell-any-bitcoin-in-2025
516926,168,0.006000000000000005,0,17976157.529867,False,True,microstrategy-sell-any-bitcoin-in-2025
516926,720,0.071,0,17976157.529867,False,True,microstrategy-sell-any-bitcoin-in-2025
2054133,1,0.0020000000000000018,0,17940559.114660934,False,False,strait-of-hormuz-traffic-returns-to-norm
2054133,6,0.00200013489999995,0,17940559.114660934,False,False,strait-of-hormuz-traffic-returns-to-norm
2054133,24,0.0020000000000000018,0,17940559.114660934,False,False,strait-of-hormuz-traffic-returns-to-norm
2054133,72,0.008000000000000007,0,17940559.114660934,False,False,strait-of-hormuz-traffic-returns-to-norm
2054133,168,0.03,0,17940559.114660934,False,False,strait-of-hormuz-traffic-returns-to-norm
1003798,1,0.0010000000000000009,0,17877969.460003857,True,True,tamil-nadu-legislative-assembly-election
1003798,6,0.0010000000000000009,0,17877969.460003857,True,True,tamil-nadu-legislative-assembly-election
1003798,24,0.001,0,17877969.460003857,True,True,tamil-nadu-legislative-assembly-election
1003798,72,0.001,0,17877969.460003857,True,True,tamil-nadu-legislative-assembly-election
1003798,168,0.0020000000000000018,0,17877969.460003857,True,True,tamil-nadu-legislative-assembly-election
1003798,720,0.0010000000000000009,0,17877969.460003857,True,True,tamil-nadu-legislative-assembly-election
516792,1,0.5469999998,1,17848349.233334,True,False,who-will-win-dem-nomination-for-nyc-mayo
516792,6,0.5749999971,1,17848349.233334,True,False,who-will-win-dem-nomination-for-nyc-mayo
516792,24,0.529,1,17848349.233334,True,False,who-will-win-dem-nomination-for-nyc-mayo
516792,72,0.259,1,17848349.233334,True,False,who-will-win-dem-nomination-for-nyc-mayo
516792,168,0.2763899979,1,17848349.233334,True,False,who-will-win-dem-nomination-for-nyc-mayo
516792,720,0.05800000000000005,1,17848349.233334,True,False,who-will-win-dem-nomination-for-nyc-mayo
540227,1,0.3189999775,0,17884421.031288,True,False,super-bowl-champion-2026-731
540227,6,0.321,0,17884421.031288,True,False,super-bowl-champion-2026-731
540227,24,0.319,0,17884421.031288,True,False,super-bowl-champion-2026-731
540227,72,0.31799999999999995,0,17884421.031288,True,False,super-bowl-champion-2026-731
540227,168,0.315,0,17884421.031288,True,False,super-bowl-champion-2026-731
540227,720,0.08099999999999996,0,17884421.031288,True,False,super-bowl-champion-2026-731
1897435,1,0.5100000490000001,0,19361160.17850011,True,True,fifwc-col-prt-2026-06-27
1897435,6,0.4799999802,0,19361160.17850011,True,True,fifwc-col-prt-2026-06-27
1897435,24,0.52,0,19361160.17850011,True,True,fifwc-col-prt-2026-06-27
1897435,72,0.5199999938,0,19361160.17850011,True,True,fifwc-col-prt-2026-06-27
1897435,168,0.4799998272,0,19361160.17850011,True,True,fifwc-col-prt-2026-06-27
1897435,720,0.4699999915,0,19361160.17850011,True,True,fifwc-col-prt-2026-06-27
516863,1,0.001,0,19275707.736605,False,False,what-price-will-bitcoin-hit-in-2025
516863,6,0.0010000000000000009,0,19275707.736605,False,False,what-price-will-bitcoin-hit-in-2025
516863,24,0.0010000000000000009,0,19275707.736605,False,False,what-price-will-bitcoin-hit-in-2025
516863,72,0.0010000000000000009,0,19275707.736605,False,False,what-price-will-bitcoin-hit-in-2025
516863,168,0.008,0,19275707.736605,False,False,what-price-will-bitcoin-hit-in-2025
516863,720,0.0040000000000000036,0,19275707.736605,False,False,what-price-will-bitcoin-hit-in-2025
2718910,1,0.2599999894,0,17827341.63682033,True,True,fifwc-bel-sen-2026-07-01
2718910,6,0.25999995,0,17827341.63682033,True,True,fifwc-bel-sen-2026-07-01
2718910,24,0.2699999957,0,17827341.63682033,True,True,fifwc-bel-sen-2026-07-01
2718910,72,0.2599999646,0,17827341.63682033,True,True,fifwc-bel-sen-2026-07-01
501588,1,0.025000000000000022,0,17751068.899255,True,False,which-party-wins-presidency-popular-vote
501588,6,0.02200000000000002,0,17751068.899255,True,False,which-party-wins-presidency-popular-vote
501588,24,0.028000000000000025,0,17751068.899255,True,False,which-party-wins-presidency-popular-vote
501588,72,0.0279973456,0,17751068.899255,True,False,which-party-wins-presidency-popular-vote
501588,168,0.029000002400000002,0,17751068.899255,True,False,which-party-wins-presidency-popular-vote
501588,720,0.019000000000000017,0,17751068.899255,True,False,which-party-wins-presidency-popular-vote
516785,1,0.45,0,17826731.742495,True,False,who-will-win-dem-nomination-for-nyc-mayo
516785,6,0.43,0,17826731.742495,True,False,who-will-win-dem-nomination-for-nyc-mayo
516785,24,0.47000000129999997,0,17826731.742495,True,False,who-will-win-dem-nomination-for-nyc-mayo
516785,72,0.7399999885,0,17826731.742495,True,False,who-will-win-dem-nomination-for-nyc-mayo
516785,168,0.7100000792000001,0,17826731.742495,True,False,who-will-win-dem-nomination-for-nyc-mayo
516785,720,0.9301855856,0,17826731.742495,True,False,who-will-win-dem-nomination-for-nyc-mayo
1897105,1,0.7199999993,1,17636106.97954206,True,True,fifwc-uzb-col-2026-06-17
1897105,6,0.7099999503,1,17636106.97954206,True,True,fifwc-uzb-col-2026-06-17
1897105,24,0.719999856,1,17636106.97954206,True,True,fifwc-uzb-col-2026-06-17
1897105,72,0.7000000363000001,1,17636106.97954206,True,True,fifwc-uzb-col-2026-06-17
1897105,168,0.7,1,17636106.97954206,True,True,fifwc-uzb-col-2026-06-17
1897105,720,0.6700002178,1,17636106.97954206,True,True,fifwc-uzb-col-2026-06-17
504072,1,0.001,0,17625581.465252,True,False,fed-interest-rates-september-2024
504072,6,0.001,0,17625581.465252,True,False,fed-interest-rates-september-2024
504072,24,0.001,0,17625581.465252,True,False,fed-interest-rates-september-2024
504072,72,0.001,0,17625581.465252,True,False,fed-interest-rates-september-2024
504072,168,0.0050000000000000044,0,17625581.465252,True,False,fed-interest-rates-september-2024
504072,720,0.001,0,17625581.465252,True,False,fed-interest-rates-september-2024
2891165,1,0.36,0,17582672.06301029,True,True,fifwc-eng-arg-2026-07-15
2891165,6,0.3575,0,17582672.06301029,True,True,fifwc-eng-arg-2026-07-15
2891165,24,0.355,0,17582672.06301029,True,True,fifwc-eng-arg-2026-07-15
2891165,72,0.379999984,0,17582672.06301029,True,True,fifwc-eng-arg-2026-07-15
1897054,1,0.63,1,17517132.89494811,True,True,fifwc-hai-sco-2026-06-13
1897054,6,0.63,1,17517132.89494811,True,True,fifwc-hai-sco-2026-06-13
1897054,24,0.62,1,17517132.89494811,True,True,fifwc-hai-sco-2026-06-13
1897054,72,0.6299999764,1,17517132.89494811,True,True,fifwc-hai-sco-2026-06-13
1897054,168,0.6599999724,1,17517132.89494811,True,True,fifwc-hai-sco-2026-06-13
1897054,720,0.6599999999999999,1,17517132.89494811,True,True,fifwc-hai-sco-2026-06-13
1567746,1,0.7630000045,1,17450416.216830038,False,False,iran-x-israelus-conflict-ends-by
1567746,6,0.7672110953,1,17450416.216830038,False,False,iran-x-israelus-conflict-ends-by
1567746,24,0.6981052075,1,17450416.216830038,False,False,iran-x-israelus-conflict-ends-by
1567746,72,0.726,1,17450416.216830038,False,False,iran-x-israelus-conflict-ends-by
1567746,168,0.7050000000000001,1,17450416.216830038,False,False,iran-x-israelus-conflict-ends-by
1567746,720,0.3400001267,1,17450416.216830038,False,False,iran-x-israelus-conflict-ends-by
551655,1,0.999,1,17449126.951622,False,False,major-cyberattack-on-iran-in-june
551655,6,0.999,1,17449126.951622,False,False,major-cyberattack-on-iran-in-june
551655,24,0.999,1,17449126.951622,False,False,major-cyberattack-on-iran-in-june
551655,72,0.999,1,17449126.951622,False,False,major-cyberattack-on-iran-in-june
551655,168,0.9400000205,1,17449126.951622,False,False,major-cyberattack-on-iran-in-june
1611267,1,0.0010000000000000009,0,17372089.246162925,False,False,kharg-island-no-longer-under-iranian-con
1611267,6,0.0020000000000000018,0,17372089.246162925,False,False,kharg-island-no-longer-under-iranian-con
1611267,24,0.002,0,17372089.246162925,False,False,kharg-island-no-longer-under-iranian-con
1611267,72,0.008000000000000007,0,17372089.246162925,False,False,kharg-island-no-longer-under-iranian-con
1611267,168,0.051000000000000045,0,17372089.246162925,False,False,kharg-island-no-longer-under-iranian-con
1611267,720,0.21760000000000002,0,17372089.246162925,False,False,kharg-island-no-longer-under-iranian-con
538938,1,0.001,0,17399211.228589,True,False,new-york-city-mayoral-election
538938,6,0.001,0,17399211.228589,True,False,new-york-city-mayoral-election
538938,24,0.001,0,17399211.228589,True,False,new-york-city-mayoral-election
538938,72,0.001,0,17399211.228589,True,False,new-york-city-mayoral-election
538938,168,0.0010000000000000009,0,17399211.228589,True,False,new-york-city-mayoral-election
538938,720,0.001,0,17399211.228589,True,False,new-york-city-mayoral-election
507884,1,0.999,1,17203993.307106,True,False,nba-champion-2024-2025
507884,6,0.999,1,17203993.307106,True,False,nba-champion-2024-2025
507884,24,0.71,1,17203993.307106,True,False,nba-champion-2024-2025
507884,72,0.75,1,17203993.307106,True,False,nba-champion-2024-2025
507884,168,0.82,1,17203993.307106,True,False,nba-champion-2024-2025
507884,720,0.74,1,17203993.307106,True,False,nba-champion-2024-2025
2707639,1,0.4499999797,1,17247649.762743395,True,True,fifwc-civ-nor-2026-06-30
2707639,6,0.4599999844,1,17247649.762743395,True,True,fifwc-civ-nor-2026-06-30
2707639,24,0.4599999844,1,17247649.762743395,True,True,fifwc-civ-nor-2026-06-30
2707639,72,0.479999952,1,17247649.762743395,True,True,fifwc-civ-nor-2026-06-30
516009,1,0.008,0,17180913.164155,True,False,fed-decision-in-march
516009,6,0.00600000030000003,0,17180913.164155,True,False,fed-decision-in-march
516009,24,0.008000000000000007,0,17180913.164155,True,False,fed-decision-in-march
516009,72,0.012,0,17180913.164155,True,False,fed-decision-in-march
516009,168,0.02100000000000002,0,17180913.164155,True,False,fed-decision-in-march
516009,720,0.027000000000000024,0,17180913.164155,True,False,fed-decision-in-march
538937,1,0.001,0,17172736.263185,True,False,new-york-city-mayoral-election
538937,6,0.001,0,17172736.263185,True,False,new-york-city-mayoral-election
538937,24,0.0010000000000000009,0,17172736.263185,True,False,new-york-city-mayoral-election
538937,72,0.0010000000000000009,0,17172736.263185,True,False,new-york-city-mayoral-election
538937,168,0.001,0,17172736.263185,True,False,new-york-city-mayoral-election
538937,720,0.001,0,17172736.263185,True,False,new-york-city-mayoral-election
516010,1,0.9929999999,1,17161804.938166,True,False,fed-decision-in-march
516010,6,0.9929999994,1,17161804.938166,True,False,fed-decision-in-march
516010,24,0.99,1,17161804.938166,True,False,fed-decision-in-march
516010,72,0.9869999999,1,17161804.938166,True,False,fed-decision-in-march
516010,168,0.969,1,17161804.938166,True,False,fed-decision-in-march
516010,720,0.964,1,17161804.938166,True,False,fed-decision-in-march
2766762,1,0.379999994,1,17145306.784341436,True,True,fifwc-mex-eng-2026-07-05
2766762,6,0.3899998908,1,17145306.784341436,True,True,fifwc-mex-eng-2026-07-05
2766762,24,0.4,1,17145306.784341436,True,True,fifwc-mex-eng-2026-07-05
2766762,72,0.389999986,1,17145306.784341436,True,True,fifwc-mex-eng-2026-07-05
2941976,1,0.2624999453,0,17136118.76088532,True,True,fifwc-esp-arg-2026-07-19
2941976,6,0.2675,0,17136118.76088532,True,True,fifwc-esp-arg-2026-07-19
2941976,24,0.2699999984,0,17136118.76088532,True,True,fifwc-esp-arg-2026-07-19
2941976,72,0.2699998542,0,17136118.76088532,True,True,fifwc-esp-arg-2026-07-19
541099,1,0.998,1,17133334.887141,False,False,pakistan-military-strike-on-india-by-fri
541099,6,0.998,1,17133334.887141,False,False,pakistan-military-strike-on-india-by-fri
541099,24,0.9749923705,1,17133334.887141,False,False,pakistan-military-strike-on-india-by-fri
541099,72,0.029000000000000026,1,17133334.887141,False,False,pakistan-military-strike-on-india-by-fri
511851,1,0.0899999845,0,17135203.886696,True,False,iowa-margin-of-victory
511851,6,0.09,0,17135203.886696,True,False,iowa-margin-of-victory
511851,24,0.0899918999,0,17135203.886696,True,False,iowa-margin-of-victory
519628,1,0.0020000000000000018,0,17125742.5248,False,False,russia-x-ukraine-ceasefire-before-july
519628,6,0.0030000000000000027,0,17125742.5248,False,False,russia-x-ukraine-ceasefire-before-july
519628,24,0.0040000000000000036,0,17125742.5248,False,False,russia-x-ukraine-ceasefire-before-july
519628,72,0.008,0,17125742.5248,False,False,russia-x-ukraine-ceasefire-before-july
519628,168,0.010000000000000009,0,17125742.5248,False,False,russia-x-ukraine-ceasefire-before-july
519628,720,0.11000011389999997,0,17125742.5248,False,False,russia-x-ukraine-ceasefire-before-july
2793757,1,0.4199999958,0,17015796.39914403,True,True,fifwc-che-col-2026-07-07
2793757,6,0.4299999985,0,17015796.39914403,True,True,fifwc-che-col-2026-07-07
2793757,24,0.4299999979,0,17015796.39914403,True,True,fifwc-che-col-2026-07-07
2793757,72,0.4399999648,0,17015796.39914403,True,True,fifwc-che-col-2026-07-07
2766773,1,0.3699999815,0,17059652.406796068,True,True,fifwc-usa-bel-2026-07-06
2766773,6,0.4,0,17059652.406796068,True,True,fifwc-usa-bel-2026-07-06
2766773,24,0.359999969,0,17059652.406796068,True,True,fifwc-usa-bel-2026-07-06
2766773,72,0.33,0,17059652.406796068,True,True,fifwc-usa-bel-2026-07-06
566191,1,0.001,0,17010531.74043873,True,True,english-premier-league-winner
566191,6,0.001,0,17010531.74043873,True,True,english-premier-league-winner
566191,24,0.001,0,17010531.74043873,True,True,english-premier-league-winner
566191,72,0.001,0,17010531.74043873,True,True,english-premier-league-winner
566191,168,0.001,0,17010531.74043873,True,True,english-premier-league-winner
566191,720,0.0010000000000000009,0,17010531.74043873,True,True,english-premier-league-winner
994900,1,0.040000138200000035,0,16913391.371627,False,False,israel-strikes-iran-by-january-31-2026
994900,6,0.0699999363,0,16913391.371627,False,False,israel-strikes-iran-by-january-31-2026
994900,24,0.08,0,16913391.371627,False,False,israel-strikes-iran-by-january-31-2026
994900,72,0.07999999999999996,0,16913391.371627,False,False,israel-strikes-iran-by-january-31-2026
994900,168,0.25,0,16913391.371627,False,False,israel-strikes-iran-by-january-31-2026
994900,720,0.1234475676,0,16913391.371627,False,False,israel-strikes-iran-by-january-31-2026
1897188,1,0.62,1,16909396.870261263,True,True,fifwc-nzl-egy-2026-06-21
1897188,6,0.619999969,1,16909396.870261263,True,True,fifwc-nzl-egy-2026-06-21
1897188,24,0.6099999915,1,16909396.870261263,True,True,fifwc-nzl-egy-2026-06-21
1897188,72,0.6,1,16909396.870261263,True,True,fifwc-nzl-egy-2026-06-21
1897188,168,0.55,1,16909396.870261263,True,True,fifwc-nzl-egy-2026-06-21
1897188,720,0.579999826,1,16909396.870261263,True,True,fifwc-nzl-egy-2026-06-21
506968,1,0.999,1,16819559.7366551,False,False,will-israel-invade-syria-in-2024
506968,6,0.999,1,16819559.7366551,False,False,will-israel-invade-syria-in-2024
506968,24,0.999,1,16819559.7366551,False,False,will-israel-invade-syria-in-2024
506968,72,0.999,1,16819559.7366551,False,False,will-israel-invade-syria-in-2024
506968,168,0.999,1,16819559.7366551,False,False,will-israel-invade-syria-in-2024
506968,720,0.08600000480000003,1,16819559.7366551,False,False,will-israel-invade-syria-in-2024
1897123,1,0.6,1,16880499.15083813,True,True,fifwc-sco-mar-2026-06-19
1897123,6,0.5800000000000001,1,16880499.15083813,True,True,fifwc-sco-mar-2026-06-19
1897123,24,0.5599998208,1,16880499.15083813,True,True,fifwc-sco-mar-2026-06-19
1897123,72,0.5699999555,1,16880499.15083813,True,True,fifwc-sco-mar-2026-06-19
1897123,168,0.5,1,16880499.15083813,True,True,fifwc-sco-mar-2026-06-19
1897123,720,0.4799998272,1,16880499.15083813,True,True,fifwc-sco-mar-2026-06-19
2364342,1,0.999,1,16734226.137969712,False,False,israel-announces-lebanon-ceasefire-exten
2364342,6,0.999,1,16734226.137969712,False,False,israel-announces-lebanon-ceasefire-exten
2364342,24,0.999,1,16734226.137969712,False,False,israel-announces-lebanon-ceasefire-exten
2364342,72,0.56,1,16734226.137969712,False,False,israel-announces-lebanon-ceasefire-exten
2364342,168,0.1399998824,1,16734226.137969712,False,False,israel-announces-lebanon-ceasefire-exten
537892,1,0.999,1,16680240.903723,False,False,trump-declassifies-ufo-files-in-2025
537892,6,0.999,1,16680240.903723,False,False,trump-declassifies-ufo-files-in-2025
537892,24,0.999,1,16680240.903723,False,False,trump-declassifies-ufo-files-in-2025
537892,72,0.999,1,16680240.903723,False,False,trump-declassifies-ufo-files-in-2025
537892,168,0.999,1,16680240.903723,False,False,trump-declassifies-ufo-files-in-2025
537892,720,0.12,1,16680240.903723,False,False,trump-declassifies-ufo-files-in-2025
2718919,1,0.5775,1,16724381.27333695,True,True,fifwc-prt-hrv-2026-07-02
2718919,6,0.5799999746,1,16724381.27333695,True,True,fifwc-prt-hrv-2026-07-02
2718919,24,0.55,1,16724381.27333695,True,True,fifwc-prt-hrv-2026-07-02
2718919,72,0.5499999807,1,16724381.27333695,True,True,fifwc-prt-hrv-2026-07-02
1897306,1,0.5799999983,0,16644052.228769382,True,True,fifwc-rsa-kr-2026-06-24
1897306,6,0.6199999944,0,16644052.228769382,True,True,fifwc-rsa-kr-2026-06-24
1897306,24,0.5899998466,0,16644052.228769382,True,True,fifwc-rsa-kr-2026-06-24
1897306,72,0.599999976,0,16644052.228769382,True,True,fifwc-rsa-kr-2026-06-24
1897306,168,0.62,0,16644052.228769382,True,True,fifwc-rsa-kr-2026-06-24
1897306,720,0.4770193446,0,16644052.228769382,True,True,fifwc-rsa-kr-2026-06-24
1467766,1,0.999,1,16595338.399712065,False,False,will-crude-oil-cl-hit-by-end-of-march
1467766,6,0.9901023505,1,16595338.399712065,False,False,will-crude-oil-cl-hit-by-end-of-march
1467766,24,0.8589999418,1,16595338.399712065,False,False,will-crude-oil-cl-hit-by-end-of-march
1467766,72,0.7987854336,1,16595338.399712065,False,False,will-crude-oil-cl-hit-by-end-of-march
1467766,168,0.382,1,16595338.399712065,False,False,will-crude-oil-cl-hit-by-end-of-march
1467766,720,0.3921568627,1,16595338.399712065,False,False,will-crude-oil-cl-hit-by-end-of-march
253842,1,0.001,0,16590051.98,True,False,democratic-nominee-2024
253842,6,0.001,0,16590051.98,True,False,democratic-nominee-2024
253842,24,0.001,0,16590051.98,True,False,democratic-nominee-2024
253842,72,0.001,0,16590051.98,True,False,democratic-nominee-2024
253842,168,0.001,0,16590051.98,True,False,democratic-nominee-2024
253842,720,0.0016975669,0,16590051.98,True,False,democratic-nominee-2024
948045,1,0.0010000000000000009,0,16550425.532013956,True,False,hungary-parliamentary-election-winner
948045,6,0.0010000000000000009,0,16550425.532013956,True,False,hungary-parliamentary-election-winner
948045,24,0.0010000000000000009,0,16550425.532013956,True,False,hungary-parliamentary-election-winner
948045,72,0.001,0,16550425.532013956,True,False,hungary-parliamentary-election-winner
948045,168,0.002,0,16550425.532013956,True,False,hungary-parliamentary-election-winner
948045,720,0.001,0,16550425.532013956,True,False,hungary-parliamentary-election-winner
984486,1,0.999,1,16511187.94915,False,False,will-trump-release-the-epstein-files-by
984486,6,0.998,1,16511187.94915,False,False,will-trump-release-the-epstein-files-by
984486,24,0.999000001,1,16511187.94915,False,False,will-trump-release-the-epstein-files-by
984486,72,0.8200000287,1,16511187.94915,False,False,will-trump-release-the-epstein-files-by
516864,1,0.0010000000000000009,0,16414060.383217,False,False,what-price-will-bitcoin-hit-in-2025
516864,6,0.0010000000000000009,0,16414060.383217,False,False,what-price-will-bitcoin-hit-in-2025
516864,24,0.0010000000000000009,0,16414060.383217,False,False,what-price-will-bitcoin-hit-in-2025
516864,72,0.0020000000000000018,0,16414060.383217,False,False,what-price-will-bitcoin-hit-in-2025
516864,168,0.008,0,16414060.383217,False,False,what-price-will-bitcoin-hit-in-2025
516864,720,0.007482329599999948,0,16414060.383217,False,False,what-price-will-bitcoin-hit-in-2025
503227,1,0.0010000000000000009,0,16505096.89,True,False,democratic-vp-nominee
503227,6,0.0010000000000000009,0,16505096.89,True,False,democratic-vp-nominee
503227,24,0.0010000000000000009,0,16505096.89,True,False,democratic-vp-nominee
503227,72,0.0010000000000000009,0,16505096.89,True,False,democratic-vp-nominee
503227,168,0.0010000000000000009,0,16505096.89,True,False,democratic-vp-nominee
503227,720,0.22,0,16505096.89,True,False,democratic-vp-nominee
503313,1,0.521,0,16403932.8394891,True,False,superbowl-champion-2025
503313,6,0.518,0,16403932.8394891,True,False,superbowl-champion-2025
503313,24,0.525,0,16403932.8394891,True,False,superbowl-champion-2025
503313,72,0.5260000086000001,0,16403932.8394891,True,False,superbowl-champion-2025
503313,168,0.528,0,16403932.8394891,True,False,superbowl-champion-2025
503313,720,0.23199999999999998,0,16403932.8394891,True,False,superbowl-champion-2025
1733817,1,0.0010000000000000009,0,16315167.812269002,False,False,trump-out-as-president-by-april-30
1733817,6,0.0010000000000000009,0,16315167.812269002,False,False,trump-out-as-president-by-april-30
1733817,24,0.001,0,16315167.812269002,False,False,trump-out-as-president-by-april-30
1733817,72,0.0020000000000000018,0,16315167.812269002,False,False,trump-out-as-president-by-april-30
1733817,168,0.004000269599999995,0,16315167.812269002,False,False,trump-out-as-president-by-april-30
1733817,720,0.017000024799999958,0,16315167.812269002,False,False,trump-out-as-president-by-april-30
503385,1,0.19999999999999996,1,16221133.479478,False,False,trump-wins-every-swing-state
503385,6,0.19999999999999996,1,16221133.479478,False,False,trump-wins-every-swing-state
503385,24,0.1984004444,1,16221133.479478,False,False,trump-wins-every-swing-state
503385,72,0.20999999999999996,1,16221133.479478,False,False,trump-wins-every-swing-state
503385,168,0.31000000000000005,1,16221133.479478,False,False,trump-wins-every-swing-state
503385,720,0.1799999998,1,16221133.479478,False,False,trump-wins-every-swing-state
2942022,1,0.0379999982,0,16204391.908962158,True,True,fifwc-esp-arg-2026-07-19-exact-score
2942022,6,0.031,0,16204391.908962158,True,True,fifwc-esp-arg-2026-07-19-exact-score
2942022,24,0.0289999962,0,16204391.908962158,True,True,fifwc-esp-arg-2026-07-19-exact-score
2942022,72,0.0289999724,0,16204391.908962158,True,True,fifwc-esp-arg-2026-07-19-exact-score
572180,1,0.001,0,16179129.9501,True,False,top-spotify-artist-2025-146
572180,6,0.001,0,16179129.9501,True,False,top-spotify-artist-2025-146
572180,24,0.001,0,16179129.9501,True,False,top-spotify-artist-2025-146
572180,72,0.001,0,16179129.9501,True,False,top-spotify-artist-2025-146
572180,168,0.001,0,16179129.9501,True,False,top-spotify-artist-2025-146
572180,720,0.001,0,16179129.9501,True,False,top-spotify-artist-2025-146
514027,1,0.001,0,15970450.902698,True,False,germany-parliamentary-election
514027,6,0.0018463129,0,15970450.902698,True,False,germany-parliamentary-election
514027,24,0.001,0,15970450.902698,True,False,germany-parliamentary-election
514027,72,0.0010000000000000009,0,15970450.902698,True,False,germany-parliamentary-election
514027,168,0.0010000000000000009,0,15970450.902698,True,False,germany-parliamentary-election
514027,720,0.004,0,15970450.902698,True,False,germany-parliamentary-election
507238,1,0.062,0,16035015.066406,True,False,pennsylvania-margin-of-victory
507238,6,0.06499999999999995,0,16035015.066406,True,False,pennsylvania-margin-of-victory
507238,24,0.06799999999999995,0,16035015.066406,True,False,pennsylvania-margin-of-victory
507238,72,0.052604285699999975,0,16035015.066406,True,False,pennsylvania-margin-of-victory
507238,168,0.04,0,16035015.066406,True,False,pennsylvania-margin-of-victory
507238,720,0.09,0,16035015.066406,True,False,pennsylvania-margin-of-victory
1897057,1,0.57,0,15897492.422452303,True,True,fifwc-aus-tur-2026-06-14
1897057,6,0.5700000702,0,15897492.422452303,True,True,fifwc-aus-tur-2026-06-14
1897057,24,0.5699999993,0,15897492.422452303,True,True,fifwc-aus-tur-2026-06-14
1897057,72,0.5699999966,0,15897492.422452303,True,True,fifwc-aus-tur-2026-06-14
1897057,168,0.56,0,15897492.422452303,True,True,fifwc-aus-tur-2026-06-14
1897057,720,0.56,0,15897492.422452303,True,True,fifwc-aus-tur-2026-06-14
504653,1,0.0030000000000000027,0,15865808.65,False,False,kamala-swap-at-dnc
504653,6,0.0010000000000000009,0,15865808.65,False,False,kamala-swap-at-dnc
504653,24,0.0030000000000000027,0,15865808.65,False,False,kamala-swap-at-dnc
504653,72,0.009000000000000008,0,15865808.65,False,False,kamala-swap-at-dnc
504653,168,0.006000000000000005,0,15865808.65,False,False,kamala-swap-at-dnc
504869,1,0.001,0,15875426.270427,True,False,democratic-vp-nominee-on-election-day
504869,6,0.001,0,15875426.270427,True,False,democratic-vp-nominee-on-election-day
504869,24,0.0010000000000000009,0,15875426.270427,True,False,democratic-vp-nominee-on-election-day
504869,72,0.001,0,15875426.270427,True,False,democratic-vp-nominee-on-election-day
504869,168,0.001,0,15875426.270427,True,False,democratic-vp-nominee-on-election-day
504869,720,0.0010000000000000009,0,15875426.270427,True,False,democratic-vp-nominee-on-election-day
1897097,1,0.57,1,15857649.80726726,True,True,fifwc-eng-hrv-2026-06-17
1897097,6,0.5700000000000001,1,15857649.80726726,True,True,fifwc-eng-hrv-2026-06-17
1897097,24,0.56,1,15857649.80726726,True,True,fifwc-eng-hrv-2026-06-17
1897097,72,0.5699999991,1,15857649.80726726,True,True,fifwc-eng-hrv-2026-06-17
1897097,168,0.57,1,15857649.80726726,True,True,fifwc-eng-hrv-2026-06-17
1897097,720,0.5500002024999999,1,15857649.80726726,True,True,fifwc-eng-hrv-2026-06-17
516862,1,0.0010000000000000009,0,15857522.578687,False,False,what-price-will-bitcoin-hit-in-2025
516862,6,0.0010000000000000009,0,15857522.578687,False,False,what-price-will-bitcoin-hit-in-2025
516862,24,0.0010000000000000009,0,15857522.578687,False,False,what-price-will-bitcoin-hit-in-2025
516862,72,0.0010000000000000009,0,15857522.578687,False,False,what-price-will-bitcoin-hit-in-2025
516862,168,0.008,0,15857522.578687,False,False,what-price-will-bitcoin-hit-in-2025
516862,720,0.0040000000000000036,0,15857522.578687,False,False,what-price-will-bitcoin-hit-in-2025
546255,1,0.001,0,15810680.148466,True,False,romania-bucharest-mayoral-election
546255,6,0.001,0,15810680.148466,True,False,romania-bucharest-mayoral-election
546255,24,0.001,0,15810680.148466,True,False,romania-bucharest-mayoral-election
546255,72,0.001,0,15810680.148466,True,False,romania-bucharest-mayoral-election
546255,168,0.001,0,15810680.148466,True,False,romania-bucharest-mayoral-election
546255,720,0.001,0,15810680.148466,True,False,romania-bucharest-mayoral-election
2707660,1,0.0349999978,0,15768824.99498326,True,True,fifwc-arg-cvi-2026-07-03
2707660,6,0.0389999635,0,15768824.99498326,True,True,fifwc-arg-cvi-2026-07-03
2707660,24,0.0426932294,0,15768824.99498326,True,True,fifwc-arg-cvi-2026-07-03
2707660,72,0.0450000005,0,15768824.99498326,True,True,fifwc-arg-cvi-2026-07-03
1405325,1,0.0010000000000000009,0,15713299.040921,True,False,elon-musk-of-tweets-february-24-march-3
1405325,6,0.0010000000000000009,0,15713299.040921,True,False,elon-musk-of-tweets-february-24-march-3
1405325,24,0.0010000000000000009,0,15713299.040921,True,False,elon-musk-of-tweets-february-24-march-3
1405325,72,0.0010000000000000009,0,15713299.040921,True,False,elon-musk-of-tweets-february-24-march-3
1405325,168,0.0010000000000000009,0,15713299.040921,True,False,elon-musk-of-tweets-february-24-march-3
517018,1,0.0010000000000000009,0,15699200.216287,True,False,highest-grossing-movie-in-2025
517018,6,0.0010000000000000009,0,15699200.216287,True,False,highest-grossing-movie-in-2025
517018,24,0.0010000000000000009,0,15699200.216287,True,False,highest-grossing-movie-in-2025
517018,72,0.0010000000000000009,0,15699200.216287,True,False,highest-grossing-movie-in-2025
517018,168,0.0010000000000000009,0,15699200.216287,True,False,highest-grossing-movie-in-2025
517018,720,0.0010000000000000009,0,15699200.216287,True,False,highest-grossing-movie-in-2025
2690992,1,0.4099999996,0,15535558.642318143,True,True,fifwc-nld-mar-2026-06-29
2690992,6,0.4199999724,0,15535558.642318143,True,True,fifwc-nld-mar-2026-06-29
2690992,24,0.4399998064,0,15535558.642318143,True,True,fifwc-nld-mar-2026-06-29
2690992,72,0.4499999851,0,15535558.642318143,True,True,fifwc-nld-mar-2026-06-29
618949,1,0.0010000000000000009,0,15617197.1584,False,False,what-price-will-bitcoin-hit-in-october-9
618949,6,0.001,0,15617197.1584,False,False,what-price-will-bitcoin-hit-in-october-9
618949,24,0.0010000000000000009,0,15617197.1584,False,False,what-price-will-bitcoin-hit-in-october-9
618949,72,0.0010000000000000009,0,15617197.1584,False,False,what-price-will-bitcoin-hit-in-october-9
618949,168,0.0010000000000000009,0,15617197.1584,False,False,what-price-will-bitcoin-hit-in-october-9
618949,720,0.00500001299999997,0,15617197.1584,False,False,what-price-will-bitcoin-hit-in-october-9
2261347,1,0.999,1,15515794.179611996,False,True,trump-kiss-by-may-31
2261347,6,0.999,1,15515794.179611996,False,True,trump-kiss-by-may-31
2261347,24,0.999,1,15515794.179611996,False,True,trump-kiss-by-may-31
2261347,72,0.999,1,15515794.179611996,False,True,trump-kiss-by-may-31
2261347,168,0.999,1,15515794.179611996,False,True,trump-kiss-by-may-31
505616,1,0.001,0,15477473.036279,True,False,nfl-offensive-rookie-of-the-year
505616,6,0.001,0,15477473.036279,True,False,nfl-offensive-rookie-of-the-year
505616,24,0.001,0,15477473.036279,True,False,nfl-offensive-rookie-of-the-year
505616,72,0.001,0,15477473.036279,True,False,nfl-offensive-rookie-of-the-year
505616,168,0.001,0,15477473.036279,True,False,nfl-offensive-rookie-of-the-year
505616,720,0.0010000000000000009,0,15477473.036279,True,False,nfl-offensive-rookie-of-the-year
2241873,1,0.14100000000000001,0,15430021.40518324,False,False,iran-closes-its-airspace-by
2241873,6,0.1882053274,0,15430021.40518324,False,False,iran-closes-its-airspace-by
2241873,24,0.967,0,15430021.40518324,False,False,iran-closes-its-airspace-by
2241873,72,0.17000000000000004,0,15430021.40518324,False,False,iran-closes-its-airspace-by
2241873,168,0.21000006859999998,0,15430021.40518324,False,False,iran-closes-its-airspace-by
948046,1,0.0010000000000000009,0,15379379.627399104,True,False,hungary-parliamentary-election-winner
948046,6,0.0010000000000000009,0,15379379.627399104,True,False,hungary-parliamentary-election-winner
948046,24,0.0010000000000000009,0,15379379.627399104,True,False,hungary-parliamentary-election-winner
948046,72,0.001,0,15379379.627399104,True,False,hungary-parliamentary-election-winner
948046,168,0.0012736079,0,15379379.627399104,True,False,hungary-parliamentary-election-winner
948046,720,0.01,0,15379379.627399104,True,False,hungary-parliamentary-election-winner
511857,1,0.0699999363,0,15358928.308862,True,False,iowa-margin-of-victory
511857,6,0.06,0,15358928.308862,True,False,iowa-margin-of-victory
511857,24,0.06,0,15358928.308862,True,False,iowa-margin-of-victory
1897049,1,0.5899999272,0,15381429.4228347,True,True,fifwc-bra-mar-2026-06-13
1897049,6,0.5899999705,0,15381429.4228347,True,True,fifwc-bra-mar-2026-06-13
1897049,24,0.5899999708,0,15381429.4228347,True,True,fifwc-bra-mar-2026-06-13
1897049,72,0.5899998466,0,15381429.4228347,True,True,fifwc-bra-mar-2026-06-13
1897049,168,0.609999939,0,15381429.4228347,True,True,fifwc-bra-mar-2026-06-13
1897049,720,0.6099999985,0,15381429.4228347,True,True,fifwc-bra-mar-2026-06-13
540234,1,0.6819999999999999,1,15295581.172679,True,False,super-bowl-champion-2026-731
540234,6,0.6819998983,1,15295581.172679,True,False,super-bowl-champion-2026-731
540234,24,0.682,1,15295581.172679,True,False,super-bowl-champion-2026-731
540234,72,0.6819999999999999,1,15295581.172679,True,False,super-bowl-champion-2026-731
540234,168,0.683,1,15295581.172679,True,False,super-bowl-champion-2026-731
540234,720,0.19299999999999995,1,15295581.172679,True,False,super-bowl-champion-2026-731
1897223,1,0.6499999993,1,15331447.252722226,True,True,fifwc-jor-alg-2026-06-22
1897223,6,0.64,1,15331447.252722226,True,True,fifwc-jor-alg-2026-06-22
1897223,24,0.6299999811,1,15331447.252722226,True,True,fifwc-jor-alg-2026-06-22
1897223,72,0.6199998512,1,15331447.252722226,True,True,fifwc-jor-alg-2026-06-22
1897223,168,0.6500000017,1,15331447.252722226,True,True,fifwc-jor-alg-2026-06-22
1897223,720,0.53,1,15331447.252722226,True,True,fifwc-jor-alg-2026-06-22
501587,1,0.24,1,15286458.166973,True,False,which-party-wins-presidency-popular-vote
501587,6,0.25,1,15286458.166973,True,False,which-party-wins-presidency-popular-vote
501587,24,0.24,1,15286458.166973,True,False,which-party-wins-presidency-popular-vote
501587,72,0.29,1,15286458.166973,True,False,which-party-wins-presidency-popular-vote
501587,168,0.42,1,15286458.166973,True,False,which-party-wins-presidency-popular-vote
501587,720,0.21999999999999997,1,15286458.166973,True,False,which-party-wins-presidency-popular-vote
540881,1,0.0010000000000000009,0,15249931.011636002,False,True,gta-vi-released-before-june-2026
540881,6,0.001,0,15249931.011636002,False,True,gta-vi-released-before-june-2026
540881,24,0.0010000115999999615,0,15249931.011636002,False,True,gta-vi-released-before-june-2026
540881,72,0.001,0,15249931.011636002,False,True,gta-vi-released-before-june-2026
540881,168,0.004,0,15249931.011636002,False,True,gta-vi-released-before-june-2026
540881,720,0.013000000000000012,0,15249931.011636002,False,True,gta-vi-released-before-june-2026
2793753,1,0.269999972,0,15056425.09967799,True,True,fifwc-che-col-2026-07-07
2793753,6,0.26000000300000004,0,15056425.09967799,True,True,fifwc-che-col-2026-07-07
2793753,24,0.2699998542,0,15056425.09967799,True,True,fifwc-che-col-2026-07-07
2793753,72,0.269999972,0,15056425.09967799,True,True,fifwc-che-col-2026-07-07
691856,1,0.0299999971,0,15085502.841227,True,False,boxing-jake-paul-vs-anthony-joshua-third
691856,6,0.0339999936,0,15085502.841227,True,False,boxing-jake-paul-vs-anthony-joshua-third
691856,24,0.030000000000000027,0,15085502.841227,True,False,boxing-jake-paul-vs-anthony-joshua-third
691856,72,0.04500000000000004,0,15085502.841227,True,False,boxing-jake-paul-vs-anthony-joshua-third
691856,168,0.0636182903,0,15085502.841227,True,False,boxing-jake-paul-vs-anthony-joshua-third
1273610,1,0.46,0,15146244.148657,False,False,us-strikes-iran-by
1273610,6,0.39,0,15146244.148657,False,False,us-strikes-iran-by
1273610,24,0.4473799639,0,15146244.148657,False,False,us-strikes-iran-by
1273610,72,0.30000000000000004,0,15146244.148657,False,False,us-strikes-iran-by
571190,1,0.001,0,15113495.368893,True,False,2025-national-heads-up-poker-championshi
571190,6,0.001,0,15113495.368893,True,False,2025-national-heads-up-poker-championshi
571190,24,0.001,0,15113495.368893,True,False,2025-national-heads-up-poker-championshi
571190,72,0.001,0,15113495.368893,True,False,2025-national-heads-up-poker-championshi
571190,168,0.001,0,15113495.368893,True,False,2025-national-heads-up-poker-championshi
571190,720,0.0012835982,0,15113495.368893,True,False,2025-national-heads-up-poker-championshi
567470,1,0.37,1,15037403.469426,False,False,thailand-strikes-cambodia-by-friday
567470,6,0.7744911654,1,15037403.469426,False,False,thailand-strikes-cambodia-by-friday
504490,1,0.0010000000000000009,0,15031954.754479,True,False,fed-interest-rates-november-2024
504490,6,0.0010000000000000009,0,15031954.754479,True,False,fed-interest-rates-november-2024
504490,24,0.002,0,15031954.754479,True,False,fed-interest-rates-november-2024
504490,72,0.0030000000000000027,0,15031954.754479,True,False,fed-interest-rates-november-2024
504490,168,0.0020000000000000018,0,15031954.754479,True,False,fed-interest-rates-november-2024
504490,720,0.0040000000000000036,0,15031954.754479,True,False,fed-interest-rates-november-2024
2766759,1,0.32,0,14952162.835206179,True,True,fifwc-mex-eng-2026-07-05
2766759,6,0.31,0,14952162.835206179,True,True,fifwc-mex-eng-2026-07-05
2766759,24,0.31,0,14952162.835206179,True,True,fifwc-mex-eng-2026-07-05
2766759,72,0.31000010349999996,0,14952162.835206179,True,True,fifwc-mex-eng-2026-07-05
1897144,1,0.5799999433,1,14904080.953970106,True,True,fifwc-nld-swe-2026-06-20
1897144,6,0.5799999916,1,14904080.953970106,True,True,fifwc-nld-swe-2026-06-20
1897144,24,0.56,1,14904080.953970106,True,True,fifwc-nld-swe-2026-06-20
1897144,72,0.5699999966,1,14904080.953970106,True,True,fifwc-nld-swe-2026-06-20
1897144,168,0.5899999705,1,14904080.953970106,True,True,fifwc-nld-swe-2026-06-20
1897144,720,0.6199998512,1,14904080.953970106,True,True,fifwc-nld-swe-2026-06-20
506125,1,0.001,0,14849907.389069,True,False,so-paulo-mayoral-election-2024
506125,6,0.001,0,14849907.389069,True,False,so-paulo-mayoral-election-2024
506125,24,0.002,0,14849907.389069,True,False,so-paulo-mayoral-election-2024
506125,72,0.001,0,14849907.389069,True,False,so-paulo-mayoral-election-2024
506125,168,0.001,0,14849907.389069,True,False,so-paulo-mayoral-election-2024
506125,720,0.0030000000000000027,0,14849907.389069,True,False,so-paulo-mayoral-election-2024
571195,1,0.001,0,14836968.140613,True,False,2025-national-heads-up-poker-championshi
571195,6,0.001,0,14836968.140613,True,False,2025-national-heads-up-poker-championshi
571195,24,0.001,0,14836968.140613,True,False,2025-national-heads-up-poker-championshi
571195,72,0.001,0,14836968.140613,True,False,2025-national-heads-up-poker-championshi
571195,168,0.001,0,14836968.140613,True,False,2025-national-heads-up-poker-championshi
571195,720,0.0030000000000000027,0,14836968.140613,True,False,2025-national-heads-up-poker-championshi
947268,1,0.0040000000000000036,0,14784685.9830578,True,True,peru-presidential-election-winner
947268,6,0.0030000000000000027,0,14784685.9830578,True,True,peru-presidential-election-winner
947268,24,0.0040000000000000036,0,14784685.9830578,True,True,peru-presidential-election-winner
947268,72,0.007000000999999978,0,14784685.9830578,True,True,peru-presidential-election-winner
947268,168,0.01100000000000001,0,14784685.9830578,True,True,peru-presidential-election-winner
947268,720,0.016,0,14784685.9830578,True,True,peru-presidential-election-winner
517016,1,0.0010000000000000009,0,14777643.890922,True,False,highest-grossing-movie-in-2025
517016,6,0.0010000000000000009,0,14777643.890922,True,False,highest-grossing-movie-in-2025
517016,24,0.0010000000000000009,0,14777643.890922,True,False,highest-grossing-movie-in-2025
517016,72,0.001,0,14777643.890922,True,False,highest-grossing-movie-in-2025
517016,168,0.001,0,14777643.890922,True,False,highest-grossing-movie-in-2025
517016,720,0.001,0,14777643.890922,True,False,highest-grossing-movie-in-2025
501585,1,0.3799999995,0,14756382.198283,True,False,which-party-wins-presidency-popular-vote
501585,6,0.39,0,14756382.198283,True,False,which-party-wins-presidency-popular-vote
501585,24,0.42,0,14756382.198283,True,False,which-party-wins-presidency-popular-vote
501585,72,0.4,0,14756382.198283,True,False,which-party-wins-presidency-popular-vote
501585,168,0.31,0,14756382.198283,True,False,which-party-wins-presidency-popular-vote
501585,720,0.47,0,14756382.198283,True,False,which-party-wins-presidency-popular-vote
253639,1,0.001,0,14714813.728,True,False,presidential-election-winner-2024
253639,6,0.001,0,14714813.728,True,False,presidential-election-winner-2024
253639,24,0.001,0,14714813.728,True,False,presidential-election-winner-2024
253639,72,0.001,0,14714813.728,True,False,presidential-election-winner-2024
253639,168,0.001,0,14714813.728,True,False,presidential-election-winner-2024
253639,720,0.001,0,14714813.728,True,False,presidential-election-winner-2024
2781973,1,0.22999999999999998,0,14683388.203758901,True,True,fifwc-prt-esp-2026-07-06
2781973,6,0.2299999987,0,14683388.203758901,True,True,fifwc-prt-esp-2026-07-06
2781973,24,0.239999856,0,14683388.203758901,True,True,fifwc-prt-esp-2026-07-06
2781973,72,0.2299998275,0,14683388.203758901,True,True,fifwc-prt-esp-2026-07-06
1897078,1,0.68,0,14400179.897012625,True,True,fifwc-ksa-ury-2026-06-15
1897078,6,0.68,0,14400179.897012625,True,True,fifwc-ksa-ury-2026-06-15
1897078,24,0.6599999954,0,14400179.897012625,True,True,fifwc-ksa-ury-2026-06-15
1897078,72,0.66,0,14400179.897012625,True,True,fifwc-ksa-ury-2026-06-15
1897078,168,0.68,0,14400179.897012625,True,True,fifwc-ksa-ury-2026-06-15
1897078,720,0.64,0,14400179.897012625,True,True,fifwc-ksa-ury-2026-06-15
1897094,1,0.7699999999,0,14396185.470534254,True,True,fifwc-prt-cdr-2026-06-17
1897094,6,0.7599999696,0,14396185.470534254,True,True,fifwc-prt-cdr-2026-06-17
1897094,24,0.7699999814,0,14396185.470534254,True,True,fifwc-prt-cdr-2026-06-17
1897094,72,0.7599999996,0,14396185.470534254,True,True,fifwc-prt-cdr-2026-06-17
1897094,168,0.77,0,14396185.470534254,True,True,fifwc-prt-cdr-2026-06-17
1897094,720,0.7699997035,0,14396185.470534254,True,True,fifwc-prt-cdr-2026-06-17
1897112,1,0.75,1,14324374.22380302,True,True,fifwc-can-qat-2026-06-18
1897112,6,0.75,1,14324374.22380302,True,True,fifwc-can-qat-2026-06-18
1897112,24,0.76,1,14324374.22380302,True,True,fifwc-can-qat-2026-06-18
1897112,72,0.76,1,14324374.22380302,True,True,fifwc-can-qat-2026-06-18
1897112,168,0.75,1,14324374.22380302,True,True,fifwc-can-qat-2026-06-18
1897112,720,0.6599999999999999,1,14324374.22380302,True,True,fifwc-can-qat-2026-06-18
560187,1,0.0010000000000000009,0,14296822.328016,False,False,lord-miles-completes-40-day-water-fast-i
560187,6,0.06000000000000005,0,14296822.328016,False,False,lord-miles-completes-40-day-water-fast-i
560187,24,0.1012532727,0,14296822.328016,False,False,lord-miles-completes-40-day-water-fast-i
560187,72,0.26,0,14296822.328016,False,False,lord-miles-completes-40-day-water-fast-i
560187,168,0.26,0,14296822.328016,False,False,lord-miles-completes-40-day-water-fast-i
560187,720,0.69,0,14296822.328016,False,False,lord-miles-completes-40-day-water-fast-i
253634,1,0.001,0,14192736.345,True,False,presidential-election-winner-2024
253634,6,0.001,0,14192736.345,True,False,presidential-election-winner-2024
253634,24,0.001,0,14192736.345,True,False,presidential-election-winner-2024
253634,72,0.001,0,14192736.345,True,False,presidential-election-winner-2024
253634,168,0.001,0,14192736.345,True,False,presidential-election-winner-2024
253634,720,0.001,0,14192736.345,True,False,presidential-election-winner-2024
1897155,1,0.7,1,14280617.889725218,True,True,fifwc-tun-jpn-2026-06-21
1897155,6,0.669999995,1,14280617.889725218,True,True,fifwc-tun-jpn-2026-06-21
1897155,24,0.64,1,14280617.889725218,True,True,fifwc-tun-jpn-2026-06-21
1897155,72,0.65,1,14280617.889725218,True,True,fifwc-tun-jpn-2026-06-21
1897155,168,0.5899999947,1,14280617.889725218,True,True,fifwc-tun-jpn-2026-06-21
1897155,720,0.52,1,14280617.889725218,True,True,fifwc-tun-jpn-2026-06-21
2128535,1,0.001,0,14180619.718706006,False,True,epstein-suicide-note-released-by
2128535,6,0.001,0,14180619.718706006,False,True,epstein-suicide-note-released-by
2128535,24,0.001,0,14180619.718706006,False,True,epstein-suicide-note-released-by
2128535,72,0.001,0,14180619.718706006,False,True,epstein-suicide-note-released-by
2128535,168,0.001,0,14180619.718706006,False,True,epstein-suicide-note-released-by
2128535,720,0.01980198040000003,0,14180619.718706006,False,True,epstein-suicide-note-released-by
1116706,1,0.0010000000000000009,0,15181604.224152,False,True,new-stranger-things-episode-released-by-
1116706,6,0.0139683624,0,15181604.224152,False,True,new-stranger-things-episode-released-by-
1116706,24,0.015000011000000035,0,15181604.224152,False,True,new-stranger-things-episode-released-by-
2718900,1,0.76,1,14028646.015347352,True,True,fifwc-eng-cdr-2026-07-01
2718900,6,0.77,1,14028646.015347352,True,True,fifwc-eng-cdr-2026-07-01
2718900,24,0.7699999994,1,14028646.015347352,True,True,fifwc-eng-cdr-2026-07-01
2718900,72,0.7799999813,1,14028646.015347352,True,True,fifwc-eng-cdr-2026-07-01
503306,1,0.001,0,14117540.8412919,True,False,superbowl-champion-2025
503306,6,0.001,0,14117540.8412919,True,False,superbowl-champion-2025
503306,24,0.001,0,14117540.8412919,True,False,superbowl-champion-2025
503306,72,0.001,0,14117540.8412919,True,False,superbowl-champion-2025
503306,168,0.001,0,14117540.8412919,True,False,superbowl-champion-2025
503306,720,0.008000000000000007,0,14117540.8412919,True,False,superbowl-champion-2025
553856,1,0.0010000000000000009,0,15151786.681256065,True,True,2026-nba-champion
553856,6,0.0010000000000000009,0,15151786.681256065,True,True,2026-nba-champion
553856,24,0.0010000000000000009,0,15151786.681256065,True,True,2026-nba-champion
553856,72,0.0010000000000000009,0,15151786.681256065,True,True,2026-nba-champion
553856,168,0.0010000000000000009,0,15151786.681256065,True,True,2026-nba-champion
553856,720,0.0010000000000000009,0,15151786.681256065,True,True,2026-nba-champion
517019,1,0.001,0,13968519.399758,True,False,highest-grossing-movie-in-2025
517019,6,0.0010000000000000009,0,13968519.399758,True,False,highest-grossing-movie-in-2025
517019,24,0.0010000000000000009,0,13968519.399758,True,False,highest-grossing-movie-in-2025
517019,72,0.0010000000000000009,0,13968519.399758,True,False,highest-grossing-movie-in-2025
517019,168,0.001,0,13968519.399758,True,False,highest-grossing-movie-in-2025
517019,720,0.001,0,13968519.399758,True,False,highest-grossing-movie-in-2025
635246,1,0.999,1,13950282.417654,True,False,1-searched-person-on-google-this-year
635246,6,0.999,1,13950282.417654,True,False,1-searched-person-on-google-this-year
635246,24,0.999,1,13950282.417654,True,False,1-searched-person-on-google-this-year
635246,72,0.999,1,13950282.417654,True,False,1-searched-person-on-google-this-year
635246,168,0.999,1,13950282.417654,True,False,1-searched-person-on-google-this-year
635246,720,0.07,1,13950282.417654,True,False,1-searched-person-on-google-this-year
503315,1,0.0010000000000000009,0,13879054.4825222,True,False,superbowl-champion-2025
503315,6,0.0010000000000000009,0,13879054.4825222,True,False,superbowl-champion-2025
503315,24,0.0010000000000000009,0,13879054.4825222,True,False,superbowl-champion-2025
503315,72,0.0010000000000000009,0,13879054.4825222,True,False,superbowl-champion-2025
503315,168,0.0010000000000000009,0,13879054.4825222,True,False,superbowl-champion-2025
503315,720,0.02300000000000002,0,13879054.4825222,True,False,superbowl-champion-2025
560856,1,0.04300000000000004,0,13949920.231067,True,False,nobel-peace-prize-winner-2025
560856,6,0.048,0,13949920.231067,True,False,nobel-peace-prize-winner-2025
560856,24,0.0739604496,0,13949920.231067,True,False,nobel-peace-prize-winner-2025
560856,72,0.029000000000000026,0,13949920.231067,True,False,nobel-peace-prize-winner-2025
560856,168,0.025,0,13949920.231067,True,False,nobel-peace-prize-winner-2025
560856,720,0.045999957,0,13949920.231067,True,False,nobel-peace-prize-winner-2025
567563,1,0.001,0,13863122.728459079,True,True,next-prime-minister-of-hungary
567563,6,0.001,0,13863122.728459079,True,True,next-prime-minister-of-hungary
567563,24,0.0010000000000000009,0,13863122.728459079,True,True,next-prime-minister-of-hungary
567563,72,0.0010000000000000009,0,13863122.728459079,True,True,next-prime-minister-of-hungary
567563,168,0.001,0,13863122.728459079,True,True,next-prime-minister-of-hungary
567563,720,0.011,0,13863122.728459079,True,True,next-prime-minister-of-hungary
546259,1,0.001,0,13822679.398023,True,False,romania-bucharest-mayoral-election
546259,6,0.001,0,13822679.398023,True,False,romania-bucharest-mayoral-election
546259,24,0.001,0,13822679.398023,True,False,romania-bucharest-mayoral-election
546259,72,0.0010000000000000009,0,13822679.398023,True,False,romania-bucharest-mayoral-election
546259,168,0.001,0,13822679.398023,True,False,romania-bucharest-mayoral-election
546259,720,0.0020000000000000018,0,13822679.398023,True,False,romania-bucharest-mayoral-election
506747,1,0.999,1,13840974.4237339,True,False,premier-league-winner-24-25
506747,6,0.999,1,13840974.4237339,True,False,premier-league-winner-24-25
506747,24,0.999,1,13840974.4237339,True,False,premier-league-winner-24-25
506747,72,0.999,1,13840974.4237339,True,False,premier-league-winner-24-25
506747,168,0.999,1,13840974.4237339,True,False,premier-league-winner-24-25
506747,720,0.998,1,13840974.4237339,True,False,premier-league-winner-24-25
507417,1,0.1039901618,0,13817736.165943,False,False,will-israel-invade-lebanon-in-september
507417,6,0.03475479820000005,0,13817736.165943,False,False,will-israel-invade-lebanon-in-september
507417,24,0.1145454545,0,13817736.165943,False,False,will-israel-invade-lebanon-in-september
507417,72,0.03738699999999995,0,13817736.165943,False,False,will-israel-invade-lebanon-in-september
507417,168,0.1,0,13817736.165943,False,False,will-israel-invade-lebanon-in-september
566737,1,0.001,0,13695705.167134035,True,True,french-ligue-1-winner
566737,6,0.001,0,13695705.167134035,True,True,french-ligue-1-winner
566737,24,0.001,0,13695705.167134035,True,True,french-ligue-1-winner
566737,72,0.001,0,13695705.167134035,True,True,french-ligue-1-winner
566737,168,0.001,0,13695705.167134035,True,True,french-ligue-1-winner
566737,720,0.012,0,13695705.167134035,True,True,french-ligue-1-winner
2754628,1,0.82,1,13700917.396750243,True,True,fifwc-par-fra-2026-07-04
2754628,6,0.84,1,13700917.396750243,True,True,fifwc-par-fra-2026-07-04
2754628,24,0.8399999971,1,13700917.396750243,True,True,fifwc-par-fra-2026-07-04
2754628,72,0.84,1,13700917.396750243,True,True,fifwc-par-fra-2026-07-04
1484914,1,0.999,1,13670502.108909987,False,False,iran-x-israelus-conflict-ends-by
1484914,6,0.999,1,13670502.108909987,False,False,iran-x-israelus-conflict-ends-by
1484914,24,0.999,1,13670502.108909987,False,False,iran-x-israelus-conflict-ends-by
1484914,72,0.999,1,13670502.108909987,False,False,iran-x-israelus-conflict-ends-by
1484914,168,0.999,1,13670502.108909987,False,False,iran-x-israelus-conflict-ends-by
1484914,720,0.84,1,13670502.108909987,False,False,iran-x-israelus-conflict-ends-by
2718892,1,0.4399998064,1,13651106.71304677,True,True,fifwc-mex-ecu-2026-06-30
2718892,6,0.4299999896,1,13651106.71304677,True,True,fifwc-mex-ecu-2026-06-30
2718892,24,0.4399998064,1,13651106.71304677,True,True,fifwc-mex-ecu-2026-06-30
1175504,1,0.12,0,13619741.635223,False,False,us-strikes-iran-by
1175504,6,0.16,0,13619741.635223,False,False,us-strikes-iran-by
585592,1,0.92,1,13491651.789377,False,False,us-government-shutdown-by-october-1
585592,6,0.86,1,13491651.789377,False,False,us-government-shutdown-by-october-1
585592,24,0.75,1,13491651.789377,False,False,us-government-shutdown-by-october-1
585592,72,0.6924735864,1,13491651.789377,False,False,us-government-shutdown-by-october-1
585592,168,0.6591351787999999,1,13491651.789377,False,False,us-government-shutdown-by-october-1
1308327,1,0.13600000030000003,0,13550398.086217,False,False,another-us-government-shutdown-by-februa
1308327,6,0.1979999557,0,13550398.086217,False,False,another-us-government-shutdown-by-februa
1308327,24,0.9679999884,0,13550398.086217,False,False,another-us-government-shutdown-by-februa
1308327,72,0.7200000269,0,13550398.086217,False,False,another-us-government-shutdown-by-februa
1308327,168,0.6599999999999999,0,13550398.086217,False,False,another-us-government-shutdown-by-februa
659233,1,0.0010000000000000009,0,13588620.834388,False,False,what-price-will-bitcoin-hit-in-november-
659233,6,0.0010000000000000009,0,13588620.834388,False,False,what-price-will-bitcoin-hit-in-november-
659233,24,0.001,0,13588620.834388,False,False,what-price-will-bitcoin-hit-in-november-
659233,72,0.0010000000000000009,0,13588620.834388,False,False,what-price-will-bitcoin-hit-in-november-
659233,168,0.0020000000000000018,0,13588620.834388,False,False,what-price-will-bitcoin-hit-in-november-
659233,720,0.0040000000000000036,0,13588620.834388,False,False,what-price-will-bitcoin-hit-in-november-
572187,1,0.001,0,13481205.344928,True,False,top-spotify-artist-2025-146
572187,6,0.001,0,13481205.344928,True,False,top-spotify-artist-2025-146
572187,24,0.001,0,13481205.344928,True,False,top-spotify-artist-2025-146
572187,72,0.001,0,13481205.344928,True,False,top-spotify-artist-2025-146
572187,168,0.001,0,13481205.344928,True,False,top-spotify-artist-2025-146
572187,720,0.001,0,13481205.344928,True,False,top-spotify-artist-2025-146
514142,1,0.001,0,13480557.035509,True,False,poland-presidential-election
514142,6,0.001,0,13480557.035509,True,False,poland-presidential-election
514142,24,0.001,0,13480557.035509,True,False,poland-presidential-election
514142,72,0.001,0,13480557.035509,True,False,poland-presidential-election
514142,168,0.001,0,13480557.035509,True,False,poland-presidential-election
514142,720,0.0010000000000000009,0,13480557.035509,True,False,poland-presidential-election
1897118,1,0.6,1,13451120.520932108,True,True,fifwc-usa-aus-2026-06-19
1897118,6,0.61,1,13451120.520932108,True,True,fifwc-usa-aus-2026-06-19
1897118,24,0.6099999535,1,13451120.520932108,True,True,fifwc-usa-aus-2026-06-19
1897118,72,0.6099999786,1,13451120.520932108,True,True,fifwc-usa-aus-2026-06-19
1897118,168,0.57,1,13451120.520932108,True,True,fifwc-usa-aus-2026-06-19
1897118,720,0.5699999355,1,13451120.520932108,True,True,fifwc-usa-aus-2026-06-19
1708086,1,0.0010000000000000009,0,13456217.023449102,False,False,kharg-island-no-longer-under-iranian-con
1708086,6,0.0010000000000000009,0,13456217.023449102,False,False,kharg-island-no-longer-under-iranian-con
1708086,24,0.0010000000000000009,0,13456217.023449102,False,False,kharg-island-no-longer-under-iranian-con
1708086,72,0.0020000000000000018,0,13456217.023449102,False,False,kharg-island-no-longer-under-iranian-con
1708086,168,0.0030000000000000027,0,13456217.023449102,False,False,kharg-island-no-longer-under-iranian-con
1708086,720,0.036,0,13456217.023449102,False,False,kharg-island-no-longer-under-iranian-con
666860,1,0.001,0,13448709.655509828,False,False,trump-out-as-president-by-march-31
666860,6,0.001,0,13448709.655509828,False,False,trump-out-as-president-by-march-31
666860,24,0.0020000000000000018,0,13448709.655509828,False,False,trump-out-as-president-by-march-31
666860,72,0.0030000000000000027,0,13448709.655509828,False,False,trump-out-as-president-by-march-31
666860,168,0.0050000000000000044,0,13448709.655509828,False,False,trump-out-as-president-by-march-31
666860,720,0.0339013398,0,13448709.655509828,False,False,trump-out-as-president-by-march-31
2793741,1,0.07000004230000001,0,13315998.44800365,True,True,fifwc-arg-egy-2026-07-07
2793741,6,0.0899999961,0,13315998.44800365,True,True,fifwc-arg-egy-2026-07-07
2793741,24,0.1,0,13315998.44800365,True,True,fifwc-arg-egy-2026-07-07
2793741,72,0.08229426470000001,0,13315998.44800365,True,True,fifwc-arg-egy-2026-07-07
567030,1,0.999,1,13308140.845727,False,False,houthi-strike-on-israel-by-august-31
567030,6,0.999,1,13308140.845727,False,False,houthi-strike-on-israel-by-august-31
567030,24,0.999,1,13308140.845727,False,False,houthi-strike-on-israel-by-august-31
567030,72,0.999,1,13308140.845727,False,False,houthi-strike-on-israel-by-august-31
567030,168,0.2600000158,1,13308140.845727,False,False,houthi-strike-on-israel-by-august-31
567030,720,0.1899999373,1,13308140.845727,False,False,houthi-strike-on-israel-by-august-31
501590,1,0.001,0,16641464.207499,True,False,which-party-wins-presidency-popular-vote
501590,6,0.001,0,16641464.207499,True,False,which-party-wins-presidency-popular-vote
501590,24,0.001,0,16641464.207499,True,False,which-party-wins-presidency-popular-vote
501590,72,0.001,0,16641464.207499,True,False,which-party-wins-presidency-popular-vote
501590,168,0.001,0,16641464.207499,True,False,which-party-wins-presidency-popular-vote
501590,720,0.0020000000000000018,0,16641464.207499,True,False,which-party-wins-presidency-popular-vote
541625,1,0.0013898219,0,13270465.032302,True,False,chile-presidential-election
541625,6,0.002,0,13270465.032302,True,False,chile-presidential-election
541625,24,0.001,0,13270465.032302,True,False,chile-presidential-election
541625,72,0.0010000000000000009,0,13270465.032302,True,False,chile-presidential-election
541625,168,0.001,0,13270465.032302,True,False,chile-presidential-election
541625,720,0.0010000000000000009,0,13270465.032302,True,False,chile-presidential-election
2718913,1,0.7574999892,1,13221539.20717903,True,True,fifwc-esp-aut-2026-07-02
2718913,6,0.76,1,13221539.20717903,True,True,fifwc-esp-aut-2026-07-02
2718913,24,0.74,1,13221539.20717903,True,True,fifwc-esp-aut-2026-07-02
2718913,72,0.75,1,13221539.20717903,True,True,fifwc-esp-aut-2026-07-02
1082749,1,0.0010000000000000009,0,13219840.034141,False,False,what-price-will-ethereum-hit-in-january-
1082749,6,0.001,0,13219840.034141,False,False,what-price-will-ethereum-hit-in-january-
1082749,24,0.001,0,13219840.034141,False,False,what-price-will-ethereum-hit-in-january-
1082749,72,0.0010000000000000009,0,13219840.034141,False,False,what-price-will-ethereum-hit-in-january-
1082749,168,0.0020000000000000018,0,13219840.034141,False,False,what-price-will-ethereum-hit-in-january-
1082749,720,0.0048731043,0,13219840.034141,False,False,what-price-will-ethereum-hit-in-january-
516865,1,0.001,0,13211425.234841,False,False,what-price-will-bitcoin-hit-in-2025
516865,6,0.0010000000000000009,0,13211425.234841,False,False,what-price-will-bitcoin-hit-in-2025
516865,24,0.0020000000000000018,0,13211425.234841,False,False,what-price-will-bitcoin-hit-in-2025
516865,72,0.0020000000000000018,0,13211425.234841,False,False,what-price-will-bitcoin-hit-in-2025
516865,168,0.0020000000000000018,0,13211425.234841,False,False,what-price-will-bitcoin-hit-in-2025
516865,720,0.020000000000000018,0,13211425.234841,False,False,what-price-will-bitcoin-hit-in-2025
2781976,1,0.5,1,13204480.785140388,True,True,fifwc-prt-esp-2026-07-06
2781976,6,0.5199999989,1,13204480.785140388,True,True,fifwc-prt-esp-2026-07-06
2781976,24,0.5199999844,1,13204480.785140388,True,True,fifwc-prt-esp-2026-07-06
2781976,72,0.5199999827,1,13204480.785140388,True,True,fifwc-prt-esp-2026-07-06
571213,1,0.001,0,13158088.244989,True,False,2025-national-heads-up-poker-championshi
571213,6,0.001,0,13158088.244989,True,False,2025-national-heads-up-poker-championshi
571213,24,0.001,0,13158088.244989,True,False,2025-national-heads-up-poker-championshi
571213,72,0.001,0,13158088.244989,True,False,2025-national-heads-up-poker-championshi
571213,168,0.001,0,13158088.244989,True,False,2025-national-heads-up-poker-championshi
571213,720,0.001,0,13158088.244989,True,False,2025-national-heads-up-poker-championshi
541466,1,0.7299999997,0,13094030.56774,False,False,will-south-korea-presidential-election-w
541466,6,0.54,0,13094030.56774,False,False,will-south-korea-presidential-election-w
541466,24,0.6,0,13094030.56774,False,False,will-south-korea-presidential-election-w
541466,72,0.6799999999999999,0,13094030.56774,False,False,will-south-korea-presidential-election-w
541466,168,0.55,0,13094030.56774,False,False,will-south-korea-presidential-election-w
2707656,1,0.4099998237,0,13172189.128250167,True,True,fifwc-aus-egy-2026-07-03
2707656,6,0.4099999692,0,13172189.128250167,True,True,fifwc-aus-egy-2026-07-03
2707656,24,0.389999986,0,13172189.128250167,True,True,fifwc-aus-egy-2026-07-03
2707656,72,0.3899998479,0,13172189.128250167,True,True,fifwc-aus-egy-2026-07-03
673597,1,0.0010000000000000009,0,13086678.140873,True,False,what-day-will-the-government-shutdown-en
673597,6,0.0010000000000000009,0,13086678.140873,True,False,what-day-will-the-government-shutdown-en
673597,24,0.0010000000000000009,0,13086678.140873,True,False,what-day-will-the-government-shutdown-en
673597,72,0.0010000000000000009,0,13086678.140873,True,False,what-day-will-the-government-shutdown-en
673597,168,0.0010000000000000009,0,13086678.140873,True,False,what-day-will-the-government-shutdown-en
517014,1,0.0010000000000000009,0,13703460.344383,True,False,highest-grossing-movie-in-2025
517014,6,0.0010000000000000009,0,13703460.344383,True,False,highest-grossing-movie-in-2025
517014,24,0.0010000000000000009,0,13703460.344383,True,False,highest-grossing-movie-in-2025
517014,72,0.0010000000000000009,0,13703460.344383,True,False,highest-grossing-movie-in-2025
517014,168,0.0010000000000000009,0,13703460.344383,True,False,highest-grossing-movie-in-2025
517014,720,0.0010000000000000009,0,13703460.344383,True,False,highest-grossing-movie-in-2025
1897060,1,0.02300000000000002,0,13022834.40429326,True,True,fifwc-ger-kor-2026-06-14
1897060,6,0.02200000000000002,0,13022834.40429326,True,True,fifwc-ger-kor-2026-06-14
1897060,24,0.025,0,13022834.40429326,True,True,fifwc-ger-kor-2026-06-14
1897060,72,0.023999977,0,13022834.40429326,True,True,fifwc-ger-kor-2026-06-14
1897060,168,0.020000000000000018,0,13022834.40429326,True,True,fifwc-ger-kor-2026-06-14
1897060,720,0.020000000000000018,0,13022834.40429326,True,True,fifwc-ger-kor-2026-06-14
1082781,1,0.0010000000000000009,0,13025594.701676,False,False,what-price-will-bitcoin-hit-in-january-2
1082781,6,0.0010000000000000009,0,13025594.701676,False,False,what-price-will-bitcoin-hit-in-january-2
1082781,24,0.0010000000000000009,0,13025594.701676,False,False,what-price-will-bitcoin-hit-in-january-2
1082781,72,0.0084982266,0,13025594.701676,False,False,what-price-will-bitcoin-hit-in-january-2
1082781,168,0.04500000000000004,0,13025594.701676,False,False,what-price-will-bitcoin-hit-in-january-2
1082781,720,0.2799999854,0,13025594.701676,False,False,what-price-will-bitcoin-hit-in-january-2
566188,1,0.0010000000000000009,0,13001660.71794095,True,True,english-premier-league-winner
566188,6,0.0010000000000000009,0,13001660.71794095,True,True,english-premier-league-winner
566188,24,0.0010000000000000009,0,13001660.71794095,True,True,english-premier-league-winner
566188,72,0.0010000000000000009,0,13001660.71794095,True,True,english-premier-league-winner
566188,168,0.0010000000000000009,0,13001660.71794095,True,True,english-premier-league-winner
566188,720,0.49,0,13001660.71794095,True,True,english-premier-league-winner
255151,1,0.4099999665,0,12960333.136703,True,False,pennsylvania-presidential-election-winne
255151,6,0.4100000009,0,12960333.136703,True,False,pennsylvania-presidential-election-winne
255151,24,0.43,0,12960333.136703,True,False,pennsylvania-presidential-election-winne
255151,72,0.4499797489,0,12960333.136703,True,False,pennsylvania-presidential-election-winne
255151,168,0.38,0,12960333.136703,True,False,pennsylvania-presidential-election-winne
255151,720,0.4499999955,0,12960333.136703,True,False,pennsylvania-presidential-election-winne
1733047,1,0.53,1,12954170.097464152,True,True,ucl-psg1-liv1-2026-04-08
1733047,6,0.5200000068999999,1,12954170.097464152,True,True,ucl-psg1-liv1-2026-04-08
1733047,24,0.55,1,12954170.097464152,True,True,ucl-psg1-liv1-2026-04-08
1733047,72,0.5800000000000001,1,12954170.097464152,True,True,ucl-psg1-liv1-2026-04-08
1733047,168,0.5399999784,1,12954170.097464152,True,True,ucl-psg1-liv1-2026-04-08
503191,1,0.999,1,12902914.06,True,False,democratic-vp-nominee
503191,6,0.999,1,12902914.06,True,False,democratic-vp-nominee
503191,24,0.999,1,12902914.06,True,False,democratic-vp-nominee
503191,72,0.999,1,12902914.06,True,False,democratic-vp-nominee
503191,168,0.999,1,12902914.06,True,False,democratic-vp-nominee
503191,720,0.022,1,12902914.06,True,False,democratic-vp-nominee
706279,1,0.0020000000000000018,0,12827468.473153912,False,True,will-trump-visit-china-by
706279,6,0.0010000666999999686,0,12827468.473153912,False,True,will-trump-visit-china-by
706279,24,0.002000027699999962,0,12827468.473153912,False,True,will-trump-visit-china-by
706279,72,0.0010000000000000009,0,12827468.473153912,False,True,will-trump-visit-china-by
706279,168,0.006000000000000005,0,12827468.473153912,False,True,will-trump-visit-china-by
706279,720,0.024,0,12827468.473153912,False,True,will-trump-visit-china-by
504584,1,0.001,0,13304399.0156328,True,False,fed-interest-rates-december-2024
504584,6,0.0030000000000000027,0,13304399.0156328,True,False,fed-interest-rates-december-2024
504584,24,0.001,0,13304399.0156328,True,False,fed-interest-rates-december-2024
504584,72,0.004,0,13304399.0156328,True,False,fed-interest-rates-december-2024
504584,168,0.0010000000000000009,0,13304399.0156328,True,False,fed-interest-rates-december-2024
504584,720,0.007213721499999992,0,13304399.0156328,True,False,fed-interest-rates-december-2024
503228,1,0.0010000000000000009,0,12826516.15,True,False,democratic-vp-nominee
503228,6,0.0010000000000000009,0,12826516.15,True,False,democratic-vp-nominee
503228,24,0.0010000000000000009,0,12826516.15,True,False,democratic-vp-nominee
503228,72,0.0010000000000000009,0,12826516.15,True,False,democratic-vp-nominee
503228,168,0.0010000000000000009,0,12826516.15,True,False,democratic-vp-nominee
503228,720,0.335,0,12826516.15,True,False,democratic-vp-nominee
253750,1,0.999,1,13226512.33,False,False,ethereum-etf-approved-by-may-31
253750,6,0.999,1,13226512.33,False,False,ethereum-etf-approved-by-may-31
253750,24,0.999,1,13226512.33,False,False,ethereum-etf-approved-by-may-31
253750,72,0.999,1,13226512.33,False,False,ethereum-etf-approved-by-may-31
253750,168,0.999,1,13226512.33,False,False,ethereum-etf-approved-by-may-31
253750,720,0.1099999913,1,13226512.33,False,False,ethereum-etf-approved-by-may-31
515874,1,0.001,0,12752500.374611,True,False,afd-of-vote-in-german-election
515874,6,0.002,0,12752500.374611,True,False,afd-of-vote-in-german-election
515874,24,0.001,0,12752500.374611,True,False,afd-of-vote-in-german-election
515874,72,0.001,0,12752500.374611,True,False,afd-of-vote-in-german-election
515874,168,0.002,0,12752500.374611,True,False,afd-of-vote-in-german-election
515874,720,0.005,0,12752500.374611,True,False,afd-of-vote-in-german-election
534192,1,0.001,0,12733593.001313,True,False,next-president-of-south-korea
534192,6,0.001,0,12733593.001313,True,False,next-president-of-south-korea
534192,24,0.001,0,12733593.001313,True,False,next-president-of-south-korea
534192,72,0.001,0,12733593.001313,True,False,next-president-of-south-korea
534192,168,0.001,0,12733593.001313,True,False,next-president-of-south-korea
534192,720,0.005,0,12733593.001313,True,False,next-president-of-south-korea
1897100,1,0.4099999446,1,12677277.821971292,True,True,fifwc-gha-pan-2026-06-17
1897100,6,0.4199999515,1,12677277.821971292,True,True,fifwc-gha-pan-2026-06-17
1897100,24,0.43,1,12677277.821971292,True,True,fifwc-gha-pan-2026-06-17
1897100,72,0.43000004449999996,1,12677277.821971292,True,True,fifwc-gha-pan-2026-06-17
1897100,168,0.4699998912,1,12677277.821971292,True,True,fifwc-gha-pan-2026-06-17
1897100,720,0.5,1,12677277.821971292,True,True,fifwc-gha-pan-2026-06-17
1897299,1,0.55,1,12546755.069057487,True,True,fifwc-cze-mex-2026-06-24
1897299,6,0.5099999716,1,12546755.069057487,True,True,fifwc-cze-mex-2026-06-24
1897299,24,0.5099998317,1,12546755.069057487,True,True,fifwc-cze-mex-2026-06-24
1897299,72,0.5099999796,1,12546755.069057487,True,True,fifwc-cze-mex-2026-06-24
1897299,168,0.54,1,12546755.069057487,True,True,fifwc-cze-mex-2026-06-24
1897299,720,0.5,1,12546755.069057487,True,True,fifwc-cze-mex-2026-06-24
1897249,1,0.6700002178,1,12543597.939382985,True,True,fifwc-pan-hrv-2026-06-23
1897249,6,0.66,1,12543597.939382985,True,True,fifwc-pan-hrv-2026-06-23
1897249,24,0.6499999609,1,12543597.939382985,True,True,fifwc-pan-hrv-2026-06-23
1897249,72,0.64,1,12543597.939382985,True,True,fifwc-pan-hrv-2026-06-23
1897249,168,0.63,1,12543597.939382985,True,True,fifwc-pan-hrv-2026-06-23
1897249,720,0.61,1,12543597.939382985,True,True,fifwc-pan-hrv-2026-06-23
1517835,1,0.01,0,13050669.286966823,False,False,trump-announces-end-of-military-operatio
1517835,6,0.00400001910000003,0,13050669.286966823,False,False,trump-announces-end-of-military-operatio
1517835,24,0.008000000000000007,0,13050669.286966823,False,False,trump-announces-end-of-military-operatio
1517835,72,0.026,0,13050669.286966823,False,False,trump-announces-end-of-military-operatio
1517835,168,0.06,0,13050669.286966823,False,False,trump-announces-end-of-military-operatio
1517835,720,0.5699998233,0,13050669.286966823,False,False,trump-announces-end-of-military-operatio
255152,1,0.6,1,12519682.451836,True,False,pennsylvania-presidential-election-winne
255152,6,0.5899999947,1,12519682.451836,True,False,pennsylvania-presidential-election-winne
255152,24,0.569999866,1,12519682.451836,True,False,pennsylvania-presidential-election-winne
255152,72,0.5699999059,1,12519682.451836,True,False,pennsylvania-presidential-election-winne
255152,168,0.62,1,12519682.451836,True,False,pennsylvania-presidential-election-winne
255152,720,0.55,1,12519682.451836,True,False,pennsylvania-presidential-election-winne
507236,1,0.0762151554,0,12530511.484186,True,False,pennsylvania-margin-of-victory
507236,6,0.07999999999999996,0,12530511.484186,True,False,pennsylvania-margin-of-victory
507236,24,0.07999999999999996,0,12530511.484186,True,False,pennsylvania-margin-of-victory
507236,72,0.07457333330000004,0,12530511.484186,True,False,pennsylvania-margin-of-victory
507236,168,0.06999999999999995,0,12530511.484186,True,False,pennsylvania-margin-of-victory
507236,720,0.07999999999999996,0,12530511.484186,True,False,pennsylvania-margin-of-victory
2891167,1,0.31,1,12499621.520787006,True,True,fifwc-eng-arg-2026-07-15
2891167,6,0.315,1,12499621.520787006,True,True,fifwc-eng-arg-2026-07-15
2891167,24,0.3125,1,12499621.520787006,True,True,fifwc-eng-arg-2026-07-15
2891167,72,0.3099999946,1,12499621.520787006,True,True,fifwc-eng-arg-2026-07-15
1516204,1,0.0010000000000000009,0,12487118.882864993,False,False,will-crude-oil-cl-hit-by-end-of-march
1516204,6,0.0010000000000000009,0,12487118.882864993,False,False,will-crude-oil-cl-hit-by-end-of-march
1516204,24,0.0020000000000000018,0,12487118.882864993,False,False,will-crude-oil-cl-hit-by-end-of-march
1516204,72,0.002,0,12487118.882864993,False,False,will-crude-oil-cl-hit-by-end-of-march
1516204,168,0.007000004600000054,0,12487118.882864993,False,False,will-crude-oil-cl-hit-by-end-of-march
546256,1,0.001,0,12394296.45555,True,False,romania-bucharest-mayoral-election
546256,6,0.001,0,12394296.45555,True,False,romania-bucharest-mayoral-election
546256,24,0.002,0,12394296.45555,True,False,romania-bucharest-mayoral-election
546256,72,0.001,0,12394296.45555,True,False,romania-bucharest-mayoral-election
546256,168,0.0010000000000000009,0,12394296.45555,True,False,romania-bucharest-mayoral-election
546256,720,0.0020000000000000018,0,12394296.45555,True,False,romania-bucharest-mayoral-election
1897115,1,0.48,1,12384636.801802278,True,True,fifwc-mex-kr-2026-06-18
1897115,6,0.4699999887,1,12384636.801802278,True,True,fifwc-mex-kr-2026-06-18
1897115,24,0.47000001010000003,1,12384636.801802278,True,True,fifwc-mex-kr-2026-06-18
1897115,72,0.4899999951,1,12384636.801802278,True,True,fifwc-mex-kr-2026-06-18
1897115,168,0.53,1,12384636.801802278,True,True,fifwc-mex-kr-2026-06-18
1897115,720,0.5299998781,1,12384636.801802278,True,True,fifwc-mex-kr-2026-06-18
520630,1,0.002,0,12364377.621775,False,False,will-china-invade-taiwan-in-2025
520630,6,0.0010000000000000009,0,12364377.621775,False,False,will-china-invade-taiwan-in-2025
520630,24,0.0010000000000000009,0,12364377.621775,False,False,will-china-invade-taiwan-in-2025
520630,72,0.0010000000000000009,0,12364377.621775,False,False,will-china-invade-taiwan-in-2025
520630,168,0.0030000000000000027,0,12364377.621775,False,False,will-china-invade-taiwan-in-2025
520630,720,0.012000005700000038,0,12364377.621775,False,False,will-china-invade-taiwan-in-2025
1370652,1,0.0040009361999999715,0,12362413.907608908,False,False,iran-agrees-to-end-enrichment-of-uranium
1370652,6,0.004,0,12362413.907608908,False,False,iran-agrees-to-end-enrichment-of-uranium
1370652,24,0.005000035599999952,0,12362413.907608908,False,False,iran-agrees-to-end-enrichment-of-uranium
1370652,72,0.014000000000000012,0,12362413.907608908,False,False,iran-agrees-to-end-enrichment-of-uranium
1370652,168,0.04300000000000004,0,12362413.907608908,False,False,iran-agrees-to-end-enrichment-of-uranium
1370652,720,0.24,0,12362413.907608908,False,False,iran-agrees-to-end-enrichment-of-uranium
1455604,1,0.019000000000000017,0,12358578.449661002,False,False,who-will-trump-talk-to-in-march
1455604,6,0.73,0,12358578.449661002,False,False,who-will-trump-talk-to-in-march
1455604,24,0.18229,0,12358578.449661002,False,False,who-will-trump-talk-to-in-march
1455604,72,0.27000006190000003,0,12358578.449661002,False,False,who-will-trump-talk-to-in-march
1455604,168,0.149999976,0,12358578.449661002,False,False,who-will-trump-talk-to-in-march
2941973,1,0.2299999692,1,12360628.707999052,True,True,fifwc-fra-eng-2026-07-18
2941973,6,0.25,1,12360628.707999052,True,True,fifwc-fra-eng-2026-07-18
2941973,24,0.24,1,12360628.707999052,True,True,fifwc-fra-eng-2026-07-18
566187,1,0.999,1,12340533.59949487,True,True,english-premier-league-winner
566187,6,0.999,1,12340533.59949487,True,True,english-premier-league-winner
566187,24,0.999,1,12340533.59949487,True,True,english-premier-league-winner
566187,72,0.999,1,12340533.59949487,True,True,english-premier-league-winner
566187,168,0.999,1,12340533.59949487,True,True,english-premier-league-winner
566187,720,0.5,1,12340533.59949487,True,True,english-premier-league-winner
1168862,1,0.0010000000000000009,0,12296618.229974,False,False,us-strikes-iran-by
1168862,6,0.0010000000000000009,0,12296618.229974,False,False,us-strikes-iran-by
1168862,24,0.0010000000000000009,0,12296618.229974,False,False,us-strikes-iran-by
1168862,72,0.0010000000000000009,0,12296618.229974,False,False,us-strikes-iran-by
1168862,168,0.0230000007,0,12296618.229974,False,False,us-strikes-iran-by
253254,1,0.999,1,12622418.42,False,False,bitcoin-etf-approved-by-jan-15
253254,6,0.999,1,12622418.42,False,False,bitcoin-etf-approved-by-jan-15
253254,24,0.999,1,12622418.42,False,False,bitcoin-etf-approved-by-jan-15
253254,72,0.999,1,12622418.42,False,False,bitcoin-etf-approved-by-jan-15
253254,168,0.8200000001,1,12622418.42,False,False,bitcoin-etf-approved-by-jan-15
253254,720,0.81,1,12622418.42,False,False,bitcoin-etf-approved-by-jan-15
1897177,1,0.7,0,12174216.258805264,True,True,fifwc-ury-cvi-2026-06-21
1897177,6,0.689999999,0,12174216.258805264,True,True,fifwc-ury-cvi-2026-06-21
1897177,24,0.6799999937,0,12174216.258805264,True,True,fifwc-ury-cvi-2026-06-21
1897177,72,0.6699999993,0,12174216.258805264,True,True,fifwc-ury-cvi-2026-06-21
1897177,168,0.6899999586,0,12174216.258805264,True,True,fifwc-ury-cvi-2026-06-21
1897177,720,0.7099999432,0,12174216.258805264,True,True,fifwc-ury-cvi-2026-06-21
253722,1,0.001,0,12582924.999919,True,False,presidential-election-popular-vote-winne
253722,6,0.001,0,12582924.999919,True,False,presidential-election-popular-vote-winne
253722,24,0.001,0,12582924.999919,True,False,presidential-election-popular-vote-winne
253722,72,0.001,0,12582924.999919,True,False,presidential-election-popular-vote-winne
253722,168,0.0010000000000000009,0,12582924.999919,True,False,presidential-election-popular-vote-winne
253722,720,0.001,0,12582924.999919,True,False,presidential-election-popular-vote-winne
572182,1,0.0010000000000000009,0,12168485.412909,True,False,top-spotify-artist-2025-146
572182,6,0.0010000000000000009,0,12168485.412909,True,False,top-spotify-artist-2025-146
572182,24,0.0010000000000000009,0,12168485.412909,True,False,top-spotify-artist-2025-146
572182,72,0.0010000000000000009,0,12168485.412909,True,False,top-spotify-artist-2025-146
572182,168,0.0010000000000000009,0,12168485.412909,True,False,top-spotify-artist-2025-146
572182,720,0.0010000000000000009,0,12168485.412909,True,False,top-spotify-artist-2025-146
503307,1,0.001,0,12167588.6404789,True,False,superbowl-champion-2025
503307,6,0.001,0,12167588.6404789,True,False,superbowl-champion-2025
503307,24,0.001,0,12167588.6404789,True,False,superbowl-champion-2025
503307,72,0.001,0,12167588.6404789,True,False,superbowl-champion-2025
503307,168,0.001,0,12167588.6404789,True,False,superbowl-champion-2025
503307,720,0.241,0,12167588.6404789,True,False,superbowl-champion-2025
2354976,1,0.0029999985,0,12147872.86032706,False,False,strait-of-hormuz-traffic-returns-to-norm
2354976,6,0.004,0,12147872.86032706,False,False,strait-of-hormuz-traffic-returns-to-norm
2354976,24,0.0040000000000000036,0,12147872.86032706,False,False,strait-of-hormuz-traffic-returns-to-norm
2354976,72,0.006000000000000005,0,12147872.86032706,False,False,strait-of-hormuz-traffic-returns-to-norm
2354976,168,0.012,0,12147872.86032706,False,False,strait-of-hormuz-traffic-returns-to-norm
2159882,1,0.2191377368,0,12129905.141829975,False,True,what-will-trump-say-during-bilateral-eve
2159882,6,0.29999982,0,12129905.141829975,False,True,what-will-trump-say-during-bilateral-eve
2159882,24,0.57,0,12129905.141829975,False,True,what-will-trump-say-during-bilateral-eve
2159882,72,0.57,0,12129905.141829975,False,True,what-will-trump-say-during-bilateral-eve
2159882,168,0.719999856,0,12129905.141829975,False,True,what-will-trump-say-during-bilateral-eve
1478016,1,0.001,0,12086752.327925,False,False,who-will-enter-iran-by-june-30
1478016,6,0.001,0,12086752.327925,False,False,who-will-enter-iran-by-june-30
1478016,24,0.0010000000000000009,0,12086752.327925,False,False,who-will-enter-iran-by-june-30
1478016,72,0.001,0,12086752.327925,False,False,who-will-enter-iran-by-june-30
1478016,168,0.0020000000000000018,0,12086752.327925,False,False,who-will-enter-iran-by-june-30
1478016,720,0.009000000000000008,0,12086752.327925,False,False,who-will-enter-iran-by-june-30
516824,1,0.001,0,12050070.052878,True,False,largest-company-end-of-2025
516824,6,0.001,0,12050070.052878,True,False,largest-company-end-of-2025
516824,24,0.001,0,12050070.052878,True,False,largest-company-end-of-2025
516824,72,0.0010000000000000009,0,12050070.052878,True,False,largest-company-end-of-2025
516824,168,0.001,0,12050070.052878,True,False,largest-company-end-of-2025
516824,720,0.0020000000000000018,0,12050070.052878,True,False,largest-company-end-of-2025
956590,1,0.0010000000000000009,0,12006094.235334797,False,False,will-china-invade-taiwan-by-june-30-2026
956590,6,0.0010000000000000009,0,12006094.235334797,False,False,will-china-invade-taiwan-by-june-30-2026
956590,24,0.0010000000000000009,0,12006094.235334797,False,False,will-china-invade-taiwan-by-june-30-2026
956590,72,0.0010000000000000009,0,12006094.235334797,False,False,will-china-invade-taiwan-by-june-30-2026
956590,168,0.0030000000000000027,0,12006094.235334797,False,False,will-china-invade-taiwan-by-june-30-2026
956590,720,0.009000000000000008,0,12006094.235334797,False,False,will-china-invade-taiwan-by-june-30-2026
1391203,1,0.6599999999999999,0,11995661.364783,True,False,epl-wol-liv-2026-03-03
1391203,6,0.65,0,11995661.364783,True,False,epl-wol-liv-2026-03-03
1391203,24,0.6699999993,0,11995661.364783,True,False,epl-wol-liv-2026-03-03
1391203,72,0.6799998912,0,11995661.364783,True,False,epl-wol-liv-2026-03-03
1391203,168,0.6599999999999999,0,11995661.364783,True,False,epl-wol-liv-2026-03-03
534201,1,0.001,0,11957034.639752,True,False,next-president-of-south-korea
534201,6,0.001,0,11957034.639752,True,False,next-president-of-south-korea
534201,24,0.001,0,11957034.639752,True,False,next-president-of-south-korea
534201,72,0.001,0,11957034.639752,True,False,next-president-of-south-korea
534201,168,0.001,0,11957034.639752,True,False,next-president-of-south-korea
534201,720,0.115,0,11957034.639752,True,False,next-president-of-south-korea
1897117,1,0.24,0,11984525.580031335,True,True,fifwc-mex-kr-2026-06-18
1897117,6,0.25,0,11984525.580031335,True,True,fifwc-mex-kr-2026-06-18
1897117,24,0.2399999707,0,11984525.580031335,True,True,fifwc-mex-kr-2026-06-18
1897117,72,0.2399999918,0,11984525.580031335,True,True,fifwc-mex-kr-2026-06-18
1897117,168,0.209999974,0,11984525.580031335,True,True,fifwc-mex-kr-2026-06-18
1897117,720,0.21,0,11984525.580031335,True,True,fifwc-mex-kr-2026-06-18
506113,1,0.001,0,11881499.246865,True,False,nfl-mvp-1
506113,6,0.001,0,11881499.246865,True,False,nfl-mvp-1
506113,24,0.001,0,11881499.246865,True,False,nfl-mvp-1
506113,72,0.001,0,11881499.246865,True,False,nfl-mvp-1
506113,168,0.001,0,11881499.246865,True,False,nfl-mvp-1
506113,720,0.001,0,11881499.246865,True,False,nfl-mvp-1
503322,1,0.478,1,11829712.587561,True,False,superbowl-champion-2025
503322,6,0.481,1,11829712.587561,True,False,superbowl-champion-2025
503322,24,0.477,1,11829712.587561,True,False,superbowl-champion-2025
503322,72,0.474,1,11829712.587561,True,False,superbowl-champion-2025
503322,168,0.471,1,11829712.587561,True,False,superbowl-champion-2025
503322,720,0.106,1,11829712.587561,True,False,superbowl-champion-2025
1111834,1,0.003000058100000036,0,11825309.806933,False,False,will-the-iranian-regime-fall-by-january-
1111834,6,0.004,0,11825309.806933,False,False,will-the-iranian-regime-fall-by-january-
1111834,24,0.009000000000000008,0,11825309.806933,False,False,will-the-iranian-regime-fall-by-january-
1111834,72,0.009,0,11825309.806933,False,False,will-the-iranian-regime-fall-by-january-
1111834,168,0.0395462871,0,11825309.806933,False,False,will-the-iranian-regime-fall-by-january-
2754651,1,0.2,1,11817524.37077899,True,True,fifwc-bra-nor-2026-07-05
2754651,6,0.2,1,11817524.37077899,True,True,fifwc-bra-nor-2026-07-05
2754651,24,0.2099999861,1,11817524.37077899,True,True,fifwc-bra-nor-2026-07-05
2754651,72,0.2199999727,1,11817524.37077899,True,True,fifwc-bra-nor-2026-07-05
2879970,1,0.299999982,1,11798411.896690112,True,True,fifwc-fra-esp-2026-07-14
2879970,6,0.29999982,1,11798411.896690112,True,True,fifwc-fra-esp-2026-07-14
2879970,24,0.29999982,1,11798411.896690112,True,True,fifwc-fra-esp-2026-07-14
2879970,72,0.3,1,11798411.896690112,True,True,fifwc-fra-esp-2026-07-14
2535468,1,0.001,0,11792334.437210953,False,False,strait-of-hormuz-traffic-returns-to-norm
2535468,6,0.0020000000000000018,0,11792334.437210953,False,False,strait-of-hormuz-traffic-returns-to-norm
2535468,24,0.0040000000000000036,0,11792334.437210953,False,False,strait-of-hormuz-traffic-returns-to-norm
2535468,72,0.004000602900000039,0,11792334.437210953,False,False,strait-of-hormuz-traffic-returns-to-norm
2535468,168,0.006000000000000005,0,11792334.437210953,False,False,strait-of-hormuz-traffic-returns-to-norm
2535468,720,0.5399999903,0,11792334.437210953,False,False,strait-of-hormuz-traffic-returns-to-norm
623602,1,0.0010000000000000009,0,11773855.877798,True,False,when-will-the-government-shutdown-end-54
623602,6,0.0010000000000000009,0,11773855.877798,True,False,when-will-the-government-shutdown-end-54
623602,24,0.0010000000000000009,0,11773855.877798,True,False,when-will-the-government-shutdown-end-54
623602,72,0.0010000000000000009,0,11773855.877798,True,False,when-will-the-government-shutdown-end-54
623602,168,0.16000000000000003,0,11773855.877798,True,False,when-will-the-government-shutdown-end-54
623602,720,0.05,0,11773855.877798,True,False,when-will-the-government-shutdown-end-54
2429034,1,0.995,1,11787943.203117052,False,False,iran-closes-its-airspace-by
2429034,6,0.1085424824,1,11787943.203117052,False,False,iran-closes-its-airspace-by
2429034,24,0.027000000000000024,1,11787943.203117052,False,False,iran-closes-its-airspace-by
2429034,72,0.051013478300000026,1,11787943.203117052,False,False,iran-closes-its-airspace-by
520930,1,0.0040000000000000036,0,11760101.336012,False,False,will-trump-remove-jerome-powell
520930,6,0.0010000000000000009,0,11760101.336012,False,False,will-trump-remove-jerome-powell
520930,24,0.0010000000000000009,0,11760101.336012,False,False,will-trump-remove-jerome-powell
520930,72,0.0020001170000000235,0,11760101.336012,False,False,will-trump-remove-jerome-powell
520930,168,0.003000973100000026,0,11760101.336012,False,False,will-trump-remove-jerome-powell
520930,720,0.0239999991,0,11760101.336012,False,False,will-trump-remove-jerome-powell
517020,1,0.998,1,11754769.393814,True,False,highest-grossing-movie-in-2025
517020,6,0.998,1,11754769.393814,True,False,highest-grossing-movie-in-2025
517020,24,0.997,1,11754769.393814,True,False,highest-grossing-movie-in-2025
517020,72,0.996,1,11754769.393814,True,False,highest-grossing-movie-in-2025
517020,168,0.996,1,11754769.393814,True,False,highest-grossing-movie-in-2025
517020,720,0.8909997677,1,11754769.393814,True,False,highest-grossing-movie-in-2025
507876,1,0.0010000000000000009,0,11741770.864215,True,False,nba-champion-2024-2025
507876,6,0.0010000000000000009,0,11741770.864215,True,False,nba-champion-2024-2025
507876,24,0.0010000000000000009,0,11741770.864215,True,False,nba-champion-2024-2025
507876,72,0.0010000000000000009,0,11741770.864215,True,False,nba-champion-2024-2025
507876,168,0.0010000000000000009,0,11741770.864215,True,False,nba-champion-2024-2025
507876,720,0.032,0,11741770.864215,True,False,nba-champion-2024-2025
2754647,1,0.55,0,13711349.766059127,True,True,fifwc-bra-nor-2026-07-05
2754647,6,0.55,0,13711349.766059127,True,True,fifwc-bra-nor-2026-07-05
2754647,24,0.5399999986,0,13711349.766059127,True,True,fifwc-bra-nor-2026-07-05
2754647,72,0.5199999813,0,13711349.766059127,True,True,fifwc-bra-nor-2026-07-05
503011,1,0.0020000000000000018,0,11663215.12,False,False,will-biden-resign-by-july-31
503011,6,0.006,0,11663215.12,False,False,will-biden-resign-by-july-31
503011,24,0.0040000000000000036,0,11663215.12,False,False,will-biden-resign-by-july-31
503011,72,0.01,0,11663215.12,False,False,will-biden-resign-by-july-31
503011,168,0.0489999803,0,11663215.12,False,False,will-biden-resign-by-july-31
503011,720,0.0772994721,0,11663215.12,False,False,will-biden-resign-by-july-31
2170973,1,0.59,0,13065430.291494356,True,True,epl-bou-mac-2026-05-19
2170973,6,0.609999939,0,13065430.291494356,True,True,epl-bou-mac-2026-05-19
2170973,24,0.59,0,13065430.291494356,True,True,epl-bou-mac-2026-05-19
2170973,72,0.56,0,13065430.291494356,True,True,epl-bou-mac-2026-05-19
2170973,168,0.6299999835,0,13065430.291494356,True,True,epl-bou-mac-2026-05-19
631220,1,0.001,0,11637679.639845,True,False,largest-company-end-of-november
631220,6,0.001,0,11637679.639845,True,False,largest-company-end-of-november
631220,24,0.001,0,11637679.639845,True,False,largest-company-end-of-november
631220,72,0.001,0,11637679.639845,True,False,largest-company-end-of-november
631220,168,0.001,0,11637679.639845,True,False,largest-company-end-of-november
631220,720,0.001,0,11637679.639845,True,False,largest-company-end-of-november
500120,1,0.0010000000000000009,0,13006615.346782,True,False,ohio-us-senate-election-winner
500120,6,0.001,0,13006615.346782,True,False,ohio-us-senate-election-winner
500120,24,0.001,0,13006615.346782,True,False,ohio-us-senate-election-winner
500120,72,0.0020000000000000018,0,13006615.346782,True,False,ohio-us-senate-election-winner
500120,168,0.002,0,13006615.346782,True,False,ohio-us-senate-election-winner
500120,720,0.0020000000000000018,0,13006615.346782,True,False,ohio-us-senate-election-winner
517015,1,0.001,0,11628811.048951,True,False,highest-grossing-movie-in-2025
517015,6,0.001,0,11628811.048951,True,False,highest-grossing-movie-in-2025
517015,24,0.0010000000000000009,0,11628811.048951,True,False,highest-grossing-movie-in-2025
517015,72,0.0010000000000000009,0,11628811.048951,True,False,highest-grossing-movie-in-2025
517015,168,0.0010000000000000009,0,11628811.048951,True,False,highest-grossing-movie-in-2025
517015,720,0.0010000000000000009,0,11628811.048951,True,False,highest-grossing-movie-in-2025
2316218,1,0.3299999959,0,11627686.991607988,True,True,ucl-psg-ars-2026-05-30
2316218,6,0.3099999902,0,11627686.991607988,True,True,ucl-psg-ars-2026-05-30
2316218,24,0.3099999836,0,11627686.991607988,True,True,ucl-psg-ars-2026-05-30
2316218,72,0.29999982,0,11627686.991607988,True,True,ucl-psg-ars-2026-05-30
2316218,168,0.30000000000000004,0,11627686.991607988,True,True,ucl-psg-ars-2026-05-30
3688221,1,0.65,1,11578177.229967006,True,True,epl-ast-ars-2026-08-31
3688221,6,0.64,1,11578177.229967006,True,True,epl-ast-ars-2026-08-31
3688221,24,0.64,1,11578177.229967006,True,True,epl-ast-ars-2026-08-31
3688221,72,0.64,1,11578177.229967006,True,True,epl-ast-ars-2026-08-31
3688221,168,0.63,1,11578177.229967006,True,True,epl-ast-ars-2026-08-31
1335034,1,0.4399999894,1,11617612.259371,True,False,ucl-bvb1-ata1-2026-02-17
1335034,6,0.44999999999999996,1,11617612.259371,True,False,ucl-bvb1-ata1-2026-02-17
1335034,24,0.4599997608,1,11617612.259371,True,False,ucl-bvb1-ata1-2026-02-17
1335034,72,0.4899999814,1,11617612.259371,True,False,ucl-bvb1-ata1-2026-02-17
1335034,168,0.47,1,11617612.259371,True,False,ucl-bvb1-ata1-2026-02-17
503190,1,0.0010000000000000009,0,11499090.47,True,False,democratic-vp-nominee
503190,6,0.0010000000000000009,0,11499090.47,True,False,democratic-vp-nominee
503190,24,0.0010000000000000009,0,11499090.47,True,False,democratic-vp-nominee
503190,72,0.0010000000000000009,0,11499090.47,True,False,democratic-vp-nominee
503190,168,0.0010000000000000009,0,11499090.47,True,False,democratic-vp-nominee
503190,720,0.0750102778,0,11499090.47,True,False,democratic-vp-nominee
2740917,1,0.1799998704,0,11490388.328799505,True,True,fifwc-can-mar-2026-07-04
2740917,6,0.16000000000000003,0,11490388.328799505,True,True,fifwc-can-mar-2026-07-04
2740917,24,0.18,0,11490388.328799505,True,True,fifwc-can-mar-2026-07-04
2740917,72,0.1899999908,0,11490388.328799505,True,True,fifwc-can-mar-2026-07-04
525358,1,0.23600001449999997,0,11422382.278709,True,False,f1-drivers-champion
525358,6,0.22699999999999998,0,11422382.278709,True,False,f1-drivers-champion
525358,24,0.2069999704,0,11422382.278709,True,False,f1-drivers-champion
525358,72,0.22699999999999998,0,11422382.278709,True,False,f1-drivers-champion
525358,168,0.0679999383,0,11422382.278709,True,False,f1-drivers-champion
525358,720,0.2119494804,0,11422382.278709,True,False,f1-drivers-champion
2793754,1,0.3299999967,1,11404160.054110978,True,True,fifwc-che-col-2026-07-07
2793754,6,0.32,1,11404160.054110978,True,True,fifwc-che-col-2026-07-07
2793754,24,0.32,1,11404160.054110978,True,True,fifwc-che-col-2026-07-07
2793754,72,0.3099999836,1,11404160.054110978,True,True,fifwc-che-col-2026-07-07
548296,1,0.010000000000000009,0,11890598.366776,False,False,will-tesla-launch-a-driverless-robtotaxi
548296,6,0.015000000000000013,0,11890598.366776,False,False,will-tesla-launch-a-driverless-robtotaxi
548296,24,0.0340000184,0,11890598.366776,False,False,will-tesla-launch-a-driverless-robtotaxi
548296,72,0.07,0,11890598.366776,False,False,will-tesla-launch-a-driverless-robtotaxi
548296,168,0.15000000000000002,0,11890598.366776,False,False,will-tesla-launch-a-driverless-robtotaxi
548296,720,0.18000000979999997,0,11890598.366776,False,False,will-tesla-launch-a-driverless-robtotaxi
571215,1,0.0010000000000000009,0,11898449.341827,True,False,2025-national-heads-up-poker-championshi
571215,6,0.0010000000000000009,0,11898449.341827,True,False,2025-national-heads-up-poker-championshi
571215,24,0.0010000000000000009,0,11898449.341827,True,False,2025-national-heads-up-poker-championshi
571215,72,0.0010000000000000009,0,11898449.341827,True,False,2025-national-heads-up-poker-championshi
571215,168,0.0010000000000000009,0,11898449.341827,True,False,2025-national-heads-up-poker-championshi
571215,720,0.0020000000000000018,0,11898449.341827,True,False,2025-national-heads-up-poker-championshi
690635,1,0.999,1,11385724.578479,False,False,who-will-be-named-in-newly-released-epst
690635,6,0.999,1,11385724.578479,False,False,who-will-be-named-in-newly-released-epst
690635,24,0.999,1,11385724.578479,False,False,who-will-be-named-in-newly-released-epst
690635,72,0.999,1,11385724.578479,False,False,who-will-be-named-in-newly-released-epst
690635,168,0.965,1,11385724.578479,False,False,who-will-be-named-in-newly-released-epst
690635,720,0.07,1,11385724.578479,False,False,who-will-be-named-in-newly-released-epst
509919,1,0.0010000000000000009,0,11373886.175883,True,False,serie-a-winner
509919,6,0.0010000000000000009,0,11373886.175883,True,False,serie-a-winner
509919,24,0.0010000000000000009,0,11373886.175883,True,False,serie-a-winner
509919,72,0.0010000000000000009,0,11373886.175883,True,False,serie-a-winner
509919,168,0.0010000000000000009,0,11373886.175883,True,False,serie-a-winner
509919,720,0.0020000000000000018,0,11373886.175883,True,False,serie-a-winner
957019,1,0.999,1,11324069.03899108,False,False,us-iran-nuclear-deal-by-june-30
957019,6,0.999,1,11324069.03899108,False,False,us-iran-nuclear-deal-by-june-30
957019,24,0.999,1,11324069.03899108,False,False,us-iran-nuclear-deal-by-june-30
957019,72,0.999,1,11324069.03899108,False,False,us-iran-nuclear-deal-by-june-30
957019,168,0.999,1,11324069.03899108,False,False,us-iran-nuclear-deal-by-june-30
957019,720,0.36,1,11324069.03899108,False,False,us-iran-nuclear-deal-by-june-30
541627,1,0.001,0,11376039.492757,True,False,chile-presidential-election
541627,6,0.001,0,11376039.492757,True,False,chile-presidential-election
541627,24,0.0010041304,0,11376039.492757,True,False,chile-presidential-election
541627,72,0.001,0,11376039.492757,True,False,chile-presidential-election
541627,168,0.0010000000000000009,0,11376039.492757,True,False,chile-presidential-election
541627,720,0.0012647059000000516,0,11376039.492757,True,False,chile-presidential-election
514161,1,0.957042068,1,11315209.134728,True,False,germany-parliamentary-election
514161,6,0.965,1,11315209.134728,True,False,germany-parliamentary-election
514161,24,0.9669999999,1,11315209.134728,True,False,germany-parliamentary-election
514161,72,0.958,1,11315209.134728,True,False,germany-parliamentary-election
514161,168,0.96,1,11315209.134728,True,False,germany-parliamentary-election
514161,720,0.9299999814,1,11315209.134728,True,False,germany-parliamentary-election
506008,1,0.0010000000000000009,0,11263774.3642499,True,False,afc-champion
506008,6,0.0010000000000000009,0,11263774.3642499,True,False,afc-champion
506008,24,0.0010000000000000009,0,11263774.3642499,True,False,afc-champion
506008,72,0.0010000000000000009,0,11263774.3642499,True,False,afc-champion
506008,168,0.0010000000000000009,0,11263774.3642499,True,False,afc-champion
506008,720,0.017,0,11263774.3642499,True,False,afc-champion
2690999,1,0.7199999961,1,11274857.04986208,True,True,fifwc-usa-bih-2026-07-01
2690999,6,0.7199999808,1,11274857.04986208,True,True,fifwc-usa-bih-2026-07-01
2690999,24,0.7099999432,1,11274857.04986208,True,True,fifwc-usa-bih-2026-07-01
2690999,72,0.7199999856,1,11274857.04986208,True,True,fifwc-usa-bih-2026-07-01
1708109,1,0.0010000000000000009,0,11190577.830452636,False,False,kharg-island-no-longer-under-iranian-con
1708109,6,0.0010000000000000009,0,11190577.830452636,False,False,kharg-island-no-longer-under-iranian-con
1708109,24,0.0030000000000000027,0,11190577.830452636,False,False,kharg-island-no-longer-under-iranian-con
1708109,72,0.013,0,11190577.830452636,False,False,kharg-island-no-longer-under-iranian-con
1708109,168,0.017000000000000015,0,11190577.830452636,False,False,kharg-island-no-longer-under-iranian-con
1708109,720,0.06000000000000005,0,11190577.830452636,False,False,kharg-island-no-longer-under-iranian-con
504881,1,0.001,0,11192303.07877,True,False,democratic-vp-nominee-on-election-day
504881,6,0.001,0,11192303.07877,True,False,democratic-vp-nominee-on-election-day
504881,24,0.001,0,11192303.07877,True,False,democratic-vp-nominee-on-election-day
504881,72,0.001,0,11192303.07877,True,False,democratic-vp-nominee-on-election-day
504881,168,0.001,0,11192303.07877,True,False,democratic-vp-nominee-on-election-day
504881,720,0.0010000000000000009,0,11192303.07877,True,False,democratic-vp-nominee-on-election-day
551017,1,0.0030000000000000027,0,11176262.09989,False,False,israel-x-hamas-ceasefire-before-august
551017,6,0.01100000000000001,0,11176262.09989,False,False,israel-x-hamas-ceasefire-before-august
551017,24,0.007000000000000006,0,11176262.09989,False,False,israel-x-hamas-ceasefire-before-august
551017,72,0.030000000000000027,0,11176262.09989,False,False,israel-x-hamas-ceasefire-before-august
551017,168,0.3408590137,0,11176262.09989,False,False,israel-x-hamas-ceasefire-before-august
551017,720,0.44999999999999996,0,11176262.09989,False,False,israel-x-hamas-ceasefire-before-august
507419,1,0.001,0,11155452.805379,True,False,fed-interest-rates-december-2024
507419,6,0.001,0,11155452.805379,True,False,fed-interest-rates-december-2024
507419,24,0.001,0,11155452.805379,True,False,fed-interest-rates-december-2024
507419,72,0.0010000000000000009,0,11155452.805379,True,False,fed-interest-rates-december-2024
507419,168,0.0020000000000000018,0,11155452.805379,True,False,fed-interest-rates-december-2024
507419,720,0.0030000000000000027,0,11155452.805379,True,False,fed-interest-rates-december-2024
500631,1,0.38,1,11132803.610888,True,False,balance-of-power-2024-election
500631,6,0.4,1,11132803.610888,True,False,balance-of-power-2024-election
500631,24,0.38,1,11132803.610888,True,False,balance-of-power-2024-election
500631,72,0.38,1,11132803.610888,True,False,balance-of-power-2024-election
500631,168,0.46,1,11132803.610888,True,False,balance-of-power-2024-election
500631,720,0.29,1,11132803.610888,True,False,balance-of-power-2024-election
2069635,1,0.0010000000000000009,0,11152807.781807091,True,True,world-cup-golden-boot-winner
2069635,6,0.072,0,11152807.781807091,True,True,world-cup-golden-boot-winner
2069635,24,0.075,0,11152807.781807091,True,True,world-cup-golden-boot-winner
2069635,72,0.603,0,11152807.781807091,True,True,world-cup-golden-boot-winner
2069635,168,0.34099999999999997,0,11152807.781807091,True,True,world-cup-golden-boot-winner
2069635,720,0.2039999969,0,11152807.781807091,True,True,world-cup-golden-boot-winner
2829167,1,0.1600000131,0,11081162.873585187,True,True,fifwc-esp-bel-2026-07-10
2829167,6,0.16,0,11081162.873585187,True,True,fifwc-esp-bel-2026-07-10
2829167,24,0.1674998677,0,11081162.873585187,True,True,fifwc-esp-bel-2026-07-10
2829167,72,0.16000000000000003,0,11081162.873585187,True,True,fifwc-esp-bel-2026-07-10
517011,1,0.0010000000000000009,0,11060840.318713,True,False,highest-grossing-movie-in-2025
517011,6,0.0020000000000000018,0,11060840.318713,True,False,highest-grossing-movie-in-2025
517011,24,0.0010000000000000009,0,11060840.318713,True,False,highest-grossing-movie-in-2025
517011,72,0.0020000000000000018,0,11060840.318713,True,False,highest-grossing-movie-in-2025
517011,168,0.0010000000000000009,0,11060840.318713,True,False,highest-grossing-movie-in-2025
517011,720,0.025,0,11060840.318713,True,False,highest-grossing-movie-in-2025
1094682,1,0.999,1,11034069.967475,False,False,maduro-in-us-custody-by-january-31
1094682,6,0.999,1,11034069.967475,False,False,maduro-in-us-custody-by-january-31
1094682,24,0.999,1,11034069.967475,False,False,maduro-in-us-custody-by-january-31
1094682,72,0.999,1,11034069.967475,False,False,maduro-in-us-custody-by-january-31
1094682,168,0.999,1,11034069.967475,False,False,maduro-in-us-custody-by-january-31
587981,1,0.0010000000000000009,0,11023838.946488,False,False,monad-airdrop-by
587981,6,0.001,0,11023838.946488,False,False,monad-airdrop-by
587981,24,0.0010000000000000009,0,11023838.946488,False,False,monad-airdrop-by
587981,72,0.0050000000000000044,0,11023838.946488,False,False,monad-airdrop-by
587981,168,0.003,0,11023838.946488,False,False,monad-airdrop-by
587981,720,0.14000002580000004,0,11023838.946488,False,False,monad-airdrop-by
1897037,1,0.3799999833,1,11005658.482559443,True,True,fifwc-kr-cze-2026-06-11
1897037,6,0.3699999674,1,11005658.482559443,True,True,fifwc-kr-cze-2026-06-11
1897037,24,0.37,1,11005658.482559443,True,True,fifwc-kr-cze-2026-06-11
1897037,72,0.3699999272,1,11005658.482559443,True,True,fifwc-kr-cze-2026-06-11
1897037,168,0.3699998631,1,11005658.482559443,True,True,fifwc-kr-cze-2026-06-11
1897037,720,0.35,1,11005658.482559443,True,True,fifwc-kr-cze-2026-06-11
533744,1,0.999,1,11020745.16158,False,False,will-trump-lower-tariffs-on-china-in-apr
533744,6,0.999,1,11020745.16158,False,False,will-trump-lower-tariffs-on-china-in-apr
533744,24,0.999,1,11020745.16158,False,False,will-trump-lower-tariffs-on-china-in-apr
533744,72,0.999,1,11020745.16158,False,False,will-trump-lower-tariffs-on-china-in-apr
533744,168,0.999,1,11020745.16158,False,False,will-trump-lower-tariffs-on-china-in-apr
503972,1,0.0009999990000000292,0,11004839.289589,False,False,biden-resigns-from-presidency-before-ele
503972,6,0.0011279649,0,11004839.289589,False,False,biden-resigns-from-presidency-before-ele
503972,24,0.0036893213,0,11004839.289589,False,False,biden-resigns-from-presidency-before-ele
503972,72,0.0060000002,0,11004839.289589,False,False,biden-resigns-from-presidency-before-ele
503972,168,0.0050000000000000044,0,11004839.289589,False,False,biden-resigns-from-presidency-before-ele
503972,720,0.02400000000000002,0,11004839.289589,False,False,biden-resigns-from-presidency-before-ele
516716,1,0.0020000003000000266,0,10993955.915443,False,False,khamenei-out-as-supreme-leader-of-iran-i
516716,6,0.0030000000000000027,0,10993955.915443,False,False,khamenei-out-as-supreme-leader-of-iran-i
516716,24,0.0040000000000000036,0,10993955.915443,False,False,khamenei-out-as-supreme-leader-of-iran-i
516716,72,0.006000000000000005,0,10993955.915443,False,False,khamenei-out-as-supreme-leader-of-iran-i
516716,168,0.010000000000000009,0,10993955.915443,False,False,khamenei-out-as-supreme-leader-of-iran-i
516716,720,0.03000016679999995,0,10993955.915443,False,False,khamenei-out-as-supreme-leader-of-iran-i
916440,1,0.999,1,10966928.525521,False,False,maduro-out-in-2025
916440,6,0.999,1,10966928.525521,False,False,maduro-out-in-2025
916440,24,0.999,1,10966928.525521,False,False,maduro-out-in-2025
916440,72,0.999,1,10966928.525521,False,False,maduro-out-in-2025
916440,168,0.999,1,10966928.525521,False,False,maduro-out-in-2025
916440,720,0.050000000000000044,1,10966928.525521,False,False,maduro-out-in-2025
504069,1,0.5189999985,1,10906333.42219,True,False,fed-interest-rates-september-2024
504069,6,0.559,1,10906333.42219,True,False,fed-interest-rates-september-2024
504069,24,0.56,1,10906333.42219,True,False,fed-interest-rates-september-2024
504069,72,0.33,1,10906333.42219,True,False,fed-interest-rates-september-2024
504069,168,0.25,1,10906333.42219,True,False,fed-interest-rates-september-2024
504069,720,0.15,1,10906333.42219,True,False,fed-interest-rates-september-2024
504872,1,0.0010000000000000009,0,10905761.722365,True,False,democratic-vp-nominee-on-election-day
504872,6,0.001,0,10905761.722365,True,False,democratic-vp-nominee-on-election-day
504872,24,0.0010000000000000009,0,10905761.722365,True,False,democratic-vp-nominee-on-election-day
504872,72,0.001,0,10905761.722365,True,False,democratic-vp-nominee-on-election-day
504872,168,0.001,0,10905761.722365,True,False,democratic-vp-nominee-on-election-day
504872,720,0.0020000000000000018,0,10905761.722365,True,False,democratic-vp-nominee-on-election-day
509219,1,0.08,0,10836422.212859,True,False,nevada-margin-of-victory
509219,6,0.07999999999999996,0,10836422.212859,True,False,nevada-margin-of-victory
509219,24,0.07999999999999996,0,10836422.212859,True,False,nevada-margin-of-victory
509219,72,0.0891048593,0,10836422.212859,True,False,nevada-margin-of-victory
509219,168,0.06000000000000005,0,10836422.212859,True,False,nevada-margin-of-victory
2718925,1,0.4899999967,1,10803367.559351003,True,True,fifwc-che-alg-2026-07-02
2718925,6,0.4875,1,10803367.559351003,True,True,fifwc-che-alg-2026-07-02
2718925,24,0.4699998778,1,10803367.559351003,True,True,fifwc-che-alg-2026-07-02
2718925,72,0.47,1,10803367.559351003,True,True,fifwc-che-alg-2026-07-02
1897040,1,0.5399999939,0,10789560.30480742,True,True,fifwc-can-bih-2026-06-12
1897040,6,0.54,0,10789560.30480742,True,True,fifwc-can-bih-2026-06-12
1897040,24,0.5299999556,0,10789560.30480742,True,True,fifwc-can-bih-2026-06-12
1897040,72,0.54,0,10789560.30480742,True,True,fifwc-can-bih-2026-06-12
1897040,168,0.54,0,10789560.30480742,True,True,fifwc-can-bih-2026-06-12
1897040,720,0.55,0,10789560.30480742,True,True,fifwc-can-bih-2026-06-12
514368,1,0.0020000000000000018,0,10676794.972932,False,False,what-price-will-bitcoin-hit-in-december
514368,6,0.0020000000000000018,0,10676794.972932,False,False,what-price-will-bitcoin-hit-in-december
514368,24,0.005,0,10676794.972932,False,False,what-price-will-bitcoin-hit-in-december
514368,72,0.014,0,10676794.972932,False,False,what-price-will-bitcoin-hit-in-december
514368,168,0.07000000090000003,0,10676794.972932,False,False,what-price-will-bitcoin-hit-in-december
1209706,1,0.5899999947,1,10673406.910317,True,False,epl-liv-new-2026-01-31
1209706,6,0.5599998432,1,10673406.910317,True,False,epl-liv-new-2026-01-31
1209706,24,0.54,1,10673406.910317,True,False,epl-liv-new-2026-01-31
1209706,72,0.5499999641,1,10673406.910317,True,False,epl-liv-new-2026-01-31
1209706,168,0.55,1,10673406.910317,True,False,epl-liv-new-2026-01-31
1119646,1,0.0010000000000000009,0,10643992.245096,False,True,new-stranger-things-episode-released-by-
1119646,6,0.0020000000000000018,0,10643992.245096,False,True,new-stranger-things-episode-released-by-
1119646,24,0.0010000000000000009,0,10643992.245096,False,True,new-stranger-things-episode-released-by-
1119646,72,0.001,0,10643992.245096,False,True,new-stranger-things-episode-released-by-
1119646,168,0.004000473700000007,0,10643992.245096,False,True,new-stranger-things-episode-released-by-
1897311,1,0.1919999739,1,10670888.380003048,True,True,fifwc-ecu-ger-2026-06-25
1897311,6,0.18300000000000005,1,10670888.380003048,True,True,fifwc-ecu-ger-2026-06-25
1897311,24,0.25,1,10670888.380003048,True,True,fifwc-ecu-ger-2026-06-25
1897311,72,0.2599999978,1,10670888.380003048,True,True,fifwc-ecu-ger-2026-06-25
1897311,168,0.2,1,10670888.380003048,True,True,fifwc-ecu-ger-2026-06-25
1897311,720,0.19999999999999996,1,10670888.380003048,True,True,fifwc-ecu-ger-2026-06-25
540211,1,0.0010000000000000009,0,10640593.553636,True,False,super-bowl-champion-2026-731
540211,6,0.0010000000000000009,0,10640593.553636,True,False,super-bowl-champion-2026-731
540211,24,0.0010000000000000009,0,10640593.553636,True,False,super-bowl-champion-2026-731
540211,72,0.0010000000000000009,0,10640593.553636,True,False,super-bowl-champion-2026-731
540211,168,0.0010000000000000009,0,10640593.553636,True,False,super-bowl-champion-2026-731
540211,720,0.03300000000000003,0,10640593.553636,True,False,super-bowl-champion-2026-731
2092843,1,0.5700000089999999,1,10618784.457511151,True,True,lal-bar-rea-2026-05-10
2092843,6,0.6,1,10618784.457511151,True,True,lal-bar-rea-2026-05-10
2092843,24,0.5999999815,1,10618784.457511151,True,True,lal-bar-rea-2026-05-10
2092843,72,0.6,1,10618784.457511151,True,True,lal-bar-rea-2026-05-10
2092843,168,0.54,1,10618784.457511151,True,True,lal-bar-rea-2026-05-10
701290,1,0.001,0,10607442.318742946,False,False,will-china-invade-taiwan-by-march-31-202
701290,6,0.0010000000000000009,0,10607442.318742946,False,False,will-china-invade-taiwan-by-march-31-202
701290,24,0.0010000000000000009,0,10607442.318742946,False,False,will-china-invade-taiwan-by-march-31-202
701290,72,0.0015597025,0,10607442.318742946,False,False,will-china-invade-taiwan-by-march-31-202
701290,168,0.005,0,10607442.318742946,False,False,will-china-invade-taiwan-by-march-31-202
701290,720,0.02900000140000003,0,10607442.318742946,False,False,will-china-invade-taiwan-by-march-31-202
555827,1,0.001,0,10523451.346859,True,False,time-2025-person-of-the-year
555827,6,0.001,0,10523451.346859,True,False,time-2025-person-of-the-year
555827,24,0.001,0,10523451.346859,True,False,time-2025-person-of-the-year
555827,72,0.001,0,10523451.346859,True,False,time-2025-person-of-the-year
555827,168,0.001,0,10523451.346859,True,False,time-2025-person-of-the-year
555827,720,0.0010000000000000009,0,10523451.346859,True,False,time-2025-person-of-the-year
525410,1,0.32,1,10561644.990771,True,False,world-series-champion-2025
525410,6,0.31,1,10561644.990771,True,False,world-series-champion-2025
525410,24,0.32,1,10561644.990771,True,False,world-series-champion-2025
525410,72,0.79,1,10561644.990771,True,False,world-series-champion-2025
525410,168,0.7099999986,1,10561644.990771,True,False,world-series-champion-2025
525410,720,0.2199999985,1,10561644.990771,True,False,world-series-champion-2025
2034723,1,0.0010000000000000009,0,11225287.27295614,False,True,will-the-us-confirm-that-aliens-exist-be
2034723,6,0.0010000000000000009,0,11225287.27295614,False,True,will-the-us-confirm-that-aliens-exist-be
2034723,24,0.0010000000000000009,0,11225287.27295614,False,True,will-the-us-confirm-that-aliens-exist-be
2034723,72,0.001,0,11225287.27295614,False,True,will-the-us-confirm-that-aliens-exist-be
2034723,168,0.014000000000000012,0,11225287.27295614,False,True,will-the-us-confirm-that-aliens-exist-be
2034723,720,0.019000000699999964,0,11225287.27295614,False,True,will-the-us-confirm-that-aliens-exist-be
635222,1,0.0010000000000000009,0,10483734.021399,True,False,1-searched-person-on-google-this-year
635222,6,0.0010000000000000009,0,10483734.021399,True,False,1-searched-person-on-google-this-year
635222,24,0.0010000000000000009,0,10483734.021399,True,False,1-searched-person-on-google-this-year
635222,72,0.0010000000000000009,0,10483734.021399,True,False,1-searched-person-on-google-this-year
635222,168,0.0010000000000000009,0,10483734.021399,True,False,1-searched-person-on-google-this-year
635222,720,0.1,0,10483734.021399,True,False,1-searched-person-on-google-this-year
505036,1,0.001,0,10474614.47247,True,False,fantasy-football-top-flex-2024
505036,6,0.001,0,10474614.47247,True,False,fantasy-football-top-flex-2024
505036,24,0.001,0,10474614.47247,True,False,fantasy-football-top-flex-2024
505036,72,0.0010000000000000009,0,10474614.47247,True,False,fantasy-football-top-flex-2024
505036,168,0.0010000000000000009,0,10474614.47247,True,False,fantasy-football-top-flex-2024
505036,720,0.0020000000000000018,0,10474614.47247,True,False,fantasy-football-top-flex-2024
504883,1,0.0010000000000000009,0,10481810.746408,True,False,democratic-vp-nominee-on-election-day
504883,6,0.0010000000000000009,0,10481810.746408,True,False,democratic-vp-nominee-on-election-day
504883,24,0.0010000000000000009,0,10481810.746408,True,False,democratic-vp-nominee-on-election-day
504883,72,0.001,0,10481810.746408,True,False,democratic-vp-nominee-on-election-day
504883,168,0.001,0,10481810.746408,True,False,democratic-vp-nominee-on-election-day
504883,720,0.0020000000000000018,0,10481810.746408,True,False,democratic-vp-nominee-on-election-day
1897034,1,0.7,1,10340701.03032523,True,True,fifwc-mex-rsa-2026-06-11
1897034,6,0.699999972,1,10340701.03032523,True,True,fifwc-mex-rsa-2026-06-11
1897034,24,0.7,1,10340701.03032523,True,True,fifwc-mex-rsa-2026-06-11
1897034,72,0.69,1,10340701.03032523,True,True,fifwc-mex-rsa-2026-06-11
1897034,168,0.7,1,10340701.03032523,True,True,fifwc-mex-rsa-2026-06-11
1897034,720,0.65,1,10340701.03032523,True,True,fifwc-mex-rsa-2026-06-11
255143,1,0.6099998597,0,10404102.083081,True,False,michigan-presidential-election-winner
255143,6,0.619999969,0,10404102.083081,True,False,michigan-presidential-election-winner
255143,24,0.6,0,10404102.083081,True,False,michigan-presidential-election-winner
255143,72,0.5899998275,0,10404102.083081,True,False,michigan-presidential-election-winner
255143,168,0.4599779189,0,10404102.083081,True,False,michigan-presidential-election-winner
255143,720,0.529998198,0,10404102.083081,True,False,michigan-presidential-election-winner
504588,1,0.001,0,10228496.464075,True,False,fed-interest-rates-december-2024
504588,6,0.001,0,10228496.464075,True,False,fed-interest-rates-december-2024
504588,24,0.001,0,10228496.464075,True,False,fed-interest-rates-december-2024
504588,72,0.001,0,10228496.464075,True,False,fed-interest-rates-december-2024
504588,168,0.0020000000000000018,0,10228496.464075,True,False,fed-interest-rates-december-2024
504588,720,0.0050000000000000044,0,10228496.464075,True,False,fed-interest-rates-december-2024
517013,1,0.0010000000000000009,0,10206722.937634,True,False,highest-grossing-movie-in-2025
517013,6,0.001,0,10206722.937634,True,False,highest-grossing-movie-in-2025
517013,24,0.001,0,10206722.937634,True,False,highest-grossing-movie-in-2025
517013,72,0.0010000000000000009,0,10206722.937634,True,False,highest-grossing-movie-in-2025
517013,168,0.0010000000000000009,0,10206722.937634,True,False,highest-grossing-movie-in-2025
517013,720,0.0010000000000000009,0,10206722.937634,True,False,highest-grossing-movie-in-2025
1473072,1,0.999,1,10122349.055545038,False,False,what-price-will-bitcoin-hit-in-march-202
1473072,6,0.999,1,10122349.055545038,False,False,what-price-will-bitcoin-hit-in-march-202
1473072,24,0.999,1,10122349.055545038,False,False,what-price-will-bitcoin-hit-in-march-202
1473072,72,0.449,1,10122349.055545038,False,False,what-price-will-bitcoin-hit-in-march-202
1473072,168,0.206,1,10122349.055545038,False,False,what-price-will-bitcoin-hit-in-march-202
1473072,720,0.8449456624,1,10122349.055545038,False,False,what-price-will-bitcoin-hit-in-march-202
515539,1,0.016000000000000014,0,10202409.081955,False,False,bitcoin-above-100000-on-december-20
515539,6,0.14,0,10202409.081955,False,False,bitcoin-above-100000-on-december-20
515539,24,0.81,0,10202409.081955,False,False,bitcoin-above-100000-on-december-20
515539,72,0.91,0,10202409.081955,False,False,bitcoin-above-100000-on-december-20
514215,1,0.6,1,10177786.150918,False,False,bitcoin-above-98000-on-december-6
514215,6,0.5404402177000001,1,10177786.150918,False,False,bitcoin-above-98000-on-december-6
514215,24,0.94,1,10177786.150918,False,False,bitcoin-above-98000-on-december-6
514215,72,0.27,1,10177786.150918,False,False,bitcoin-above-98000-on-december-6
255198,1,0.001,0,10128418.660898,True,False,virginia-presidential-election-winner
255198,6,0.0010000000000000009,0,10128418.660898,True,False,virginia-presidential-election-winner
255198,24,0.0010000000000000009,0,10128418.660898,True,False,virginia-presidential-election-winner
255198,72,0.001,0,10128418.660898,True,False,virginia-presidential-election-winner
255198,168,0.001,0,10128418.660898,True,False,virginia-presidential-election-winner
255198,720,0.0030000000000000027,0,10128418.660898,True,False,virginia-presidential-election-winner
1384029,1,0.64,1,10093606.974152,True,False,epl-ars-che-2026-03-01
1384029,6,0.63,1,10093606.974152,True,False,epl-ars-che-2026-03-01
1384029,24,0.6199999864,1,10093606.974152,True,False,epl-ars-che-2026-03-01
1384029,72,0.6,1,10093606.974152,True,False,epl-ars-che-2026-03-01
1384029,168,0.56,1,10093606.974152,True,False,epl-ars-che-2026-03-01
571200,1,0.001,0,10066191.394629,True,False,2025-national-heads-up-poker-championshi
571200,6,0.001,0,10066191.394629,True,False,2025-national-heads-up-poker-championshi
571200,24,0.001,0,10066191.394629,True,False,2025-national-heads-up-poker-championshi
571200,72,0.001,0,10066191.394629,True,False,2025-national-heads-up-poker-championshi
571200,168,0.001,0,10066191.394629,True,False,2025-national-heads-up-poker-championshi
571200,720,0.0020000000000000018,0,10066191.394629,True,False,2025-national-heads-up-poker-championshi
1138265,1,0.5099998317,1,9940935.873046,True,False,ucl-olm1-liv1-2026-01-21
1138265,6,0.5,1,9940935.873046,True,False,ucl-olm1-liv1-2026-01-21
1138265,24,0.4899999966,1,9940935.873046,True,False,ucl-olm1-liv1-2026-01-21
1138265,72,0.49,1,9940935.873046,True,False,ucl-olm1-liv1-2026-01-21
1138265,168,0.51,1,9940935.873046,True,False,ucl-olm1-liv1-2026-01-21
2159870,1,0.34,0,9968465.165516004,False,True,what-will-trump-say-during-bilateral-eve
2159870,6,0.3859857433,0,9968465.165516004,False,True,what-will-trump-say-during-bilateral-eve
2159870,24,0.62,0,9968465.165516004,False,True,what-will-trump-say-during-bilateral-eve
2159870,72,0.6946339522,0,9968465.165516004,False,True,what-will-trump-say-during-bilateral-eve
2159870,168,0.6799998912,0,9968465.165516004,False,True,what-will-trump-say-during-bilateral-eve
540235,1,0.001,0,9903531.613511,True,False,super-bowl-champion-2026-731
540235,6,0.001,0,9903531.613511,True,False,super-bowl-champion-2026-731
540235,24,0.001,0,9903531.613511,True,False,super-bowl-champion-2026-731
540235,72,0.001,0,9903531.613511,True,False,super-bowl-champion-2026-731
540235,168,0.001,0,9903531.613511,True,False,super-bowl-champion-2026-731
540235,720,0.001,0,9903531.613511,True,False,super-bowl-champion-2026-731
1897437,1,0.5899998466,1,9889793.045153989,True,True,fifwc-cdr-uzb-2026-06-27
1897437,6,0.58,1,9889793.045153989,True,True,fifwc-cdr-uzb-2026-06-27
1897437,24,0.5599998432,1,9889793.045153989,True,True,fifwc-cdr-uzb-2026-06-27
1897437,72,0.549999956,1,9889793.045153989,True,True,fifwc-cdr-uzb-2026-06-27
1897437,168,0.46,1,9889793.045153989,True,True,fifwc-cdr-uzb-2026-06-27
1897437,720,0.3899998479,1,9889793.045153989,True,True,fifwc-cdr-uzb-2026-06-27
572190,1,0.001,0,9887489.907,True,False,top-spotify-artist-2025-146
572190,6,0.001,0,9887489.907,True,False,top-spotify-artist-2025-146
572190,24,0.001,0,9887489.907,True,False,top-spotify-artist-2025-146
572190,72,0.001,0,9887489.907,True,False,top-spotify-artist-2025-146
572190,168,0.001,0,9887489.907,True,False,top-spotify-artist-2025-146
572190,720,0.001,0,9887489.907,True,False,top-spotify-artist-2025-146
1193623,1,0.6499999935,0,9860208.306297,True,False,ucl-psg1-new1-2026-01-28
1193623,6,0.59999994,0,9860208.306297,True,False,ucl-psg1-new1-2026-01-28
1193623,24,0.6499999594,0,9860208.306297,True,False,ucl-psg1-new1-2026-01-28
1193623,72,0.66,0,9860208.306297,True,False,ucl-psg1-new1-2026-01-28
1193623,168,0.6790693579,0,9860208.306297,True,False,ucl-psg1-new1-2026-01-28
513499,1,0.53,0,9846390.507191,False,False,will-bitcoin-hit-100k-by-november-22
513499,6,0.69,0,9846390.507191,False,False,will-bitcoin-hit-100k-by-november-22
513499,24,0.5,0,9846390.507191,False,False,will-bitcoin-hit-100k-by-november-22
623604,1,0.001,0,9839429.155274,True,False,when-will-the-government-shutdown-end-54
623604,6,0.001,0,9839429.155274,True,False,when-will-the-government-shutdown-end-54
623604,24,0.001,0,9839429.155274,True,False,when-will-the-government-shutdown-end-54
623604,72,0.0290000002,0,9839429.155274,True,False,when-will-the-government-shutdown-end-54
623604,168,0.4933828083,0,9839429.155274,True,False,when-will-the-government-shutdown-end-54
623604,720,0.3269999864,0,9839429.155274,True,False,when-will-the-government-shutdown-end-54
253640,1,0.001,0,9829356.367,True,False,presidential-election-winner-2024
253640,6,0.001,0,9829356.367,True,False,presidential-election-winner-2024
253640,24,0.001,0,9829356.367,True,False,presidential-election-winner-2024
253640,72,0.001,0,9829356.367,True,False,presidential-election-winner-2024
253640,168,0.001,0,9829356.367,True,False,presidential-election-winner-2024
253640,720,0.001,0,9829356.367,True,False,presidential-election-winner-2024
2891672,1,0.5299999966,1,9807274.702009901,False,True,fifwc-eng-arg-2026-07-15-more-markets
2891672,6,0.52,1,9807274.702009901,False,True,fifwc-eng-arg-2026-07-15-more-markets
2891672,24,0.5099998317,1,9807274.702009901,False,True,fifwc-eng-arg-2026-07-15-more-markets
2891672,72,0.5199999834,1,9807274.702009901,False,True,fifwc-eng-arg-2026-07-15-more-markets
518009,1,0.8700000211,1,9824901.649265,False,False,us-government-funding-lapse-on-march-15
518009,6,0.91,1,9824901.649265,False,False,us-government-funding-lapse-on-march-15
518009,24,0.21000000110000006,1,9824901.649265,False,False,us-government-funding-lapse-on-march-15
518009,72,0.22999999999999998,1,9824901.649265,False,False,us-government-funding-lapse-on-march-15
518009,168,0.26,1,9824901.649265,False,False,us-government-funding-lapse-on-march-15
518009,720,0.62,1,9824901.649265,False,False,us-government-funding-lapse-on-march-15
1273609,1,0.25,0,9750255.569183,False,False,us-strikes-iran-by
1273609,6,0.25,0,9750255.569183,False,False,us-strikes-iran-by
1273609,24,0.3300000232,0,9750255.569183,False,False,us-strikes-iran-by
1273609,72,0.2099999922,0,9750255.569183,False,False,us-strikes-iran-by
929155,1,0.0010000000000000009,0,9727413.453505,True,False,what-day-will-the-lighter-airdrop-be
929155,6,0.0010000000000000009,0,9727413.453505,True,False,what-day-will-the-lighter-airdrop-be
929155,24,0.15000000000000002,0,9727413.453505,True,False,what-day-will-the-lighter-airdrop-be
929155,72,0.74,0,9727413.453505,True,False,what-day-will-the-lighter-airdrop-be
929155,168,0.7693606,0,9727413.453505,True,False,what-day-will-the-lighter-airdrop-be
537882,1,0.999,1,9671895.18163,False,False,tiktok-sale-announced-in-2025
537882,6,0.999,1,9671895.18163,False,False,tiktok-sale-announced-in-2025
537882,24,0.999,1,9671895.18163,False,False,tiktok-sale-announced-in-2025
537882,72,0.999,1,9671895.18163,False,False,tiktok-sale-announced-in-2025
537882,168,0.999,1,9671895.18163,False,False,tiktok-sale-announced-in-2025
537882,720,0.08999999999999997,1,9671895.18163,False,False,tiktok-sale-announced-in-2025
505567,1,0.9300000031,1,9659775.26,False,False,will-rfk-jr-drop-out-by-aug-23
505567,6,0.9,1,9659775.26,False,False,will-rfk-jr-drop-out-by-aug-23
505567,24,0.89,1,9659775.26,False,False,will-rfk-jr-drop-out-by-aug-23
255145,1,0.001,0,9629392.83715,True,False,michigan-presidential-election-winner
255145,6,0.001,0,9629392.83715,True,False,michigan-presidential-election-winner
255145,24,0.001,0,9629392.83715,True,False,michigan-presidential-election-winner
255145,72,0.001,0,9629392.83715,True,False,michigan-presidential-election-winner
255145,168,0.001,0,9629392.83715,True,False,michigan-presidential-election-winner
255145,720,0.0010000000000000009,0,9629392.83715,True,False,michigan-presidential-election-winner
507883,1,0.0010000000000000009,0,9626994.082908,True,False,nba-champion-2024-2025
507883,6,0.0010000000000000009,0,9626994.082908,True,False,nba-champion-2024-2025
507883,24,0.0010000000000000009,0,9626994.082908,True,False,nba-champion-2024-2025
507883,72,0.0010000000000000009,0,9626994.082908,True,False,nba-champion-2024-2025
507883,168,0.0010000000000000009,0,9626994.082908,True,False,nba-champion-2024-2025
507883,720,0.048,0,9626994.082908,True,False,nba-champion-2024-2025
506103,1,0.001,0,9584927.109699,True,False,nfl-mvp-1
506103,6,0.001,0,9584927.109699,True,False,nfl-mvp-1
506103,24,0.001,0,9584927.109699,True,False,nfl-mvp-1
506103,72,0.001,0,9584927.109699,True,False,nfl-mvp-1
506103,168,0.001,0,9584927.109699,True,False,nfl-mvp-1
506103,720,0.001,0,9584927.109699,True,False,nfl-mvp-1
1632763,1,0.0010000000000000009,0,9575896.405742953,False,False,netanyahu-out-before-2027
1632763,6,0.0010000000000000009,0,9575896.405742953,False,False,netanyahu-out-before-2027
1632763,24,0.0020000000000000018,0,9575896.405742953,False,False,netanyahu-out-before-2027
1632763,72,0.002,0,9575896.405742953,False,False,netanyahu-out-before-2027
1632763,168,0.007000000000000006,0,9575896.405742953,False,False,netanyahu-out-before-2027
1632763,720,0.02400000000000002,0,9575896.405742953,False,False,netanyahu-out-before-2027
666646,1,0.0010000000000000009,0,9575649.779967,False,False,lighter-market-cap-fdv-one-day-after-lau
666646,6,0.0010000000000000009,0,9575649.779967,False,False,lighter-market-cap-fdv-one-day-after-lau
666646,24,0.06,0,9575649.779967,False,False,lighter-market-cap-fdv-one-day-after-lau
666646,72,0.5299997376,0,9575649.779967,False,False,lighter-market-cap-fdv-one-day-after-lau
666646,168,0.53,0,9575649.779967,False,False,lighter-market-cap-fdv-one-day-after-lau
666646,720,0.48,0,9575649.779967,False,False,lighter-market-cap-fdv-one-day-after-lau
568634,1,0.0010000000000000009,0,9561874.596762056,True,False,the-masters-winner-2026
568634,6,0.0010000000000000009,0,9561874.596762056,True,False,the-masters-winner-2026
568634,24,0.001,0,9561874.596762056,True,False,the-masters-winner-2026
568634,72,0.0800857143,0,9561874.596762056,True,False,the-masters-winner-2026
568634,168,0.05400000000000005,0,9561874.596762056,True,False,the-masters-winner-2026
568634,720,0.04600000000000004,0,9561874.596762056,True,False,the-masters-winner-2026
1439560,1,0.0030000000000000027,0,9527883.414922891,False,False,russia-x-ukraine-ceasefire-by-april-30-2
1439560,6,0.002,0,9527883.414922891,False,False,russia-x-ukraine-ceasefire-by-april-30-2
1439560,24,0.0030000000000000027,0,9527883.414922891,False,False,russia-x-ukraine-ceasefire-by-april-30-2
1439560,72,0.002,0,9527883.414922891,False,False,russia-x-ukraine-ceasefire-by-april-30-2
1439560,168,0.009020650500000005,0,9527883.414922891,False,False,russia-x-ukraine-ceasefire-by-april-30-2
1439560,720,0.029000065900000038,0,9527883.414922891,False,False,russia-x-ukraine-ceasefire-by-april-30-2
1897254,1,0.64,1,9532218.851709109,True,True,fifwc-col-cdr-2026-06-23
1897254,6,0.64,1,9532218.851709109,True,True,fifwc-col-cdr-2026-06-23
1897254,24,0.64,1,9532218.851709109,True,True,fifwc-col-cdr-2026-06-23
1897254,72,0.65,1,9532218.851709109,True,True,fifwc-col-cdr-2026-06-23
1897254,168,0.6599999999999999,1,9532218.851709109,True,True,fifwc-col-cdr-2026-06-23
1897254,720,0.6600000165,1,9532218.851709109,True,True,fifwc-col-cdr-2026-06-23
1352590,1,0.43,0,9542375.599363,True,False,cdr-atm-fcb-2026-02-12
1352590,6,0.41000000000000003,0,9542375.599363,True,False,cdr-atm-fcb-2026-02-12
1352590,24,0.439999923,0,9542375.599363,True,False,cdr-atm-fcb-2026-02-12
1352590,72,0.439999912,0,9542375.599363,True,False,cdr-atm-fcb-2026-02-12
516877,1,0.0010000000000000009,0,9995564.195892,False,False,what-price-will-ethereum-hit-in-2025
516877,6,0.0010000000000000009,0,9995564.195892,False,False,what-price-will-ethereum-hit-in-2025
516877,24,0.0010000000000000009,0,9995564.195892,False,False,what-price-will-ethereum-hit-in-2025
516877,72,0.001,0,9995564.195892,False,False,what-price-will-ethereum-hit-in-2025
516877,168,0.0030000000000000027,0,9995564.195892,False,False,what-price-will-ethereum-hit-in-2025
516877,720,0.008000000000000007,0,9995564.195892,False,False,what-price-will-ethereum-hit-in-2025
522036,1,0.51,1,10056695.402617,False,False,bitcoin-above-97000-on-february-14
522036,6,0.41,1,10056695.402617,False,False,bitcoin-above-97000-on-february-14
522036,24,0.3699999681,1,10056695.402617,False,False,bitcoin-above-97000-on-february-14
522036,72,0.63,1,10056695.402617,False,False,bitcoin-above-97000-on-february-14
522036,168,0.56,1,10056695.402617,False,False,bitcoin-above-97000-on-february-14
1662802,1,0.009000000000000008,0,9488906.00515208,False,False,trump-announces-end-of-military-operatio
1662802,6,0.014000000000000012,0,9488906.00515208,False,False,trump-announces-end-of-military-operatio
1662802,24,0.05500000000000005,0,9488906.00515208,False,False,trump-announces-end-of-military-operatio
1662802,72,0.069999944,0,9488906.00515208,False,False,trump-announces-end-of-military-operatio
1662802,168,0.1,0,9488906.00515208,False,False,trump-announces-end-of-military-operatio
687200,1,0.0010000000000000009,0,9479018.595278,False,False,what-price-will-bitcoin-hit-in-2025
687200,6,0.0010000000000000009,0,9479018.595278,False,False,what-price-will-bitcoin-hit-in-2025
687200,24,0.0030000000000000027,0,9479018.595278,False,False,what-price-will-bitcoin-hit-in-2025
687200,72,0.03,0,9479018.595278,False,False,what-price-will-bitcoin-hit-in-2025
687200,168,0.027000000000000024,0,9479018.595278,False,False,what-price-will-bitcoin-hit-in-2025
687200,720,0.29,0,9479018.595278,False,False,what-price-will-bitcoin-hit-in-2025
504874,1,0.001,0,9478960.092443,True,False,democratic-vp-nominee-on-election-day
504874,6,0.001,0,9478960.092443,True,False,democratic-vp-nominee-on-election-day
504874,24,0.0010000000000000009,0,9478960.092443,True,False,democratic-vp-nominee-on-election-day
504874,72,0.001,0,9478960.092443,True,False,democratic-vp-nominee-on-election-day
504874,168,0.001,0,9478960.092443,True,False,democratic-vp-nominee-on-election-day
504874,720,0.0010000000000000009,0,9478960.092443,True,False,democratic-vp-nominee-on-election-day
1477563,1,0.0010000000000000009,0,9471175.115201969,False,False,will-crude-oil-cl-hit-by-end-of-march
1477563,6,0.002,0,9471175.115201969,False,False,will-crude-oil-cl-hit-by-end-of-march
1477563,24,0.009000000000000008,0,9471175.115201969,False,False,will-crude-oil-cl-hit-by-end-of-march
1477563,72,0.0101424722,0,9471175.115201969,False,False,will-crude-oil-cl-hit-by-end-of-march
1477563,168,0.02100000000000002,0,9471175.115201969,False,False,will-crude-oil-cl-hit-by-end-of-march
506006,1,0.0020000000000000018,0,9466873.29085309,True,False,global-heat-increase-2024
506006,6,0.0030000000000000027,0,9466873.29085309,True,False,global-heat-increase-2024
506006,24,0.003000173100000003,0,9466873.29085309,True,False,global-heat-increase-2024
506006,72,0.0030000000000000027,0,9466873.29085309,True,False,global-heat-increase-2024
506006,168,0.0010000000000000009,0,9466873.29085309,True,False,global-heat-increase-2024
506006,720,0.0040000000000000036,0,9466873.29085309,True,False,global-heat-increase-2024
255103,1,0.0020000000000000018,0,9443651.744845,True,False,illinois-presidential-election-winner
255103,6,0.001,0,9443651.744845,True,False,illinois-presidential-election-winner
255103,24,0.0010000000000000009,0,9443651.744845,True,False,illinois-presidential-election-winner
255103,72,0.003,0,9443651.744845,True,False,illinois-presidential-election-winner
255103,168,0.0010000000000000009,0,9443651.744845,True,False,illinois-presidential-election-winner
255103,720,0.003,0,9443651.744845,True,False,illinois-presidential-election-winner
509536,1,0.0010000000000000009,0,9427745.240114,True,False,nba-scoring-leader
509536,6,0.0010000000000000009,0,9427745.240114,True,False,nba-scoring-leader
509536,24,0.0010000000000000009,0,9427745.240114,True,False,nba-scoring-leader
509536,72,0.0010000000000000009,0,9427745.240114,True,False,nba-scoring-leader
509536,168,0.001,0,9427745.240114,True,False,nba-scoring-leader
509536,720,0.0010000000000000009,0,9427745.240114,True,False,nba-scoring-leader
255322,1,0.0010001358000000238,0,9422713.94942905,False,False,will-bitcoin-hit-250k-in-2024
255322,6,0.0010000023999999774,0,9422713.94942905,False,False,will-bitcoin-hit-250k-in-2024
255322,24,0.0019910909,0,9422713.94942905,False,False,will-bitcoin-hit-250k-in-2024
255322,72,0.0010000000000000009,0,9422713.94942905,False,False,will-bitcoin-hit-250k-in-2024
255322,168,0.0030000157999999777,0,9422713.94942905,False,False,will-bitcoin-hit-250k-in-2024
255322,720,0.017000000999999987,0,9422713.94942905,False,False,will-bitcoin-hit-250k-in-2024
2766776,1,0.3499999985,1,9380330.243092118,True,True,fifwc-usa-bel-2026-07-06
2766776,6,0.34,1,9380330.243092118,True,True,fifwc-usa-bel-2026-07-06
2766776,24,0.3699998631,1,9380330.243092118,True,True,fifwc-usa-bel-2026-07-06
2766776,72,0.3799999012,1,9380330.243092118,True,True,fifwc-usa-bel-2026-07-06
1972137,1,0.06000000000000005,0,9359876.895693928,False,False,trump-announces-us-blockade-of-hormuz-li
1972137,6,0.10999999999999999,0,9359876.895693928,False,False,trump-announces-us-blockade-of-hormuz-li
1972137,24,0.29000000000000004,0,9359876.895693928,False,False,trump-announces-us-blockade-of-hormuz-li
1972137,72,0.22,0,9359876.895693928,False,False,trump-announces-us-blockade-of-hormuz-li
1972137,168,0.67,0,9359876.895693928,False,False,trump-announces-us-blockade-of-hormuz-li
1972137,720,0.4,0,9359876.895693928,False,False,trump-announces-us-blockade-of-hormuz-li
1897228,1,0.8599999996,1,9364518.518527128,True,True,fifwc-prt-uzb-2026-06-23
1897228,6,0.86,1,9364518.518527128,True,True,fifwc-prt-uzb-2026-06-23
1897228,24,0.8299999715,1,9364518.518527128,True,True,fifwc-prt-uzb-2026-06-23
1897228,72,0.8199999836,1,9364518.518527128,True,True,fifwc-prt-uzb-2026-06-23
1897228,168,0.79,1,9364518.518527128,True,True,fifwc-prt-uzb-2026-06-23
1897228,720,0.8199999836,1,9364518.518527128,True,True,fifwc-prt-uzb-2026-06-23
538936,1,0.001,0,9355140.22698,True,False,new-york-city-mayoral-election
538936,6,0.001,0,9355140.22698,True,False,new-york-city-mayoral-election
538936,24,0.001,0,9355140.22698,True,False,new-york-city-mayoral-election
538936,72,0.001,0,9355140.22698,True,False,new-york-city-mayoral-election
538936,168,0.001,0,9355140.22698,True,False,new-york-city-mayoral-election
538936,720,0.001,0,9355140.22698,True,False,new-york-city-mayoral-election
2707627,1,0.08000033149999997,0,9348265.639179068,True,True,fifwc-ger-par-2026-06-29
2707627,6,0.1,0,9348265.639179068,True,True,fifwc-ger-par-2026-06-29
2707627,24,0.0899999599,0,9348265.639179068,True,True,fifwc-ger-par-2026-06-29
680994,1,0.999,1,9333885.203982,True,False,what-day-will-gemini-3pt0-be-released
680994,6,0.999,1,9333885.203982,True,False,what-day-will-gemini-3pt0-be-released
680994,24,0.999,1,9333885.203982,True,False,what-day-will-gemini-3pt0-be-released
680994,72,0.999,1,9333885.203982,True,False,what-day-will-gemini-3pt0-be-released
680994,168,0.999,1,9333885.203982,True,False,what-day-will-gemini-3pt0-be-released
500637,1,0.16,0,9322470.30561,True,False,balance-of-power-2024-election
500637,6,0.14,0,9322470.30561,True,False,balance-of-power-2024-election
500637,24,0.13,0,9322470.30561,True,False,balance-of-power-2024-election
500637,72,0.1299999997,0,9322470.30561,True,False,balance-of-power-2024-election
500637,168,0.15,0,9322470.30561,True,False,balance-of-power-2024-election
500637,720,0.17,0,9322470.30561,True,False,balance-of-power-2024-election
1559394,1,0.0010000000000000009,0,9272254.794885797,False,True,trump-out-as-president-by-june-30
1559394,6,0.0010000000000000009,0,9272254.794885797,False,True,trump-out-as-president-by-june-30
1559394,24,0.001,0,9272254.794885797,False,True,trump-out-as-president-by-june-30
1559394,72,0.0010000000000000009,0,9272254.794885797,False,True,trump-out-as-president-by-june-30
1559394,168,0.004,0,9272254.794885797,False,True,trump-out-as-president-by-june-30
1559394,720,0.011000000999999981,0,9272254.794885797,False,True,trump-out-as-president-by-june-30
1897444,1,0.4699999985,1,9245319.949545983,True,True,fifwc-alg-aut-2026-06-27
1897444,6,0.479999952,1,9245319.949545983,True,True,fifwc-alg-aut-2026-06-27
1897444,24,0.4499997975,1,9245319.949545983,True,True,fifwc-alg-aut-2026-06-27
1897444,72,0.4299999931,1,9245319.949545983,True,True,fifwc-alg-aut-2026-06-27
1897444,168,0.32,1,9245319.949545983,True,True,fifwc-alg-aut-2026-06-27
1897444,720,0.3099998295,1,9245319.949545983,True,True,fifwc-alg-aut-2026-06-27
540224,1,0.001,0,9230676.835439,True,False,super-bowl-champion-2026-731
540224,6,0.001,0,9230676.835439,True,False,super-bowl-champion-2026-731
540224,24,0.001,0,9230676.835439,True,False,super-bowl-champion-2026-731
540224,72,0.001,0,9230676.835439,True,False,super-bowl-champion-2026-731
540224,168,0.001,0,9230676.835439,True,False,super-bowl-champion-2026-731
540224,720,0.16800000000000004,0,9230676.835439,True,False,super-bowl-champion-2026-731
519906,1,0.0010000000000000009,0,10929301.182604,False,False,was-jfk-assassination-an-inside-job-marc
519906,6,0.0030000000000000027,0,10929301.182604,False,False,was-jfk-assassination-an-inside-job-marc
519906,24,0.0020000000000000018,0,10929301.182604,False,False,was-jfk-assassination-an-inside-job-marc
519906,72,0.0030000000000000027,0,10929301.182604,False,False,was-jfk-assassination-an-inside-job-marc
519906,168,0.0040000000000000036,0,10929301.182604,False,False,was-jfk-assassination-an-inside-job-marc
519906,720,0.029,0,10929301.182604,False,False,was-jfk-assassination-an-inside-job-marc
507472,1,0.7822184448,1,10886668.249385,False,False,israeli-forces-enters-lebanon-in-septemb
507472,6,0.14,1,10886668.249385,False,False,israeli-forces-enters-lebanon-in-septemb
507472,24,0.18,1,10886668.249385,False,False,israeli-forces-enters-lebanon-in-septemb
507472,72,0.08,1,10886668.249385,False,False,israeli-forces-enters-lebanon-in-septemb
507472,168,0.1399999948,1,10886668.249385,False,False,israeli-forces-enters-lebanon-in-septemb
2718922,1,0.1649999384,0,9224423.770550994,True,True,fifwc-prt-hrv-2026-07-02
2718922,6,0.17,0,9224423.770550994,True,True,fifwc-prt-hrv-2026-07-02
2718922,24,0.1899998784,0,9224423.770550994,True,True,fifwc-prt-hrv-2026-07-02
2718922,72,0.1899999861,0,9224423.770550994,True,True,fifwc-prt-hrv-2026-07-02
1897397,1,0.3699999272,0,9220844.175980058,True,True,fifwc-egy-irn-2026-06-26
1897397,6,0.39,0,9220844.175980058,True,True,fifwc-egy-irn-2026-06-26
1897397,24,0.4,0,9220844.175980058,True,True,fifwc-egy-irn-2026-06-26
1897397,72,0.39,0,9220844.175980058,True,True,fifwc-egy-irn-2026-06-26
1897397,168,0.4699998778,0,9220844.175980058,True,True,fifwc-egy-irn-2026-06-26
1897397,720,0.39,0,9220844.175980058,True,True,fifwc-egy-irn-2026-06-26
504585,1,0.0020000000000000018,0,9192309.53167407,True,False,fed-interest-rates-december-2024
504585,6,0.0030000000000000027,0,9192309.53167407,True,False,fed-interest-rates-december-2024
504585,24,0.0030000000000000027,0,9192309.53167407,True,False,fed-interest-rates-december-2024
504585,72,0.0050000000000000044,0,9192309.53167407,True,False,fed-interest-rates-december-2024
504585,168,0.013000000000000012,0,9192309.53167407,True,False,fed-interest-rates-december-2024
504585,720,0.019000000000000017,0,9192309.53167407,True,False,fed-interest-rates-december-2024
1088141,1,0.0010000000000000009,0,9201412.085965,True,True,2026-womens-wimbledon-winner
1088141,6,0.0010000000000000009,0,9201412.085965,True,True,2026-womens-wimbledon-winner
1088141,24,0.0010000000000000009,0,9201412.085965,True,True,2026-womens-wimbledon-winner
1088141,72,0.0010000000000000009,0,9201412.085965,True,True,2026-womens-wimbledon-winner
1088141,168,0.0010000000000000009,0,9201412.085965,True,True,2026-womens-wimbledon-winner
1088141,720,0.0010000000000000009,0,9201412.085965,True,True,2026-womens-wimbledon-winner
1897202,1,0.92,1,9191826.131226048,True,True,fifwc-fra-irq-2026-06-22
1897202,6,0.9,1,9191826.131226048,True,True,fifwc-fra-irq-2026-06-22
1897202,24,0.91,1,9191826.131226048,True,True,fifwc-fra-irq-2026-06-22
1897202,72,0.9,1,9191826.131226048,True,True,fifwc-fra-irq-2026-06-22
1897202,168,0.8899999555,1,9191826.131226048,True,True,fifwc-fra-irq-2026-06-22
1897202,720,0.89,1,9191826.131226048,True,True,fifwc-fra-irq-2026-06-22
897817,1,0.8200000007,1,9190060.842127,True,False,what-day-will-openai-release-a-new-front
897817,6,0.8,1,9190060.842127,True,False,what-day-will-openai-release-a-new-front
897817,24,0.66,1,9190060.842127,True,False,what-day-will-openai-release-a-new-front
621018,1,0.0775937525,0,9188343.67475,False,False,us-x-venezuela-military-engagement-by
621018,6,0.10100020519999997,0,9188343.67475,False,False,us-x-venezuela-military-engagement-by
621018,24,0.04,0,9188343.67475,False,False,us-x-venezuela-military-engagement-by
621018,72,0.06000000000000005,0,9188343.67475,False,False,us-x-venezuela-military-engagement-by
621018,168,0.2899999846,0,9188343.67475,False,False,us-x-venezuela-military-engagement-by
621018,720,0.4,0,9188343.67475,False,False,us-x-venezuela-military-engagement-by
540215,1,0.001,0,9185427.806635,True,False,super-bowl-champion-2026-731
540215,6,0.001,0,9185427.806635,True,False,super-bowl-champion-2026-731
540215,24,0.001,0,9185427.806635,True,False,super-bowl-champion-2026-731
540215,72,0.001,0,9185427.806635,True,False,super-bowl-champion-2026-731
540215,168,0.001,0,9185427.806635,True,False,super-bowl-champion-2026-731
540215,720,0.10399999999999998,0,9185427.806635,True,False,super-bowl-champion-2026-731
529277,1,0.0010000000000000009,0,9175537.640013,True,False,ireland-presidential-election
529277,6,0.0010000000000000009,0,9175537.640013,True,False,ireland-presidential-election
529277,24,0.0010000000000000009,0,9175537.640013,True,False,ireland-presidential-election
529277,72,0.0010000000000000009,0,9175537.640013,True,False,ireland-presidential-election
529277,168,0.0010000000000000009,0,9175537.640013,True,False,ireland-presidential-election
529277,720,0.001,0,9175537.640013,True,False,ireland-presidential-election
567565,1,0.001,0,9297942.55577898,True,True,next-prime-minister-of-hungary
567565,6,0.001,0,9297942.55577898,True,True,next-prime-minister-of-hungary
567565,24,0.001,0,9297942.55577898,True,True,next-prime-minister-of-hungary
567565,72,0.001,0,9297942.55577898,True,True,next-prime-minister-of-hungary
567565,168,0.0010000000000000009,0,9297942.55577898,True,True,next-prime-minister-of-hungary
567565,720,0.0030000000000000027,0,9297942.55577898,True,True,next-prime-minister-of-hungary
516818,1,0.999,1,9158406.645494,True,False,largest-company-end-of-2025
516818,6,0.997665762,1,9158406.645494,True,False,largest-company-end-of-2025
516818,24,0.996,1,9158406.645494,True,False,largest-company-end-of-2025
516818,72,0.9959990638,1,9158406.645494,True,False,largest-company-end-of-2025
516818,168,0.99,1,9158406.645494,True,False,largest-company-end-of-2025
516818,720,0.5899999918,1,9158406.645494,True,False,largest-company-end-of-2025
690390,1,0.999,1,9257039.920657,False,False,epstein-blackmail-files-released-in-2025
690390,6,0.999,1,9257039.920657,False,False,epstein-blackmail-files-released-in-2025
690390,24,0.999,1,9257039.920657,False,False,epstein-blackmail-files-released-in-2025
690390,72,0.999,1,9257039.920657,False,False,epstein-blackmail-files-released-in-2025
690390,168,0.0266860996,1,9257039.920657,False,False,epstein-blackmail-files-released-in-2025
690390,720,0.08000002829999997,1,9257039.920657,False,False,epstein-blackmail-files-released-in-2025
503316,1,0.0010000000000000009,0,9140068.05236717,True,False,superbowl-champion-2025
503316,6,0.0010000000000000009,0,9140068.05236717,True,False,superbowl-champion-2025
503316,24,0.0010000000000000009,0,9140068.05236717,True,False,superbowl-champion-2025
503316,72,0.0010000000000000009,0,9140068.05236717,True,False,superbowl-champion-2025
503316,168,0.0010000000000000009,0,9140068.05236717,True,False,superbowl-champion-2025
503316,720,0.02200000000000002,0,9140068.05236717,True,False,superbowl-champion-2025
566097,1,0.999,1,9134078.220091,False,False,will-trump-meet-with-xi-jinping-by-octob
566097,6,0.999,1,9134078.220091,False,False,will-trump-meet-with-xi-jinping-by-octob
566097,24,0.996,1,9134078.220091,False,False,will-trump-meet-with-xi-jinping-by-octob
566097,72,0.955,1,9134078.220091,False,False,will-trump-meet-with-xi-jinping-by-octob
566097,168,0.8900000315,1,9134078.220091,False,False,will-trump-meet-with-xi-jinping-by-octob
566097,720,0.8,1,9134078.220091,False,False,will-trump-meet-with-xi-jinping-by-octob
569428,1,0.001,0,9129551.072016,True,False,portugal-presidential-election
569428,6,0.001,0,9129551.072016,True,False,portugal-presidential-election
569428,24,0.001,0,9129551.072016,True,False,portugal-presidential-election
569428,72,0.001,0,9129551.072016,True,False,portugal-presidential-election
569428,168,0.001,0,9129551.072016,True,False,portugal-presidential-election
569428,720,0.001,0,9129551.072016,True,False,portugal-presidential-election
512638,1,0.001,0,9120266.821,True,False,of-gop-seats-in-house-of-representatives
512638,6,0.001,0,9120266.821,True,False,of-gop-seats-in-house-of-representatives
512638,24,0.001,0,9120266.821,True,False,of-gop-seats-in-house-of-representatives
512638,72,0.001,0,9120266.821,True,False,of-gop-seats-in-house-of-representatives
512638,168,0.001,0,9120266.821,True,False,of-gop-seats-in-house-of-representatives
512638,720,0.001,0,9120266.821,True,False,of-gop-seats-in-house-of-representatives
2941975,1,0.32,1,9115515.023500096,True,True,fifwc-esp-arg-2026-07-19
2941975,6,0.3174999667,1,9115515.023500096,True,True,fifwc-esp-arg-2026-07-19
2941975,24,0.3174999875,1,9115515.023500096,True,True,fifwc-esp-arg-2026-07-19
2941975,72,0.32,1,9115515.023500096,True,True,fifwc-esp-arg-2026-07-19
4208332,1,0.64,1,9048522.265029998,True,True,lal-bet-get-2026-09-17
4208332,6,0.5900000000000001,1,9048522.265029998,True,True,lal-bet-get-2026-09-17
4208332,24,0.59,1,9048522.265029998,True,True,lal-bet-get-2026-09-17
4208332,72,0.5599999642,1,9048522.265029998,True,True,lal-bet-get-2026-09-17
4208332,168,0.5299999932,1,9048522.265029998,True,True,lal-bet-get-2026-09-17
2804857,1,0.1424999985,0,9213249.335347082,True,True,fifwc-fra-mar-2026-07-09
2804857,6,0.1399999466,0,9213249.335347082,True,True,fifwc-fra-mar-2026-07-09
2804857,24,0.14,0,9213249.335347082,True,True,fifwc-fra-mar-2026-07-09
2804857,72,0.1499998875,0,9213249.335347082,True,True,fifwc-fra-mar-2026-07-09
540218,1,0.0010000000000000009,0,9002496.983968,True,False,super-bowl-champion-2026-731
540218,6,0.0010000000000000009,0,9002496.983968,True,False,super-bowl-champion-2026-731
540218,24,0.0010000000000000009,0,9002496.983968,True,False,super-bowl-champion-2026-731
540218,72,0.0010000000000000009,0,9002496.983968,True,False,super-bowl-champion-2026-731
540218,168,0.0010000000000000009,0,9002496.983968,True,False,super-bowl-champion-2026-731
540218,720,0.06899999999999995,0,9002496.983968,True,False,super-bowl-champion-2026-731
503175,1,0.0010000000000000009,0,9023366.09,True,False,democratic-vp-nominee
503175,6,0.0010000000000000009,0,9023366.09,True,False,democratic-vp-nominee
503175,24,0.0010000000000000009,0,9023366.09,True,False,democratic-vp-nominee
503175,72,0.0010000000000000009,0,9023366.09,True,False,democratic-vp-nominee
503175,168,0.0010000000000000009,0,9023366.09,True,False,democratic-vp-nominee
503175,720,0.04300000000000004,0,9023366.09,True,False,democratic-vp-nominee
253643,1,0.001,0,9203011.891998,True,False,presidential-election-winner-2024
253643,6,0.001,0,9203011.891998,True,False,presidential-election-winner-2024
253643,24,0.001,0,9203011.891998,True,False,presidential-election-winner-2024
253643,72,0.001,0,9203011.891998,True,False,presidential-election-winner-2024
253643,168,0.001,0,9203011.891998,True,False,presidential-election-winner-2024
253643,720,0.001,0,9203011.891998,True,False,presidential-election-winner-2024
504880,1,0.001,0,8974653.311908,True,False,democratic-vp-nominee-on-election-day
504880,6,0.001,0,8974653.311908,True,False,democratic-vp-nominee-on-election-day
504880,24,0.0010000000000000009,0,8974653.311908,True,False,democratic-vp-nominee-on-election-day
504880,72,0.001,0,8974653.311908,True,False,democratic-vp-nominee-on-election-day
504880,168,0.0040000000000000036,0,8974653.311908,True,False,democratic-vp-nominee-on-election-day
504880,720,0.0010000000000000009,0,8974653.311908,True,False,democratic-vp-nominee-on-election-day
2937525,1,0.08999999999999997,1,8917606.208237005,False,False,us-x-iran-effective-ceasfire-byptptpt-2-
2937525,6,0.07999999999999996,1,8917606.208237005,False,False,us-x-iran-effective-ceasfire-byptptpt-2-
2937525,24,0.25,1,8917606.208237005,False,False,us-x-iran-effective-ceasfire-byptptpt-2-
2937525,72,0.39,1,8917606.208237005,False,False,us-x-iran-effective-ceasfire-byptptpt-2-
2937525,168,0.1500000038,1,8917606.208237005,False,False,us-x-iran-effective-ceasfire-byptptpt-2-
525386,1,0.676,0,8901922.461705,True,False,world-series-champion-2025
525386,6,0.686,0,8901922.461705,True,False,world-series-champion-2025
525386,24,0.667,0,8901922.461705,True,False,world-series-champion-2025
525386,72,0.204,0,8901922.461705,True,False,world-series-champion-2025
525386,168,0.2989998445,0,8901922.461705,True,False,world-series-champion-2025
525386,720,0.09788888890000003,0,8901922.461705,True,False,world-series-champion-2025
512635,1,0.001,0,8877331.460853,True,False,of-gop-seats-in-house-of-representatives
512635,6,0.001,0,8877331.460853,True,False,of-gop-seats-in-house-of-representatives
512635,24,0.001,0,8877331.460853,True,False,of-gop-seats-in-house-of-representatives
512635,72,0.001,0,8877331.460853,True,False,of-gop-seats-in-house-of-representatives
512635,168,0.001,0,8877331.460853,True,False,of-gop-seats-in-house-of-representatives
512635,720,0.0015147212,0,8877331.460853,True,False,of-gop-seats-in-house-of-representatives
541615,1,0.1779999748,0,8873168.0766,True,False,chile-presidential-election
541615,6,0.166,0,8873168.0766,True,False,chile-presidential-election
541615,24,0.1519999441,0,8873168.0766,True,False,chile-presidential-election
541615,72,0.135,0,8873168.0766,True,False,chile-presidential-election
541615,168,0.14900000000000002,0,8873168.0766,True,False,chile-presidential-election
541615,720,0.18300000000000005,0,8873168.0766,True,False,chile-presidential-election
503300,1,0.0010000000000000009,0,8862284.68531611,True,False,superbowl-champion-2025
503300,6,0.0010000000000000009,0,8862284.68531611,True,False,superbowl-champion-2025
503300,24,0.0010000000000000009,0,8862284.68531611,True,False,superbowl-champion-2025
503300,72,0.0010000000000000009,0,8862284.68531611,True,False,superbowl-champion-2025
503300,168,0.0010000000000000009,0,8862284.68531611,True,False,superbowl-champion-2025
503300,720,0.126,0,8862284.68531611,True,False,superbowl-champion-2025
2718893,1,0.339999984,0,8843123.880314995,True,True,fifwc-mex-ecu-2026-06-30
2718893,6,0.3399999422,0,8843123.880314995,True,True,fifwc-mex-ecu-2026-06-30
2718893,24,0.34,0,8843123.880314995,True,True,fifwc-mex-ecu-2026-06-30
517192,1,0.11499999999999999,0,8846664.201678,False,False,bitcoin-above-97000-on-january-10
517192,6,0.04800000900000001,0,8846664.201678,False,False,bitcoin-above-97000-on-january-10
517192,24,0.1099999032,0,8846664.201678,False,False,bitcoin-above-97000-on-january-10
517192,72,0.8499999418,0,8846664.201678,False,False,bitcoin-above-97000-on-january-10
546272,1,0.001,0,8854318.163173,True,False,romania-bucharest-mayoral-election
546272,6,0.001,0,8854318.163173,True,False,romania-bucharest-mayoral-election
546272,24,0.001,0,8854318.163173,True,False,romania-bucharest-mayoral-election
546272,72,0.001,0,8854318.163173,True,False,romania-bucharest-mayoral-election
546272,168,0.001,0,8854318.163173,True,False,romania-bucharest-mayoral-election
546272,720,0.001,0,8854318.163173,True,False,romania-bucharest-mayoral-election
1303357,1,0.0010000000000000009,0,8802970.895394,False,False,what-price-will-ethereum-hit-in-february
1303357,6,0.0010000000000000009,0,8802970.895394,False,False,what-price-will-ethereum-hit-in-february
1303357,24,0.0010000000000000009,0,8802970.895394,False,False,what-price-will-ethereum-hit-in-february
1303357,72,0.0020000000000000018,0,8802970.895394,False,False,what-price-will-ethereum-hit-in-february
1303357,168,0.0020000000000000018,0,8802970.895394,False,False,what-price-will-ethereum-hit-in-february
537194,1,0.0010000267999999979,0,8775890.64125,False,False,russia-x-ukraine-ceasefire-before-octobe
537194,6,0.0010000089999999684,0,8775890.64125,False,False,russia-x-ukraine-ceasefire-before-octobe
537194,24,0.0020000000000000018,0,8775890.64125,False,False,russia-x-ukraine-ceasefire-before-octobe
537194,72,0.003000063999999969,0,8775890.64125,False,False,russia-x-ukraine-ceasefire-before-octobe
537194,168,0.0090000001,0,8775890.64125,False,False,russia-x-ukraine-ceasefire-before-octobe
537194,720,0.05,0,8775890.64125,False,False,russia-x-ukraine-ceasefire-before-octobe
533253,1,0.0010000000000000009,0,8774625.777255,True,False,which-party-wins-most-seats-in-prince-ed
533253,6,0.0010000000000000009,0,8774625.777255,True,False,which-party-wins-most-seats-in-prince-ed
533253,24,0.001,0,8774625.777255,True,False,which-party-wins-most-seats-in-prince-ed
533253,72,0.001,0,8774625.777255,True,False,which-party-wins-most-seats-in-prince-ed
533253,168,0.0010000000000000009,0,8774625.777255,True,False,which-party-wins-most-seats-in-prince-ed
254248,1,0.001,0,8771933.14124493,True,False,highest-grossing-movie-in-2024
254248,6,0.001,0,8771933.14124493,True,False,highest-grossing-movie-in-2024
254248,24,0.001,0,8771933.14124493,True,False,highest-grossing-movie-in-2024
254248,72,0.0020000000000000018,0,8771933.14124493,True,False,highest-grossing-movie-in-2024
254248,168,0.0020000000000000018,0,8771933.14124493,True,False,highest-grossing-movie-in-2024
254248,720,0.0030000000000000027,0,8771933.14124493,True,False,highest-grossing-movie-in-2024
534195,1,0.001,0,8769788.891732,True,False,next-president-of-south-korea
534195,6,0.001,0,8769788.891732,True,False,next-president-of-south-korea
534195,24,0.001,0,8769788.891732,True,False,next-president-of-south-korea
534195,72,0.001,0,8769788.891732,True,False,next-president-of-south-korea
534195,168,0.001,0,8769788.891732,True,False,next-president-of-south-korea
534195,720,0.0010000000000000009,0,8769788.891732,True,False,next-president-of-south-korea
516497,1,0.999,1,8759994.498878,False,False,yoon-arrested-by-january-31
516497,6,0.999,1,8759994.498878,False,False,yoon-arrested-by-january-31
516497,24,0.999,1,8759994.498878,False,False,yoon-arrested-by-january-31
516497,72,0.999,1,8759994.498878,False,False,yoon-arrested-by-january-31
516497,168,0.999,1,8759994.498878,False,False,yoon-arrested-by-january-31
516497,720,0.47576301620000006,1,8759994.498878,False,False,yoon-arrested-by-january-31
2034747,1,0.0010000000000000009,0,8741732.8038059,False,True,will-the-us-confirm-that-aliens-exist-be
2034747,6,0.0010000000000000009,0,8741732.8038059,False,True,will-the-us-confirm-that-aliens-exist-be
2034747,24,0.001,0,8741732.8038059,False,True,will-the-us-confirm-that-aliens-exist-be
2034747,72,0.0010000000000000009,0,8741732.8038059,False,True,will-the-us-confirm-that-aliens-exist-be
2034747,168,0.006999993,0,8741732.8038059,False,True,will-the-us-confirm-that-aliens-exist-be
2034747,720,0.02100000000000002,0,8741732.8038059,False,True,will-the-us-confirm-that-aliens-exist-be
2091304,1,0.64,1,8733707.715119015,True,True,epl-wes-ars-2026-05-10
2091304,6,0.6299999811,1,8733707.715119015,True,True,epl-wes-ars-2026-05-10
2091304,24,0.6199998512,1,8733707.715119015,True,True,epl-wes-ars-2026-05-10
2091304,72,0.61,1,8733707.715119015,True,True,epl-wes-ars-2026-05-10
2091304,168,0.62,1,8733707.715119015,True,True,epl-wes-ars-2026-05-10
1897445,1,0.2699999804,0,8733405.134571051,True,True,fifwc-alg-aut-2026-06-27
1897445,6,0.25000007030000004,0,8733405.134571051,True,True,fifwc-alg-aut-2026-06-27
1897445,24,0.34,0,8733405.134571051,True,True,fifwc-alg-aut-2026-06-27
1897445,72,0.3399999633,0,8733405.134571051,True,True,fifwc-alg-aut-2026-06-27
1897445,168,0.3799999696,0,8733405.134571051,True,True,fifwc-alg-aut-2026-06-27
1897445,720,0.4599999595,0,8733405.134571051,True,True,fifwc-alg-aut-2026-06-27
631279,1,0.001,0,8736917.396424,True,False,2nd-largest-company-end-of-2025
631279,6,0.001,0,8736917.396424,True,False,2nd-largest-company-end-of-2025
631279,24,0.001,0,8736917.396424,True,False,2nd-largest-company-end-of-2025
631279,72,0.001,0,8736917.396424,True,False,2nd-largest-company-end-of-2025
631279,168,0.001,0,8736917.396424,True,False,2nd-largest-company-end-of-2025
631279,720,0.0010000000000000009,0,8736917.396424,True,False,2nd-largest-company-end-of-2025
1897263,1,0.389999996,1,9495043.802012082,True,True,fifwc-che-can-2026-06-24
1897263,6,0.4099999836,1,9495043.802012082,True,True,fifwc-che-can-2026-06-24
1897263,24,0.4199999423,1,9495043.802012082,True,True,fifwc-che-can-2026-06-24
1897263,72,0.39,1,9495043.802012082,True,True,fifwc-che-can-2026-06-24
1897263,168,0.45,1,9495043.802012082,True,True,fifwc-che-can-2026-06-24
1897263,720,0.4700000027,1,9495043.802012082,True,True,fifwc-che-can-2026-06-24
2508397,1,0.12000001579999997,0,8715169.978520965,False,False,us-announces-new-iran-agreementceasefire
2508397,6,0.3,0,8715169.978520965,False,False,us-announces-new-iran-agreementceasefire
2508397,24,0.14,0,8715169.978520965,False,False,us-announces-new-iran-agreementceasefire
516874,1,0.0010000000000000009,0,9488801.522718,False,False,what-price-will-ethereum-hit-in-2025
516874,6,0.0010000000000000009,0,9488801.522718,False,False,what-price-will-ethereum-hit-in-2025
516874,24,0.0010000000000000009,0,9488801.522718,False,False,what-price-will-ethereum-hit-in-2025
516874,72,0.0010000221999999503,0,9488801.522718,False,False,what-price-will-ethereum-hit-in-2025
516874,168,0.0010000000000000009,0,9488801.522718,False,False,what-price-will-ethereum-hit-in-2025
516874,720,0.006000000000000005,0,9488801.522718,False,False,what-price-will-ethereum-hit-in-2025
569431,1,0.0010000000000000009,0,8706167.69264,True,False,portugal-presidential-election
569431,6,0.0010000000000000009,0,8706167.69264,True,False,portugal-presidential-election
569431,24,0.0010000000000000009,0,8706167.69264,True,False,portugal-presidential-election
569431,72,0.0010000000000000009,0,8706167.69264,True,False,portugal-presidential-election
569431,168,0.0010000000000000009,0,8706167.69264,True,False,portugal-presidential-election
569431,720,0.0010000000000000009,0,8706167.69264,True,False,portugal-presidential-election
2942024,1,0.015000033199999985,0,8697919.228001932,True,True,fifwc-esp-arg-2026-07-19-exact-score
2942024,6,0.015,0,8697919.228001932,True,True,fifwc-esp-arg-2026-07-19-exact-score
2942024,24,0.01,0,8697919.228001932,True,True,fifwc-esp-arg-2026-07-19-exact-score
2942024,72,0.011,0,8697919.228001932,True,True,fifwc-esp-arg-2026-07-19-exact-score
516969,1,0.001,0,8697440.388086,True,False,which-company-has-best-ai-model-end-of-2
516969,6,0.001,0,8697440.388086,True,False,which-company-has-best-ai-model-end-of-2
516969,24,0.001,0,8697440.388086,True,False,which-company-has-best-ai-model-end-of-2
516969,72,0.001,0,8697440.388086,True,False,which-company-has-best-ai-model-end-of-2
516969,168,0.001,0,8697440.388086,True,False,which-company-has-best-ai-model-end-of-2
516969,720,0.0010000000000000009,0,8697440.388086,True,False,which-company-has-best-ai-model-end-of-2
1823776,1,0.0010000000000000009,0,8689741.495558972,False,True,what-price-will-bitcoin-hit-in-april-202
1823776,6,0.0030000000000000027,0,8689741.495558972,False,True,what-price-will-bitcoin-hit-in-april-202
1823776,24,0.0189999817,0,8689741.495558972,False,True,what-price-will-bitcoin-hit-in-april-202
1823776,72,0.2,0,8689741.495558972,False,True,what-price-will-bitcoin-hit-in-april-202
1823776,168,0.52,0,8689741.495558972,False,True,what-price-will-bitcoin-hit-in-april-202
540408,1,0.0050000000000000044,0,8925263.984326,False,False,what-price-will-bitcoin-hit-in-may
540408,6,0.007,0,8925263.984326,False,False,what-price-will-bitcoin-hit-in-may
540408,24,0.016000000000000014,0,8925263.984326,False,False,what-price-will-bitcoin-hit-in-may
540408,72,0.007000000000000006,0,8925263.984326,False,False,what-price-will-bitcoin-hit-in-may
540408,168,0.023999977,0,8925263.984326,False,False,what-price-will-bitcoin-hit-in-may
540408,720,0.62,0,8925263.984326,False,False,what-price-will-bitcoin-hit-in-may
1473066,1,0.0010000000000000009,0,8681375.204627028,False,False,what-price-will-bitcoin-hit-in-march-202
1473066,6,0.0010000000000000009,0,8681375.204627028,False,False,what-price-will-bitcoin-hit-in-march-202
1473066,24,0.0010000000000000009,0,8681375.204627028,False,False,what-price-will-bitcoin-hit-in-march-202
1473066,72,0.0030000003000000275,0,8681375.204627028,False,False,what-price-will-bitcoin-hit-in-march-202
1473066,168,0.089999919,0,8681375.204627028,False,False,what-price-will-bitcoin-hit-in-march-202
1473066,720,0.19,0,8681375.204627028,False,False,what-price-will-bitcoin-hit-in-march-202
2040017,1,0.6579238566,0,8679949.91766904,True,True,epl-che-not-2026-05-04
2040017,6,0.57,0,8679949.91766904,True,True,epl-che-not-2026-05-04
2040017,24,0.5900000000000001,0,8679949.91766904,True,True,epl-che-not-2026-05-04
2040017,72,0.5800000000000001,0,8679949.91766904,True,True,epl-che-not-2026-05-04
2040017,168,0.5799999014,0,8679949.91766904,True,True,epl-che-not-2026-05-04
255088,1,0.001,0,8662433.017881,True,False,georgia-presidential-election-winner
255088,6,0.001,0,8662433.017881,True,False,georgia-presidential-election-winner
255088,24,0.001,0,8662433.017881,True,False,georgia-presidential-election-winner
255088,72,0.001,0,8662433.017881,True,False,georgia-presidential-election-winner
255088,168,0.0010000000000000009,0,8662433.017881,True,False,georgia-presidential-election-winner
255088,720,0.0030000000000000027,0,8662433.017881,True,False,georgia-presidential-election-winner
254253,1,0.997,1,8909465.21794603,True,False,highest-grossing-movie-in-2024
254253,6,0.997,1,8909465.21794603,True,False,highest-grossing-movie-in-2024
254253,24,0.996,1,8909465.21794603,True,False,highest-grossing-movie-in-2024
254253,72,0.994,1,8909465.21794603,True,False,highest-grossing-movie-in-2024
254253,168,0.992,1,8909465.21794603,True,False,highest-grossing-movie-in-2024
254253,720,0.8899973279,1,8909465.21794603,True,False,highest-grossing-movie-in-2024
516871,1,0.0020000000000000018,0,8605610.758506,False,False,what-price-will-bitcoin-hit-in-2025
516871,6,0.0030000000000000027,0,8605610.758506,False,False,what-price-will-bitcoin-hit-in-2025
516871,24,0.0020000000000000018,0,8605610.758506,False,False,what-price-will-bitcoin-hit-in-2025
516871,72,0.003000063999999969,0,8605610.758506,False,False,what-price-will-bitcoin-hit-in-2025
516871,168,0.017,0,8605610.758506,False,False,what-price-will-bitcoin-hit-in-2025
516871,720,0.16,0,8605610.758506,False,False,what-price-will-bitcoin-hit-in-2025
2945083,1,0.5499999972,0,8610153.156689007,False,True,fifwc-esp-arg-2026-07-19-more-markets
2945083,6,0.5399999909,0,8610153.156689007,False,True,fifwc-esp-arg-2026-07-19-more-markets
2945083,24,0.52,0,8610153.156689007,False,True,fifwc-esp-arg-2026-07-19-more-markets
2945083,72,0.52,0,8610153.156689007,False,True,fifwc-esp-arg-2026-07-19-more-markets
2690996,1,0.29,0,8610997.066745996,True,True,fifwc-nld-mar-2026-06-29
2690996,6,0.28,0,8610997.066745996,True,True,fifwc-nld-mar-2026-06-29
2690996,24,0.26,0,8610997.066745996,True,True,fifwc-nld-mar-2026-06-29
2690996,72,0.2599999935,0,8610997.066745996,True,True,fifwc-nld-mar-2026-06-29
1138269,1,0.75,1,8584792.035064,True,False,ucl-slp-fcb1-2026-01-21
1138269,6,0.74,1,8584792.035064,True,False,ucl-slp-fcb1-2026-01-21
1138269,24,0.75,1,8584792.035064,True,False,ucl-slp-fcb1-2026-01-21
1138269,72,0.739999981,1,8584792.035064,True,False,ucl-slp-fcb1-2026-01-21
1138269,168,0.72,1,8584792.035064,True,False,ucl-slp-fcb1-2026-01-21
1082793,1,0.999,1,8583813.346589,False,False,what-price-will-bitcoin-hit-in-january-2
1082793,6,0.999,1,8583813.346589,False,False,what-price-will-bitcoin-hit-in-january-2
1082793,24,0.999,1,8583813.346589,False,False,what-price-will-bitcoin-hit-in-january-2
1082793,72,0.20999999999999996,1,8583813.346589,False,False,what-price-will-bitcoin-hit-in-january-2
1082793,168,0.35,1,8583813.346589,False,False,what-price-will-bitcoin-hit-in-january-2
1082793,720,0.68,1,8583813.346589,False,False,what-price-will-bitcoin-hit-in-january-2
504884,1,0.0010000000000000009,0,8594756.837968,True,False,democratic-vp-nominee-on-election-day
504884,6,0.0010000000000000009,0,8594756.837968,True,False,democratic-vp-nominee-on-election-day
504884,24,0.001,0,8594756.837968,True,False,democratic-vp-nominee-on-election-day
504884,72,0.0010000000000000009,0,8594756.837968,True,False,democratic-vp-nominee-on-election-day
504884,168,0.0010000000000000009,0,8594756.837968,True,False,democratic-vp-nominee-on-election-day
504884,720,0.0020000000000000018,0,8594756.837968,True,False,democratic-vp-nominee-on-election-day
529303,1,0.0010000000000000009,0,8574343.518392,True,False,ireland-presidential-election
529303,6,0.0010000000000000009,0,8574343.518392,True,False,ireland-presidential-election
529303,24,0.0010000000000000009,0,8574343.518392,True,False,ireland-presidential-election
529303,72,0.0010000000000000009,0,8574343.518392,True,False,ireland-presidential-election
529303,168,0.0010000000000000009,0,8574343.518392,True,False,ireland-presidential-election
529303,720,0.0010000000000000009,0,8574343.518392,True,False,ireland-presidential-election
506106,1,0.0010000000000000009,0,8565492.57583894,True,False,nfl-mvp-1
506106,6,0.0010000000000000009,0,8565492.57583894,True,False,nfl-mvp-1
506106,24,0.0010000000000000009,0,8565492.57583894,True,False,nfl-mvp-1
506106,72,0.0010000000000000009,0,8565492.57583894,True,False,nfl-mvp-1
506106,168,0.0010000000000000009,0,8565492.57583894,True,False,nfl-mvp-1
506106,720,0.001,0,8565492.57583894,True,False,nfl-mvp-1
1087516,1,0.0010000000000000009,0,8558205.07163694,True,True,2026-mens-french-open-winner
1087516,6,0.0010000000000000009,0,8558205.07163694,True,True,2026-mens-french-open-winner
1087516,24,0.0010000000000000009,0,8558205.07163694,True,True,2026-mens-french-open-winner
1087516,72,0.0010000000000000009,0,8558205.07163694,True,True,2026-mens-french-open-winner
1087516,168,0.0879999852,0,8558205.07163694,True,True,2026-mens-french-open-winner
1087516,720,0.01200000000000001,0,8558205.07163694,True,True,2026-mens-french-open-winner
2133405,1,0.051000000000000045,0,8565902.329688976,False,False,iran-closes-its-airspace-by
2133405,6,0.0425302227,0,8565902.329688976,False,False,iran-closes-its-airspace-by
2133405,24,0.09271428569999995,0,8565902.329688976,False,False,iran-closes-its-airspace-by
2133405,72,0.125,0,8565902.329688976,False,False,iran-closes-its-airspace-by
2133405,168,0.259,0,8565902.329688976,False,False,iran-closes-its-airspace-by
1198709,1,0.0010000000000000009,0,8547233.512894925,False,False,will-reza-pahlavi-enter-iran-by-june-30
1198709,6,0.0010000011999999892,0,8547233.512894925,False,False,will-reza-pahlavi-enter-iran-by-june-30
1198709,24,0.0010000000000000009,0,8547233.512894925,False,False,will-reza-pahlavi-enter-iran-by-june-30
1198709,72,0.0010000023999999774,0,8547233.512894925,False,False,will-reza-pahlavi-enter-iran-by-june-30
1198709,168,0.0080859706,0,8547233.512894925,False,False,will-reza-pahlavi-enter-iran-by-june-30
1198709,720,0.098,0,8547233.512894925,False,False,will-reza-pahlavi-enter-iran-by-june-30
253725,1,0.001,0,8544095.827944,True,False,presidential-election-popular-vote-winne
253725,6,0.001,0,8544095.827944,True,False,presidential-election-popular-vote-winne
253725,24,0.001,0,8544095.827944,True,False,presidential-election-popular-vote-winne
253725,72,0.001,0,8544095.827944,True,False,presidential-election-popular-vote-winne
253725,168,0.001,0,8544095.827944,True,False,presidential-election-popular-vote-winne
253725,720,0.001,0,8544095.827944,True,False,presidential-election-popular-vote-winne
3829899,1,0.5,0,8513198.76983601,True,True,epl-eve-mun-2026-09-06
3829899,6,0.46,0,8513198.76983601,True,True,epl-eve-mun-2026-09-06
3829899,24,0.4599999844,0,8513198.76983601,True,True,epl-eve-mun-2026-09-06
3829899,72,0.45,0,8513198.76983601,True,True,epl-eve-mun-2026-09-06
3829899,168,0.4099999836,0,8513198.76983601,True,True,epl-eve-mun-2026-09-06
517017,1,0.001,0,8506626.949584,True,False,highest-grossing-movie-in-2025
517017,6,0.001,0,8506626.949584,True,False,highest-grossing-movie-in-2025
517017,24,0.0010000000000000009,0,8506626.949584,True,False,highest-grossing-movie-in-2025
517017,72,0.0020000000000000018,0,8506626.949584,True,False,highest-grossing-movie-in-2025
517017,168,0.0020000000000000018,0,8506626.949584,True,False,highest-grossing-movie-in-2025
517017,720,0.04300000000000004,0,8506626.949584,True,False,highest-grossing-movie-in-2025
1157513,1,0.001,0,8491722.888278,False,False,us-strikes-iran-by
1157513,6,0.001,0,8491722.888278,False,False,us-strikes-iran-by
1157513,24,0.001,0,8491722.888278,False,False,us-strikes-iran-by
1157513,72,0.001,0,8491722.888278,False,False,us-strikes-iran-by
1157513,168,0.001,0,8491722.888278,False,False,us-strikes-iran-by
1363649,1,0.6999999767,1,8489980.92698,True,False,ucl-atm1-bru-2026-02-24
1363649,6,0.69,1,8489980.92698,True,False,ucl-atm1-bru-2026-02-24
1363649,24,0.69,1,8489980.92698,True,False,ucl-atm1-bru-2026-02-24
1363649,72,0.71,1,8489980.92698,True,False,ucl-atm1-bru-2026-02-24
1363649,168,0.59,1,8489980.92698,True,False,ucl-atm1-bru-2026-02-24
533245,1,0.0010000000000000009,0,8479328.57891,True,False,which-party-wins-most-seats-in-new-bruns
533245,6,0.0010000000000000009,0,8479328.57891,True,False,which-party-wins-most-seats-in-new-bruns
533245,24,0.0010000000000000009,0,8479328.57891,True,False,which-party-wins-most-seats-in-new-bruns
533245,72,0.0030000000000000027,0,8479328.57891,True,False,which-party-wins-most-seats-in-new-bruns
533245,168,0.0010000000000000009,0,8479328.57891,True,False,which-party-wins-most-seats-in-new-bruns
516770,1,0.001,0,8476681.915239,True,False,next-prime-minster-of-canada
516770,6,0.001,0,8476681.915239,True,False,next-prime-minster-of-canada
516770,24,0.001,0,8476681.915239,True,False,next-prime-minster-of-canada
516770,72,0.001,0,8476681.915239,True,False,next-prime-minster-of-canada
516770,168,0.0010000000000000009,0,8476681.915239,True,False,next-prime-minster-of-canada
516770,720,0.001,0,8476681.915239,True,False,next-prime-minster-of-canada
642841,1,0.999,1,8477043.897253,False,False,will-stable-launch-a-token-in-2025
642841,6,0.999,1,8477043.897253,False,False,will-stable-launch-a-token-in-2025
642841,24,0.999,1,8477043.897253,False,False,will-stable-launch-a-token-in-2025
642841,72,0.999,1,8477043.897253,False,False,will-stable-launch-a-token-in-2025
642841,168,0.999,1,8477043.897253,False,False,will-stable-launch-a-token-in-2025
642841,720,0.8500000011,1,8477043.897253,False,False,will-stable-launch-a-token-in-2025
514143,1,0.001,0,8469812.975078,True,False,poland-presidential-election
514143,6,0.001,0,8469812.975078,True,False,poland-presidential-election
514143,24,0.001,0,8469812.975078,True,False,poland-presidential-election
514143,72,0.0010000000000000009,0,8469812.975078,True,False,poland-presidential-election
514143,168,0.001,0,8469812.975078,True,False,poland-presidential-election
514143,720,0.001,0,8469812.975078,True,False,poland-presidential-election
569438,1,0.001,0,8448383.481392,True,False,portugal-presidential-election
569438,6,0.001,0,8448383.481392,True,False,portugal-presidential-election
569438,24,0.001,0,8448383.481392,True,False,portugal-presidential-election
569438,72,0.001,0,8448383.481392,True,False,portugal-presidential-election
569438,168,0.001,0,8448383.481392,True,False,portugal-presidential-election
569438,720,0.001,0,8448383.481392,True,False,portugal-presidential-election
1797309,1,0.0010000000000000009,0,8447703.489108935,False,False,kharg-island-no-longer-under-iranian-con
1797309,6,0.0020000000000000018,0,8447703.489108935,False,False,kharg-island-no-longer-under-iranian-con
1797309,24,0.0009999990000000292,0,8447703.489108935,False,False,kharg-island-no-longer-under-iranian-con
1797309,72,0.018000000000000016,0,8447703.489108935,False,False,kharg-island-no-longer-under-iranian-con
1797309,168,0.031000000200000044,0,8447703.489108935,False,False,kharg-island-no-longer-under-iranian-con
514550,1,0.0020001920000000117,0,8436634.21764899,False,False,yoon-out-as-president-of-south-korea-in-
514550,6,0.0040000000000000036,0,8436634.21764899,False,False,yoon-out-as-president-of-south-korea-in-
514550,24,0.005000001700000034,0,8436634.21764899,False,False,yoon-out-as-president-of-south-korea-in-
514550,72,0.010000000000000009,0,8436634.21764899,False,False,yoon-out-as-president-of-south-korea-in-
514550,168,0.019000000000000017,0,8436634.21764899,False,False,yoon-out-as-president-of-south-korea-in-
255144,1,0.4099998237,1,8427215.034753,True,False,michigan-presidential-election-winner
255144,6,0.4,1,8427215.034753,True,False,michigan-presidential-election-winner
255144,24,0.3900000001,1,8427215.034753,True,False,michigan-presidential-election-winner
255144,72,0.43000000000000005,1,8427215.034753,True,False,michigan-presidential-election-winner
255144,168,0.5500000054,1,8427215.034753,True,False,michigan-presidential-election-winner
255144,720,0.47,1,8427215.034753,True,False,michigan-presidential-election-winner
623603,1,0.999,1,8422644.165384,True,False,when-will-the-government-shutdown-end-54
623603,6,0.999,1,8422644.165384,True,False,when-will-the-government-shutdown-end-54
623603,24,0.999,1,8422644.165384,True,False,when-will-the-government-shutdown-end-54
623603,72,0.9729999696,1,8422644.165384,True,False,when-will-the-government-shutdown-end-54
623603,168,0.3299999978,1,8422644.165384,True,False,when-will-the-government-shutdown-end-54
623603,720,0.07,1,8422644.165384,True,False,when-will-the-government-shutdown-end-54
523558,1,0.0009999990000000292,0,8660155.482632,False,False,was-milei-hacked
523558,6,0.001,0,8660155.482632,False,False,was-milei-hacked
523558,24,0.004000025800000029,0,8660155.482632,False,False,was-milei-hacked
1358314,1,0.6599999999999999,1,8645680.350651,True,False,epl-tot-ars-2026-02-22
1358314,6,0.6599999997,1,8645680.350651,True,False,epl-tot-ars-2026-02-22
1358314,24,0.6199999975,1,8645680.350651,True,False,epl-tot-ars-2026-02-22
1358314,72,0.61,1,8645680.350651,True,False,epl-tot-ars-2026-02-22
1358314,168,0.65,1,8645680.350651,True,False,epl-tot-ars-2026-02-22
519870,1,0.30000000000000004,1,8422456.623766,False,False,bitcoin-above-105000-on-january-31
519870,6,0.39,1,8422456.623766,False,False,bitcoin-above-105000-on-january-31
519870,24,0.55,1,8422456.623766,False,False,bitcoin-above-105000-on-january-31
519870,72,0.37000000349999995,1,8422456.623766,False,False,bitcoin-above-105000-on-january-31
1102112,1,0.5399999995,0,8408043.507648,True,False,epl-tot-wes-2026-01-17
1102112,6,0.5699999059,0,8408043.507648,True,False,epl-tot-wes-2026-01-17
1102112,24,0.5699999918,0,8408043.507648,True,False,epl-tot-wes-2026-01-17
1102112,72,0.57,0,8408043.507648,True,False,epl-tot-wes-2026-01-17
1102112,168,0.57,0,8408043.507648,True,False,epl-tot-wes-2026-01-17
692258,1,0.999,1,8418661.007786024,False,True,microstrategy-sell-any-bitcoin-in-2025
692258,6,0.999,1,8418661.007786024,False,True,microstrategy-sell-any-bitcoin-in-2025
692258,24,0.999,1,8418661.007786024,False,True,microstrategy-sell-any-bitcoin-in-2025
692258,72,0.999,1,8418661.007786024,False,True,microstrategy-sell-any-bitcoin-in-2025
692258,168,0.999,1,8418661.007786024,False,True,microstrategy-sell-any-bitcoin-in-2025
692258,720,0.736,1,8418661.007786024,False,True,microstrategy-sell-any-bitcoin-in-2025
514371,1,0.05,0,8400868.19698,False,False,what-price-will-bitcoin-hit-in-december
514371,6,0.19999999999999996,0,8400868.19698,False,False,what-price-will-bitcoin-hit-in-december
514371,24,0.14000011030000004,0,8400868.19698,False,False,what-price-will-bitcoin-hit-in-december
514371,72,0.20367447800000005,0,8400868.19698,False,False,what-price-will-bitcoin-hit-in-december
514371,168,0.42000000000000004,0,8400868.19698,False,False,what-price-will-bitcoin-hit-in-december
504876,1,0.001,0,8399891.747017,True,False,democratic-vp-nominee-on-election-day
504876,6,0.0010000000000000009,0,8399891.747017,True,False,democratic-vp-nominee-on-election-day
504876,24,0.0010000000000000009,0,8399891.747017,True,False,democratic-vp-nominee-on-election-day
504876,72,0.001,0,8399891.747017,True,False,democratic-vp-nominee-on-election-day
504876,168,0.0010000000000000009,0,8399891.747017,True,False,democratic-vp-nominee-on-election-day
504876,720,0.0030000000000000027,0,8399891.747017,True,False,democratic-vp-nominee-on-election-day
516925,1,0.0020000000000000018,0,8394057.087119,False,False,will-the-us-confirm-that-aliens-exist-in
516925,6,0.0010000000000000009,0,8394057.087119,False,False,will-the-us-confirm-that-aliens-exist-in
516925,24,0.0010000000000000009,0,8394057.087119,False,False,will-the-us-confirm-that-aliens-exist-in
516925,72,0.002,0,8394057.087119,False,False,will-the-us-confirm-that-aliens-exist-in
516925,168,0.0030000000000000027,0,8394057.087119,False,False,will-the-us-confirm-that-aliens-exist-in
516925,720,0.009000000000000008,0,8394057.087119,False,False,will-the-us-confirm-that-aliens-exist-in
2891166,1,0.3349998476,0,8395482.98219705,True,True,fifwc-eng-arg-2026-07-15
2891166,6,0.3349999489,0,8395482.98219705,True,True,fifwc-eng-arg-2026-07-15
2891166,24,0.33,0,8395482.98219705,True,True,fifwc-eng-arg-2026-07-15
2891166,72,0.32,0,8395482.98219705,True,True,fifwc-eng-arg-2026-07-15
504491,1,0.01200000000000001,0,8393267.791414,True,False,fed-interest-rates-november-2024
504491,6,0.015000000000000013,0,8393267.791414,True,False,fed-interest-rates-november-2024
504491,24,0.013,0,8393267.791414,True,False,fed-interest-rates-november-2024
504491,72,0.03700000000000003,0,8393267.791414,True,False,fed-interest-rates-november-2024
504491,168,0.07099999999999995,0,8393267.791414,True,False,fed-interest-rates-november-2024
504491,720,0.08999999999999997,0,8393267.791414,True,False,fed-interest-rates-november-2024
517021,1,0.001,0,8381808.523194,True,False,highest-grossing-movie-in-2025
517021,6,0.0010000000000000009,0,8381808.523194,True,False,highest-grossing-movie-in-2025
517021,24,0.0010000000000000009,0,8381808.523194,True,False,highest-grossing-movie-in-2025
517021,72,0.0040000000000000036,0,8381808.523194,True,False,highest-grossing-movie-in-2025
517021,168,0.0020000000000000018,0,8381808.523194,True,False,highest-grossing-movie-in-2025
517021,720,0.012,0,8381808.523194,True,False,highest-grossing-movie-in-2025
842029,1,0.0010000000000000009,0,8390984.80327403,True,True,eurovision-winner-2026
842029,6,0.0010000000000000009,0,8390984.80327403,True,True,eurovision-winner-2026
842029,24,0.0020000000000000018,0,8390984.80327403,True,True,eurovision-winner-2026
842029,72,0.006000000000000005,0,8390984.80327403,True,True,eurovision-winner-2026
842029,168,0.0010000000000000009,0,8390984.80327403,True,True,eurovision-winner-2026
842029,720,0.0040000000000000036,0,8390984.80327403,True,True,eurovision-winner-2026
504878,1,0.997,1,8356293.128019,True,False,democratic-vp-nominee-on-election-day
504878,6,0.996,1,8356293.128019,True,False,democratic-vp-nominee-on-election-day
504878,24,0.9969999949,1,8356293.128019,True,False,democratic-vp-nominee-on-election-day
504878,72,0.994,1,8356293.128019,True,False,democratic-vp-nominee-on-election-day
504878,168,0.996,1,8356293.128019,True,False,democratic-vp-nominee-on-election-day
504878,720,0.9829999998,1,8356293.128019,True,False,democratic-vp-nominee-on-election-day
507245,1,0.19,0,8343710.123152,True,False,pennsylvania-margin-of-victory
507245,6,0.17000000000000004,0,8343710.123152,True,False,pennsylvania-margin-of-victory
507245,24,0.25,0,8343710.123152,True,False,pennsylvania-margin-of-victory
507245,72,0.19,0,8343710.123152,True,False,pennsylvania-margin-of-victory
507245,168,0.17,0,8343710.123152,True,False,pennsylvania-margin-of-victory
507245,720,0.19,0,8343710.123152,True,False,pennsylvania-margin-of-victory
254577,1,0.0010000000000000009,0,8337156.91915808,True,False,how-many-fed-rate-cuts-this-year
254577,6,0.0010000000000000009,0,8337156.91915808,True,False,how-many-fed-rate-cuts-this-year
254577,24,0.0010000000000000009,0,8337156.91915808,True,False,how-many-fed-rate-cuts-this-year
254577,72,0.0010000000000000009,0,8337156.91915808,True,False,how-many-fed-rate-cuts-this-year
254577,168,0.0010000000000000009,0,8337156.91915808,True,False,how-many-fed-rate-cuts-this-year
254577,720,0.282,0,8337156.91915808,True,False,how-many-fed-rate-cuts-this-year
1087519,1,0.001,0,8334215.5695090005,True,True,2026-mens-french-open-winner
1087519,6,0.001,0,8334215.5695090005,True,True,2026-mens-french-open-winner
1087519,24,0.001,0,8334215.5695090005,True,True,2026-mens-french-open-winner
1087519,72,0.001,0,8334215.5695090005,True,True,2026-mens-french-open-winner
1087519,168,0.001,0,8334215.5695090005,True,True,2026-mens-french-open-winner
1087519,720,0.025000000000000022,0,8334215.5695090005,True,True,2026-mens-french-open-winner
1608448,1,0.1185770561,1,8284127.671512002,False,True,us-anti-cartel-operation-outside-of-the-
1608448,6,0.19971899999999998,1,8284127.671512002,False,True,us-anti-cartel-operation-outside-of-the-
1608448,24,0.08000014720000004,1,8284127.671512002,False,True,us-anti-cartel-operation-outside-of-the-
1608448,72,0.13,1,8284127.671512002,False,True,us-anti-cartel-operation-outside-of-the-
1608448,168,0.13,1,8284127.671512002,False,True,us-anti-cartel-operation-outside-of-the-
1608448,720,0.3,1,8284127.671512002,False,True,us-anti-cartel-operation-outside-of-the-
2069638,1,0.999,1,8273738.974615922,True,True,world-cup-golden-boot-winner
2069638,6,0.93,1,8273738.974615922,True,True,world-cup-golden-boot-winner
2069638,24,0.93,1,8273738.974615922,True,True,world-cup-golden-boot-winner
2069638,72,0.39,1,8273738.974615922,True,True,world-cup-golden-boot-winner
2069638,168,0.5699999985,1,8273738.974615922,True,True,world-cup-golden-boot-winner
2069638,720,0.239999856,1,8273738.974615922,True,True,world-cup-golden-boot-winner
1897124,1,0.8899999947,1,8523406.23501897,True,True,fifwc-bra-hai-2026-06-19
1897124,6,0.8899999927,1,8523406.23501897,True,True,fifwc-bra-hai-2026-06-19
1897124,24,0.88,1,8523406.23501897,True,True,fifwc-bra-hai-2026-06-19
1897124,72,0.8899999858,1,8523406.23501897,True,True,fifwc-bra-hai-2026-06-19
1897124,168,0.91,1,8523406.23501897,True,True,fifwc-bra-hai-2026-06-19
1897124,720,0.92,1,8523406.23501897,True,True,fifwc-bra-hai-2026-06-19
2002564,1,0.0030000000000000027,0,8533780.847550053,False,False,israel-x-iran-permanent-peace-deal-by
2002564,6,0.0030000000000000027,0,8533780.847550053,False,False,israel-x-iran-permanent-peace-deal-by
2002564,24,0.006,0,8533780.847550053,False,False,israel-x-iran-permanent-peace-deal-by
2002564,72,0.012645967400000013,0,8533780.847550053,False,False,israel-x-iran-permanent-peace-deal-by
2002564,168,0.02300000000000002,0,8533780.847550053,False,False,israel-x-iran-permanent-peace-deal-by
2002564,720,0.09600002529999996,0,8533780.847550053,False,False,israel-x-iran-permanent-peace-deal-by
500615,1,0.2557460895,0,8258327.18658,True,False,arizona-us-senate-election-winner
500615,6,0.27,0,8258327.18658,True,False,arizona-us-senate-election-winner
500615,24,0.2178113025,0,8258327.18658,True,False,arizona-us-senate-election-winner
500615,72,0.23999796,0,8258327.18658,True,False,arizona-us-senate-election-winner
500615,168,0.2199854795,0,8258327.18658,True,False,arizona-us-senate-election-winner
500615,720,0.13,0,8258327.18658,True,False,arizona-us-senate-election-winner
2099033,1,0.5699999966,1,8225168.862845045,True,True,efa-cfc-mnc-2026-05-16
2099033,6,0.57,1,8225168.862845045,True,True,efa-cfc-mnc-2026-05-16
2099033,24,0.5899999999,1,8225168.862845045,True,True,efa-cfc-mnc-2026-05-16
2099033,72,0.56,1,8225168.862845045,True,True,efa-cfc-mnc-2026-05-16
2099033,168,0.56,1,8225168.862845045,True,True,efa-cfc-mnc-2026-05-16
509311,1,0.02100000000000002,0,8214061.612692,True,False,closest-state-in-the-presidential-electi
509311,6,0.02200000000000002,0,8214061.612692,True,False,closest-state-in-the-presidential-electi
509311,24,0.020000000000000018,0,8214061.612692,True,False,closest-state-in-the-presidential-electi
509311,72,0.030000000000000027,0,8214061.612692,True,False,closest-state-in-the-presidential-electi
509311,168,0.015000000000000013,0,8214061.612692,True,False,closest-state-in-the-presidential-electi
500502,1,0.027000000000000024,0,8209070.796648,False,False,who-will-biden-pardon
500502,6,0.026697863600000038,0,8209070.796648,False,False,who-will-biden-pardon
500502,24,0.03600000000000003,0,8209070.796648,False,False,who-will-biden-pardon
500502,72,0.03400002980000005,0,8209070.796648,False,False,who-will-biden-pardon
500502,168,0.03267152969999998,0,8209070.796648,False,False,who-will-biden-pardon
500502,720,0.047000004199999945,0,8209070.796648,False,False,who-will-biden-pardon
1111915,1,0.6099999756,0,8195506.559319,True,False,epl-ast-eve-2026-01-18
1111915,6,0.6,0,8195506.559319,True,False,epl-ast-eve-2026-01-18
1111915,24,0.57,0,8195506.559319,True,False,epl-ast-eve-2026-01-18
1111915,72,0.5899998466,0,8195506.559319,True,False,epl-ast-eve-2026-01-18
1111915,168,0.6,0,8195506.559319,True,False,epl-ast-eve-2026-01-18
668100,1,0.58,0,8185435.249886,True,False,honduras-presidential-election
668100,6,0.6099999986,0,8185435.249886,True,False,honduras-presidential-election
668100,24,0.5699999936,0,8185435.249886,True,False,honduras-presidential-election
668100,72,0.6,0,8185435.249886,True,False,honduras-presidential-election
668100,168,0.4200001871,0,8185435.249886,True,False,honduras-presidential-election
1509243,1,0.77,1,8167338.320957994,True,False,ucl-liv1-gal-2026-03-18
1509243,6,0.7799999978,1,8167338.320957994,True,False,ucl-liv1-gal-2026-03-18
1509243,24,0.76,1,8167338.320957994,True,False,ucl-liv1-gal-2026-03-18
1509243,72,0.76,1,8167338.320957994,True,False,ucl-liv1-gal-2026-03-18
1509243,168,0.75,1,8167338.320957994,True,False,ucl-liv1-gal-2026-03-18
800432,1,0.0010000000000000009,0,8136573.744183,False,False,what-price-will-bitcoin-hit-in-2025
800432,6,0.0010000000000000009,0,8136573.744183,False,False,what-price-will-bitcoin-hit-in-2025
800432,24,0.0040000000000000036,0,8136573.744183,False,False,what-price-will-bitcoin-hit-in-2025
800432,72,0.17499428569999997,0,8136573.744183,False,False,what-price-will-bitcoin-hit-in-2025
800432,168,0.1399998824,0,8136573.744183,False,False,what-price-will-bitcoin-hit-in-2025
1823769,1,0.0010000000000000009,0,8135250.043078935,False,True,what-price-will-bitcoin-hit-in-april-202
1823769,6,0.0010000000000000009,0,8135250.043078935,False,True,what-price-will-bitcoin-hit-in-april-202
1823769,24,0.0010000000000000009,0,8135250.043078935,False,True,what-price-will-bitcoin-hit-in-april-202
1823769,72,0.0010000000000000009,0,8135250.043078935,False,True,what-price-will-bitcoin-hit-in-april-202
1823769,168,0.0010000000000000009,0,8135250.043078935,False,True,what-price-will-bitcoin-hit-in-april-202
514497,1,0.0050000000000000044,0,8130895.805353,False,False,khamenei-out-as-supreme-leader-of-iran-b
514497,6,0.0050000000000000044,0,8130895.805353,False,False,khamenei-out-as-supreme-leader-of-iran-b
514497,24,0.007,0,8130895.805353,False,False,khamenei-out-as-supreme-leader-of-iran-b
514497,72,0.01700000189999995,0,8130895.805353,False,False,khamenei-out-as-supreme-leader-of-iran-b
514497,168,0.10599999999999998,0,8130895.805353,False,False,khamenei-out-as-supreme-leader-of-iran-b
514497,720,0.049000000000000044,0,8130895.805353,False,False,khamenei-out-as-supreme-leader-of-iran-b
2000795,1,0.29999997,0,8085644.130929168,True,True,ucl-atm-ars-2026-04-29
2000795,6,0.29,0,8085644.130929168,True,True,ucl-atm-ars-2026-04-29
2000795,24,0.32,0,8085644.130929168,True,True,ucl-atm-ars-2026-04-29
2000795,72,0.35,0,8085644.130929168,True,True,ucl-atm-ars-2026-04-29
2000795,168,0.33,0,8085644.130929168,True,True,ucl-atm-ars-2026-04-29
512640,1,0.001,0,8077852.296,True,False,of-gop-seats-in-house-of-representatives
512640,6,0.001,0,8077852.296,True,False,of-gop-seats-in-house-of-representatives
512640,24,0.001,0,8077852.296,True,False,of-gop-seats-in-house-of-representatives
512640,72,0.001,0,8077852.296,True,False,of-gop-seats-in-house-of-representatives
512640,168,0.001,0,8077852.296,True,False,of-gop-seats-in-house-of-representatives
512640,720,0.001,0,8077852.296,True,False,of-gop-seats-in-house-of-representatives
541629,1,0.001,0,8076282.887557,True,False,chile-presidential-election
541629,6,0.001,0,8076282.887557,True,False,chile-presidential-election
541629,24,0.001,0,8076282.887557,True,False,chile-presidential-election
541629,72,0.001,0,8076282.887557,True,False,chile-presidential-election
541629,168,0.0010000000000000009,0,8076282.887557,True,False,chile-presidential-election
541629,720,0.001,0,8076282.887557,True,False,chile-presidential-election
534200,1,0.001,0,8070735.318291,True,False,next-president-of-south-korea
534200,6,0.001,0,8070735.318291,True,False,next-president-of-south-korea
534200,24,0.001,0,8070735.318291,True,False,next-president-of-south-korea
534200,72,0.001,0,8070735.318291,True,False,next-president-of-south-korea
534200,168,0.0010000000000000009,0,8070735.318291,True,False,next-president-of-south-korea
534200,720,0.001,0,8070735.318291,True,False,next-president-of-south-korea
527079,1,0.0010000000000000009,0,8069448.520812,False,False,will-gta-6-cost-100
527079,6,0.0010000010999999809,0,8069448.520812,False,False,will-gta-6-cost-100
527079,24,0.0010000063999999753,0,8069448.520812,False,False,will-gta-6-cost-100
527079,72,0.004,0,8069448.520812,False,False,will-gta-6-cost-100
527079,168,0.004,0,8069448.520812,False,False,will-gta-6-cost-100
527079,720,0.0092119816,0,8069448.520812,False,False,will-gta-6-cost-100
515864,1,0.001,0,8068149.044278,True,False,which-party-wins-2nd-most-seats-in-germa
515864,6,0.001,0,8068149.044278,True,False,which-party-wins-2nd-most-seats-in-germa
515864,24,0.0010000000000000009,0,8068149.044278,True,False,which-party-wins-2nd-most-seats-in-germa
515864,72,0.001,0,8068149.044278,True,False,which-party-wins-2nd-most-seats-in-germa
515864,168,0.002,0,8068149.044278,True,False,which-party-wins-2nd-most-seats-in-germa
515864,720,0.0040000000000000036,0,8068149.044278,True,False,which-party-wins-2nd-most-seats-in-germa
517082,1,0.015911456799999946,0,8061597.738611,False,False,what-price-will-bitcoin-hit-in-january
517082,6,0.019000000000000017,0,8061597.738611,False,False,what-price-will-bitcoin-hit-in-january
517082,24,0.17000000000000004,0,8061597.738611,False,False,what-price-will-bitcoin-hit-in-january
517082,72,0.18,0,8061597.738611,False,False,what-price-will-bitcoin-hit-in-january
517082,168,0.53,0,8061597.738611,False,False,what-price-will-bitcoin-hit-in-january
620015,1,0.0020000000000000018,0,8066294.940938,False,False,what-price-will-bitcoin-hit-in-2025
620015,6,0.0010000000000000009,0,8066294.940938,False,False,what-price-will-bitcoin-hit-in-2025
620015,24,0.0040000000000000036,0,8066294.940938,False,False,what-price-will-bitcoin-hit-in-2025
620015,72,0.016,0,8066294.940938,False,False,what-price-will-bitcoin-hit-in-2025
620015,168,0.0940895062,0,8066294.940938,False,False,what-price-will-bitcoin-hit-in-2025
620015,720,0.5290000024,0,8066294.940938,False,False,what-price-will-bitcoin-hit-in-2025
2707625,1,0.1899999726,1,8041631.917780037,True,True,fifwc-ger-par-2026-06-29
2707625,6,0.1899999766,1,8041631.917780037,True,True,fifwc-ger-par-2026-06-29
2707625,24,0.179999987,1,8041631.917780037,True,True,fifwc-ger-par-2026-06-29
512662,1,0.009958141799999987,0,8039368.329515,False,False,what-price-will-bitcoin-hit-in-november
512662,6,0.0080479833,0,8039368.329515,False,False,what-price-will-bitcoin-hit-in-november
512662,24,0.049,0,8039368.329515,False,False,what-price-will-bitcoin-hit-in-november
512662,72,0.07,0,8039368.329515,False,False,what-price-will-bitcoin-hit-in-november
512662,168,0.37,0,8039368.329515,False,False,what-price-will-bitcoin-hit-in-november
2690983,1,0.18000001639999996,0,8054695.137975048,True,True,fifwc-bra-jpn-2026-06-29
2690983,6,0.1799999995,0,8054695.137975048,True,True,fifwc-bra-jpn-2026-06-29
2690983,24,0.1899999726,0,8054695.137975048,True,True,fifwc-bra-jpn-2026-06-29
2690983,72,0.1899999373,0,8054695.137975048,True,True,fifwc-bra-jpn-2026-06-29
580840,1,0.999,1,8030505.614676,False,False,will-trump-impose-more-sanctions-on-russ
580840,6,0.999,1,8030505.614676,False,False,will-trump-impose-more-sanctions-on-russ
580840,24,0.999,1,8030505.614676,False,False,will-trump-impose-more-sanctions-on-russ
580840,72,0.999,1,8030505.614676,False,False,will-trump-impose-more-sanctions-on-russ
580840,168,0.999,1,8030505.614676,False,False,will-trump-impose-more-sanctions-on-russ
580840,720,0.36,1,8030505.614676,False,False,will-trump-impose-more-sanctions-on-russ
655039,1,0.001,0,8018333.984,True,False,game-awards-game-of-the-year-2025
655039,6,0.001,0,8018333.984,True,False,game-awards-game-of-the-year-2025
655039,24,0.001,0,8018333.984,True,False,game-awards-game-of-the-year-2025
655039,72,0.001,0,8018333.984,True,False,game-awards-game-of-the-year-2025
655039,168,0.001,0,8018333.984,True,False,game-awards-game-of-the-year-2025
655039,720,0.001,0,8018333.984,True,False,game-awards-game-of-the-year-2025
506729,1,0.0010000000000000009,0,8273559.07700099,True,False,premier-league-winner-24-25
506729,6,0.0010000000000000009,0,8273559.07700099,True,False,premier-league-winner-24-25
506729,24,0.0010000000000000009,0,8273559.07700099,True,False,premier-league-winner-24-25
506729,72,0.0010000000000000009,0,8273559.07700099,True,False,premier-league-winner-24-25
506729,168,0.0010000000000000009,0,8273559.07700099,True,False,premier-league-winner-24-25
506729,720,0.0010000000000000009,0,8273559.07700099,True,False,premier-league-winner-24-25
666217,1,0.0010000000000000009,0,8257060.300168,False,False,what-price-will-bitcoin-hit-in-2025
666217,6,0.001,0,8257060.300168,False,False,what-price-will-bitcoin-hit-in-2025
666217,24,0.0020000000000000018,0,8257060.300168,False,False,what-price-will-bitcoin-hit-in-2025
666217,72,0.002,0,8257060.300168,False,False,what-price-will-bitcoin-hit-in-2025
666217,168,0.0040000000000000036,0,8257060.300168,False,False,what-price-will-bitcoin-hit-in-2025
666217,720,0.029,0,8257060.300168,False,False,what-price-will-bitcoin-hit-in-2025
1467765,1,0.1259999519,0,8009442.956812905,False,False,will-crude-oil-cl-hit-by-end-of-march
1467765,6,0.073,0,8009442.956812905,False,False,will-crude-oil-cl-hit-by-end-of-march
1467765,24,0.2365681838,0,8009442.956812905,False,False,will-crude-oil-cl-hit-by-end-of-march
1467765,72,0.2482033719,0,8009442.956812905,False,False,will-crude-oil-cl-hit-by-end-of-march
1467765,168,0.1390000001,0,8009442.956812905,False,False,will-crude-oil-cl-hit-by-end-of-march
1467765,720,0.14,0,8009442.956812905,False,False,will-crude-oil-cl-hit-by-end-of-march
504493,1,0.0170000004,0,7995206.758932,True,False,fed-interest-rates-november-2024
504493,6,0.015,0,7995206.758932,True,False,fed-interest-rates-november-2024
504493,24,0.028,0,7995206.758932,True,False,fed-interest-rates-november-2024
504493,72,0.030000000000000027,0,7995206.758932,True,False,fed-interest-rates-november-2024
504493,168,0.086,0,7995206.758932,True,False,fed-interest-rates-november-2024
504493,720,0.1529999977,0,7995206.758932,True,False,fed-interest-rates-november-2024
2941972,1,0.2299999952,0,7991336.484533009,True,True,fifwc-fra-eng-2026-07-18
2941972,6,0.2399999242,0,7991336.484533009,True,True,fifwc-fra-eng-2026-07-18
2941972,24,0.25,0,7991336.484533009,True,True,fifwc-fra-eng-2026-07-18
1112525,1,0.6199999998,0,7976026.758481,True,False,lal-rso-bar-2026-01-18
1112525,6,0.61,0,7976026.758481,True,False,lal-rso-bar-2026-01-18
1112525,24,0.61,0,7976026.758481,True,False,lal-rso-bar-2026-01-18
1112525,72,0.63,0,7976026.758481,True,False,lal-rso-bar-2026-01-18
1112525,168,0.6054364828,0,7976026.758481,True,False,lal-rso-bar-2026-01-18
1303353,1,0.0010000000000000009,0,7971673.119105,False,False,what-price-will-ethereum-hit-in-february
1303353,6,0.0010000000000000009,0,7971673.119105,False,False,what-price-will-ethereum-hit-in-february
1303353,24,0.0010000000000000009,0,7971673.119105,False,False,what-price-will-ethereum-hit-in-february
1303353,72,0.0010000000000000009,0,7971673.119105,False,False,what-price-will-ethereum-hit-in-february
1303353,168,0.0020000000000000018,0,7971673.119105,False,False,what-price-will-ethereum-hit-in-february
1175524,1,0.5,0,7975001.728113,False,False,us-strikes-iran-by
1175524,6,0.39,0,7975001.728113,False,False,us-strikes-iran-by
1175524,24,0.2235526503,0,7975001.728113,False,False,us-strikes-iran-by
555821,1,0.0010000000000000009,0,8080076.410123,True,False,time-2025-person-of-the-year
555821,6,0.0010000000000000009,0,8080076.410123,True,False,time-2025-person-of-the-year
555821,24,0.0010000000000000009,0,8080076.410123,True,False,time-2025-person-of-the-year
555821,72,0.0010000000000000009,0,8080076.410123,True,False,time-2025-person-of-the-year
555821,168,0.0010000000000000009,0,8080076.410123,True,False,time-2025-person-of-the-year
555821,720,0.06000030079999996,0,8080076.410123,True,False,time-2025-person-of-the-year
1467763,1,0.013000017999999947,0,7966559.269008993,False,False,will-crude-oil-cl-hit-by-end-of-march
1467763,6,0.015,0,7966559.269008993,False,False,will-crude-oil-cl-hit-by-end-of-march
1467763,24,0.05700000000000005,0,7966559.269008993,False,False,will-crude-oil-cl-hit-by-end-of-march
1467763,72,0.0711058086,0,7966559.269008993,False,False,will-crude-oil-cl-hit-by-end-of-march
1467763,168,0.0899999919,0,7966559.269008993,False,False,will-crude-oil-cl-hit-by-end-of-march
1467763,720,0.1899999908,0,7966559.269008993,False,False,will-crude-oil-cl-hit-by-end-of-march
540220,1,0.0010000000000000009,0,7933650.111925,True,False,super-bowl-champion-2026-731
540220,6,0.0010000000000000009,0,7933650.111925,True,False,super-bowl-champion-2026-731
540220,24,0.0010000000000000009,0,7933650.111925,True,False,super-bowl-champion-2026-731
540220,72,0.0010000000000000009,0,7933650.111925,True,False,super-bowl-champion-2026-731
540220,168,0.0010000000000000009,0,7933650.111925,True,False,super-bowl-champion-2026-731
540220,720,0.06299999999999994,0,7933650.111925,True,False,super-bowl-champion-2026-731
690645,1,0.999,1,7924514.669527,False,False,who-will-be-named-in-newly-released-epst
690645,6,0.999,1,7924514.669527,False,False,who-will-be-named-in-newly-released-epst
690645,24,0.999,1,7924514.669527,False,False,who-will-be-named-in-newly-released-epst
690645,72,0.999,1,7924514.669527,False,False,who-will-be-named-in-newly-released-epst
690645,168,0.975,1,7924514.669527,False,False,who-will-be-named-in-newly-released-epst
690645,720,0.07999999999999996,1,7924514.669527,False,False,who-will-be-named-in-newly-released-epst
2844059,1,0.274999995,1,7921555.007364113,True,True,fifwc-arg-che-2026-07-11
2844059,6,0.2699999937,1,7921555.007364113,True,True,fifwc-arg-che-2026-07-11
2844059,24,0.2699998977,1,7921555.007364113,True,True,fifwc-arg-che-2026-07-11
2844059,72,0.2799999977,1,7921555.007364113,True,True,fifwc-arg-che-2026-07-11
668101,1,0.16,1,7902409.57029,True,False,honduras-presidential-election
668101,6,0.13000076559999996,1,7902409.57029,True,False,honduras-presidential-election
668101,24,0.14512924299999996,1,7902409.57029,True,False,honduras-presidential-election
668101,72,0.1374589647,1,7902409.57029,True,False,honduras-presidential-election
668101,168,0.14,1,7902409.57029,True,False,honduras-presidential-election
525365,1,0.0340001217,0,7895976.526057,True,False,f1-drivers-champion
525365,6,0.040000000000000036,0,7895976.526057,True,False,f1-drivers-champion
525365,24,0.034,0,7895976.526057,True,False,f1-drivers-champion
525365,72,0.05800000019999996,0,7895976.526057,True,False,f1-drivers-champion
525365,168,0.1159999063,0,7895976.526057,True,False,f1-drivers-champion
525365,720,0.261999868,0,7895976.526057,True,False,f1-drivers-champion
541110,1,0.09299999999999997,0,7891266.898406,True,False,romanian-presidential-election-margin-of
541110,6,0.059999989,0,7891266.898406,True,False,romanian-presidential-election-margin-of
541110,24,0.056256697,0,7891266.898406,True,False,romanian-presidential-election-margin-of
541110,72,0.0386240678,0,7891266.898406,True,False,romanian-presidential-election-margin-of
541110,168,0.051,0,7891266.898406,True,False,romanian-presidential-election-margin-of
842004,1,0.0050000000000000044,0,8005194.894752008,True,True,eurovision-winner-2026
842004,6,0.007000000000000006,0,8005194.894752008,True,True,eurovision-winner-2026
842004,24,0.0030000000000000027,0,8005194.894752008,True,True,eurovision-winner-2026
842004,72,0.0020000000000000018,0,8005194.894752008,True,True,eurovision-winner-2026
842004,168,0.001,0,8005194.894752008,True,True,eurovision-winner-2026
842004,720,0.0020000000000000018,0,8005194.894752008,True,True,eurovision-winner-2026
504870,1,0.001,0,8004700.213785,True,False,democratic-vp-nominee-on-election-day
504870,6,0.001,0,8004700.213785,True,False,democratic-vp-nominee-on-election-day
504870,24,0.001,0,8004700.213785,True,False,democratic-vp-nominee-on-election-day
504870,72,0.001,0,8004700.213785,True,False,democratic-vp-nominee-on-election-day
504870,168,0.001,0,8004700.213785,True,False,democratic-vp-nominee-on-election-day
504870,720,0.0010000000000000009,0,8004700.213785,True,False,democratic-vp-nominee-on-election-day
534190,1,0.001,0,7888208.010183,True,False,next-president-of-south-korea
534190,6,0.001,0,7888208.010183,True,False,next-president-of-south-korea
534190,24,0.001,0,7888208.010183,True,False,next-president-of-south-korea
534190,72,0.001,0,7888208.010183,True,False,next-president-of-south-korea
534190,168,0.001,0,7888208.010183,True,False,next-president-of-south-korea
534190,720,0.001,0,7888208.010183,True,False,next-president-of-south-korea
518601,1,0.001,0,7824700.712076,True,False,presidents-trophy-winner
518601,6,0.001,0,7824700.712076,True,False,presidents-trophy-winner
518601,24,0.001,0,7824700.712076,True,False,presidents-trophy-winner
518601,72,0.001,0,7824700.712076,True,False,presidents-trophy-winner
518601,168,0.001,0,7824700.712076,True,False,presidents-trophy-winner
518601,720,0.0010000000000000009,0,7824700.712076,True,False,presidents-trophy-winner
1345641,1,0.00401679570000002,0,7913769.202511,False,False,what-price-will-bitcoin-hit-in-february-
1345641,6,0.0040000000000000036,0,7913769.202511,False,False,what-price-will-bitcoin-hit-in-february-
1345641,24,0.002000001600000023,0,7913769.202511,False,False,what-price-will-bitcoin-hit-in-february-
1345641,72,0.06134052729999995,0,7913769.202511,False,False,what-price-will-bitcoin-hit-in-february-
1345641,168,0.17000000000000004,0,7913769.202511,False,False,what-price-will-bitcoin-hit-in-february-
984487,1,0.999,1,7800776.739034,False,False,will-trump-release-the-epstein-files-by
984487,6,0.998,1,7800776.739034,False,False,will-trump-release-the-epstein-files-by
984487,24,0.998,1,7800776.739034,False,False,will-trump-release-the-epstein-files-by
984487,72,0.92,1,7800776.739034,False,False,will-trump-release-the-epstein-files-by
597967,1,0.999,1,7912817.765875065,False,True,starmer-out-in-2025
597967,6,0.999,1,7912817.765875065,False,True,starmer-out-in-2025
597967,24,0.999,1,7912817.765875065,False,True,starmer-out-in-2025
597967,72,0.999,1,7912817.765875065,False,True,starmer-out-in-2025
597967,168,0.999,1,7912817.765875065,False,True,starmer-out-in-2025
597967,720,0.14000014049999998,1,7912817.765875065,False,True,starmer-out-in-2025
1897212,1,0.28,0,7906197.816467133,True,True,fifwc-nor-sen-2026-06-22
1897212,6,0.2799999731,0,7906197.816467133,True,True,fifwc-nor-sen-2026-06-22
1897212,24,0.2799998432,0,7906197.816467133,True,True,fifwc-nor-sen-2026-06-22
1897212,72,0.2799999916,0,7906197.816467133,True,True,fifwc-nor-sen-2026-06-22
1897212,168,0.2799998432,0,7906197.816467133,True,True,fifwc-nor-sen-2026-06-22
1897212,720,0.24,0,7906197.816467133,True,True,fifwc-nor-sen-2026-06-22
504903,1,0.0010000000000000009,0,7783375.01711,True,False,fantasy-football-top-qb-2024
504903,6,0.0010000000000000009,0,7783375.01711,True,False,fantasy-football-top-qb-2024
504903,24,0.001,0,7783375.01711,True,False,fantasy-football-top-qb-2024
504903,72,0.00200009329999995,0,7783375.01711,True,False,fantasy-football-top-qb-2024
504903,168,0.0010000000000000009,0,7783375.01711,True,False,fantasy-football-top-qb-2024
504903,720,0.03200000000000003,0,7783375.01711,True,False,fantasy-football-top-qb-2024
512649,1,0.999,1,7758070.262013,False,False,what-price-will-bitcoin-hit-in-november
512649,6,0.999,1,7758070.262013,False,False,what-price-will-bitcoin-hit-in-november
512649,24,0.999,1,7758070.262013,False,False,what-price-will-bitcoin-hit-in-november
512649,72,0.999,1,7758070.262013,False,False,what-price-will-bitcoin-hit-in-november
512649,168,0.999,1,7758070.262013,False,False,what-price-will-bitcoin-hit-in-november
842006,1,0.001,0,8108124.935098929,True,True,eurovision-winner-2026
842006,6,0.001,0,8108124.935098929,True,True,eurovision-winner-2026
842006,24,0.001,0,8108124.935098929,True,True,eurovision-winner-2026
842006,72,0.0020000000000000018,0,8108124.935098929,True,True,eurovision-winner-2026
842006,168,0.0010000000000000009,0,8108124.935098929,True,True,eurovision-winner-2026
842006,720,0.0050000000000000044,0,8108124.935098929,True,True,eurovision-winner-2026
514144,1,0.001,0,8085883.314604,True,False,poland-presidential-election
514144,6,0.001,0,8085883.314604,True,False,poland-presidential-election
514144,24,0.001,0,8085883.314604,True,False,poland-presidential-election
514144,72,0.001,0,8085883.314604,True,False,poland-presidential-election
514144,168,0.001,0,8085883.314604,True,False,poland-presidential-election
514144,720,0.001,0,8085883.314604,True,False,poland-presidential-election
569433,1,0.9809999922,1,7867806.308222,True,False,portugal-presidential-election
569433,6,0.981,1,7867806.308222,True,False,portugal-presidential-election
569433,24,0.979,1,7867806.308222,True,False,portugal-presidential-election
569433,72,0.967,1,7867806.308222,True,False,portugal-presidential-election
569433,168,0.7299999679,1,7867806.308222,True,False,portugal-presidential-election
569433,720,0.06599999999999995,1,7867806.308222,True,False,portugal-presidential-election
1938984,1,0.052568459099999965,0,7833257.504384964,False,False,israel-x-hezbollah-ceasefire-by
1938984,6,0.050000000000000044,0,7833257.504384964,False,False,israel-x-hezbollah-ceasefire-by
1938984,24,0.09999999999999998,0,7833257.504384964,False,False,israel-x-hezbollah-ceasefire-by
1938984,72,0.13,0,7833257.504384964,False,False,israel-x-hezbollah-ceasefire-by
633316,1,0.63,1,7753176.610305,True,False,lol-worlds-2025-winner
633316,6,0.6299999983,1,7753176.610305,True,False,lol-worlds-2025-winner
633316,24,0.63,1,7753176.610305,True,False,lol-worlds-2025-winner
633316,72,0.6299999017,1,7753176.610305,True,False,lol-worlds-2025-winner
633316,168,0.42000000000000004,1,7753176.610305,True,False,lol-worlds-2025-winner
1335027,1,0.43000017479999997,1,7735685.327279,True,False,ucl-ben-rma-2026-02-17
1335027,6,0.4399999981,1,7735685.327279,True,False,ucl-ben-rma-2026-02-17
1335027,24,0.5100000177999999,1,7735685.327279,True,False,ucl-ben-rma-2026-02-17
1335027,72,0.52,1,7735685.327279,True,False,ucl-ben-rma-2026-02-17
1335027,168,0.5299999899,1,7735685.327279,True,False,ucl-ben-rma-2026-02-17
506108,1,0.001,0,7734192.69611796,True,False,nfl-mvp-1
506108,6,0.001,0,7734192.69611796,True,False,nfl-mvp-1
506108,24,0.001,0,7734192.69611796,True,False,nfl-mvp-1
506108,72,0.001,0,7734192.69611796,True,False,nfl-mvp-1
506108,168,0.001,0,7734192.69611796,True,False,nfl-mvp-1
506108,720,0.001,0,7734192.69611796,True,False,nfl-mvp-1
1897291,1,0.75,1,7707332.210679964,True,True,fifwc-sco-bra-2026-06-24
1897291,6,0.75,1,7707332.210679964,True,True,fifwc-sco-bra-2026-06-24
1897291,24,0.7199999948,1,7707332.210679964,True,True,fifwc-sco-bra-2026-06-24
1897291,72,0.7,1,7707332.210679964,True,True,fifwc-sco-bra-2026-06-24
1897291,168,0.6900001705000001,1,7707332.210679964,True,True,fifwc-sco-bra-2026-06-24
1897291,720,0.7199999965,1,7707332.210679964,True,True,fifwc-sco-bra-2026-06-24
255156,1,0.001,0,7698840.763822,True,False,pennsylvania-presidential-election-winne
255156,6,0.001,0,7698840.763822,True,False,pennsylvania-presidential-election-winne
255156,24,0.0010000000000000009,0,7698840.763822,True,False,pennsylvania-presidential-election-winne
255156,72,0.001,0,7698840.763822,True,False,pennsylvania-presidential-election-winne
255156,168,0.001,0,7698840.763822,True,False,pennsylvania-presidential-election-winne
255156,720,0.0010000000000000009,0,7698840.763822,True,False,pennsylvania-presidential-election-winne
1354820,1,0.6700002178,1,7681286.254786,True,False,lal-mad-esp-2026-02-21
1354820,6,0.6499999935,1,7681286.254786,True,False,lal-mad-esp-2026-02-21
1354820,24,0.66,1,7681286.254786,True,False,lal-mad-esp-2026-02-21
1354820,72,0.6699999839,1,7681286.254786,True,False,lal-mad-esp-2026-02-21
1354820,168,0.67,1,7681286.254786,True,False,lal-mad-esp-2026-02-21
504875,1,0.001,0,7638434.260629,True,False,democratic-vp-nominee-on-election-day
504875,6,0.001,0,7638434.260629,True,False,democratic-vp-nominee-on-election-day
504875,24,0.0010000000000000009,0,7638434.260629,True,False,democratic-vp-nominee-on-election-day
504875,72,0.0010000000000000009,0,7638434.260629,True,False,democratic-vp-nominee-on-election-day
504875,168,0.0030000000000000027,0,7638434.260629,True,False,democratic-vp-nominee-on-election-day
504875,720,0.0010000000000000009,0,7638434.260629,True,False,democratic-vp-nominee-on-election-day
948040,1,0.001,0,7636388.892528013,True,False,hungary-parliamentary-election-winner
948040,6,0.001,0,7636388.892528013,True,False,hungary-parliamentary-election-winner
948040,24,0.001,0,7636388.892528013,True,False,hungary-parliamentary-election-winner
948040,72,0.001,0,7636388.892528013,True,False,hungary-parliamentary-election-winner
948040,168,0.001,0,7636388.892528013,True,False,hungary-parliamentary-election-winner
948040,720,0.0010000000000000009,0,7636388.892528013,True,False,hungary-parliamentary-election-winner
540233,1,0.001,0,7603436.627812,True,False,super-bowl-champion-2026-731
540233,6,0.001,0,7603436.627812,True,False,super-bowl-champion-2026-731
540233,24,0.001,0,7603436.627812,True,False,super-bowl-champion-2026-731
540233,72,0.001,0,7603436.627812,True,False,super-bowl-champion-2026-731
540233,168,0.001,0,7603436.627812,True,False,super-bowl-champion-2026-731
540233,720,0.03500000000000003,0,7603436.627812,True,False,super-bowl-champion-2026-731
1897354,1,0.2699999896,1,7603363.7921550535,True,True,fifwc-tur-usa-2026-06-25
1897354,6,0.24000000099999996,1,7603363.7921550535,True,True,fifwc-tur-usa-2026-06-25
1897354,24,0.26,1,7603363.7921550535,True,True,fifwc-tur-usa-2026-06-25
1897354,72,0.27000001240000004,1,7603363.7921550535,True,True,fifwc-tur-usa-2026-06-25
1897354,168,0.3499999842,1,7603363.7921550535,True,True,fifwc-tur-usa-2026-06-25
1897354,720,0.36,1,7603363.7921550535,True,True,fifwc-tur-usa-2026-06-25
510854,1,0.12,0,7603059.085456,False,False,will-microsoft-shareholders-vote-for-bit
510854,6,0.12000003520000002,0,7603059.085456,False,False,will-microsoft-shareholders-vote-for-bit
510854,24,0.14,0,7603059.085456,False,False,will-microsoft-shareholders-vote-for-bit
510854,72,0.1399999426,0,7603059.085456,False,False,will-microsoft-shareholders-vote-for-bit
510854,168,0.09999999999999998,0,7603059.085456,False,False,will-microsoft-shareholders-vote-for-bit
510854,720,0.11,0,7603059.085456,False,False,will-microsoft-shareholders-vote-for-bit
581247,1,0.0072346301,0,7598984.9543,False,False,lisa-cook-out-as-fed-governor-by-septemb
581247,6,0.013,0,7598984.9543,False,False,lisa-cook-out-as-fed-governor-by-septemb
581247,24,0.026000956500000005,0,7598984.9543,False,False,lisa-cook-out-as-fed-governor-by-septemb
581247,72,0.036,0,7598984.9543,False,False,lisa-cook-out-as-fed-governor-by-septemb
581247,168,0.039000000000000035,0,7598984.9543,False,False,lisa-cook-out-as-fed-governor-by-septemb
581247,720,0.13,0,7598984.9543,False,False,lisa-cook-out-as-fed-governor-by-septemb
1897442,1,0.86,1,7598609.843235994,True,True,fifwc-jor-arg-2026-06-27
1897442,6,0.8699999983,1,7598609.843235994,True,True,fifwc-jor-arg-2026-06-27
1897442,24,0.83,1,7598609.843235994,True,True,fifwc-jor-arg-2026-06-27
1897442,72,0.829999995,1,7598609.843235994,True,True,fifwc-jor-arg-2026-06-27
1897442,168,0.8299999087,1,7598609.843235994,True,True,fifwc-jor-arg-2026-06-27
1897442,720,0.8399999966,1,7598609.843235994,True,True,fifwc-jor-arg-2026-06-27
568647,1,0.0010000000000000009,0,7598077.229271018,True,False,the-masters-winner-2026
568647,6,0.062,0,7598077.229271018,True,False,the-masters-winner-2026
568647,24,0.064,0,7598077.229271018,True,False,the-masters-winner-2026
568647,72,0.02748445,0,7598077.229271018,True,False,the-masters-winner-2026
568647,168,0.01200000000000001,0,7598077.229271018,True,False,the-masters-winner-2026
568647,720,0.014000000000000012,0,7598077.229271018,True,False,the-masters-winner-2026
513334,1,0.0010000000000000009,0,7577895.740092,False,False,will-assad-remain-president-of-syria-thr
513334,6,0.0010000000000000009,0,7577895.740092,False,False,will-assad-remain-president-of-syria-thr
513334,24,0.0010000000000000009,0,7577895.740092,False,False,will-assad-remain-president-of-syria-thr
513334,72,0.0010000000000000009,0,7577895.740092,False,False,will-assad-remain-president-of-syria-thr
513334,168,0.0010000000000000009,0,7577895.740092,False,False,will-assad-remain-president-of-syria-thr
513334,720,0.9179999857,0,7577895.740092,False,False,will-assad-remain-president-of-syria-thr
1897152,1,0.0559999949,0,7574775.76100501,True,True,fifwc-ecu-kor-2026-06-20
1897152,6,0.0419999995,0,7574775.76100501,True,True,fifwc-ecu-kor-2026-06-20
1897152,24,0.04,0,7574775.76100501,True,True,fifwc-ecu-kor-2026-06-20
1897152,72,0.039000000000000035,0,7574775.76100501,True,True,fifwc-ecu-kor-2026-06-20
1897152,168,0.065,0,7574775.76100501,True,True,fifwc-ecu-kor-2026-06-20
1897152,720,0.08899999999999997,0,7574775.76100501,True,True,fifwc-ecu-kor-2026-06-20
2297854,1,0.041000000000000036,0,7704920.399582997,False,False,us-x-iran-permanent-peace-deal-by
2297854,6,0.10492062859999995,0,7704920.399582997,False,False,us-x-iran-permanent-peace-deal-by
2297854,24,0.0559999498,0,7704920.399582997,False,False,us-x-iran-permanent-peace-deal-by
2297854,72,0.06000000000000005,0,7704920.399582997,False,False,us-x-iran-permanent-peace-deal-by
255175,1,0.001,0,7693577.100653,True,False,texas-presidential-election-winner
255175,6,0.001,0,7693577.100653,True,False,texas-presidential-election-winner
255175,24,0.001,0,7693577.100653,True,False,texas-presidential-election-winner
255175,72,0.0010000000000000009,0,7693577.100653,True,False,texas-presidential-election-winner
255175,168,0.001,0,7693577.100653,True,False,texas-presidential-election-winner
255175,720,0.0020000000000000018,0,7693577.100653,True,False,texas-presidential-election-winner
516876,1,0.001,0,7570762.533718,False,False,what-price-will-ethereum-hit-in-2025
516876,6,0.0010000000000000009,0,7570762.533718,False,False,what-price-will-ethereum-hit-in-2025
516876,24,0.0010000000000000009,0,7570762.533718,False,False,what-price-will-ethereum-hit-in-2025
516876,72,0.0010000000000000009,0,7570762.533718,False,False,what-price-will-ethereum-hit-in-2025
516876,168,0.002,0,7570762.533718,False,False,what-price-will-ethereum-hit-in-2025
516876,720,0.010000000000000009,0,7570762.533718,False,False,what-price-will-ethereum-hit-in-2025
505028,1,0.001,0,7570580.29802725,True,False,fantasy-football-top-flex-2024
505028,6,0.001,0,7570580.29802725,True,False,fantasy-football-top-flex-2024
505028,24,0.001,0,7570580.29802725,True,False,fantasy-football-top-flex-2024
505028,72,0.002,0,7570580.29802725,True,False,fantasy-football-top-flex-2024
505028,168,0.0030000000000000027,0,7570580.29802725,True,False,fantasy-football-top-flex-2024
505028,720,0.0030000000000000027,0,7570580.29802725,True,False,fantasy-football-top-flex-2024
1405322,1,0.001,0,7682628.546,True,False,elon-musk-of-tweets-february-24-march-3
1405322,6,0.001,0,7682628.546,True,False,elon-musk-of-tweets-february-24-march-3
1405322,24,0.001,0,7682628.546,True,False,elon-musk-of-tweets-february-24-march-3
1405322,72,0.001,0,7682628.546,True,False,elon-musk-of-tweets-february-24-march-3
1405322,168,0.0010000000000000009,0,7682628.546,True,False,elon-musk-of-tweets-february-24-march-3
503309,1,0.0010000000000000009,0,7565957.35661803,True,False,superbowl-champion-2025
503309,6,0.0010000000000000009,0,7565957.35661803,True,False,superbowl-champion-2025
503309,24,0.0010000000000000009,0,7565957.35661803,True,False,superbowl-champion-2025
503309,72,0.0010000000000000009,0,7565957.35661803,True,False,superbowl-champion-2025
503309,168,0.0010000000000000009,0,7565957.35661803,True,False,superbowl-champion-2025
503309,720,0.027000000000000024,0,7565957.35661803,True,False,superbowl-champion-2025
253677,1,0.19,1,7563202.909916,True,False,electoral-college-margin-of-victory-in-t
253677,6,0.18,1,7563202.909916,True,False,electoral-college-margin-of-victory-in-t
253677,24,0.16000000000000003,1,7563202.909916,True,False,electoral-college-margin-of-victory-in-t
253677,72,0.22,1,7563202.909916,True,False,electoral-college-margin-of-victory-in-t
253677,168,0.26,1,7563202.909916,True,False,electoral-college-margin-of-victory-in-t
253677,720,0.16000000000000003,1,7563202.909916,True,False,electoral-college-margin-of-victory-in-t
635230,1,0.001,0,7533509.09764,True,False,1-searched-person-on-google-this-year
635230,6,0.001,0,7533509.09764,True,False,1-searched-person-on-google-this-year
635230,24,0.001,0,7533509.09764,True,False,1-searched-person-on-google-this-year
635230,72,0.001,0,7533509.09764,True,False,1-searched-person-on-google-this-year
635230,168,0.001,0,7533509.09764,True,False,1-searched-person-on-google-this-year
635230,720,0.5300000021,0,7533509.09764,True,False,1-searched-person-on-google-this-year
503326,1,0.0010000000000000009,0,7542108.76883002,True,False,superbowl-champion-2025
503326,6,0.0010000000000000009,0,7542108.76883002,True,False,superbowl-champion-2025
503326,24,0.0010000000000000009,0,7542108.76883002,True,False,superbowl-champion-2025
503326,72,0.0010000000000000009,0,7542108.76883002,True,False,superbowl-champion-2025
503326,168,0.0010000000000000009,0,7542108.76883002,True,False,superbowl-champion-2025
503326,720,0.022,0,7542108.76883002,True,False,superbowl-champion-2025
1303384,1,0.0010000000000000009,0,7551511.585962,False,False,what-price-will-bitcoin-hit-in-february-
1303384,6,0.0010000000000000009,0,7551511.585962,False,False,what-price-will-bitcoin-hit-in-february-
1303384,24,0.001,0,7551511.585962,False,False,what-price-will-bitcoin-hit-in-february-
1303384,72,0.003993125000000042,0,7551511.585962,False,False,what-price-will-bitcoin-hit-in-february-
1303384,168,0.01200000000000001,0,7551511.585962,False,False,what-price-will-bitcoin-hit-in-february-
801289,1,0.001,0,7527608.300541,True,False,which-company-has-the-best-ai-model-end-
801289,6,0.001,0,7527608.300541,True,False,which-company-has-the-best-ai-model-end-
801289,24,0.001,0,7527608.300541,True,False,which-company-has-the-best-ai-model-end-
801289,72,0.001,0,7527608.300541,True,False,which-company-has-the-best-ai-model-end-
801289,168,0.001,0,7527608.300541,True,False,which-company-has-the-best-ai-model-end-
801289,720,0.001,0,7527608.300541,True,False,which-company-has-the-best-ai-model-end-
557770,1,0.001,0,7517688.702565,False,False,what-price-will-ethereum-hit-in-july
557770,6,0.001,0,7517688.702565,False,False,what-price-will-ethereum-hit-in-july
557770,24,0.20199999999999996,0,7517688.702565,False,False,what-price-will-ethereum-hit-in-july
557770,72,0.3159998755,0,7517688.702565,False,False,what-price-will-ethereum-hit-in-july
557770,168,0.16092778340000002,0,7517688.702565,False,False,what-price-will-ethereum-hit-in-july
557770,720,0.014000000999999984,0,7517688.702565,False,False,what-price-will-ethereum-hit-in-july
504586,1,0.962,1,7490697.06615098,True,False,fed-interest-rates-december-2024
504586,6,0.97,1,7490697.06615098,True,False,fed-interest-rates-december-2024
504586,24,0.972,1,7490697.06615098,True,False,fed-interest-rates-december-2024
504586,72,0.966,1,7490697.06615098,True,False,fed-interest-rates-december-2024
504586,168,0.84,1,7490697.06615098,True,False,fed-interest-rates-december-2024
504586,720,0.64,1,7490697.06615098,True,False,fed-interest-rates-december-2024
504871,1,0.0010000000000000009,0,7459053.994745,True,False,democratic-vp-nominee-on-election-day
504871,6,0.001,0,7459053.994745,True,False,democratic-vp-nominee-on-election-day
504871,24,0.0010000000000000009,0,7459053.994745,True,False,democratic-vp-nominee-on-election-day
504871,72,0.001,0,7459053.994745,True,False,democratic-vp-nominee-on-election-day
504871,168,0.001,0,7459053.994745,True,False,democratic-vp-nominee-on-election-day
504871,720,0.0010000000000000009,0,7459053.994745,True,False,democratic-vp-nominee-on-election-day
920389,1,0.27872128659999995,0,7456315.379733,False,False,who-will-trump-talk-to-in-january
920389,6,0.2723659817,0,7456315.379733,False,False,who-will-trump-talk-to-in-january
920389,24,0.52,0,7456315.379733,False,False,who-will-trump-talk-to-in-january
920389,72,0.1199998992,0,7456315.379733,False,False,who-will-trump-talk-to-in-january
920389,168,0.37,0,7456315.379733,False,False,who-will-trump-talk-to-in-january
920389,720,0.5529578266,0,7456315.379733,False,False,who-will-trump-talk-to-in-january
2133404,1,0.0010000000000000009,0,7426874.501728975,False,False,iran-closes-its-airspace-by
2133404,6,0.0010000000000000009,0,7426874.501728975,False,False,iran-closes-its-airspace-by
2133404,24,0.0010000000000000009,0,7426874.501728975,False,False,iran-closes-its-airspace-by
2133404,72,0.0010000000000000009,0,7426874.501728975,False,False,iran-closes-its-airspace-by
2133404,168,0.0010000000000000009,0,7426874.501728975,False,False,iran-closes-its-airspace-by
568630,1,0.999,1,7423340.925850005,True,False,the-masters-winner-2026
568630,6,0.33999999999999997,1,7423340.925850005,True,False,the-masters-winner-2026
568630,24,0.36,1,7423340.925850005,True,False,the-masters-winner-2026
568630,72,0.24,1,7423340.925850005,True,False,the-masters-winner-2026
568630,168,0.07,1,7423340.925850005,True,False,the-masters-winner-2026
568630,720,0.08999999999999997,1,7423340.925850005,True,False,the-masters-winner-2026
504587,1,0.0370000014,0,7400313.75189,True,False,fed-interest-rates-december-2024
504587,6,0.029,0,7400313.75189,True,False,fed-interest-rates-december-2024
504587,24,0.026000000000000023,0,7400313.75189,True,False,fed-interest-rates-december-2024
504587,72,0.028000000000000025,0,7400313.75189,True,False,fed-interest-rates-december-2024
504587,168,0.13000000720000005,0,7400313.75189,True,False,fed-interest-rates-december-2024
504587,720,0.31,0,7400313.75189,True,False,fed-interest-rates-december-2024
1897066,1,0.39,0,7355659.3151120655,True,True,fifwc-civ-ecu-2026-06-14
1897066,6,0.3799999996,0,7355659.3151120655,True,True,fifwc-civ-ecu-2026-06-14
1897066,24,0.3899999902,0,7355659.3151120655,True,True,fifwc-civ-ecu-2026-06-14
1897066,72,0.4,0,7355659.3151120655,True,True,fifwc-civ-ecu-2026-06-14
1897066,168,0.4,0,7355659.3151120655,True,True,fifwc-civ-ecu-2026-06-14
1897066,720,0.4099998237,0,7355659.3151120655,True,True,fifwc-civ-ecu-2026-06-14
1818722,1,0.41,0,7349911.152369008,True,True,ucl-liv1-psg1-2026-04-14
1818722,6,0.41000000000000003,0,7349911.152369008,True,True,ucl-liv1-psg1-2026-04-14
1818722,24,0.4,0,7349911.152369008,True,True,ucl-liv1-psg1-2026-04-14
1818722,72,0.4,0,7349911.152369008,True,True,ucl-liv1-psg1-2026-04-14
1818722,168,0.4,0,7349911.152369008,True,True,ucl-liv1-psg1-2026-04-14
508788,1,0.0010000000000000009,0,7341786.79342,True,False,who-will-hbo-doc-identify-as-satoshi
508788,6,0.0010000000000000009,0,7341786.79342,True,False,who-will-hbo-doc-identify-as-satoshi
508788,24,0.0010000000000000009,0,7341786.79342,True,False,who-will-hbo-doc-identify-as-satoshi
508788,72,0.0010000000000000009,0,7341786.79342,True,False,who-will-hbo-doc-identify-as-satoshi
508788,168,0.062000001599999965,0,7341786.79342,True,False,who-will-hbo-doc-identify-as-satoshi
1581306,1,0.0010000000000000009,0,7792977.976447833,False,False,kharg-island-no-longer-under-iranian-con
1581306,6,0.0020000000000000018,0,7792977.976447833,False,False,kharg-island-no-longer-under-iranian-con
1581306,24,0.0062397462,0,7792977.976447833,False,False,kharg-island-no-longer-under-iranian-con
1581306,72,0.0397990533,0,7792977.976447833,False,False,kharg-island-no-longer-under-iranian-con
1581306,168,0.07,0,7792977.976447833,False,False,kharg-island-no-longer-under-iranian-con
1770233,1,0.66,0,7772042.673206938,True,True,epl-ars-bou-2026-04-11
1770233,6,0.68,0,7772042.673206938,True,True,epl-ars-bou-2026-04-11
1770233,24,0.69,0,7772042.673206938,True,True,epl-ars-bou-2026-04-11
1770233,72,0.6899999869,0,7772042.673206938,True,True,epl-ars-bou-2026-04-11
1770233,168,0.7099999787,0,7772042.673206938,True,True,epl-ars-bou-2026-04-11
1130345,1,0.5599999996,0,7769518.680133,True,False,ucl-spo1-psg1-2026-01-20
1130345,6,0.56,0,7769518.680133,True,False,ucl-spo1-psg1-2026-01-20
1130345,24,0.5599999993,0,7769518.680133,True,False,ucl-spo1-psg1-2026-01-20
1130345,72,0.5499999725,0,7769518.680133,True,False,ucl-spo1-psg1-2026-01-20
1130345,168,0.55,0,7769518.680133,True,False,ucl-spo1-psg1-2026-01-20
1473074,1,0.0010000000000000009,0,7334705.631073961,False,False,what-price-will-bitcoin-hit-in-march-202
1473074,6,0.0010000000000000009,0,7334705.631073961,False,False,what-price-will-bitcoin-hit-in-march-202
1473074,24,0.007,0,7334705.631073961,False,False,what-price-will-bitcoin-hit-in-march-202
1473074,72,0.04400000000000004,0,7334705.631073961,False,False,what-price-will-bitcoin-hit-in-march-202
1473074,168,0.050000000000000044,0,7334705.631073961,False,False,what-price-will-bitcoin-hit-in-march-202
1473074,720,0.4699998919,0,7334705.631073961,False,False,what-price-will-bitcoin-hit-in-march-202
571184,1,0.001,0,7508482.983987,True,False,2025-national-heads-up-poker-championshi
571184,6,0.001,0,7508482.983987,True,False,2025-national-heads-up-poker-championshi
571184,24,0.001,0,7508482.983987,True,False,2025-national-heads-up-poker-championshi
571184,72,0.001,0,7508482.983987,True,False,2025-national-heads-up-poker-championshi
571184,168,0.001,0,7508482.983987,True,False,2025-national-heads-up-poker-championshi
571184,720,0.0020000000000000018,0,7508482.983987,True,False,2025-national-heads-up-poker-championshi
543259,1,0.0010000000000000009,0,7326758.679552,True,False,bolivia-presidential-election
543259,6,0.0010000000000000009,0,7326758.679552,True,False,bolivia-presidential-election
543259,24,0.0010000000000000009,0,7326758.679552,True,False,bolivia-presidential-election
543259,72,0.0010000000000000009,0,7326758.679552,True,False,bolivia-presidential-election
543259,168,0.0010000000000000009,0,7326758.679552,True,False,bolivia-presidential-election
543259,720,0.0010000000000000009,0,7326758.679552,True,False,bolivia-presidential-election
569368,1,0.1299999992,0,7331927.18613499,True,True,colombia-presidential-election
569368,6,0.15,0,7331927.18613499,True,True,colombia-presidential-election
569368,24,0.1199999949,0,7331927.18613499,True,True,colombia-presidential-election
569368,72,0.10000001079999998,0,7331927.18613499,True,True,colombia-presidential-election
569368,168,0.13,0,7331927.18613499,True,True,colombia-presidential-election
569368,720,0.36,0,7331927.18613499,True,True,colombia-presidential-election
2879969,1,0.3224999879,0,7480967.048757078,True,True,fifwc-fra-esp-2026-07-14
2879969,6,0.3075,0,7480967.048757078,True,True,fifwc-fra-esp-2026-07-14
2879969,24,0.2999999767,0,7480967.048757078,True,True,fifwc-fra-esp-2026-07-14
2879969,72,0.3,0,7480967.048757078,True,True,fifwc-fra-esp-2026-07-14
517600,1,0.0535658488,0,7322211.32496,False,False,will-the-conservative-party-win-a-majori
517600,6,0.0567164154,0,7322211.32496,False,False,will-the-conservative-party-win-a-majori
517600,24,0.06900016760000005,0,7322211.32496,False,False,will-the-conservative-party-win-a-majori
517600,72,0.053,0,7322211.32496,False,False,will-the-conservative-party-win-a-majori
517600,168,0.08999999999999997,0,7322211.32496,False,False,will-the-conservative-party-win-a-majori
517600,720,0.15000000000000002,0,7322211.32496,False,False,will-the-conservative-party-win-a-majori
551137,1,0.86,1,7479198.557189,True,False,new-jersey-governor-election-winner-2025
551137,6,0.8699999983,1,7479198.557189,True,False,new-jersey-governor-election-winner-2025
551137,24,0.859999914,1,7479198.557189,True,False,new-jersey-governor-election-winner-2025
551137,72,0.8649280144,1,7479198.557189,True,False,new-jersey-governor-election-winner-2025
551137,168,0.87,1,7479198.557189,True,False,new-jersey-governor-election-winner-2025
551137,720,0.81,1,7479198.557189,True,False,new-jersey-governor-election-winner-2025
801288,1,0.001,0,7300705.855094,True,False,which-company-has-the-best-ai-model-end-
801288,6,0.001,0,7300705.855094,True,False,which-company-has-the-best-ai-model-end-
801288,24,0.001,0,7300705.855094,True,False,which-company-has-the-best-ai-model-end-
801288,72,0.001,0,7300705.855094,True,False,which-company-has-the-best-ai-model-end-
801288,168,0.001,0,7300705.855094,True,False,which-company-has-the-best-ai-model-end-
801288,720,0.001,0,7300705.855094,True,False,which-company-has-the-best-ai-model-end-
572189,1,0.001,0,7287869.917,True,False,top-spotify-artist-2025-146
572189,6,0.001,0,7287869.917,True,False,top-spotify-artist-2025-146
572189,24,0.001,0,7287869.917,True,False,top-spotify-artist-2025-146
572189,72,0.001,0,7287869.917,True,False,top-spotify-artist-2025-146
572189,168,0.001,0,7287869.917,True,False,top-spotify-artist-2025-146
572189,720,0.001,0,7287869.917,True,False,top-spotify-artist-2025-146
1345690,1,0.0010000000000000009,0,7282065.829222,False,False,what-price-will-bitcoin-hit-in-february-
1345690,6,0.0050000000000000044,0,7282065.829222,False,False,what-price-will-bitcoin-hit-in-february-
1345690,24,0.0219999787,0,7282065.829222,False,False,what-price-will-bitcoin-hit-in-february-
1345690,72,0.0294568817,0,7282065.829222,False,False,what-price-will-bitcoin-hit-in-february-
1345690,168,0.1100000001,0,7282065.829222,False,False,what-price-will-bitcoin-hit-in-february-
253675,1,0.007,0,7262055.993012,True,False,electoral-college-margin-of-victory-in-t
253675,6,0.01,0,7262055.993012,True,False,electoral-college-margin-of-victory-in-t
253675,24,0.006,0,7262055.993012,True,False,electoral-college-margin-of-victory-in-t
253675,72,0.01,0,7262055.993012,True,False,electoral-college-margin-of-victory-in-t
253675,168,0.01100000000000001,0,7262055.993012,True,False,electoral-college-margin-of-victory-in-t
253675,720,0.011,0,7262055.993012,True,False,electoral-college-margin-of-victory-in-t
678929,1,0.23,1,7267637.774252003,True,True,2026-seoul-mayoral-election-winner
678929,6,0.2099998677,1,7267637.774252003,True,True,2026-seoul-mayoral-election-winner
678929,24,0.16,1,7267637.774252003,True,True,2026-seoul-mayoral-election-winner
678929,72,0.19,1,7267637.774252003,True,True,2026-seoul-mayoral-election-winner
678929,168,0.1899999986,1,7267637.774252003,True,True,2026-seoul-mayoral-election-winner
678929,720,0.12,1,7267637.774252003,True,True,2026-seoul-mayoral-election-winner
1897363,1,0.1299999902,0,7258379.48992397,True,True,fifwc-nor-fra-2026-06-26
1897363,6,0.2099999953,0,7258379.48992397,True,True,fifwc-nor-fra-2026-06-26
1897363,24,0.1899999978,0,7258379.48992397,True,True,fifwc-nor-fra-2026-06-26
1897363,72,0.1899998825,0,7258379.48992397,True,True,fifwc-nor-fra-2026-06-26
1897363,168,0.21999999999999997,0,7258379.48992397,True,True,fifwc-nor-fra-2026-06-26
1897363,720,0.17,0,7258379.48992397,True,True,fifwc-nor-fra-2026-06-26
635229,1,0.001,0,7248122.509011,True,False,1-searched-person-on-google-this-year
635229,6,0.001,0,7248122.509011,True,False,1-searched-person-on-google-this-year
635229,24,0.001,0,7248122.509011,True,False,1-searched-person-on-google-this-year
635229,72,0.001,0,7248122.509011,True,False,1-searched-person-on-google-this-year
635229,168,0.001,0,7248122.509011,True,False,1-searched-person-on-google-this-year
635229,720,0.001,0,7248122.509011,True,False,1-searched-person-on-google-this-year
2227393,1,0.5800000283,1,7217128.947017988,True,True,epl-wes-lee-2026-05-24
2227393,6,0.56,1,7217128.947017988,True,True,epl-wes-lee-2026-05-24
2227393,24,0.55,1,7217128.947017988,True,True,epl-wes-lee-2026-05-24
2227393,72,0.5299999983,1,7217128.947017988,True,True,epl-wes-lee-2026-05-24
2227393,168,0.35,1,7217128.947017988,True,True,epl-wes-lee-2026-05-24
1897213,1,0.31000000000000005,0,7215593.812296025,True,True,fifwc-nor-sen-2026-06-22
1897213,6,0.29999982,0,7215593.812296025,True,True,fifwc-nor-sen-2026-06-22
1897213,24,0.29999982,0,7215593.812296025,True,True,fifwc-nor-sen-2026-06-22
1897213,72,0.3099998295,0,7215593.812296025,True,True,fifwc-nor-sen-2026-06-22
1897213,168,0.289999964,0,7215593.812296025,True,True,fifwc-nor-sen-2026-06-22
1897213,720,0.2699999959,0,7215593.812296025,True,True,fifwc-nor-sen-2026-06-22
1897099,1,0.18,0,7210340.936444105,True,True,fifwc-eng-hrv-2026-06-17
1897099,6,0.1799999932,0,7210340.936444105,True,True,fifwc-eng-hrv-2026-06-17
1897099,24,0.18,0,7210340.936444105,True,True,fifwc-eng-hrv-2026-06-17
1897099,72,0.18,0,7210340.936444105,True,True,fifwc-eng-hrv-2026-06-17
1897099,168,0.1899998806,0,7210340.936444105,True,True,fifwc-eng-hrv-2026-06-17
1897099,720,0.2299998275,0,7210340.936444105,True,True,fifwc-eng-hrv-2026-06-17
514949,1,0.6700000007,1,7211697.798539,False,False,bitcoin-above-100000-on-december-13
514949,6,0.54,1,7211697.798539,False,False,bitcoin-above-100000-on-december-13
514949,24,0.569999905,1,7211697.798539,False,False,bitcoin-above-100000-on-december-13
514949,72,0.41000015339999996,1,7211697.798539,False,False,bitcoin-above-100000-on-december-13
508804,1,0.0010000000000000009,0,7200741.10033,True,False,nba-eastern-conference-champion
508804,6,0.0010000000000000009,0,7200741.10033,True,False,nba-eastern-conference-champion
508804,24,0.0010000000000000009,0,7200741.10033,True,False,nba-eastern-conference-champion
508804,72,0.0010000000000000009,0,7200741.10033,True,False,nba-eastern-conference-champion
508804,168,0.0010000000000000009,0,7200741.10033,True,False,nba-eastern-conference-champion
508804,720,0.305,0,7200741.10033,True,False,nba-eastern-conference-champion
3128885,1,0.001,0,7192394.7597480025,False,False,strait-of-hormuz-traffic-returns-to-norm
3128885,6,0.001,0,7192394.7597480025,False,False,strait-of-hormuz-traffic-returns-to-norm
3128885,24,0.0010000000000000009,0,7192394.7597480025,False,False,strait-of-hormuz-traffic-returns-to-norm
3128885,72,0.0020000000000000018,0,7192394.7597480025,False,False,strait-of-hormuz-traffic-returns-to-norm
3128885,168,0.0050000000000000044,0,7192394.7597480025,False,False,strait-of-hormuz-traffic-returns-to-norm
508113,1,0.001,0,7184260.217852,True,False,worlds-2024-lol-winner
508113,6,0.001,0,7184260.217852,True,False,worlds-2024-lol-winner
508113,24,0.001,0,7184260.217852,True,False,worlds-2024-lol-winner
508113,72,0.005,0,7184260.217852,True,False,worlds-2024-lol-winner
508113,168,0.001,0,7184260.217852,True,False,worlds-2024-lol-winner
508113,720,0.003,0,7184260.217852,True,False,worlds-2024-lol-winner
569436,1,0.001,0,7184026.570925,True,False,portugal-presidential-election
569436,6,0.001,0,7184026.570925,True,False,portugal-presidential-election
569436,24,0.001,0,7184026.570925,True,False,portugal-presidential-election
569436,72,0.001,0,7184026.570925,True,False,portugal-presidential-election
569436,168,0.001,0,7184026.570925,True,False,portugal-presidential-election
569436,720,0.001,0,7184026.570925,True,False,portugal-presidential-election
563309,1,0.0050000000000000044,0,7169803.747769,False,False,israel-x-hamas-ceasefire-by-august-31
563309,6,0.006000000000000005,0,7169803.747769,False,False,israel-x-hamas-ceasefire-by-august-31
563309,24,0.007000000200000023,0,7169803.747769,False,False,israel-x-hamas-ceasefire-by-august-31
563309,72,0.014000000300000037,0,7169803.747769,False,False,israel-x-hamas-ceasefire-by-august-31
563309,168,0.050000000000000044,0,7169803.747769,False,False,israel-x-hamas-ceasefire-by-august-31
563309,720,0.25,0,7169803.747769,False,False,israel-x-hamas-ceasefire-by-august-31
2100550,1,0.63,0,7160301.892657001,True,True,sea-nap-bol-2026-05-11
2100550,6,0.63,0,7160301.892657001,True,True,sea-nap-bol-2026-05-11
2100550,24,0.62,0,7160301.892657001,True,True,sea-nap-bol-2026-05-11
2100550,72,0.64,0,7160301.892657001,True,True,sea-nap-bol-2026-05-11
2100550,168,0.62,0,7160301.892657001,True,True,sea-nap-bol-2026-05-11
539788,1,0.0010000000000000009,0,7157114.275138,False,False,russia-x-ukraine-ceasefire-before-june
539788,6,0.0020000000000000018,0,7157114.275138,False,False,russia-x-ukraine-ceasefire-before-june
539788,24,0.0020000000000000018,0,7157114.275138,False,False,russia-x-ukraine-ceasefire-before-june
539788,72,0.009000000000000008,0,7157114.275138,False,False,russia-x-ukraine-ceasefire-before-june
539788,168,0.014000003499999969,0,7157114.275138,False,False,russia-x-ukraine-ceasefire-before-june
539788,720,0.1916872422,0,7157114.275138,False,False,russia-x-ukraine-ceasefire-before-june
948042,1,0.0010000000000000009,0,7139482.6455000155,True,False,hungary-parliamentary-election-winner
948042,6,0.0010000000000000009,0,7139482.6455000155,True,False,hungary-parliamentary-election-winner
948042,24,0.0010000000000000009,0,7139482.6455000155,True,False,hungary-parliamentary-election-winner
948042,72,0.001,0,7139482.6455000155,True,False,hungary-parliamentary-election-winner
948042,168,0.001,0,7139482.6455000155,True,False,hungary-parliamentary-election-winner
948042,720,0.001,0,7139482.6455000155,True,False,hungary-parliamentary-election-winner
1897379,1,0.3299999886,0,7139473.054070085,True,True,fifwc-cvi-ksa-2026-06-26
1897379,6,0.3699999112,0,7139473.054070085,True,True,fifwc-cvi-ksa-2026-06-26
1897379,24,0.36,0,7139473.054070085,True,True,fifwc-cvi-ksa-2026-06-26
1897379,72,0.4,0,7139473.054070085,True,True,fifwc-cvi-ksa-2026-06-26
1897379,168,0.3499998786,0,7139473.054070085,True,True,fifwc-cvi-ksa-2026-06-26
1897379,720,0.3301510989,0,7139473.054070085,True,True,fifwc-cvi-ksa-2026-06-26
1897109,1,0.6299999181,1,7126756.505122047,True,True,fifwc-che-bih-2026-06-18
1897109,6,0.63,1,7126756.505122047,True,True,fifwc-che-bih-2026-06-18
1897109,24,0.63,1,7126756.505122047,True,True,fifwc-che-bih-2026-06-18
1897109,72,0.63,1,7126756.505122047,True,True,fifwc-che-bih-2026-06-18
1897109,168,0.6099999808,1,7126756.505122047,True,True,fifwc-che-bih-2026-06-18
1897109,720,0.62624,1,7126756.505122047,True,True,fifwc-che-bih-2026-06-18
518549,1,0.001,0,7128891.93502,True,False,presidents-trophy-winner
518549,6,0.001,0,7128891.93502,True,False,presidents-trophy-winner
518549,24,0.001,0,7128891.93502,True,False,presidents-trophy-winner
518549,72,0.001,0,7128891.93502,True,False,presidents-trophy-winner
518549,168,0.001,0,7128891.93502,True,False,presidents-trophy-winner
518549,720,0.001,0,7128891.93502,True,False,presidents-trophy-winner
1897150,1,0.8499999978,0,7118457.521967039,True,True,fifwc-ecu-kor-2026-06-20
1897150,6,0.8600000574,0,7118457.521967039,True,True,fifwc-ecu-kor-2026-06-20
1897150,24,0.88,0,7118457.521967039,True,True,fifwc-ecu-kor-2026-06-20
1897150,72,0.88,0,7118457.521967039,True,True,fifwc-ecu-kor-2026-06-20
1897150,168,0.8199999836,0,7118457.521967039,True,True,fifwc-ecu-kor-2026-06-20
1897150,720,0.78,0,7118457.521967039,True,True,fifwc-ecu-kor-2026-06-20
1749121,1,0.26,0,7115644.975113006,False,False,us-x-iran-diplomatic-meeting-by-833
1749121,6,0.253,0,7115644.975113006,False,False,us-x-iran-diplomatic-meeting-by-833
1749121,24,0.21999999999999997,0,7115644.975113006,False,False,us-x-iran-diplomatic-meeting-by-833
1749121,72,0.07000000019999997,0,7115644.975113006,False,False,us-x-iran-diplomatic-meeting-by-833
1749121,168,0.04800000000000004,0,7115644.975113006,False,False,us-x-iran-diplomatic-meeting-by-833
1897046,1,0.059999946,0,7111085.21857801,True,True,fifwc-qat-che-2026-06-13
1897046,6,0.06,0,7111085.21857801,True,True,fifwc-qat-che-2026-06-13
1897046,24,0.0579999464,0,7111085.21857801,True,True,fifwc-qat-che-2026-06-13
1897046,72,0.06244799999999995,0,7111085.21857801,True,True,fifwc-qat-che-2026-06-13
1897046,168,0.0649999408,0,7111085.21857801,True,True,fifwc-qat-che-2026-06-13
1897046,720,0.103,0,7111085.21857801,True,True,fifwc-qat-che-2026-06-13
2707653,1,0.2699999731,0,7111054.892541992,True,True,fifwc-aus-egy-2026-07-03
2707653,6,0.2699999681,0,7111054.892541992,True,True,fifwc-aus-egy-2026-07-03
2707653,24,0.28,0,7111054.892541992,True,True,fifwc-aus-egy-2026-07-03
2707653,72,0.2899998666,0,7111054.892541992,True,True,fifwc-aus-egy-2026-07-03
525364,1,0.74,1,7095379.332337,True,False,f1-drivers-champion
525364,6,0.75,1,7095379.332337,True,False,f1-drivers-champion
525364,24,0.76,1,7095379.332337,True,False,f1-drivers-champion
525364,72,0.7199999707,1,7095379.332337,True,False,f1-drivers-champion
525364,168,0.8100001216,1,7095379.332337,True,False,f1-drivers-champion
525364,720,0.53,1,7095379.332337,True,False,f1-drivers-champion
1082757,1,0.0010000000000000009,0,7080988.613707,False,False,what-price-will-bitcoin-hit-in-january-2
1082757,6,0.0010000000000000009,0,7080988.613707,False,False,what-price-will-bitcoin-hit-in-january-2
1082757,24,0.0010000000000000009,0,7080988.613707,False,False,what-price-will-bitcoin-hit-in-january-2
1082757,72,0.0010000000000000009,0,7080988.613707,False,False,what-price-will-bitcoin-hit-in-january-2
1082757,168,0.00200013489999995,0,7080988.613707,False,False,what-price-will-bitcoin-hit-in-january-2
1082757,720,0.010000000000000009,0,7080988.613707,False,False,what-price-will-bitcoin-hit-in-january-2
2263685,1,0.8099999757,1,7080544.923814001,False,True,what-will-trump-say-during-bret-baier-in
574604,1,0.89,1,7326525.907317,False,False,will-mrbeast-raise-40m-for-clean-water-b
574604,6,0.86,1,7326525.907317,False,False,will-mrbeast-raise-40m-for-clean-water-b
574604,24,0.9399999996,1,7326525.907317,False,False,will-mrbeast-raise-40m-for-clean-water-b
574604,72,0.5300000005000001,1,7326525.907317,False,False,will-mrbeast-raise-40m-for-clean-water-b
574604,168,0.689999996,1,7326525.907317,False,False,will-mrbeast-raise-40m-for-clean-water-b
521588,1,0.001,0,7323970.262349,True,False,eurovision-winner-2025
521588,6,0.0010000000000000009,0,7323970.262349,True,False,eurovision-winner-2025
521588,24,0.0010000274999999448,0,7323970.262349,True,False,eurovision-winner-2025
521588,72,0.0010000000000000009,0,7323970.262349,True,False,eurovision-winner-2025
521588,168,0.001,0,7323970.262349,True,False,eurovision-winner-2025
521588,720,0.0040000000000000036,0,7323970.262349,True,False,eurovision-winner-2025
521607,1,0.9988988197,1,7079947.244644,False,False,ukraine-agrees-to-give-trump-rare-earth-
521607,6,0.9988988197,1,7079947.244644,False,False,ukraine-agrees-to-give-trump-rare-earth-
521607,24,0.9988988197,1,7079947.244644,False,False,ukraine-agrees-to-give-trump-rare-earth-
521607,72,0.9988988197,1,7079947.244644,False,False,ukraine-agrees-to-give-trump-rare-earth-
521607,168,0.09357013569999995,1,7079947.244644,False,False,ukraine-agrees-to-give-trump-rare-earth-
521607,720,0.42400000000000004,1,7079947.244644,False,False,ukraine-agrees-to-give-trump-rare-earth-
569435,1,0.0010000000000000009,0,7078441.167606,True,False,portugal-presidential-election
569435,6,0.0010000000000000009,0,7078441.167606,True,False,portugal-presidential-election
569435,24,0.0010000000000000009,0,7078441.167606,True,False,portugal-presidential-election
569435,72,0.0010000000000000009,0,7078441.167606,True,False,portugal-presidential-election
569435,168,0.001,0,7078441.167606,True,False,portugal-presidential-election
569435,720,0.001,0,7078441.167606,True,False,portugal-presidential-election
502128,1,0.0010000000000000009,0,7059606.46183396,False,False,will-ethereum-hit-10k-in-2024
502128,6,0.001752582700000005,0,7059606.46183396,False,False,will-ethereum-hit-10k-in-2024
502128,24,0.00100005219999999,0,7059606.46183396,False,False,will-ethereum-hit-10k-in-2024
502128,72,0.0010000431000000143,0,7059606.46183396,False,False,will-ethereum-hit-10k-in-2024
502128,168,0.0050000000000000044,0,7059606.46183396,False,False,will-ethereum-hit-10k-in-2024
502128,720,0.016000000000000014,0,7059606.46183396,False,False,will-ethereum-hit-10k-in-2024
1303400,1,0.0010000000000000009,0,7296072.016791,False,False,what-price-will-bitcoin-hit-in-february-
1303400,6,0.001,0,7296072.016791,False,False,what-price-will-bitcoin-hit-in-february-
1303400,24,0.0030000000000000027,0,7296072.016791,False,False,what-price-will-bitcoin-hit-in-february-
1303400,72,0.008000000000000007,0,7296072.016791,False,False,what-price-will-bitcoin-hit-in-february-
1303400,168,0.04500000000000004,0,7296072.016791,False,False,what-price-will-bitcoin-hit-in-february-
900145,1,0.001,0,7049985.657743,True,False,elon-musk-of-tweets-december-12-december
900145,6,0.001,0,7049985.657743,True,False,elon-musk-of-tweets-december-12-december
900145,24,0.001,0,7049985.657743,True,False,elon-musk-of-tweets-december-12-december
900145,72,0.001,0,7049985.657743,True,False,elon-musk-of-tweets-december-12-december
900145,168,0.0131167242,0,7049985.657743,True,False,elon-musk-of-tweets-december-12-december
1897417,1,0.86,1,7066368.354783069,True,True,fifwc-pan-eng-2026-06-27
1897417,6,0.85,1,7066368.354783069,True,True,fifwc-pan-eng-2026-06-27
1897417,24,0.85,1,7066368.354783069,True,True,fifwc-pan-eng-2026-06-27
1897417,72,0.8399998096,1,7066368.354783069,True,True,fifwc-pan-eng-2026-06-27
1897417,168,0.8,1,7066368.354783069,True,True,fifwc-pan-eng-2026-06-27
1897417,720,0.7900001445,1,7066368.354783069,True,True,fifwc-pan-eng-2026-06-27
503989,1,0.0010000000000000009,0,7019568.87,False,False,jd-vance-steps-down-as-republican-vp-nom
503989,6,0.002000009199999986,0,7019568.87,False,False,jd-vance-steps-down-as-republican-vp-nom
503989,24,0.002,0,7019568.87,False,False,jd-vance-steps-down-as-republican-vp-nom
503989,72,0.01,0,7019568.87,False,False,jd-vance-steps-down-as-republican-vp-nom
503989,168,0.0194996426,0,7019568.87,False,False,jd-vance-steps-down-as-republican-vp-nom
503989,720,0.091,0,7019568.87,False,False,jd-vance-steps-down-as-republican-vp-nom
1111919,1,0.5999999994,0,6995887.520583,True,False,fl1-ren-hac-2026-01-18
1111919,6,0.5800000000000001,0,6995887.520583,True,False,fl1-ren-hac-2026-01-18
1111919,24,0.59999994,0,6995887.520583,True,False,fl1-ren-hac-2026-01-18
1111919,72,0.5899999738,0,6995887.520583,True,False,fl1-ren-hac-2026-01-18
1111919,168,0.5899999866,0,6995887.520583,True,False,fl1-ren-hac-2026-01-18
2815442,1,0.2474999998,1,6995582.537243032,True,True,fifwc-nor-eng-2026-07-11
2815442,6,0.2574998185,1,6995582.537243032,True,True,fifwc-nor-eng-2026-07-11
2815442,24,0.262499994,1,6995582.537243032,True,True,fifwc-nor-eng-2026-07-11
2815442,72,0.2699999866,1,6995582.537243032,True,True,fifwc-nor-eng-2026-07-11
1807967,1,0.0010000000000000009,0,6989384.479974055,False,True,what-price-will-wti-hit-in-april-2026
1807967,6,0.001,0,6989384.479974055,False,True,what-price-will-wti-hit-in-april-2026
1807967,24,0.0010000000000000009,0,6989384.479974055,False,True,what-price-will-wti-hit-in-april-2026
1807967,72,0.0009999990000000292,0,6989384.479974055,False,True,what-price-will-wti-hit-in-april-2026
1807967,168,0.0040000000000000036,0,6989384.479974055,False,True,what-price-will-wti-hit-in-april-2026
571198,1,0.001,0,6989151.075057,True,False,2025-national-heads-up-poker-championshi
571198,6,0.001,0,6989151.075057,True,False,2025-national-heads-up-poker-championshi
571198,24,0.001,0,6989151.075057,True,False,2025-national-heads-up-poker-championshi
571198,72,0.001,0,6989151.075057,True,False,2025-national-heads-up-poker-championshi
571198,168,0.001,0,6989151.075057,True,False,2025-national-heads-up-poker-championshi
571198,720,0.002,0,6989151.075057,True,False,2025-national-heads-up-poker-championshi
923041,1,0.73,0,6981656.439055,True,False,thai-legislative-election-winner
923041,6,0.75,0,6981656.439055,True,False,thai-legislative-election-winner
923041,24,0.7199995287,0,6981656.439055,True,False,thai-legislative-election-winner
923041,72,0.6732672014,0,6981656.439055,True,False,thai-legislative-election-winner
923041,168,0.6499999992,0,6981656.439055,True,False,thai-legislative-election-winner
923041,720,0.6699999839,0,6981656.439055,True,False,thai-legislative-election-winner
515506,1,0.0010000000000000009,0,6976571.855402,False,False,what-price-will-bitcoin-hit-by-march-31
515506,6,0.0019357909999999645,0,6976571.855402,False,False,what-price-will-bitcoin-hit-by-march-31
515506,24,0.0010002900000000148,0,6976571.855402,False,False,what-price-will-bitcoin-hit-by-march-31
515506,72,0.0010000377000000116,0,6976571.855402,False,False,what-price-will-bitcoin-hit-by-march-31
515506,168,0.010000000000000009,0,6976571.855402,False,False,what-price-will-bitcoin-hit-by-march-31
515506,720,0.10019047619999999,0,6976571.855402,False,False,what-price-will-bitcoin-hit-by-march-31
555826,1,0.0010000000000000009,0,6960359.244157,True,False,time-2025-person-of-the-year
555826,6,0.0010000000000000009,0,6960359.244157,True,False,time-2025-person-of-the-year
555826,24,0.0010000000000000009,0,6960359.244157,True,False,time-2025-person-of-the-year
555826,72,0.0010000000000000009,0,6960359.244157,True,False,time-2025-person-of-the-year
555826,168,0.0010000000000000009,0,6960359.244157,True,False,time-2025-person-of-the-year
555826,720,0.35,0,6960359.244157,True,False,time-2025-person-of-the-year
1243248,1,0.0020000000000000018,0,6968929.48738,False,False,russia-x-ukraine-ceasefire-by-february-2
1243248,6,0.001,0,6968929.48738,False,False,russia-x-ukraine-ceasefire-by-february-2
1243248,24,0.0010000000000000009,0,6968929.48738,False,False,russia-x-ukraine-ceasefire-by-february-2
1243248,72,0.0030000000000000027,0,6968929.48738,False,False,russia-x-ukraine-ceasefire-by-february-2
1243248,168,0.005,0,6968929.48738,False,False,russia-x-ukraine-ceasefire-by-february-2
1243248,720,0.060000003800000035,0,6968929.48738,False,False,russia-x-ukraine-ceasefire-by-february-2
519027,1,0.91,1,6959870.453636,False,False,bitcoin-above-103000-on-january-24
519027,6,0.84,1,6959870.453636,False,False,bitcoin-above-103000-on-january-24
519027,24,0.3900000049,1,6959870.453636,False,False,bitcoin-above-103000-on-january-24
519027,72,0.5700000000000001,1,6959870.453636,False,False,bitcoin-above-103000-on-january-24
506316,1,0.002,0,6976098.476255,True,False,ballon-dor-winner
506316,6,0.001,0,6976098.476255,True,False,ballon-dor-winner
506316,24,0.001,0,6976098.476255,True,False,ballon-dor-winner
506316,72,0.0010000000000000009,0,6976098.476255,True,False,ballon-dor-winner
506316,168,0.002,0,6976098.476255,True,False,ballon-dor-winner
506316,720,0.0010000000000000009,0,6976098.476255,True,False,ballon-dor-winner
1082777,1,0.0010000000000000009,0,6931678.684053,False,False,what-price-will-bitcoin-hit-in-january-2
1082777,6,0.001,0,6931678.684053,False,False,what-price-will-bitcoin-hit-in-january-2
1082777,24,0.0010000000000000009,0,6931678.684053,False,False,what-price-will-bitcoin-hit-in-january-2
1082777,72,0.0030000000000000027,0,6931678.684053,False,False,what-price-will-bitcoin-hit-in-january-2
1082777,168,0.016035704999999956,0,6931678.684053,False,False,what-price-will-bitcoin-hit-in-january-2
1082777,720,0.11000000040000002,0,6931678.684053,False,False,what-price-will-bitcoin-hit-in-january-2
1484987,1,0.0010000000000000009,0,6918554.048317918,False,False,netanyahu-out-before-2027
1484987,6,0.0020000000000000018,0,6918554.048317918,False,False,netanyahu-out-before-2027
1484987,24,0.0030000000000000027,0,6918554.048317918,False,False,netanyahu-out-before-2027
1484987,72,0.0020000000000000018,0,6918554.048317918,False,False,netanyahu-out-before-2027
1484987,168,0.0050000000000000044,0,6918554.048317918,False,False,netanyahu-out-before-2027
1484987,720,0.031000000000000028,0,6918554.048317918,False,False,netanyahu-out-before-2027
543265,1,0.4779983286,1,6918532.545232,True,False,bolivia-presidential-election
543265,6,0.4738605841,1,6918532.545232,True,False,bolivia-presidential-election
543265,24,0.4559999695,1,6918532.545232,True,False,bolivia-presidential-election
543265,72,0.45199999999999996,1,6918532.545232,True,False,bolivia-presidential-election
543265,168,0.43,1,6918532.545232,True,False,bolivia-presidential-election
543265,720,0.674,1,6918532.545232,True,False,bolivia-presidential-election
541622,1,0.669999995,1,6918328.14737,True,False,chile-presidential-election
541622,6,0.6599999999999999,1,6918328.14737,True,False,chile-presidential-election
541622,24,0.699999972,1,6918328.14737,True,False,chile-presidential-election
541622,72,0.7099999432,1,6918328.14737,True,False,chile-presidential-election
541622,168,0.6899999393,1,6918328.14737,True,False,chile-presidential-election
541622,720,0.7199999856,1,6918328.14737,True,False,chile-presidential-election
2111640,1,0.029000000000000026,0,6905766.889778924,False,False,us-iran-nuclear-deal-by-may-31-974
2111640,6,0.04300000000000004,0,6905766.889778924,False,False,us-iran-nuclear-deal-by-may-31-974
2111640,24,0.06799999999999995,0,6905766.889778924,False,False,us-iran-nuclear-deal-by-may-31-974
2111640,72,0.121,0,6905766.889778924,False,False,us-iran-nuclear-deal-by-may-31-974
2111640,168,0.186,0,6905766.889778924,False,False,us-iran-nuclear-deal-by-may-31-974
2111640,720,0.16,0,6905766.889778924,False,False,us-iran-nuclear-deal-by-may-31-974
2793739,1,0.2,0,6898604.835501048,True,True,fifwc-arg-egy-2026-07-07
2793739,6,0.2,0,6898604.835501048,True,True,fifwc-arg-egy-2026-07-07
2793739,24,0.2099998677,0,6898604.835501048,True,True,fifwc-arg-egy-2026-07-07
2793739,72,0.2,0,6898604.835501048,True,True,fifwc-arg-egy-2026-07-07
569366,1,0.88,1,6883971.476312924,True,True,colombia-presidential-election
569366,6,0.85,1,6883971.476312924,True,True,colombia-presidential-election
569366,24,0.8899999964,1,6883971.476312924,True,True,colombia-presidential-election
569366,72,0.89,1,6883971.476312924,True,True,colombia-presidential-election
569366,168,0.87,1,6883971.476312924,True,True,colombia-presidential-election
569366,720,0.5500000017,1,6883971.476312924,True,True,colombia-presidential-election
572178,1,0.001,0,6857192.441319,True,False,top-spotify-artist-2025-146
572178,6,0.001,0,6857192.441319,True,False,top-spotify-artist-2025-146
572178,24,0.001,0,6857192.441319,True,False,top-spotify-artist-2025-146
572178,72,0.001,0,6857192.441319,True,False,top-spotify-artist-2025-146
572178,168,0.001,0,6857192.441319,True,False,top-spotify-artist-2025-146
572178,720,0.001,0,6857192.441319,True,False,top-spotify-artist-2025-146
1897331,1,0.279,0,6850997.483982988,True,True,fifwc-jpn-swe-2026-06-25
1897331,6,0.219,0,6850997.483982988,True,True,fifwc-jpn-swe-2026-06-25
1897331,24,0.208,0,6850997.483982988,True,True,fifwc-jpn-swe-2026-06-25
1897331,72,0.2199999991,0,6850997.483982988,True,True,fifwc-jpn-swe-2026-06-25
1897331,168,0.2799999964,0,6850997.483982988,True,True,fifwc-jpn-swe-2026-06-25
1897331,720,0.6299999811,0,6850997.483982988,True,True,fifwc-jpn-swe-2026-06-25
566142,1,0.0010000000000000009,0,6836502.651219907,True,True,uefa-champions-league-winner
566142,6,0.0010000000000000009,0,6836502.651219907,True,True,uefa-champions-league-winner
566142,24,0.0010000000000000009,0,6836502.651219907,True,True,uefa-champions-league-winner
566142,72,0.0010000000000000009,0,6836502.651219907,True,True,uefa-champions-league-winner
566142,168,0.0010000000000000009,0,6836502.651219907,True,True,uefa-champions-league-winner
566142,720,0.32,0,6836502.651219907,True,True,uefa-champions-league-winner
541626,1,0.0020000000000000018,0,6818524.005079,True,False,chile-presidential-election
541626,6,0.002,0,6818524.005079,True,False,chile-presidential-election
541626,24,0.001,0,6818524.005079,True,False,chile-presidential-election
541626,72,0.001,0,6818524.005079,True,False,chile-presidential-election
541626,168,0.001,0,6818524.005079,True,False,chile-presidential-election
541626,720,0.001898783,0,6818524.005079,True,False,chile-presidential-election
579306,1,0.012000001199999999,0,6816571.45939,False,False,us-x-venezuela-military-engagement-by
579306,6,0.013000000699999958,0,6816571.45939,False,False,us-x-venezuela-military-engagement-by
579306,24,0.032000039000000036,0,6816571.45939,False,False,us-x-venezuela-military-engagement-by
579306,72,0.0699999363,0,6816571.45939,False,False,us-x-venezuela-military-engagement-by
579306,168,0.2599999901,0,6816571.45939,False,False,us-x-venezuela-military-engagement-by
579306,720,0.3,0,6816571.45939,False,False,us-x-venezuela-military-engagement-by
254578,1,0.998,1,6812524.970527,True,False,how-many-fed-rate-cuts-this-year
254578,6,0.998,1,6812524.970527,True,False,how-many-fed-rate-cuts-this-year
254578,24,0.998,1,6812524.970527,True,False,how-many-fed-rate-cuts-this-year
254578,72,0.998,1,6812524.970527,True,False,how-many-fed-rate-cuts-this-year
254578,168,0.998,1,6812524.970527,True,False,how-many-fed-rate-cuts-this-year
254578,720,0.693,1,6812524.970527,True,False,how-many-fed-rate-cuts-this-year
599844,1,0.0497237844,0,6805884.965751,False,False,trump-strikes-another-drug-boat-by-sep-3
599844,6,0.05448534640000002,0,6805884.965751,False,False,trump-strikes-another-drug-boat-by-sep-3
599844,24,0.09999999999999998,0,6805884.965751,False,False,trump-strikes-another-drug-boat-by-sep-3
599844,72,0.20400000370000004,0,6805884.965751,False,False,trump-strikes-another-drug-boat-by-sep-3
599844,168,0.46500001319999995,0,6805884.965751,False,False,trump-strikes-another-drug-boat-by-sep-3
515878,1,0.103,0,6805513.851318,True,False,afd-of-vote-in-german-election
515878,6,0.103,0,6805513.851318,True,False,afd-of-vote-in-german-election
515878,24,0.1079999991,0,6805513.851318,True,False,afd-of-vote-in-german-election
515878,72,0.113999997,0,6805513.851318,True,False,afd-of-vote-in-german-election
515878,168,0.1181978713,0,6805513.851318,True,False,afd-of-vote-in-german-election
515878,720,0.1619998775,0,6805513.851318,True,False,afd-of-vote-in-german-election
516143,1,0.002,0,6796181.626846,False,False,will-putin-meet-with-trump-by-first-100-
516143,6,0.00200021039999998,0,6796181.626846,False,False,will-putin-meet-with-trump-by-first-100-
516143,24,0.006000043999999982,0,6796181.626846,False,False,will-putin-meet-with-trump-by-first-100-
516143,72,0.029000000000000026,0,6796181.626846,False,False,will-putin-meet-with-trump-by-first-100-
516143,168,0.025000000000000022,0,6796181.626846,False,False,will-putin-meet-with-trump-by-first-100-
516143,720,0.08,0,6796181.626846,False,False,will-putin-meet-with-trump-by-first-100-
1354427,1,0.6499999892,1,6779393.630582,True,False,epl-mac-new-2026-02-21
1354427,6,0.649999987,1,6779393.630582,True,False,epl-mac-new-2026-02-21
1354427,24,0.6499999935,1,6779393.630582,True,False,epl-mac-new-2026-02-21
1354427,72,0.69,1,6779393.630582,True,False,epl-mac-new-2026-02-21
1354427,168,0.68058125,1,6779393.630582,True,False,epl-mac-new-2026-02-21
1823779,1,0.0010000000000000009,0,6778501.9561170135,False,True,what-price-will-bitcoin-hit-in-april-202
1823779,6,0.0010000001000000092,0,6778501.9561170135,False,True,what-price-will-bitcoin-hit-in-april-202
1823779,24,0.0020000000000000018,0,6778501.9561170135,False,True,what-price-will-bitcoin-hit-in-april-202
1823779,72,0.015000000000000013,0,6778501.9561170135,False,True,what-price-will-bitcoin-hit-in-april-202
1823779,168,0.03900032769999995,0,6778501.9561170135,False,True,what-price-will-bitcoin-hit-in-april-202
1897149,1,0.1299999488,0,6769898.321413081,True,True,fifwc-ger-civ-2026-06-20
1897149,6,0.16000000000000003,0,6769898.321413081,True,True,fifwc-ger-civ-2026-06-20
1897149,24,0.1699998861,0,6769898.321413081,True,True,fifwc-ger-civ-2026-06-20
1897149,72,0.17,0,6769898.321413081,True,True,fifwc-ger-civ-2026-06-20
1897149,168,0.1799998704,0,6769898.321413081,True,True,fifwc-ger-civ-2026-06-20
1897149,720,0.17000000000000004,0,6769898.321413081,True,True,fifwc-ger-civ-2026-06-20
506096,1,0.0010000000000000009,0,6777464.20697301,True,False,nfl-mvp-1
506096,6,0.0010000000000000009,0,6777464.20697301,True,False,nfl-mvp-1
506096,24,0.0010000000000000009,0,6777464.20697301,True,False,nfl-mvp-1
506096,72,0.0010000000000000009,0,6777464.20697301,True,False,nfl-mvp-1
506096,168,0.0010000000000000009,0,6777464.20697301,True,False,nfl-mvp-1
506096,720,0.0010416667,0,6777464.20697301,True,False,nfl-mvp-1
842007,1,0.0010000000000000009,0,6764132.11857102,True,True,eurovision-winner-2026
842007,6,0.0010000000000000009,0,6764132.11857102,True,True,eurovision-winner-2026
842007,24,0.0010000000000000009,0,6764132.11857102,True,True,eurovision-winner-2026
842007,72,0.0020000000000000018,0,6764132.11857102,True,True,eurovision-winner-2026
842007,168,0.0020000000000000018,0,6764132.11857102,True,True,eurovision-winner-2026
842007,720,0.003,0,6764132.11857102,True,True,eurovision-winner-2026
500614,1,0.75,1,6754633.942725,True,False,arizona-us-senate-election-winner
500614,6,0.7599999934,1,6754633.942725,True,False,arizona-us-senate-election-winner
500614,24,0.8,1,6754633.942725,True,False,arizona-us-senate-election-winner
500614,72,0.7699919147,1,6754633.942725,True,False,arizona-us-senate-election-winner
500614,168,0.7899999921,1,6754633.942725,True,False,arizona-us-senate-election-winner
500614,720,0.86,1,6754633.942725,True,False,arizona-us-senate-election-winner
1082796,1,0.999,1,6752276.849259,False,False,what-price-will-bitcoin-hit-in-january-2
1082796,6,0.999,1,6752276.849259,False,False,what-price-will-bitcoin-hit-in-january-2
1082796,24,0.0349999967,1,6752276.849259,False,False,what-price-will-bitcoin-hit-in-january-2
1082796,72,0.027000000000000024,1,6752276.849259,False,False,what-price-will-bitcoin-hit-in-january-2
1082796,168,0.06999999999999995,1,6752276.849259,False,False,what-price-will-bitcoin-hit-in-january-2
1082796,720,0.30000000000000004,1,6752276.849259,False,False,what-price-will-bitcoin-hit-in-january-2
253678,1,0.13,0,6753406.418423,True,False,electoral-college-margin-of-victory-in-t
253678,6,0.13,0,6753406.418423,True,False,electoral-college-margin-of-victory-in-t
253678,24,0.12,0,6753406.418423,True,False,electoral-college-margin-of-victory-in-t
253678,72,0.13,0,6753406.418423,True,False,electoral-college-margin-of-victory-in-t
253678,168,0.11,0,6753406.418423,True,False,electoral-college-margin-of-victory-in-t
253678,720,0.0899999979,0,6753406.418423,True,False,electoral-college-margin-of-victory-in-t
1236230,1,0.0010000000000000009,0,6908537.995966,False,False,us-strikes-iran-by
1236230,6,0.0010000000000000009,0,6908537.995966,False,False,us-strikes-iran-by
1236230,24,0.0010000000000000009,0,6908537.995966,False,False,us-strikes-iran-by
1236230,72,0.0010000000000000009,0,6908537.995966,False,False,us-strikes-iran-by
1236230,168,0.21999999999999997,0,6908537.995966,False,False,us-strikes-iran-by
1897072,1,0.022,0,6908118.161684922,True,True,fifwc-esp-cvi-2026-06-15
1897072,6,0.025,0,6908118.161684922,True,True,fifwc-esp-cvi-2026-06-15
1897072,24,0.033999968,0,6908118.161684922,True,True,fifwc-esp-cvi-2026-06-15
1897072,72,0.0329999844,0,6908118.161684922,True,True,fifwc-esp-cvi-2026-06-15
1897072,168,0.0339999838,0,6908118.161684922,True,True,fifwc-esp-cvi-2026-06-15
1897072,720,0.0689999387,0,6908118.161684922,True,True,fifwc-esp-cvi-2026-06-15
842009,1,0.031000000000000028,1,6729770.157830087,True,True,eurovision-winner-2026
842009,6,0.03300001340000003,1,6729770.157830087,True,True,eurovision-winner-2026
842009,24,0.02400000000000002,1,6729770.157830087,True,True,eurovision-winner-2026
842009,72,0.006000000000000005,1,6729770.157830087,True,True,eurovision-winner-2026
842009,168,0.006,1,6729770.157830087,True,True,eurovision-winner-2026
842009,720,0.01100000000000001,1,6729770.157830087,True,True,eurovision-winner-2026
1897077,1,0.2199998548,1,6879447.553631104,True,True,fifwc-ksa-ury-2026-06-15
1897077,6,0.2199999164,1,6879447.553631104,True,True,fifwc-ksa-ury-2026-06-15
1897077,24,0.2199998548,1,6879447.553631104,True,True,fifwc-ksa-ury-2026-06-15
1897077,72,0.2199999727,1,6879447.553631104,True,True,fifwc-ksa-ury-2026-06-15
1897077,168,0.2199998548,1,6879447.553631104,True,True,fifwc-ksa-ury-2026-06-15
1897077,720,0.21999999999999997,1,6879447.553631104,True,True,fifwc-ksa-ury-2026-06-15
842033,1,0.0020000000000000018,0,6728334.691064951,True,True,eurovision-winner-2026
842033,6,0.003000016999999966,0,6728334.691064951,True,True,eurovision-winner-2026
842033,24,0.0040000000000000036,0,6728334.691064951,True,True,eurovision-winner-2026
842033,72,0.0050000146999999995,0,6728334.691064951,True,True,eurovision-winner-2026
842033,168,0.0040000000000000036,0,6728334.691064951,True,True,eurovision-winner-2026
842033,720,0.0040000000000000036,0,6728334.691064951,True,True,eurovision-winner-2026
531734,1,0.6,0,6726160.903071,True,False,next-government-of-canada
531734,6,0.5700000021,0,6726160.903071,True,False,next-government-of-canada
531734,24,0.5899999994,0,6726160.903071,True,False,next-government-of-canada
531734,72,0.64,0,6726160.903071,True,False,next-government-of-canada
531734,168,0.56,0,6726160.903071,True,False,next-government-of-canada
531734,720,0.5,0,6726160.903071,True,False,next-government-of-canada
1515775,1,0.5199749626,0,6711631.643086998,False,False,will-crude-oil-cl-hit-by-end-of-march
1515775,6,0.4017456976,0,6711631.643086998,False,False,will-crude-oil-cl-hit-by-end-of-march
1515775,24,0.5549999999999999,0,6711631.643086998,False,False,will-crude-oil-cl-hit-by-end-of-march
1515775,72,0.451,0,6711631.643086998,False,False,will-crude-oil-cl-hit-by-end-of-march
1515775,168,0.24000000300000002,0,6711631.643086998,False,False,will-crude-oil-cl-hit-by-end-of-march
532897,1,0.006000000000000005,1,6833523.777216,False,False,trump-x-ukraine-mineral-deal-signed-befo
532897,6,0.006000000200000022,1,6833523.777216,False,False,trump-x-ukraine-mineral-deal-signed-befo
532897,24,0.07999999999999996,1,6833523.777216,False,False,trump-x-ukraine-mineral-deal-signed-befo
532897,72,0.060000012100000055,1,6833523.777216,False,False,trump-x-ukraine-mineral-deal-signed-befo
532897,168,0.37,1,6833523.777216,False,False,trump-x-ukraine-mineral-deal-signed-befo
1712297,1,0.0522876271,0,6705468.248177978,False,True,what-price-will-wti-hit-in-april-2026
1712297,6,0.07099999999999995,0,6705468.248177978,False,True,what-price-will-wti-hit-in-april-2026
1712297,24,0.02100000000000002,0,6705468.248177978,False,True,what-price-will-wti-hit-in-april-2026
1712297,72,0.07499999999999996,0,6705468.248177978,False,True,what-price-will-wti-hit-in-april-2026
1712297,168,0.09399999999999997,0,6705468.248177978,False,True,what-price-will-wti-hit-in-april-2026
1712297,720,0.64,0,6705468.248177978,False,True,what-price-will-wti-hit-in-april-2026
2132768,1,0.0010000000000000009,0,6699688.910269973,False,True,what-price-will-bitcoin-hit-in-may-2026
2132768,6,0.001,0,6699688.910269973,False,True,what-price-will-bitcoin-hit-in-may-2026
2132768,24,0.001,0,6699688.910269973,False,True,what-price-will-bitcoin-hit-in-may-2026
2132768,72,0.0010000000000000009,0,6699688.910269973,False,True,what-price-will-bitcoin-hit-in-may-2026
2132768,168,0.001,0,6699688.910269973,False,True,what-price-will-bitcoin-hit-in-may-2026
2132768,720,0.0040000000000000036,0,6699688.910269973,False,True,what-price-will-bitcoin-hit-in-may-2026
254579,1,0.001,0,6683117.51304494,True,False,how-many-fed-rate-cuts-this-year
254579,6,0.001,0,6683117.51304494,True,False,how-many-fed-rate-cuts-this-year
254579,24,0.001,0,6683117.51304494,True,False,how-many-fed-rate-cuts-this-year
254579,72,0.001,0,6683117.51304494,True,False,how-many-fed-rate-cuts-this-year
254579,168,0.001,0,6683117.51304494,True,False,how-many-fed-rate-cuts-this-year
254579,720,0.014000000000000012,0,6683117.51304494,True,False,how-many-fed-rate-cuts-this-year
842038,1,0.0010000000000000009,0,6682675.424364003,True,True,eurovision-winner-2026
842038,6,0.0010000000000000009,0,6682675.424364003,True,True,eurovision-winner-2026
842038,24,0.0010000000000000009,0,6682675.424364003,True,True,eurovision-winner-2026
842038,72,0.0020000000000000018,0,6682675.424364003,True,True,eurovision-winner-2026
842038,168,0.0010000000000000009,0,6682675.424364003,True,True,eurovision-winner-2026
842038,720,0.0030000000000000027,0,6682675.424364003,True,True,eurovision-winner-2026
4237425,1,0.38,0,6678023.133427986,True,True,epl-bre-che-2026-09-18
4237425,6,0.3799999924,0,6678023.133427986,True,True,epl-bre-che-2026-09-18
4237425,24,0.41,0,6678023.133427986,True,True,epl-bre-che-2026-09-18
4237425,72,0.4299999807,0,6678023.133427986,True,True,epl-bre-che-2026-09-18
4237425,168,0.4180768451,0,6678023.133427986,True,True,epl-bre-che-2026-09-18
504070,1,0.47,0,6660914.249885,True,False,fed-interest-rates-september-2024
504070,6,0.4661827027,0,6660914.249885,True,False,fed-interest-rates-september-2024
504070,24,0.48,0,6660914.249885,True,False,fed-interest-rates-september-2024
504070,72,0.6599998944,0,6660914.249885,True,False,fed-interest-rates-september-2024
504070,168,0.73,0,6660914.249885,True,False,fed-interest-rates-september-2024
504070,720,0.79,0,6660914.249885,True,False,fed-interest-rates-september-2024
1294616,1,0.050000000000000044,0,6629658.109989,False,False,us-strikes-iran-by
1294616,6,0.09000001940000002,0,6629658.109989,False,False,us-strikes-iran-by
1294616,24,0.14999994,0,6629658.109989,False,False,us-strikes-iran-by
1321388,1,0.979,1,6601495.392548,False,False,who-will-attend-the-state-of-the-union-a
1321388,6,0.91,1,6601495.392548,False,False,who-will-attend-the-state-of-the-union-a
1321388,24,0.8700000693000001,1,6601495.392548,False,False,who-will-attend-the-state-of-the-union-a
1321388,72,0.8299999967,1,6601495.392548,False,False,who-will-attend-the-state-of-the-union-a
1321388,168,0.54,1,6601495.392548,False,False,who-will-attend-the-state-of-the-union-a
842027,1,0.001,0,6619309.141383029,True,True,eurovision-winner-2026
842027,6,0.001,0,6619309.141383029,True,True,eurovision-winner-2026
842027,24,0.001,0,6619309.141383029,True,True,eurovision-winner-2026
842027,72,0.001,0,6619309.141383029,True,True,eurovision-winner-2026
842027,168,0.0010000000000000009,0,6619309.141383029,True,True,eurovision-winner-2026
842027,720,0.0030000000000000027,0,6619309.141383029,True,True,eurovision-winner-2026
1157310,1,0.5299999985,0,6555920.232116,True,False,epl-bou-liv-2026-01-24
1157310,6,0.5299998781,0,6555920.232116,True,False,epl-bou-liv-2026-01-24
1157310,24,0.5099999566,0,6555920.232116,True,False,epl-bou-liv-2026-01-24
1157310,72,0.5099998317,0,6555920.232116,True,False,epl-bou-liv-2026-01-24
1157310,168,0.5199999813,0,6555920.232116,True,False,epl-bou-liv-2026-01-24
2152455,1,0.5100000125999999,0,6553565.585700031,True,True,epl-wol-ful-2026-05-17
2152455,6,0.5,0,6553565.585700031,True,True,epl-wol-ful-2026-05-17
2152455,24,0.5099999786,0,6553565.585700031,True,True,epl-wol-ful-2026-05-17
2152455,72,0.5099998317,0,6553565.585700031,True,True,epl-wol-ful-2026-05-17
2152455,168,0.5099999911,0,6553565.585700031,True,True,epl-wol-ful-2026-05-17
3977543,1,0.5899998466,1,6539720.438565001,True,True,ucl-spo-gal-2026-09-09
3977543,6,0.5600000001000001,1,6539720.438565001,True,True,ucl-spo-gal-2026-09-09
3977543,24,0.54,1,6539720.438565001,True,True,ucl-spo-gal-2026-09-09
3977543,72,0.5299999972,1,6539720.438565001,True,True,ucl-spo-gal-2026-09-09
3977543,168,0.5,1,6539720.438565001,True,True,ucl-spo-gal-2026-09-09
2152513,1,0.4400000031,1,6747843.368908983,True,True,epl-new-wes-2026-05-17
2152513,6,0.44,1,6747843.368908983,True,True,epl-new-wes-2026-05-17
2152513,24,0.4399999824,1,6747843.368908983,True,True,epl-new-wes-2026-05-17
2152513,72,0.4599997608,1,6747843.368908983,True,True,epl-new-wes-2026-05-17
2152513,168,0.4899999741,1,6747843.368908983,True,True,epl-new-wes-2026-05-17
1897058,1,0.945,1,6860608.394732029,True,True,fifwc-ger-kor-2026-06-14
1897058,6,0.943,1,6860608.394732029,True,True,fifwc-ger-kor-2026-06-14
1897058,24,0.9380000103,1,6860608.394732029,True,True,fifwc-ger-kor-2026-06-14
1897058,72,0.934,1,6860608.394732029,True,True,fifwc-ger-kor-2026-06-14
1897058,168,0.945,1,6860608.394732029,True,True,fifwc-ger-kor-2026-06-14
1897058,720,0.9299999888,1,6860608.394732029,True,True,fifwc-ger-kor-2026-06-14
1473075,1,0.001,0,6531627.931738951,False,False,what-price-will-bitcoin-hit-in-march-202
1473075,6,0.0010000000000000009,0,6531627.931738951,False,False,what-price-will-bitcoin-hit-in-march-202
1473075,24,0.0010000000000000009,0,6531627.931738951,False,False,what-price-will-bitcoin-hit-in-march-202
1473075,72,0.009000158300000005,0,6531627.931738951,False,False,what-price-will-bitcoin-hit-in-march-202
1473075,168,0.015,0,6531627.931738951,False,False,what-price-will-bitcoin-hit-in-march-202
1473075,720,0.23000000649999996,0,6531627.931738951,False,False,what-price-will-bitcoin-hit-in-march-202
638492,1,0.998,1,6533516.768918,False,False,will-edgex-launch-a-token-in-2025
638492,6,0.996,1,6533516.768918,False,False,will-edgex-launch-a-token-in-2025
638492,24,0.995,1,6533516.768918,False,False,will-edgex-launch-a-token-in-2025
638492,72,0.2771595325,1,6533516.768918,False,False,will-edgex-launch-a-token-in-2025
638492,168,0.992,1,6533516.768918,False,False,will-edgex-launch-a-token-in-2025
638492,720,0.64,1,6533516.768918,False,False,will-edgex-launch-a-token-in-2025
1168265,1,0.589,1,6527474.190661,False,False,earnings-mentions-netflix-2026-01-20
1168265,6,0.7,1,6527474.190661,False,False,earnings-mentions-netflix-2026-01-20
1168265,24,0.9469999998,1,6527474.190661,False,False,earnings-mentions-netflix-2026-01-20
1168265,72,0.910000081,1,6527474.190661,False,False,earnings-mentions-netflix-2026-01-20
1168265,168,0.8699999913,1,6527474.190661,False,False,earnings-mentions-netflix-2026-01-20
526067,1,0.937467009,1,6513649.365194,False,False,bitcoin-above-84000-on-march-7
526067,6,0.91,1,6513649.365194,False,False,bitcoin-above-84000-on-march-7
526067,24,0.910000081,1,6513649.365194,False,False,bitcoin-above-84000-on-march-7
526067,72,0.5299999954,1,6513649.365194,False,False,bitcoin-above-84000-on-march-7
578140,1,0.999,1,6659880.871753,False,False,israel-x-hamas-ceasefire-by-october-31
578140,6,0.999,1,6659880.871753,False,False,israel-x-hamas-ceasefire-by-october-31
578140,24,0.999,1,6659880.871753,False,False,israel-x-hamas-ceasefire-by-october-31
578140,72,0.999,1,6659880.871753,False,False,israel-x-hamas-ceasefire-by-october-31
578140,168,0.999,1,6659880.871753,False,False,israel-x-hamas-ceasefire-by-october-31
578140,720,0.37,1,6659880.871753,False,False,israel-x-hamas-ceasefire-by-october-31
1897087,1,0.8099999958,1,6508340.420720124,True,True,fifwc-irq-nor-2026-06-16
1897087,6,0.8099999757,1,6508340.420720124,True,True,fifwc-irq-nor-2026-06-16
1897087,24,0.8299999967,1,6508340.420720124,True,True,fifwc-irq-nor-2026-06-16
1897087,72,0.8299999967,1,6508340.420720124,True,True,fifwc-irq-nor-2026-06-16
1897087,168,0.8099999854,1,6508340.420720124,True,True,fifwc-irq-nor-2026-06-16
1897087,720,0.7899999866,1,6508340.420720124,True,True,fifwc-irq-nor-2026-06-16
2152425,1,0.6199999965,1,6500429.803994007,True,True,epl-mun-not-2026-05-17
2152425,6,0.61,1,6500429.803994007,True,True,epl-mun-not-2026-05-17
2152425,24,0.5900000276999999,1,6500429.803994007,True,True,epl-mun-not-2026-05-17
2152425,72,0.6099999786,1,6500429.803994007,True,True,epl-mun-not-2026-05-17
2152425,168,0.59,1,6500429.803994007,True,True,epl-mun-not-2026-05-17
1090199,1,0.0010000000000000009,0,6617007.231985036,False,False,will-reza-pahlavi-enter-iran-by-june-30
1090199,6,0.0010000000000000009,0,6617007.231985036,False,False,will-reza-pahlavi-enter-iran-by-june-30
1090199,24,0.0010000000000000009,0,6617007.231985036,False,False,will-reza-pahlavi-enter-iran-by-june-30
1090199,72,0.0010000000000000009,0,6617007.231985036,False,False,will-reza-pahlavi-enter-iran-by-june-30
1090199,168,0.0030000000000000027,0,6617007.231985036,False,False,will-reza-pahlavi-enter-iran-by-june-30
1090199,720,0.017000000000000015,0,6617007.231985036,False,False,will-reza-pahlavi-enter-iran-by-june-30
2371796,1,0.999,1,6557781.334681008,False,False,what-iranian-demands-will-trump-agree-to
2371796,6,0.999,1,6557781.334681008,False,False,what-iranian-demands-will-trump-agree-to
2371796,24,0.999,1,6557781.334681008,False,False,what-iranian-demands-will-trump-agree-to
2371796,72,0.999,1,6557781.334681008,False,False,what-iranian-demands-will-trump-agree-to
2371796,168,0.999,1,6557781.334681008,False,False,what-iranian-demands-will-trump-agree-to
2371796,720,0.21393035449999998,1,6557781.334681008,False,False,what-iranian-demands-will-trump-agree-to
541108,1,0.288732501,0,6483478.386467,True,False,romanian-presidential-election-margin-of
541108,6,0.3299999967,0,6483478.386467,True,False,romanian-presidential-election-margin-of
541108,24,0.3399999921,0,6483478.386467,True,False,romanian-presidential-election-margin-of
541108,72,0.30000000000000004,0,6483478.386467,True,False,romanian-presidential-election-margin-of
541108,168,0.21999999999999997,0,6483478.386467,True,False,romanian-presidential-election-margin-of
543262,1,0.5299998781,0,6479504.061819,True,False,bolivia-presidential-election
543262,6,0.5200000173,0,6479504.061819,True,False,bolivia-presidential-election
543262,24,0.54,0,6479504.061819,True,False,bolivia-presidential-election
543262,72,0.55,0,6479504.061819,True,False,bolivia-presidential-election
543262,168,0.5700000000000001,0,6479504.061819,True,False,bolivia-presidential-election
543262,720,0.3338635901,0,6479504.061819,True,False,bolivia-presidential-election
253704,1,0.068,0,6473740.733323,True,False,electoral-college-margin-of-victory-in-t
253704,6,0.062,0,6473740.733323,True,False,electoral-college-margin-of-victory-in-t
253704,24,0.05700000000000005,0,6473740.733323,True,False,electoral-college-margin-of-victory-in-t
253704,72,0.094,0,6473740.733323,True,False,electoral-college-margin-of-victory-in-t
253704,168,0.14500000000000002,0,6473740.733323,True,False,electoral-college-margin-of-victory-in-t
253704,720,0.0699999987,0,6473740.733323,True,False,electoral-college-margin-of-victory-in-t
4019510,1,0.5,1,6465770.197707989,True,True,lal-sev-val-2026-09-11
4019510,6,0.49,1,6465770.197707989,True,True,lal-sev-val-2026-09-11
4019510,24,0.4799999921,1,6465770.197707989,True,True,lal-sev-val-2026-09-11
4019510,72,0.439999956,1,6465770.197707989,True,True,lal-sev-val-2026-09-11
4019510,168,0.43,1,6465770.197707989,True,True,lal-sev-val-2026-09-11
1713160,1,0.4799999827,1,6464062.631720029,True,True,lal-mad-bar-2026-04-04
1713160,6,0.4599999678,1,6464062.631720029,True,True,lal-mad-bar-2026-04-04
1713160,24,0.4499999946,1,6464062.631720029,True,True,lal-mad-bar-2026-04-04
1713160,72,0.45,1,6464062.631720029,True,True,lal-mad-bar-2026-04-04
1713160,168,0.4499997975,1,6464062.631720029,True,True,lal-mad-bar-2026-04-04
2844060,1,0.1574999423,0,6457923.172345942,True,True,fifwc-arg-che-2026-07-11
2844060,6,0.16,0,6457923.172345942,True,True,fifwc-arg-che-2026-07-11
2844060,24,0.16,0,6457923.172345942,True,True,fifwc-arg-che-2026-07-11
2844060,72,0.16000000000000003,0,6457923.172345942,True,True,fifwc-arg-che-2026-07-11
569440,1,0.0010000000000000009,0,6453061.397415,True,False,portugal-presidential-election
569440,6,0.0010000000000000009,0,6453061.397415,True,False,portugal-presidential-election
569440,24,0.0010000000000000009,0,6453061.397415,True,False,portugal-presidential-election
569440,72,0.001,0,6453061.397415,True,False,portugal-presidential-election
569440,168,0.001,0,6453061.397415,True,False,portugal-presidential-election
569440,720,0.0010000000000000009,0,6453061.397415,True,False,portugal-presidential-election
2829166,1,0.245,0,6452187.405441015,True,True,fifwc-esp-bel-2026-07-10
2829166,6,0.2424999202,0,6452187.405441015,True,True,fifwc-esp-bel-2026-07-10
2829166,24,0.2449999662,0,6452187.405441015,True,True,fifwc-esp-bel-2026-07-10
2829166,72,0.25,0,6452187.405441015,True,True,fifwc-esp-bel-2026-07-10
1897048,1,0.83,0,6451012.17868902,True,True,fifwc-qat-che-2026-06-13
1897048,6,0.8199999984,0,6451012.17868902,True,True,fifwc-qat-che-2026-06-13
1897048,24,0.81,0,6451012.17868902,True,True,fifwc-qat-che-2026-06-13
1897048,72,0.8099999931,0,6451012.17868902,True,True,fifwc-qat-che-2026-06-13
1897048,168,0.8,0,6451012.17868902,True,True,fifwc-qat-che-2026-06-13
1897048,720,0.7699999874,0,6451012.17868902,True,True,fifwc-qat-che-2026-06-13
1897161,1,0.9,1,6493710.889971014,True,True,fifwc-esp-ksa-2026-06-21
1897161,6,0.8899999999,1,6493710.889971014,True,True,fifwc-esp-ksa-2026-06-21
1897161,24,0.8899994126,1,6493710.889971014,True,True,fifwc-esp-ksa-2026-06-21
1897161,72,0.8899999998,1,6493710.889971014,True,True,fifwc-esp-ksa-2026-06-21
1897161,168,0.89,1,6493710.889971014,True,True,fifwc-esp-ksa-2026-06-21
1897161,720,0.86,1,6493710.889971014,True,True,fifwc-esp-ksa-2026-06-21
541109,1,0.2719999628,1,6494331.727631,True,False,romanian-presidential-election-margin-of
541109,6,0.138,1,6494331.727631,True,False,romanian-presidential-election-margin-of
541109,24,0.144,1,6494331.727631,True,False,romanian-presidential-election-margin-of
541109,72,0.11299999999999999,1,6494331.727631,True,False,romanian-presidential-election-margin-of
541109,168,0.0838375892,1,6494331.727631,True,False,romanian-presidential-election-margin-of
500639,1,0.006,0,6481908.722395,True,False,balance-of-power-2024-election
500639,6,0.006,0,6481908.722395,True,False,balance-of-power-2024-election
500639,24,0.006000000000000005,0,6481908.722395,True,False,balance-of-power-2024-election
500639,72,0.008000000000000007,0,6481908.722395,True,False,balance-of-power-2024-election
500639,168,0.00700000089999997,0,6481908.722395,True,False,balance-of-power-2024-election
500639,720,0.006000000100000014,0,6481908.722395,True,False,balance-of-power-2024-election
523483,1,0.94,1,6418927.421659,False,False,bitcoin-above-97000-on-february-21
523483,6,0.83,1,6418927.421659,False,False,bitcoin-above-97000-on-february-21
523483,24,0.56,1,6418927.421659,False,False,bitcoin-above-97000-on-february-21
523483,72,0.38,1,6418927.421659,False,False,bitcoin-above-97000-on-february-21
503318,1,0.0010000000000000009,0,6450183.56028005,True,False,superbowl-champion-2025
503318,6,0.0010000000000000009,0,6450183.56028005,True,False,superbowl-champion-2025
503318,24,0.0010000000000000009,0,6450183.56028005,True,False,superbowl-champion-2025
503318,72,0.0010000000000000009,0,6450183.56028005,True,False,superbowl-champion-2025
503318,168,0.0010000000000000009,0,6450183.56028005,True,False,superbowl-champion-2025
503318,720,0.040000000000000036,0,6450183.56028005,True,False,superbowl-champion-2025
576410,1,0.0010000000000000009,0,6416296.559687,False,False,what-price-will-ethereum-hit-in-2025
576410,6,0.0010000000000000009,0,6416296.559687,False,False,what-price-will-ethereum-hit-in-2025
576410,24,0.0010000000000000009,0,6416296.559687,False,False,what-price-will-ethereum-hit-in-2025
576410,72,0.0010000000000000009,0,6416296.559687,False,False,what-price-will-ethereum-hit-in-2025
576410,168,0.0010000000000000009,0,6416296.559687,False,False,what-price-will-ethereum-hit-in-2025
576410,720,0.0010000000000000009,0,6416296.559687,False,False,what-price-will-ethereum-hit-in-2025
503299,1,0.001,0,6399020.27254501,True,False,superbowl-champion-2025
503299,6,0.001,0,6399020.27254501,True,False,superbowl-champion-2025
503299,24,0.001,0,6399020.27254501,True,False,superbowl-champion-2025
503299,72,0.001,0,6399020.27254501,True,False,superbowl-champion-2025
503299,168,0.001,0,6399020.27254501,True,False,superbowl-champion-2025
503299,720,0.13,0,6399020.27254501,True,False,superbowl-champion-2025
502570,1,0.010000000000000009,0,6383820.76,False,False,is-djt-real
502570,6,0.014000000000000012,0,6383820.76,False,False,is-djt-real
502570,24,0.040000000000000036,0,6383820.76,False,False,is-djt-real
502570,72,0.2410001503,0,6383820.76,False,False,is-djt-real
704475,1,0.008000000000000007,0,6462255.492774996,True,True,republican-nominee-for-florida-governor
704475,6,0.009000000000000008,0,6462255.492774996,True,True,republican-nominee-for-florida-governor
704475,24,0.010000000000000009,0,6462255.492774996,True,True,republican-nominee-for-florida-governor
704475,72,0.014000000000000012,0,6462255.492774996,True,True,republican-nominee-for-florida-governor
704475,168,0.008,0,6462255.492774996,True,True,republican-nominee-for-florida-governor
704475,720,0.0254896641,0,6462255.492774996,True,True,republican-nominee-for-florida-governor
1897271,1,0.7199999995,1,6377745.771588955,True,True,fifwc-bih-qat-2026-06-24
1897271,6,0.7099999432,1,6377745.771588955,True,True,fifwc-bih-qat-2026-06-24
1897271,24,0.7,1,6377745.771588955,True,True,fifwc-bih-qat-2026-06-24
1897271,72,0.6799998912,1,6377745.771588955,True,True,fifwc-bih-qat-2026-06-24
1897271,168,0.6199999436,1,6377745.771588955,True,True,fifwc-bih-qat-2026-06-24
1897271,720,0.6,1,6377745.771588955,True,True,fifwc-bih-qat-2026-06-24
253734,1,0.001,0,6367580.896,True,False,presidential-election-popular-vote-winne
253734,6,0.001,0,6367580.896,True,False,presidential-election-popular-vote-winne
253734,24,0.001,0,6367580.896,True,False,presidential-election-popular-vote-winne
253734,72,0.001,0,6367580.896,True,False,presidential-election-popular-vote-winne
253734,168,0.001,0,6367580.896,True,False,presidential-election-popular-vote-winne
253734,720,0.001,0,6367580.896,True,False,presidential-election-popular-vote-winne
255087,1,0.6899999586,1,6457569.386048,True,False,georgia-presidential-election-winner
255087,6,0.6899999917,1,6457569.386048,True,False,georgia-presidential-election-winner
255087,24,0.65,1,6457569.386048,True,False,georgia-presidential-election-winner
255087,72,0.71,1,6457569.386048,True,False,georgia-presidential-election-winner
255087,168,0.73,1,6457569.386048,True,False,georgia-presidential-election-winner
255087,720,0.63,1,6457569.386048,True,False,georgia-presidential-election-winner
842014,1,0.001,0,6341724.121050969,True,True,eurovision-winner-2026
842014,6,0.001,0,6341724.121050969,True,True,eurovision-winner-2026
842014,24,0.001,0,6341724.121050969,True,True,eurovision-winner-2026
842014,72,0.001,0,6341724.121050969,True,True,eurovision-winner-2026
842014,168,0.0010000000000000009,0,6341724.121050969,True,True,eurovision-winner-2026
842014,720,0.0030000000000000027,0,6341724.121050969,True,True,eurovision-winner-2026
500636,1,0.007,0,6332605.568078,True,False,balance-of-power-2024-election
500636,6,0.007,0,6332605.568078,True,False,balance-of-power-2024-election
500636,24,0.0060000330999999685,0,6332605.568078,True,False,balance-of-power-2024-election
500636,72,0.008000000000000007,0,6332605.568078,True,False,balance-of-power-2024-election
500636,168,0.007000000000000006,0,6332605.568078,True,False,balance-of-power-2024-election
500636,720,0.006,0,6332605.568078,True,False,balance-of-power-2024-election
572186,1,0.0010000000000000009,0,6329477.288817,True,False,top-spotify-artist-2025-146
572186,6,0.0010000000000000009,0,6329477.288817,True,False,top-spotify-artist-2025-146
572186,24,0.0010000000000000009,0,6329477.288817,True,False,top-spotify-artist-2025-146
572186,72,0.0010000000000000009,0,6329477.288817,True,False,top-spotify-artist-2025-146
572186,168,0.0010000000000000009,0,6329477.288817,True,False,top-spotify-artist-2025-146
572186,720,0.001,0,6329477.288817,True,False,top-spotify-artist-2025-146
571229,1,0.001,0,6324028.273999,True,False,2025-national-heads-up-poker-championshi
571229,6,0.001,0,6324028.273999,True,False,2025-national-heads-up-poker-championshi
571229,24,0.001,0,6324028.273999,True,False,2025-national-heads-up-poker-championshi
571229,72,0.001,0,6324028.273999,True,False,2025-national-heads-up-poker-championshi
571229,168,0.001,0,6324028.273999,True,False,2025-national-heads-up-poker-championshi
571229,720,0.002,0,6324028.273999,True,False,2025-national-heads-up-poker-championshi
511582,1,0.999,1,6310335.340742,False,False,what-price-will-bitcoin-hit-in-november
511582,6,0.999,1,6310335.340742,False,False,what-price-will-bitcoin-hit-in-november
511582,24,0.999,1,6310335.340742,False,False,what-price-will-bitcoin-hit-in-november
511582,72,0.999,1,6310335.340742,False,False,what-price-will-bitcoin-hit-in-november
511582,168,0.999,1,6310335.340742,False,False,what-price-will-bitcoin-hit-in-november
1370420,1,0.56,1,6301354.287728,True,False,ucl-rma1-ben-2026-02-25
1370420,6,0.5899999894,1,6301354.287728,True,False,ucl-rma1-ben-2026-02-25
1370420,24,0.64,1,6301354.287728,True,False,ucl-rma1-ben-2026-02-25
1370420,72,0.66,1,6301354.287728,True,False,ucl-rma1-ben-2026-02-25
1370420,168,0.68,1,6301354.287728,True,False,ucl-rma1-ben-2026-02-25
540232,1,0.0010000000000000009,0,6299106.231213,True,False,super-bowl-champion-2026-731
540232,6,0.0010000000000000009,0,6299106.231213,True,False,super-bowl-champion-2026-731
540232,24,0.0010000000000000009,0,6299106.231213,True,False,super-bowl-champion-2026-731
540232,72,0.0010000000000000009,0,6299106.231213,True,False,super-bowl-champion-2026-731
540232,168,0.0010000000000000009,0,6299106.231213,True,False,super-bowl-champion-2026-731
540232,720,0.018000000000000016,0,6299106.231213,True,False,super-bowl-champion-2026-731
571240,1,0.001,0,6288740.32813,True,False,2025-national-heads-up-poker-championshi
571240,6,0.001,0,6288740.32813,True,False,2025-national-heads-up-poker-championshi
571240,24,0.001,0,6288740.32813,True,False,2025-national-heads-up-poker-championshi
571240,72,0.001,0,6288740.32813,True,False,2025-national-heads-up-poker-championshi
571240,168,0.001,0,6288740.32813,True,False,2025-national-heads-up-poker-championshi
571240,720,0.0020000000000000018,0,6288740.32813,True,False,2025-national-heads-up-poker-championshi
1718678,1,0.4099999446,1,6272437.167948986,True,True,ucl-rma1-bay1-2026-04-07
1718678,6,0.409999999,1,6272437.167948986,True,True,ucl-rma1-bay1-2026-04-07
1718678,24,0.4299999951,1,6272437.167948986,True,True,ucl-rma1-bay1-2026-04-07
1718678,72,0.4599997608,1,6272437.167948986,True,True,ucl-rma1-bay1-2026-04-07
1718678,168,0.43999999999999995,1,6272437.167948986,True,True,ucl-rma1-bay1-2026-04-07
253683,1,0.052,0,6235007.012558,True,False,electoral-college-margin-of-victory-in-t
253683,6,0.058,0,6235007.012558,True,False,electoral-college-margin-of-victory-in-t
253683,24,0.06799999999999995,0,6235007.012558,True,False,electoral-college-margin-of-victory-in-t
253683,72,0.045,0,6235007.012558,True,False,electoral-college-margin-of-victory-in-t
253683,168,0.04500000000000004,0,6235007.012558,True,False,electoral-college-margin-of-victory-in-t
253683,720,0.054,0,6235007.012558,True,False,electoral-college-margin-of-victory-in-t
1473042,1,0.0010000000000000009,0,6377509.958963935,False,False,what-price-will-ethereum-hit-in-march-20
1473042,6,0.0010000000000000009,0,6377509.958963935,False,False,what-price-will-ethereum-hit-in-march-20
1473042,24,0.0010000000000000009,0,6377509.958963935,False,False,what-price-will-ethereum-hit-in-march-20
1473042,72,0.0010000000000000009,0,6377509.958963935,False,False,what-price-will-ethereum-hit-in-march-20
1473042,168,0.0020000000000000018,0,6377509.958963935,False,False,what-price-will-ethereum-hit-in-march-20
1473042,720,0.0040000000000000036,0,6377509.958963935,False,False,what-price-will-ethereum-hit-in-march-20
842017,1,0.001,0,6229475.5236319695,True,True,eurovision-winner-2026
842017,6,0.001,0,6229475.5236319695,True,True,eurovision-winner-2026
842017,24,0.001,0,6229475.5236319695,True,True,eurovision-winner-2026
842017,72,0.001,0,6229475.5236319695,True,True,eurovision-winner-2026
842017,168,0.0010000000000000009,0,6229475.5236319695,True,True,eurovision-winner-2026
842017,720,0.0030000000000000027,0,6229475.5236319695,True,True,eurovision-winner-2026
631291,1,0.001,0,6341732.02064,True,False,2nd-largest-company-end-of-november
631291,6,0.001,0,6341732.02064,True,False,2nd-largest-company-end-of-november
631291,24,0.001,0,6341732.02064,True,False,2nd-largest-company-end-of-november
631291,72,0.001,0,6341732.02064,True,False,2nd-largest-company-end-of-november
631291,168,0.001,0,6341732.02064,True,False,2nd-largest-company-end-of-november
631291,720,0.0010000000000000009,0,6341732.02064,True,False,2nd-largest-company-end-of-november
516349,1,0.0190255135,0,6225944.470833,False,False,will-bitcoin-hit-100k-again-in-2024-dec-
516349,6,0.003000064400000002,0,6225944.470833,False,False,will-bitcoin-hit-100k-again-in-2024-dec-
516349,24,0.0429999921,0,6225944.470833,False,False,will-bitcoin-hit-100k-again-in-2024-dec-
516349,72,0.2079999902,0,6225944.470833,False,False,will-bitcoin-hit-100k-again-in-2024-dec-
516349,168,0.3800000039,0,6225944.470833,False,False,will-bitcoin-hit-100k-again-in-2024-dec-
253735,1,0.001,0,6217811.572499,True,False,presidential-election-popular-vote-winne
253735,6,0.001,0,6217811.572499,True,False,presidential-election-popular-vote-winne
253735,24,0.001,0,6217811.572499,True,False,presidential-election-popular-vote-winne
253735,72,0.001,0,6217811.572499,True,False,presidential-election-popular-vote-winne
253735,168,0.001,0,6217811.572499,True,False,presidential-election-popular-vote-winne
253735,720,0.001,0,6217811.572499,True,False,presidential-election-popular-vote-winne
515502,1,0.0010000000000000009,0,6211260.142575,False,False,what-price-will-bitcoin-hit-by-march-31
515502,6,0.0010000000000000009,0,6211260.142575,False,False,what-price-will-bitcoin-hit-by-march-31
515502,24,0.0010000000000000009,0,6211260.142575,False,False,what-price-will-bitcoin-hit-by-march-31
515502,72,0.001,0,6211260.142575,False,False,what-price-will-bitcoin-hit-by-march-31
515502,168,0.0010000000000000009,0,6211260.142575,False,False,what-price-will-bitcoin-hit-by-march-31
515502,720,0.007736232399999987,0,6211260.142575,False,False,what-price-will-bitcoin-hit-by-march-31
519040,1,0.56,0,6209816.038245,False,False,ethereum-above-3300-on-january-24
519040,6,0.53,0,6209816.038245,False,False,ethereum-above-3300-on-january-24
519040,24,0.07999999999999996,0,6209816.038245,False,False,ethereum-above-3300-on-january-24
519040,72,0.38,0,6209816.038245,False,False,ethereum-above-3300-on-january-24
2287791,1,0.65,0,6207426.698162033,True,True,sea-tor-juv-2026-05-24
2287791,6,0.64,0,6207426.698162033,True,True,sea-tor-juv-2026-05-24
2287791,24,0.66,0,6207426.698162033,True,True,sea-tor-juv-2026-05-24
2287791,72,0.6899998965,0,6207426.698162033,True,True,sea-tor-juv-2026-05-24
2754649,1,0.2699999866,0,6292831.872055019,True,True,fifwc-bra-nor-2026-07-05
2754649,6,0.2699999163,0,6292831.872055019,True,True,fifwc-bra-nor-2026-07-05
2754649,24,0.26,0,6292831.872055019,True,True,fifwc-bra-nor-2026-07-05
2754649,72,0.2699998542,0,6292831.872055019,True,True,fifwc-bra-nor-2026-07-05
504603,1,0.996,1,6199670.522839,False,False,harris-walz-final-democratic-ticket
504603,6,0.998,1,6199670.522839,False,False,harris-walz-final-democratic-ticket
504603,24,0.999000001,1,6199670.522839,False,False,harris-walz-final-democratic-ticket
504603,72,0.9949999244,1,6199670.522839,False,False,harris-walz-final-democratic-ticket
504603,168,0.991,1,6199670.522839,False,False,harris-walz-final-democratic-ticket
504603,720,0.984,1,6199670.522839,False,False,harris-walz-final-democratic-ticket
512660,1,0.20136899750000004,0,6198332.729911,False,False,what-price-will-ethereum-hit-in-november
512660,6,0.48,0,6198332.729911,False,False,what-price-will-ethereum-hit-in-november
512660,24,0.260002368,0,6198332.729911,False,False,what-price-will-ethereum-hit-in-november
512660,72,0.26,0,6198332.729911,False,False,what-price-will-ethereum-hit-in-november
512660,168,0.30000000000000004,0,6198332.729911,False,False,what-price-will-ethereum-hit-in-november
506322,1,0.0011673924,0,6241329.781569,True,False,ballon-dor-winner
506322,6,0.002,0,6241329.781569,True,False,ballon-dor-winner
506322,24,0.002,0,6241329.781569,True,False,ballon-dor-winner
506322,72,0.001,0,6241329.781569,True,False,ballon-dor-winner
506322,168,0.003,0,6241329.781569,True,False,ballon-dor-winner
506322,720,0.0010000000000000009,0,6241329.781569,True,False,ballon-dor-winner
546257,1,0.001,0,6261136.277811,True,False,romania-bucharest-mayoral-election
546257,6,0.001,0,6261136.277811,True,False,romania-bucharest-mayoral-election
546257,24,0.001,0,6261136.277811,True,False,romania-bucharest-mayoral-election
546257,72,0.0010000000000000009,0,6261136.277811,True,False,romania-bucharest-mayoral-election
546257,168,0.0010000000000000009,0,6261136.277811,True,False,romania-bucharest-mayoral-election
546257,720,0.002,0,6261136.277811,True,False,romania-bucharest-mayoral-election
503535,1,0.997,1,6195836.69,False,False,rfk-jr-endorses-trump
503535,6,0.997,1,6195836.69,False,False,rfk-jr-endorses-trump
503535,24,0.997,1,6195836.69,False,False,rfk-jr-endorses-trump
503535,72,0.997,1,6195836.69,False,False,rfk-jr-endorses-trump
503535,168,0.98,1,6195836.69,False,False,rfk-jr-endorses-trump
503535,720,0.23000008689999996,1,6195836.69,False,False,rfk-jr-endorses-trump
567562,1,0.001,0,6196534.541471966,True,True,next-prime-minister-of-hungary
567562,6,0.001,0,6196534.541471966,True,True,next-prime-minister-of-hungary
567562,24,0.001,0,6196534.541471966,True,True,next-prime-minister-of-hungary
567562,72,0.001,0,6196534.541471966,True,True,next-prime-minister-of-hungary
567562,168,0.001,0,6196534.541471966,True,True,next-prime-minister-of-hungary
567562,720,0.0020000000000000018,0,6196534.541471966,True,True,next-prime-minister-of-hungary
604067,1,0.0020000000000000018,0,6182924.695208,False,True,will-metamask-launch-a-token-in-2025
604067,6,0.0010000000000000009,0,6182924.695208,False,True,will-metamask-launch-a-token-in-2025
604067,24,0.0010000000000000009,0,6182924.695208,False,True,will-metamask-launch-a-token-in-2025
604067,72,0.0020000000000000018,0,6182924.695208,False,True,will-metamask-launch-a-token-in-2025
604067,168,0.0040000000000000036,0,6182924.695208,False,True,will-metamask-launch-a-token-in-2025
604067,720,0.03,0,6182924.695208,False,True,will-metamask-launch-a-token-in-2025
255054,1,0.62,1,6181381.804395,True,False,nevada-presidential-election-winner
255054,6,0.599999976,1,6181381.804395,True,False,nevada-presidential-election-winner
255054,24,0.619967,1,6181381.804395,True,False,nevada-presidential-election-winner
255054,72,0.65,1,6181381.804395,True,False,nevada-presidential-election-winner
255054,168,0.66,1,6181381.804395,True,False,nevada-presidential-election-winner
255054,720,0.48,1,6181381.804395,True,False,nevada-presidential-election-winner
542558,1,0.6699999999999999,0,6176032.109745,True,False,lee-jae-myung-of-vote-in-south-korea-ele
542558,6,0.52,0,6176032.109745,True,False,lee-jae-myung-of-vote-in-south-korea-ele
542558,24,0.56,0,6176032.109745,True,False,lee-jae-myung-of-vote-in-south-korea-ele
542558,72,0.5999999663,0,6176032.109745,True,False,lee-jae-myung-of-vote-in-south-korea-ele
542558,168,0.48,0,6176032.109745,True,False,lee-jae-myung-of-vote-in-south-korea-ele
514370,1,0.0020000000000000018,0,6174845.90904198,False,False,what-price-will-bitcoin-hit-in-december
514370,6,0.0010000000000000009,0,6174845.90904198,False,False,what-price-will-bitcoin-hit-in-december
514370,24,0.0020000000000000018,0,6174845.90904198,False,False,what-price-will-bitcoin-hit-in-december
514370,72,0.003000173100000003,0,6174845.90904198,False,False,what-price-will-bitcoin-hit-in-december
514370,168,0.016000477299999982,0,6174845.90904198,False,False,what-price-will-bitcoin-hit-in-december
1897042,1,0.2,0,6168225.7688470185,True,True,fifwc-can-bih-2026-06-12
1897042,6,0.19,0,6168225.7688470185,True,True,fifwc-can-bih-2026-06-12
1897042,24,0.2099998677,0,6168225.7688470185,True,True,fifwc-can-bih-2026-06-12
1897042,72,0.2099998677,0,6168225.7688470185,True,True,fifwc-can-bih-2026-06-12
1897042,168,0.2099998677,0,6168225.7688470185,True,True,fifwc-can-bih-2026-06-12
1897042,720,0.21000000789999995,0,6168225.7688470185,True,True,fifwc-can-bih-2026-06-12
540209,1,0.0010000000000000009,0,6163891.427049,True,False,super-bowl-champion-2026-731
540209,6,0.0010000000000000009,0,6163891.427049,True,False,super-bowl-champion-2026-731
540209,24,0.0010000000000000009,0,6163891.427049,True,False,super-bowl-champion-2026-731
540209,72,0.0010000000000000009,0,6163891.427049,True,False,super-bowl-champion-2026-731
540209,168,0.0010000000000000009,0,6163891.427049,True,False,super-bowl-champion-2026-731
540209,720,0.07999999999999996,0,6163891.427049,True,False,super-bowl-champion-2026-731
645986,1,0.9941895598,1,6161817.701307,False,False,us-anti-cartel-operation-on-foreign-soil
645986,6,0.993,1,6161817.701307,False,False,us-anti-cartel-operation-on-foreign-soil
645986,24,0.37,1,6161817.701307,False,False,us-anti-cartel-operation-on-foreign-soil
645986,72,0.06518914340000004,1,6161817.701307,False,False,us-anti-cartel-operation-on-foreign-soil
645986,168,0.09999999999999998,1,6161817.701307,False,False,us-anti-cartel-operation-on-foreign-soil
645986,720,0.52,1,6161817.701307,False,False,us-anti-cartel-operation-on-foreign-soil
1130334,1,0.7199999986,0,6204761.308836,True,False,ucl-vil1-aja-2026-01-20
1130334,6,0.7199999986,0,6204761.308836,True,False,ucl-vil1-aja-2026-01-20
1130334,24,0.6799999999999999,0,6204761.308836,True,False,ucl-vil1-aja-2026-01-20
1130334,72,0.62,0,6204761.308836,True,False,ucl-vil1-aja-2026-01-20
1130334,168,0.63,0,6204761.308836,True,False,ucl-vil1-aja-2026-01-20
2718931,1,0.68,1,6200512.085639258,True,True,fifwc-col-gha-2026-07-03
2718931,6,0.6899999995,1,6200512.085639258,True,True,fifwc-col-gha-2026-07-03
2718931,24,0.6799998912,1,6200512.085639258,True,True,fifwc-col-gha-2026-07-03
2718931,72,0.6499999983,1,6200512.085639258,True,True,fifwc-col-gha-2026-07-03
1897084,1,0.1299999789,0,6158854.936832067,True,True,fifwc-fra-sen-2026-06-16
1897084,6,0.1200000001,0,6158854.936832067,True,True,fifwc-fra-sen-2026-06-16
1897084,24,0.1299998986,0,6158854.936832067,True,True,fifwc-fra-sen-2026-06-16
1897084,72,0.12,0,6158854.936832067,True,True,fifwc-fra-sen-2026-06-16
1897084,168,0.1299999789,0,6158854.936832067,True,True,fifwc-fra-sen-2026-06-16
1897084,720,0.1399998824,0,6158854.936832067,True,True,fifwc-fra-sen-2026-06-16
542557,1,0.31,1,6157737.577165,True,False,lee-jae-myung-of-vote-in-south-korea-ele
542557,6,0.42,1,6157737.577165,True,False,lee-jae-myung-of-vote-in-south-korea-ele
542557,24,0.3699999887,1,6157737.577165,True,False,lee-jae-myung-of-vote-in-south-korea-ele
542557,72,0.2901076069,1,6157737.577165,True,False,lee-jae-myung-of-vote-in-south-korea-ele
542557,168,0.41000000000000003,1,6157737.577165,True,False,lee-jae-myung-of-vote-in-south-korea-ele
253687,1,0.045,0,6153981.286456,True,False,electoral-college-margin-of-victory-in-t
253687,6,0.052,0,6153981.286456,True,False,electoral-college-margin-of-victory-in-t
253687,24,0.04173529409999999,0,6153981.286456,True,False,electoral-college-margin-of-victory-in-t
253687,72,0.032,0,6153981.286456,True,False,electoral-college-margin-of-victory-in-t
253687,168,0.03,0,6153981.286456,True,False,electoral-college-margin-of-victory-in-t
253687,720,0.03900004810000002,0,6153981.286456,True,False,electoral-college-margin-of-victory-in-t
570342,1,0.1499999976,0,6152916.306385,False,False,katy-perry-and-justin-trudeau-confirmed-
570342,6,0.06575556100000002,0,6152916.306385,False,False,katy-perry-and-justin-trudeau-confirmed-
570342,24,0.08899999999999997,0,6152916.306385,False,False,katy-perry-and-justin-trudeau-confirmed-
570342,72,0.1648270728,0,6152916.306385,False,False,katy-perry-and-justin-trudeau-confirmed-
570342,168,0.025,0,6152916.306385,False,False,katy-perry-and-justin-trudeau-confirmed-
570342,720,0.02400000000000002,0,6152916.306385,False,False,katy-perry-and-justin-trudeau-confirmed-
1089757,1,0.999,1,6136975.185555,False,False,total-commitments-for-the-ranger-public-
1089757,6,0.999,1,6136975.185555,False,False,total-commitments-for-the-ranger-public-
1089757,24,0.999,1,6136975.185555,False,False,total-commitments-for-the-ranger-public-
1089757,72,0.999,1,6136975.185555,False,False,total-commitments-for-the-ranger-public-
1089757,168,0.999,1,6136975.185555,False,False,total-commitments-for-the-ranger-public-
1897045,1,0.24,0,6135767.626247993,True,True,fifwc-usa-par-2026-06-12
1897045,6,0.239999856,0,6135767.626247993,True,True,fifwc-usa-par-2026-06-12
1897045,24,0.2299999692,0,6135767.626247993,True,True,fifwc-usa-par-2026-06-12
1897045,72,0.22999999999999998,0,6135767.626247993,True,True,fifwc-usa-par-2026-06-12
1897045,168,0.23,0,6135767.626247993,True,True,fifwc-usa-par-2026-06-12
1897045,720,0.27,0,6135767.626247993,True,True,fifwc-usa-par-2026-06-12
2754625,1,0.05,0,6130536.005131002,True,True,fifwc-par-fra-2026-07-04
2754625,6,0.05,0,6130536.005131002,True,True,fifwc-par-fra-2026-07-04
2754625,24,0.05,0,6130536.005131002,True,True,fifwc-par-fra-2026-07-04
2754625,72,0.05,0,6130536.005131002,True,True,fifwc-par-fra-2026-07-04
1897181,1,0.1,0,6128822.795865936,True,True,fifwc-ury-cvi-2026-06-21
1897181,6,0.1099999535,0,6128822.795865936,True,True,fifwc-ury-cvi-2026-06-21
1897181,24,0.1099999766,0,6128822.795865936,True,True,fifwc-ury-cvi-2026-06-21
1897181,72,0.1199998992,0,6128822.795865936,True,True,fifwc-ury-cvi-2026-06-21
1897181,168,0.12,0,6128822.795865936,True,True,fifwc-ury-cvi-2026-06-21
1897181,720,0.1299998986,0,6128822.795865936,True,True,fifwc-ury-cvi-2026-06-21
2718903,1,0.059999946,0,6122788.100623049,True,True,fifwc-eng-cdr-2026-07-01
2718903,6,0.0599999989,0,6122788.100623049,True,True,fifwc-eng-cdr-2026-07-01
2718903,24,0.07,0,6122788.100623049,True,True,fifwc-eng-cdr-2026-07-01
2718903,72,0.0699999363,0,6122788.100623049,True,True,fifwc-eng-cdr-2026-07-01
506110,1,0.0010000000000000009,0,6114807.967656,True,False,nfl-mvp-1
506110,6,0.0010000000000000009,0,6114807.967656,True,False,nfl-mvp-1
506110,24,0.0010000000000000009,0,6114807.967656,True,False,nfl-mvp-1
506110,72,0.0010000000000000009,0,6114807.967656,True,False,nfl-mvp-1
506110,168,0.0010000000000000009,0,6114807.967656,True,False,nfl-mvp-1
506110,720,0.001,0,6114807.967656,True,False,nfl-mvp-1
506323,1,0.001,0,6183473.395939,True,False,ballon-dor-winner
506323,6,0.001,0,6183473.395939,True,False,ballon-dor-winner
506323,24,0.001,0,6183473.395939,True,False,ballon-dor-winner
506323,72,0.0010000000000000009,0,6183473.395939,True,False,ballon-dor-winner
506323,168,0.002,0,6183473.395939,True,False,ballon-dor-winner
506323,720,0.0010000000000000009,0,6183473.395939,True,False,ballon-dor-winner
1897107,1,0.2699998542,1,6102089.1912379945,True,True,fifwc-cze-rsa-2026-06-18
1897107,6,0.2699999885,1,6102089.1912379945,True,True,fifwc-cze-rsa-2026-06-18
1897107,24,0.2599999991,1,6102089.1912379945,True,True,fifwc-cze-rsa-2026-06-18
1897107,72,0.2599999839,1,6102089.1912379945,True,True,fifwc-cze-rsa-2026-06-18
1897107,168,0.2899999846,1,6102089.1912379945,True,True,fifwc-cze-rsa-2026-06-18
1897107,720,0.3299997822,1,6102089.1912379945,True,True,fifwc-cze-rsa-2026-06-18
558107,1,0.58,1,6105457.486417,False,False,will-mamdani-get-over-50-of-the-vote-in-
558107,6,0.57,1,6105457.486417,False,False,will-mamdani-get-over-50-of-the-vote-in-
558107,24,0.52,1,6105457.486417,False,False,will-mamdani-get-over-50-of-the-vote-in-
558107,72,0.5374195635,1,6105457.486417,False,False,will-mamdani-get-over-50-of-the-vote-in-
558107,168,0.56,1,6105457.486417,False,False,will-mamdani-get-over-50-of-the-vote-in-
558107,720,0.7,1,6105457.486417,False,False,will-mamdani-get-over-50-of-the-vote-in-
528977,1,0.007,0,6106878.070705,False,False,israel-x-hamas-ceasefire-before-july-202
528977,6,0.007000000000000006,0,6106878.070705,False,False,israel-x-hamas-ceasefire-before-july-202
528977,24,0.016,0,6106878.070705,False,False,israel-x-hamas-ceasefire-before-july-202
528977,72,0.05,0,6106878.070705,False,False,israel-x-hamas-ceasefire-before-july-202
528977,168,0.03,0,6106878.070705,False,False,israel-x-hamas-ceasefire-before-july-202
528977,720,0.6699999999999999,0,6106878.070705,False,False,israel-x-hamas-ceasefire-before-july-202
842028,1,0.0010000000000000009,0,6091905.863410967,True,True,eurovision-winner-2026
842028,6,0.0010000000000000009,0,6091905.863410967,True,True,eurovision-winner-2026
842028,24,0.0010000000000000009,0,6091905.863410967,True,True,eurovision-winner-2026
842028,72,0.0030000000000000027,0,6091905.863410967,True,True,eurovision-winner-2026
842028,168,0.0050000000000000044,0,6091905.863410967,True,True,eurovision-winner-2026
842028,720,0.0040000000000000036,0,6091905.863410967,True,True,eurovision-winner-2026
552656,1,0.0040000000000000036,0,6088147.168028,False,False,will-iran-close-the-strait-of-hormuz-bef
552656,6,0.0037815913,0,6088147.168028,False,False,will-iran-close-the-strait-of-hormuz-bef
552656,24,0.005494488,0,6088147.168028,False,False,will-iran-close-the-strait-of-hormuz-bef
552656,72,0.013,0,6088147.168028,False,False,will-iran-close-the-strait-of-hormuz-bef
552656,168,0.32,0,6088147.168028,False,False,will-iran-close-the-strait-of-hormuz-bef
842023,1,0.001,0,6084448.283186015,True,True,eurovision-winner-2026
842023,6,0.001,0,6084448.283186015,True,True,eurovision-winner-2026
842023,24,0.0020000000000000018,0,6084448.283186015,True,True,eurovision-winner-2026
842023,72,0.0030000000000000027,0,6084448.283186015,True,True,eurovision-winner-2026
842023,168,0.002,0,6084448.283186015,True,True,eurovision-winner-2026
842023,720,0.0040000000000000036,0,6084448.283186015,True,True,eurovision-winner-2026
254759,1,0.0010000825999999519,0,6082769.27339299,True,False,ethereum-all-time-high-wen
254759,6,0.0010003068999999698,0,6082769.27339299,True,False,ethereum-all-time-high-wen
254759,24,0.0010000000000000009,0,6082769.27339299,True,False,ethereum-all-time-high-wen
254759,72,0.007000000000000006,0,6082769.27339299,True,False,ethereum-all-time-high-wen
254759,168,0.02,0,6082769.27339299,True,False,ethereum-all-time-high-wen
254759,720,0.2399855994,0,6082769.27339299,True,False,ethereum-all-time-high-wen
842022,1,0.0010000000000000009,0,6075604.597354997,True,True,eurovision-winner-2026
842022,6,0.0010000000000000009,0,6075604.597354997,True,True,eurovision-winner-2026
842022,24,0.0010000000000000009,0,6075604.597354997,True,True,eurovision-winner-2026
842022,72,0.0010000000000000009,0,6075604.597354997,True,True,eurovision-winner-2026
842022,168,0.0010000000000000009,0,6075604.597354997,True,True,eurovision-winner-2026
842022,720,0.0020000000000000018,0,6075604.597354997,True,True,eurovision-winner-2026
253691,1,0.995,1,6074886.86,True,False,republican-nominee-2024
253691,6,0.993,1,6074886.86,True,False,republican-nominee-2024
253691,24,0.996,1,6074886.86,True,False,republican-nominee-2024
253691,72,0.994,1,6074886.86,True,False,republican-nominee-2024
253691,168,0.989,1,6074886.86,True,False,republican-nominee-2024
253691,720,0.96,1,6074886.86,True,False,republican-nominee-2024
2507607,1,0.0010000000000000009,0,6273478.590044998,False,False,kharg-island-no-longer-under-iranian-con
2507607,6,0.0020000000000000018,0,6273478.590044998,False,False,kharg-island-no-longer-under-iranian-con
2507607,24,0.0010000000000000009,0,6273478.590044998,False,False,kharg-island-no-longer-under-iranian-con
2507607,72,0.0040000000000000036,0,6273478.590044998,False,False,kharg-island-no-longer-under-iranian-con
2507607,168,0.028,0,6273478.590044998,False,False,kharg-island-no-longer-under-iranian-con
2507607,720,0.013000000000000012,0,6273478.590044998,False,False,kharg-island-no-longer-under-iranian-con
2333713,1,0.999,1,6063513.272777001,False,False,will-trump-restart-project-freedom-by
2333713,6,0.999,1,6063513.272777001,False,False,will-trump-restart-project-freedom-by
2333713,24,0.999,1,6063513.272777001,False,False,will-trump-restart-project-freedom-by
2333713,72,0.999,1,6063513.272777001,False,False,will-trump-restart-project-freedom-by
2333713,168,0.999,1,6063513.272777001,False,False,will-trump-restart-project-freedom-by
2333713,720,0.2,1,6063513.272777001,False,False,will-trump-restart-project-freedom-by
1897091,1,0.699999993,1,6272670.3021670105,True,True,fifwc-aut-jor-2026-06-17
1897091,6,0.719999856,1,6272670.3021670105,True,True,fifwc-aut-jor-2026-06-17
1897091,24,0.7299998102,1,6272670.3021670105,True,True,fifwc-aut-jor-2026-06-17
1897091,72,0.7299998102,1,6272670.3021670105,True,True,fifwc-aut-jor-2026-06-17
1897091,168,0.74,1,6272670.3021670105,True,True,fifwc-aut-jor-2026-06-17
1897091,720,0.74,1,6272670.3021670105,True,True,fifwc-aut-jor-2026-06-17
687778,1,0.0010000000000000009,0,6056873.975672,False,False,what-price-will-bitcoin-hit-in-2025
687778,6,0.0010000000000000009,0,6056873.975672,False,False,what-price-will-bitcoin-hit-in-2025
687778,24,0.0020000000000000018,0,6056873.975672,False,False,what-price-will-bitcoin-hit-in-2025
687778,72,0.003,0,6056873.975672,False,False,what-price-will-bitcoin-hit-in-2025
687778,168,0.004,0,6056873.975672,False,False,what-price-will-bitcoin-hit-in-2025
687778,720,0.06999999999999995,0,6056873.975672,False,False,what-price-will-bitcoin-hit-in-2025
2766760,1,0.32,0,6055479.435872079,True,True,fifwc-mex-eng-2026-07-05
2766760,6,0.3099999968,0,6055479.435872079,True,True,fifwc-mex-eng-2026-07-05
2766760,24,0.30000000000000004,0,6055479.435872079,True,True,fifwc-mex-eng-2026-07-05
2766760,72,0.3099999828,0,6055479.435872079,True,True,fifwc-mex-eng-2026-07-05
3653961,1,0.5199999372,1,6054195.376877973,True,True,epl-che-bri-2026-08-30
3653961,6,0.5,1,6054195.376877973,True,True,epl-che-bri-2026-08-30
3653961,24,0.539999964,1,6054195.376877973,True,True,epl-che-bri-2026-08-30
3653961,72,0.51,1,6054195.376877973,True,True,epl-che-bri-2026-08-30
3653961,168,0.5,1,6054195.376877973,True,True,epl-che-bri-2026-08-30
1130016,1,0.01,0,6052715.028636999,True,False,which-party-will-gain-most-seats-in-russ
1130016,6,0.1079999999,0,6052715.028636999,True,False,which-party-will-gain-most-seats-in-russ
1130016,24,0.1869999854,0,6052715.028636999,True,False,which-party-will-gain-most-seats-in-russ
1130016,72,0.1972476271,0,6052715.028636999,True,False,which-party-will-gain-most-seats-in-russ
1130016,168,0.1651741285,0,6052715.028636999,True,False,which-party-will-gain-most-seats-in-russ
1130016,720,0.23300012830000005,0,6052715.028636999,True,False,which-party-will-gain-most-seats-in-russ
512641,1,0.001,0,6051808.633322,True,False,of-gop-seats-in-house-of-representatives
512641,6,0.001,0,6051808.633322,True,False,of-gop-seats-in-house-of-representatives
512641,24,0.001,0,6051808.633322,True,False,of-gop-seats-in-house-of-representatives
512641,72,0.001,0,6051808.633322,True,False,of-gop-seats-in-house-of-representatives
512641,168,0.001,0,6051808.633322,True,False,of-gop-seats-in-house-of-representatives
512641,720,0.001,0,6051808.633322,True,False,of-gop-seats-in-house-of-representatives
516730,1,0.001,0,6045992.73764,True,False,how-many-fed-rate-cuts-in-2025
516730,6,0.001,0,6045992.73764,True,False,how-many-fed-rate-cuts-in-2025
516730,24,0.0010000000000000009,0,6045992.73764,True,False,how-many-fed-rate-cuts-in-2025
516730,72,0.001,0,6045992.73764,True,False,how-many-fed-rate-cuts-in-2025
516730,168,0.001,0,6045992.73764,True,False,how-many-fed-rate-cuts-in-2025
516730,720,0.0010000000000000009,0,6045992.73764,True,False,how-many-fed-rate-cuts-in-2025
532869,1,0.001,0,6043088.094674,False,False,what-price-will-dogecoin-hit-in-april
532869,6,0.001,0,6043088.094674,False,False,what-price-will-dogecoin-hit-in-april
532869,24,0.0010000000000000009,0,6043088.094674,False,False,what-price-will-dogecoin-hit-in-april
532869,72,0.0010000000000000009,0,6043088.094674,False,False,what-price-will-dogecoin-hit-in-april
532869,168,0.0010000000000000009,0,6043088.094674,False,False,what-price-will-dogecoin-hit-in-april
551143,1,0.15,0,6037389.579269,True,False,new-jersey-governor-election-winner-2025
551143,6,0.15,0,6037389.579269,True,False,new-jersey-governor-election-winner-2025
551143,24,0.13,0,6037389.579269,True,False,new-jersey-governor-election-winner-2025
551143,72,0.13000018530000002,0,6037389.579269,True,False,new-jersey-governor-election-winner-2025
551143,168,0.1299999993,0,6037389.579269,True,False,new-jersey-governor-election-winner-2025
551143,720,0.18999999999999995,0,6037389.579269,True,False,new-jersey-governor-election-winner-2025
506488,1,0.022000000300000044,0,6028443.253136,False,False,who-will-biden-pardon
506488,6,0.018000000000000016,0,6028443.253136,False,False,who-will-biden-pardon
506488,24,0.018000000599999955,0,6028443.253136,False,False,who-will-biden-pardon
506488,72,0.02200000000000002,0,6028443.253136,False,False,who-will-biden-pardon
506488,168,0.021000001500000032,0,6028443.253136,False,False,who-will-biden-pardon
506488,720,0.05900000000000005,0,6028443.253136,False,False,who-will-biden-pardon
507243,1,0.035248,0,6020782.439055,True,False,pennsylvania-margin-of-victory
507243,6,0.04700000000000004,0,6020782.439055,True,False,pennsylvania-margin-of-victory
507243,24,0.049000000000000044,0,6020782.439055,True,False,pennsylvania-margin-of-victory
507243,72,0.04200000000000004,0,6020782.439055,True,False,pennsylvania-margin-of-victory
507243,168,0.035,0,6020782.439055,True,False,pennsylvania-margin-of-victory
507243,720,0.06,0,6020782.439055,True,False,pennsylvania-margin-of-victory
253912,1,0.0020000000000000018,0,6194780.65828928,False,False,will-usdc-flip-usdt-in-market-cap-in-202
253912,6,0.0010002150000000265,0,6194780.65828928,False,False,will-usdc-flip-usdt-in-market-cap-in-202
253912,24,0.0010000000000000009,0,6194780.65828928,False,False,will-usdc-flip-usdt-in-market-cap-in-202
253912,72,0.002000031999999985,0,6194780.65828928,False,False,will-usdc-flip-usdt-in-market-cap-in-202
253912,168,0.004,0,6194780.65828928,False,False,will-usdc-flip-usdt-in-market-cap-in-202
253912,720,0.019000000000000017,0,6194780.65828928,False,False,will-usdc-flip-usdt-in-market-cap-in-202
253688,1,0.047,0,6016787.147049,True,False,electoral-college-margin-of-victory-in-t
253688,6,0.04378126910000002,0,6016787.147049,True,False,electoral-college-margin-of-victory-in-t
253688,24,0.038,0,6016787.147049,True,False,electoral-college-margin-of-victory-in-t
253688,72,0.022,0,6016787.147049,True,False,electoral-college-margin-of-victory-in-t
253688,168,0.018000000000000016,0,6016787.147049,True,False,electoral-college-margin-of-victory-in-t
253688,720,0.055,0,6016787.147049,True,False,electoral-college-margin-of-victory-in-t
1209703,1,0.6100001521,1,6112737.801484,True,False,epl-che-wes-2026-01-31
1209703,6,0.6299999958,1,6112737.801484,True,False,epl-che-wes-2026-01-31
1209703,24,0.65,1,6112737.801484,True,False,epl-che-wes-2026-01-31
1209703,72,0.6499999973,1,6112737.801484,True,False,epl-che-wes-2026-01-31
1209703,168,0.64,1,6112737.801484,True,False,epl-che-wes-2026-01-31
569424,1,0.0010000000000000009,0,6003993.939226,True,False,portugal-presidential-election
569424,6,0.0010000000000000009,0,6003993.939226,True,False,portugal-presidential-election
569424,24,0.0010000000000000009,0,6003993.939226,True,False,portugal-presidential-election
569424,72,0.0010000000000000009,0,6003993.939226,True,False,portugal-presidential-election
569424,168,0.001,0,6003993.939226,True,False,portugal-presidential-election
569424,720,0.001,0,6003993.939226,True,False,portugal-presidential-election
253733,1,0.001,0,6000187.62249,True,False,presidential-election-popular-vote-winne
253733,6,0.001,0,6000187.62249,True,False,presidential-election-popular-vote-winne
253733,24,0.001,0,6000187.62249,True,False,presidential-election-popular-vote-winne
253733,72,0.001,0,6000187.62249,True,False,presidential-election-popular-vote-winne
253733,168,0.001,0,6000187.62249,True,False,presidential-election-popular-vote-winne
253733,720,0.001,0,6000187.62249,True,False,presidential-election-popular-vote-winne
1897064,1,0.2799999325,1,5999811.041706935,True,True,fifwc-civ-ecu-2026-06-14
1897064,6,0.3,1,5999811.041706935,True,True,fifwc-civ-ecu-2026-06-14
1897064,24,0.27,1,5999811.041706935,True,True,fifwc-civ-ecu-2026-06-14
1897064,72,0.2699999681,1,5999811.041706935,True,True,fifwc-civ-ecu-2026-06-14
1897064,168,0.2699998542,1,5999811.041706935,True,True,fifwc-civ-ecu-2026-06-14
1897064,720,0.26,1,5999811.041706935,True,True,fifwc-civ-ecu-2026-06-14
618952,1,0.0010000000000000009,0,5978400.520639,False,False,what-price-will-bitcoin-hit-in-october-9
618952,6,0.002,0,5978400.520639,False,False,what-price-will-bitcoin-hit-in-october-9
618952,24,0.0010009408000000164,0,5978400.520639,False,False,what-price-will-bitcoin-hit-in-october-9
618952,72,0.0053907725,0,5978400.520639,False,False,what-price-will-bitcoin-hit-in-october-9
618952,168,0.023,0,5978400.520639,False,False,what-price-will-bitcoin-hit-in-october-9
618952,720,0.31,0,5978400.520639,False,False,what-price-will-bitcoin-hit-in-october-9
255086,1,0.3299997822,0,5973401.632431,True,False,georgia-presidential-election-winner
255086,6,0.31,0,5973401.632431,True,False,georgia-presidential-election-winner
255086,24,0.3399999943,0,5973401.632431,True,False,georgia-presidential-election-winner
255086,72,0.2999819993,0,5973401.632431,True,False,georgia-presidential-election-winner
255086,168,0.2699805595,0,5973401.632431,True,False,georgia-presidential-election-winner
255086,720,0.37,0,5973401.632431,True,False,georgia-presidential-election-winner
516498,1,0.9829999947,1,5987591.33862,False,False,bitcoin-above-94000-on-january-3
516498,6,0.981,1,5987591.33862,False,False,bitcoin-above-94000-on-january-3
516498,24,0.8499994475,1,5987591.33862,False,False,bitcoin-above-94000-on-january-3
516498,72,0.52,1,5987591.33862,False,False,bitcoin-above-94000-on-january-3
516450,1,0.0010000000000000009,0,5967389.206388,False,False,ethereum-all-time-high-by-june
516450,6,0.0010000000000000009,0,5967389.206388,False,False,ethereum-all-time-high-by-june
516450,24,0.001,0,5967389.206388,False,False,ethereum-all-time-high-by-june
516450,72,0.0010001493000000305,0,5967389.206388,False,False,ethereum-all-time-high-by-june
516450,168,0.0030000000000000027,0,5967389.206388,False,False,ethereum-all-time-high-by-june
516450,720,0.0289999724,0,5967389.206388,False,False,ethereum-all-time-high-by-june
254254,1,0.0030000000000000027,0,5967248.83797894,True,False,highest-grossing-movie-in-2024
254254,6,0.0030000000000000027,0,5967248.83797894,True,False,highest-grossing-movie-in-2024
254254,24,0.001,0,5967248.83797894,True,False,highest-grossing-movie-in-2024
254254,72,0.0010000000000000009,0,5967248.83797894,True,False,highest-grossing-movie-in-2024
254254,168,0.0040000000000000036,0,5967248.83797894,True,False,highest-grossing-movie-in-2024
254254,720,0.10999999999999999,0,5967248.83797894,True,False,highest-grossing-movie-in-2024
1897120,1,0.1899999998,0,5959712.344409044,True,True,fifwc-usa-aus-2026-06-19
1897120,6,0.18000000000000005,0,5959712.344409044,True,True,fifwc-usa-aus-2026-06-19
1897120,24,0.1799998704,0,5959712.344409044,True,True,fifwc-usa-aus-2026-06-19
1897120,72,0.179999987,0,5959712.344409044,True,True,fifwc-usa-aus-2026-06-19
1897120,168,0.2099999574,0,5959712.344409044,True,True,fifwc-usa-aus-2026-06-19
1897120,720,0.19057796790000003,0,5959712.344409044,True,True,fifwc-usa-aus-2026-06-19
569680,1,0.0110427108,0,5951176.84486,False,False,israel-x-hamas-ceasefire-by-september-30
569680,6,0.058,0,5951176.84486,False,False,israel-x-hamas-ceasefire-by-september-30
569680,24,0.034000000899999994,0,5951176.84486,False,False,israel-x-hamas-ceasefire-by-september-30
569680,72,0.03200000000000003,0,5951176.84486,False,False,israel-x-hamas-ceasefire-by-september-30
569680,168,0.030000000000000027,0,5951176.84486,False,False,israel-x-hamas-ceasefire-by-september-30
569680,720,0.11000001420000005,0,5951176.84486,False,False,israel-x-hamas-ceasefire-by-september-30
1897051,1,0.1699999986,0,5942379.822132901,True,True,fifwc-bra-mar-2026-06-13
1897051,6,0.1699999759,0,5942379.822132901,True,True,fifwc-bra-mar-2026-06-13
1897051,24,0.1799999878,0,5942379.822132901,True,True,fifwc-bra-mar-2026-06-13
1897051,72,0.18,0,5942379.822132901,True,True,fifwc-bra-mar-2026-06-13
1897051,168,0.1699999422,0,5942379.822132901,True,True,fifwc-bra-mar-2026-06-13
1897051,720,0.17000000000000004,0,5942379.822132901,True,True,fifwc-bra-mar-2026-06-13
514145,1,0.001,0,5942131.969367,True,False,poland-presidential-election
514145,6,0.001,0,5942131.969367,True,False,poland-presidential-election
514145,24,0.001,0,5942131.969367,True,False,poland-presidential-election
514145,72,0.001,0,5942131.969367,True,False,poland-presidential-election
514145,168,0.001,0,5942131.969367,True,False,poland-presidential-election
514145,720,0.001,0,5942131.969367,True,False,poland-presidential-election
789309,1,0.0010000000000000009,0,5938024.183758,True,False,avatar-fire-and-ash-opening-weekend-box-
789309,6,0.001,0,5938024.183758,True,False,avatar-fire-and-ash-opening-weekend-box-
789309,24,0.0010000000000000009,0,5938024.183758,True,False,avatar-fire-and-ash-opening-weekend-box-
789309,72,0.01,0,5938024.183758,True,False,avatar-fire-and-ash-opening-weekend-box-
789309,168,0.05440724649999995,0,5938024.183758,True,False,avatar-fire-and-ash-opening-weekend-box-
1275259,1,0.6599999999999999,1,5937648.636832,True,False,fl1-psg-olm-2026-02-08
1275259,6,0.67,1,5937648.636832,True,False,fl1-psg-olm-2026-02-08
1275259,24,0.67,1,5937648.636832,True,False,fl1-psg-olm-2026-02-08
1275259,72,0.6799999999999999,1,5937648.636832,True,False,fl1-psg-olm-2026-02-08
1275259,168,0.68,1,5937648.636832,True,False,fl1-psg-olm-2026-02-08
2507618,1,0.0010000000000000009,0,5917973.911869001,False,False,kharg-island-no-longer-under-iranian-con
2507618,6,0.0010000000000000009,0,5917973.911869001,False,False,kharg-island-no-longer-under-iranian-con
2507618,24,0.0010000000000000009,0,5917973.911869001,False,False,kharg-island-no-longer-under-iranian-con
2507618,72,0.0030000000000000027,0,5917973.911869001,False,False,kharg-island-no-longer-under-iranian-con
2507618,168,0.0050000000000000044,0,5917973.911869001,False,False,kharg-island-no-longer-under-iranian-con
2507618,720,0.0278602672,0,5917973.911869001,False,False,kharg-island-no-longer-under-iranian-con
502812,1,0.0010000000000000009,0,5911319.300398,True,False,f1-2024-season-winner
502812,6,0.0010000000000000009,0,5911319.300398,True,False,f1-2024-season-winner
502812,24,0.0010000000000000009,0,5911319.300398,True,False,f1-2024-season-winner
502812,72,0.0010000000000000009,0,5911319.300398,True,False,f1-2024-season-winner
502812,168,0.0010000000000000009,0,5911319.300398,True,False,f1-2024-season-winner
502812,720,0.0040000000000000036,0,5911319.300398,True,False,f1-2024-season-winner
564614,1,0.999,1,5893906.367246,False,False,andy-byron-out-as-astronomer-ceo-by-next
564614,6,0.999,1,5893906.367246,False,False,andy-byron-out-as-astronomer-ceo-by-next
564614,24,0.999,1,5893906.367246,False,False,andy-byron-out-as-astronomer-ceo-by-next
564614,72,0.999,1,5893906.367246,False,False,andy-byron-out-as-astronomer-ceo-by-next
564614,168,0.4600000097,1,5893906.367246,False,False,andy-byron-out-as-astronomer-ceo-by-next
526224,1,0.999,1,5885980.871932,False,False,will-trump-administration-announces-end-
526224,6,0.999,1,5885980.871932,False,False,will-trump-administration-announces-end-
526224,24,0.999,1,5885980.871932,False,False,will-trump-administration-announces-end-
526224,72,0.968,1,5885980.871932,False,False,will-trump-administration-announces-end-
504598,1,0.0049716374,0,5870570.927466,False,False,tim-walz-out-as-democratic-vp-nominee
504598,6,0.0020000000000000018,0,5870570.927466,False,False,tim-walz-out-as-democratic-vp-nominee
504598,24,0.005000004100000011,0,5870570.927466,False,False,tim-walz-out-as-democratic-vp-nominee
504598,72,0.006000000200000022,0,5870570.927466,False,False,tim-walz-out-as-democratic-vp-nominee
504598,168,0.0040000000000000036,0,5870570.927466,False,False,tim-walz-out-as-democratic-vp-nominee
504598,720,0.018000000000000016,0,5870570.927466,False,False,tim-walz-out-as-democratic-vp-nominee
2241742,1,0.999,1,5867679.048141011,False,False,iran-closes-its-airspace-by
2241742,6,0.999,1,5867679.048141011,False,False,iran-closes-its-airspace-by
2241742,24,0.999,1,5867679.048141011,False,False,iran-closes-its-airspace-by
2241742,72,0.999,1,5867679.048141011,False,False,iran-closes-its-airspace-by
2241742,168,0.999,1,5867679.048141011,False,False,iran-closes-its-airspace-by
2241742,720,0.23199999999999998,1,5867679.048141011,False,False,iran-closes-its-airspace-by
616561,1,0.999,1,5865684.505132,False,False,israel-x-hamas-ceasefire-by-october-10
616561,6,0.999,1,5865684.505132,False,False,israel-x-hamas-ceasefire-by-october-10
616561,24,0.985,1,5865684.505132,False,False,israel-x-hamas-ceasefire-by-october-10
616561,72,0.19,1,5865684.505132,False,False,israel-x-hamas-ceasefire-by-october-10
616561,168,0.07,1,5865684.505132,False,False,israel-x-hamas-ceasefire-by-october-10
1915703,1,0.8099999816,1,6021424.599795998,True,True,lal-rea-ala-2026-04-21
1915703,6,0.8,1,6021424.599795998,True,True,lal-rea-ala-2026-04-21
1915703,24,0.7799999979,1,6021424.599795998,True,True,lal-rea-ala-2026-04-21
1915703,72,0.7699997035,1,6021424.599795998,True,True,lal-rea-ala-2026-04-21
1915703,168,0.77,1,6021424.599795998,True,True,lal-rea-ala-2026-04-21
842032,1,0.001,0,5867564.309292831,True,True,eurovision-winner-2026
842032,6,0.001,0,5867564.309292831,True,True,eurovision-winner-2026
842032,24,0.001,0,5867564.309292831,True,True,eurovision-winner-2026
842032,72,0.001,0,5867564.309292831,True,True,eurovision-winner-2026
842032,168,0.0010000000000000009,0,5867564.309292831,True,True,eurovision-winner-2026
842032,720,0.0030000000000000027,0,5867564.309292831,True,True,eurovision-winner-2026
1138286,1,0.5699999555,1,5858725.689235,True,False,ucl-juv1-ben-2026-01-21
1138286,6,0.57,1,5858725.689235,True,False,ucl-juv1-ben-2026-01-21
1138286,24,0.529999965,1,5858725.689235,True,False,ucl-juv1-ben-2026-01-21
1138286,72,0.5499999633,1,5858725.689235,True,False,ucl-juv1-ben-2026-01-21
1138286,168,0.54,1,5858725.689235,True,False,ucl-juv1-ben-2026-01-21
673598,1,0.999,1,6006067.422007,True,False,what-day-will-the-government-shutdown-en
673598,6,0.999,1,6006067.422007,True,False,what-day-will-the-government-shutdown-en
673598,24,0.999,1,6006067.422007,True,False,what-day-will-the-government-shutdown-en
673598,72,0.999,1,6006067.422007,True,False,what-day-will-the-government-shutdown-en
673598,168,0.999,1,6006067.422007,True,False,what-day-will-the-government-shutdown-en
1897432,1,0.25,0,5853373.7481709635,True,True,fifwc-col-prt-2026-06-27
1897432,6,0.2799999711,0,5853373.7481709635,True,True,fifwc-col-prt-2026-06-27
1897432,24,0.2599999869,0,5853373.7481709635,True,True,fifwc-col-prt-2026-06-27
1897432,72,0.2399999674,0,5853373.7481709635,True,True,fifwc-col-prt-2026-06-27
1897432,168,0.27,0,5853373.7481709635,True,True,fifwc-col-prt-2026-06-27
1897432,720,0.2799999325,0,5853373.7481709635,True,True,fifwc-col-prt-2026-06-27
842035,1,0.0010000000000000009,0,5849120.872583011,True,True,eurovision-winner-2026
842035,6,0.0010000000000000009,0,5849120.872583011,True,True,eurovision-winner-2026
842035,24,0.0010000000000000009,0,5849120.872583011,True,True,eurovision-winner-2026
842035,72,0.001,0,5849120.872583011,True,True,eurovision-winner-2026
842035,168,0.002,0,5849120.872583011,True,True,eurovision-winner-2026
842035,720,0.0030000000000000027,0,5849120.872583011,True,True,eurovision-winner-2026
1082772,1,0.0010000000000000009,0,5848826.617589,False,False,what-price-will-bitcoin-hit-in-january-2
1082772,6,0.0010000000000000009,0,5848826.617589,False,False,what-price-will-bitcoin-hit-in-january-2
1082772,24,0.001,0,5848826.617589,False,False,what-price-will-bitcoin-hit-in-january-2
1082772,72,0.0010000000000000009,0,5848826.617589,False,False,what-price-will-bitcoin-hit-in-january-2
1082772,168,0.006000265099999957,0,5848826.617589,False,False,what-price-will-bitcoin-hit-in-january-2
1082772,720,0.0439999958,0,5848826.617589,False,False,what-price-will-bitcoin-hit-in-january-2
503185,1,0.001,0,5844373.91,True,False,democratic-vp-nominee
503185,6,0.001,0,5844373.91,True,False,democratic-vp-nominee
503185,24,0.001,0,5844373.91,True,False,democratic-vp-nominee
503185,72,0.001,0,5844373.91,True,False,democratic-vp-nominee
503185,168,0.001,0,5844373.91,True,False,democratic-vp-nominee
503185,720,0.016,0,5844373.91,True,False,democratic-vp-nominee
2718920,1,0.265,0,5840899.920530959,True,True,fifwc-prt-hrv-2026-07-02
2718920,6,0.2574999619,0,5840899.920530959,True,True,fifwc-prt-hrv-2026-07-02
2718920,24,0.27000000469999996,0,5840899.920530959,True,True,fifwc-prt-hrv-2026-07-02
2718920,72,0.2799999483,0,5840899.920530959,True,True,fifwc-prt-hrv-2026-07-02
1273937,1,0.143,1,5837356.570176992,True,False,us-next-strikes-iran-on-843
1273937,6,0.125815233,1,5837356.570176992,True,False,us-next-strikes-iran-on-843
1273937,24,0.0572755083,1,5837356.570176992,True,False,us-next-strikes-iran-on-843
1273937,72,0.062000000000000055,1,5837356.570176992,True,False,us-next-strikes-iran-on-843
1273937,168,0.038000000000000034,1,5837356.570176992,True,False,us-next-strikes-iran-on-843
1273937,720,0.015000000400000046,1,5837356.570176992,True,False,us-next-strikes-iran-on-843
500635,1,0.018,0,5833432.223511,True,False,balance-of-power-2024-election
500635,6,0.012,0,5833432.223511,True,False,balance-of-power-2024-election
500635,24,0.01200000000000001,0,5833432.223511,True,False,balance-of-power-2024-election
500635,72,0.0189999908,0,5833432.223511,True,False,balance-of-power-2024-election
500635,168,0.010000000000000009,0,5833432.223511,True,False,balance-of-power-2024-election
500635,720,0.009,0,5833432.223511,True,False,balance-of-power-2024-election
516117,1,0.38,0,5824195.27295,False,False,bitcoin-above-97000-on-december-27
516117,6,0.3399999967,0,5824195.27295,False,False,bitcoin-above-97000-on-december-27
516117,24,0.36,0,5824195.27295,False,False,bitcoin-above-97000-on-december-27
516117,72,0.30000002280000004,0,5824195.27295,False,False,bitcoin-above-97000-on-december-27
507396,1,0.999,1,5820887.65850004,True,False,la-liga-winner
507396,6,0.999,1,5820887.65850004,True,False,la-liga-winner
507396,24,0.999,1,5820887.65850004,True,False,la-liga-winner
507396,72,0.999,1,5820887.65850004,True,False,la-liga-winner
507396,168,0.999,1,5820887.65850004,True,False,la-liga-winner
507396,720,0.8499999405,1,5820887.65850004,True,False,la-liga-winner
253684,1,0.051,0,5813696.52381,True,False,electoral-college-margin-of-victory-in-t
253684,6,0.0529999838,0,5813696.52381,True,False,electoral-college-margin-of-victory-in-t
253684,24,0.0479999981,0,5813696.52381,True,False,electoral-college-margin-of-victory-in-t
253684,72,0.043,0,5813696.52381,True,False,electoral-college-margin-of-victory-in-t
253684,168,0.038000000000000034,0,5813696.52381,True,False,electoral-college-margin-of-victory-in-t
253684,720,0.047,0,5813696.52381,True,False,electoral-college-margin-of-victory-in-t
253680,1,0.014,0,5813309.892014,True,False,electoral-college-margin-of-victory-in-t
253680,6,0.014,0,5813309.892014,True,False,electoral-college-margin-of-victory-in-t
253680,24,0.0153585846,0,5813309.892014,True,False,electoral-college-margin-of-victory-in-t
253680,72,0.014,0,5813309.892014,True,False,electoral-college-margin-of-victory-in-t
253680,168,0.01100000000000001,0,5813309.892014,True,False,electoral-college-margin-of-victory-in-t
253680,720,0.027,0,5813309.892014,True,False,electoral-college-margin-of-victory-in-t
569362,1,0.001,0,5796853.804643,True,True,colombia-presidential-election
569362,6,0.001,0,5796853.804643,True,True,colombia-presidential-election
569362,24,0.001,0,5796853.804643,True,True,colombia-presidential-election
569362,72,0.001,0,5796853.804643,True,True,colombia-presidential-election
569362,168,0.001,0,5796853.804643,True,True,colombia-presidential-election
569362,720,0.001,0,5796853.804643,True,True,colombia-presidential-election
1918791,1,0.3500000108,0,5811146.908703924,False,False,us-x-iran-ceasefire-extended-by
1918791,6,0.36,0,5811146.908703924,False,False,us-x-iran-ceasefire-extended-by
1918791,24,0.47994760439999995,0,5811146.908703924,False,False,us-x-iran-ceasefire-extended-by
1918791,72,0.8,0,5811146.908703924,False,False,us-x-iran-ceasefire-extended-by
1918791,168,0.65,0,5811146.908703924,False,False,us-x-iran-ceasefire-extended-by
947288,1,0.0010000000000000009,0,5786320.319471,True,True,peru-presidential-election-winner
947288,6,0.0010000000000000009,0,5786320.319471,True,True,peru-presidential-election-winner
947288,24,0.0010000000000000009,0,5786320.319471,True,True,peru-presidential-election-winner
947288,72,0.0010000000000000009,0,5786320.319471,True,True,peru-presidential-election-winner
947288,168,0.0010000000000000009,0,5786320.319471,True,True,peru-presidential-election-winner
947288,720,0.0010000000000000009,0,5786320.319471,True,True,peru-presidential-election-winner
2340844,1,0.0010000000000000009,0,5783487.7468069885,False,False,us-announces-new-iran-agreementceasefire
2340844,6,0.0010000000000000009,0,5783487.7468069885,False,False,us-announces-new-iran-agreementceasefire
2340844,24,0.0010000000000000009,0,5783487.7468069885,False,False,us-announces-new-iran-agreementceasefire
2340844,72,0.0010000000000000009,0,5783487.7468069885,False,False,us-announces-new-iran-agreementceasefire
2340844,168,0.0010000000000000009,0,5783487.7468069885,False,False,us-announces-new-iran-agreementceasefire
2340844,720,0.33999999999999997,0,5783487.7468069885,False,False,us-announces-new-iran-agreementceasefire
1567747,1,0.999,1,5780137.474477969,False,False,iran-x-israelus-conflict-ends-by
1567747,6,0.999,1,5780137.474477969,False,False,iran-x-israelus-conflict-ends-by
1567747,24,0.999,1,5780137.474477969,False,False,iran-x-israelus-conflict-ends-by
1567747,72,0.999,1,5780137.474477969,False,False,iran-x-israelus-conflict-ends-by
1567747,168,0.999,1,5780137.474477969,False,False,iran-x-israelus-conflict-ends-by
1567747,720,0.2400000912,1,5780137.474477969,False,False,iran-x-israelus-conflict-ends-by
253682,1,0.066,0,5777920.118906,True,False,electoral-college-margin-of-victory-in-t
253682,6,0.07,0,5777920.118906,True,False,electoral-college-margin-of-victory-in-t
253682,24,0.08699999999999997,0,5777920.118906,True,False,electoral-college-margin-of-victory-in-t
253682,72,0.085,0,5777920.118906,True,False,electoral-college-margin-of-victory-in-t
253682,168,0.07399999999999995,0,5777920.118906,True,False,electoral-college-margin-of-victory-in-t
253682,720,0.050000000000000044,0,5777920.118906,True,False,electoral-college-margin-of-victory-in-t
240382,1,0.001,0,5770423.69,False,False,who-will-win-the-us-2024-democratic-pres
240382,6,0.001,0,5770423.69,False,False,who-will-win-the-us-2024-democratic-pres
240382,24,0.001,0,5770423.69,False,False,who-will-win-the-us-2024-democratic-pres
240382,72,0.0120000006,0,5770423.69,False,False,who-will-win-the-us-2024-democratic-pres
240382,168,0.007,0,5770423.69,False,False,who-will-win-the-us-2024-democratic-pres
240382,720,0.7899999888,0,5770423.69,False,False,who-will-win-the-us-2024-democratic-pres
253686,1,0.13,0,5777360.064778,True,False,electoral-college-margin-of-victory-in-t
253686,6,0.13,0,5777360.064778,True,False,electoral-college-margin-of-victory-in-t
253686,24,0.12652147059999996,0,5777360.064778,True,False,electoral-college-margin-of-victory-in-t
253686,72,0.105,0,5777360.064778,True,False,electoral-college-margin-of-victory-in-t
253686,168,0.1,0,5777360.064778,True,False,electoral-college-margin-of-victory-in-t
253686,720,0.138,0,5777360.064778,True,False,electoral-college-margin-of-victory-in-t
503176,1,0.001,0,5769374.22,True,False,democratic-vp-nominee
503176,6,0.001,0,5769374.22,True,False,democratic-vp-nominee
503176,24,0.001,0,5769374.22,True,False,democratic-vp-nominee
503176,72,0.001,0,5769374.22,True,False,democratic-vp-nominee
503176,168,0.001,0,5769374.22,True,False,democratic-vp-nominee
503176,720,0.013,0,5769374.22,True,False,democratic-vp-nominee
568637,1,0.0010000000000000009,0,5759506.741625008,True,False,the-masters-winner-2026
568637,6,0.001,0,5759506.741625008,True,False,the-masters-winner-2026
568637,24,0.0010000000000000009,0,5759506.741625008,True,False,the-masters-winner-2026
568637,72,0.002,0,5759506.741625008,True,False,the-masters-winner-2026
568637,168,0.018000000000000016,0,5759506.741625008,True,False,the-masters-winner-2026
568637,720,0.02100000000000002,0,5759506.741625008,True,False,the-masters-winner-2026
528805,1,0.999,1,5748304.618242,False,False,energy-infrastructure-ceasefire-in-ukrai
528805,6,0.999,1,5748304.618242,False,False,energy-infrastructure-ceasefire-in-ukrai
528805,24,0.999,1,5748304.618242,False,False,energy-infrastructure-ceasefire-in-ukrai
528805,72,0.999,1,5748304.618242,False,False,energy-infrastructure-ceasefire-in-ukrai
528805,168,0.3354427269,1,5748304.618242,False,False,energy-infrastructure-ceasefire-in-ukrai
1494703,1,0.0010000000000000009,0,6109865.137628995,False,True,cl-hit-jun-2026
1494703,6,0.0010000000000000009,0,6109865.137628995,False,True,cl-hit-jun-2026
1494703,24,0.0010000000000000009,0,6109865.137628995,False,True,cl-hit-jun-2026
1494703,72,0.0010000000000000009,0,6109865.137628995,False,True,cl-hit-jun-2026
1494703,168,0.002000033099999965,0,6109865.137628995,False,True,cl-hit-jun-2026
1494703,720,0.011000000100000018,0,6109865.137628995,False,True,cl-hit-jun-2026
534198,1,0.001,0,5753948.667076,True,False,next-president-of-south-korea
534198,6,0.001,0,5753948.667076,True,False,next-president-of-south-korea
534198,24,0.001,0,5753948.667076,True,False,next-president-of-south-korea
534198,72,0.001,0,5753948.667076,True,False,next-president-of-south-korea
534198,168,0.001,0,5753948.667076,True,False,next-president-of-south-korea
534198,720,0.001,0,5753948.667076,True,False,next-president-of-south-korea
516875,1,0.0010000000000000009,0,5745770.448967,False,False,what-price-will-ethereum-hit-in-2025
516875,6,0.0010000000000000009,0,5745770.448967,False,False,what-price-will-ethereum-hit-in-2025
516875,24,0.0010000000000000009,0,5745770.448967,False,False,what-price-will-ethereum-hit-in-2025
516875,72,0.0010001330000000141,0,5745770.448967,False,False,what-price-will-ethereum-hit-in-2025
516875,168,0.0020000000000000018,0,5745770.448967,False,False,what-price-will-ethereum-hit-in-2025
516875,720,0.007000000000000006,0,5745770.448967,False,False,what-price-will-ethereum-hit-in-2025
504993,1,0.001,0,5726186.23375,True,False,fantasy-football-top-rb-2024
504993,6,0.001,0,5726186.23375,True,False,fantasy-football-top-rb-2024
504993,24,0.001,0,5726186.23375,True,False,fantasy-football-top-rb-2024
504993,72,0.001,0,5726186.23375,True,False,fantasy-football-top-rb-2024
504993,168,0.001,0,5726186.23375,True,False,fantasy-football-top-rb-2024
504993,720,0.002,0,5726186.23375,True,False,fantasy-football-top-rb-2024
253729,1,0.001,0,5734812.55033,True,False,presidential-election-popular-vote-winne
253729,6,0.001,0,5734812.55033,True,False,presidential-election-popular-vote-winne
253729,24,0.001,0,5734812.55033,True,False,presidential-election-popular-vote-winne
253729,72,0.001,0,5734812.55033,True,False,presidential-election-popular-vote-winne
253729,168,0.001,0,5734812.55033,True,False,presidential-election-popular-vote-winne
253729,720,0.001,0,5734812.55033,True,False,presidential-election-popular-vote-winne
538934,1,0.001,0,5719259.7549,True,False,new-york-city-mayoral-election
538934,6,0.001,0,5719259.7549,True,False,new-york-city-mayoral-election
538934,24,0.001,0,5719259.7549,True,False,new-york-city-mayoral-election
538934,72,0.001,0,5719259.7549,True,False,new-york-city-mayoral-election
538934,168,0.001,0,5719259.7549,True,False,new-york-city-mayoral-election
538934,720,0.001,0,5719259.7549,True,False,new-york-city-mayoral-election
541393,1,0.001,0,5714121.72447,True,False,south-korea-presidential-election-2nd-pl
541393,6,0.0010008009999999956,0,5714121.72447,True,False,south-korea-presidential-election-2nd-pl
541393,24,0.002,0,5714121.72447,True,False,south-korea-presidential-election-2nd-pl
541393,72,0.010000000000000009,0,5714121.72447,True,False,south-korea-presidential-election-2nd-pl
541393,168,0.0267502182,0,5714121.72447,True,False,south-korea-presidential-election-2nd-pl
253726,1,0.001,0,5699934.326886,True,False,presidential-election-popular-vote-winne
253726,6,0.001,0,5699934.326886,True,False,presidential-election-popular-vote-winne
253726,24,0.001,0,5699934.326886,True,False,presidential-election-popular-vote-winne
253726,72,0.001,0,5699934.326886,True,False,presidential-election-popular-vote-winne
253726,168,0.001,0,5699934.326886,True,False,presidential-election-popular-vote-winne
253726,720,0.001,0,5699934.326886,True,False,presidential-election-popular-vote-winne
506317,1,0.001,0,5686966.912417,True,False,ballon-dor-winner
506317,6,0.001,0,5686966.912417,True,False,ballon-dor-winner
506317,24,0.001,0,5686966.912417,True,False,ballon-dor-winner
506317,72,0.002,0,5686966.912417,True,False,ballon-dor-winner
506317,168,0.003,0,5686966.912417,True,False,ballon-dor-winner
506317,720,0.002,0,5686966.912417,True,False,ballon-dor-winner
255196,1,0.12,0,5686644.973209,True,False,virginia-presidential-election-winner
255196,6,0.1,0,5686644.973209,True,False,virginia-presidential-election-winner
255196,24,0.12,0,5686644.973209,True,False,virginia-presidential-election-winner
255196,72,0.12,0,5686644.973209,True,False,virginia-presidential-election-winner
255196,168,0.1799999984,0,5686644.973209,True,False,virginia-presidential-election-winner
255196,720,0.1299999986,0,5686644.973209,True,False,virginia-presidential-election-winner
4192756,1,0.45,0,5812247.504825997,True,True,uel-mil1-ben-2026-09-16
4192756,6,0.42000000000000004,0,5812247.504825997,True,True,uel-mil1-ben-2026-09-16
4192756,24,0.46,0,5812247.504825997,True,True,uel-mil1-ben-2026-09-16
4192756,72,0.45,0,5812247.504825997,True,True,uel-mil1-ben-2026-09-16
4192756,168,0.4599999034,0,5812247.504825997,True,True,uel-mil1-ben-2026-09-16
2069674,1,0.001,0,5683264.959828997,True,True,world-cup-golden-boot-winner
2069674,6,0.0010000000000000009,0,5683264.959828997,True,True,world-cup-golden-boot-winner
2069674,24,0.001,0,5683264.959828997,True,True,world-cup-golden-boot-winner
2069674,72,0.0020000000000000018,0,5683264.959828997,True,True,world-cup-golden-boot-winner
2069674,168,0.0030000000000000027,0,5683264.959828997,True,True,world-cup-golden-boot-winner
2069674,720,0.0122268,0,5683264.959828997,True,True,world-cup-golden-boot-winner
515877,1,0.6605689655,1,5686465.456763,True,False,afd-of-vote-in-german-election
515877,6,0.6599999999999999,1,5686465.456763,True,False,afd-of-vote-in-german-election
515877,24,0.6299999967,1,5686465.456763,True,False,afd-of-vote-in-german-election
515877,72,0.6799999904,1,5686465.456763,True,False,afd-of-vote-in-german-election
515877,168,0.6599999999999999,1,5686465.456763,True,False,afd-of-vote-in-german-election
515877,720,0.5001648415,1,5686465.456763,True,False,afd-of-vote-in-german-election
255098,1,0.69,1,5796750.671991,True,False,north-carolina-presidential-election-win
255098,6,0.6900000003,1,5796750.671991,True,False,north-carolina-presidential-election-win
255098,24,0.6500000020000001,1,5796750.671991,True,False,north-carolina-presidential-election-win
255098,72,0.6799999999999999,1,5796750.671991,True,False,north-carolina-presidential-election-win
255098,168,0.7199999981,1,5796750.671991,True,False,north-carolina-presidential-election-win
255098,720,0.6,1,5796750.671991,True,False,north-carolina-presidential-election-win
623601,1,0.0010000000000000009,0,5673889.629423,True,False,when-will-the-government-shutdown-end-54
623601,6,0.0010000000000000009,0,5673889.629423,True,False,when-will-the-government-shutdown-end-54
623601,24,0.0010000000000000009,0,5673889.629423,True,False,when-will-the-government-shutdown-end-54
623601,72,0.0010000000000000009,0,5673889.629423,True,False,when-will-the-government-shutdown-end-54
623601,168,0.0010000000000000009,0,5673889.629423,True,False,when-will-the-government-shutdown-end-54
623601,720,0.1199998992,0,5673889.629423,True,False,when-will-the-government-shutdown-end-54
253889,1,0.0020000000000000018,0,5672417.90949195,False,False,will-china-invade-taiwan-in-2024
253889,6,0.0030000017000000323,0,5672417.90949195,False,False,will-china-invade-taiwan-in-2024
253889,24,0.0050000000000000044,0,5672417.90949195,False,False,will-china-invade-taiwan-in-2024
253889,72,0.006000000699999952,0,5672417.90949195,False,False,will-china-invade-taiwan-in-2024
253889,168,0.012000000799999966,0,5672417.90949195,False,False,will-china-invade-taiwan-in-2024
253889,720,0.029000000000000026,0,5672417.90949195,False,False,will-china-invade-taiwan-in-2024
2718894,1,0.22999999999999998,0,5664181.738955996,True,True,fifwc-mex-ecu-2026-06-30
2718894,6,0.2399999856,0,5664181.738955996,True,True,fifwc-mex-ecu-2026-06-30
2718894,24,0.2399999942,0,5664181.738955996,True,True,fifwc-mex-ecu-2026-06-30
1394368,1,0.017000006099999965,0,5665699.00598099,False,False,will-the-us-invade-iran-by-march-31
1394368,6,0.035000000299999945,0,5665699.00598099,False,False,will-the-us-invade-iran-by-march-31
1394368,24,0.0749999325,0,5665699.00598099,False,False,will-the-us-invade-iran-by-march-31
1394368,72,0.113,0,5665699.00598099,False,False,will-the-us-invade-iran-by-march-31
1394368,168,0.151,0,5665699.00598099,False,False,will-the-us-invade-iran-by-march-31
1394368,720,0.1099999032,0,5665699.00598099,False,False,will-the-us-invade-iran-by-march-31
842030,1,0.0010000000000000009,0,5657864.1417530095,True,True,eurovision-winner-2026
842030,6,0.0010000000000000009,0,5657864.1417530095,True,True,eurovision-winner-2026
842030,24,0.0010000000000000009,0,5657864.1417530095,True,True,eurovision-winner-2026
842030,72,0.0010000000000000009,0,5657864.1417530095,True,True,eurovision-winner-2026
842030,168,0.0010000000000000009,0,5657864.1417530095,True,True,eurovision-winner-2026
842030,720,0.0030000000000000027,0,5657864.1417530095,True,True,eurovision-winner-2026
842010,1,0.006000000000000005,0,5653065.611972025,True,True,eurovision-winner-2026
842010,6,0.008000000000000007,0,5653065.611972025,True,True,eurovision-winner-2026
842010,24,0.006000000000000005,0,5653065.611972025,True,True,eurovision-winner-2026
842010,72,0.0050000000000000044,0,5653065.611972025,True,True,eurovision-winner-2026
842010,168,0.005,0,5653065.611972025,True,True,eurovision-winner-2026
842010,720,0.006,0,5653065.611972025,True,True,eurovision-winner-2026
2296152,1,0.0010000000000000009,0,5651393.65295098,False,False,israel-closes-its-airspace-by
2296152,6,0.0019089965,0,5651393.65295098,False,False,israel-closes-its-airspace-by
2296152,24,0.0070304669,0,5651393.65295098,False,False,israel-closes-its-airspace-by
2296152,72,0.030000001899999962,0,5651393.65295098,False,False,israel-closes-its-airspace-by
2296152,168,0.12,0,5651393.65295098,False,False,israel-closes-its-airspace-by
1897059,1,0.03500000000000003,0,5649949.747098044,True,True,fifwc-ger-kor-2026-06-14
1897059,6,0.0389999813,0,5649949.747098044,True,True,fifwc-ger-kor-2026-06-14
1897059,24,0.0420000002,0,5649949.747098044,True,True,fifwc-ger-kor-2026-06-14
1897059,72,0.043,0,5649949.747098044,True,True,fifwc-ger-kor-2026-06-14
1897059,168,0.0389999635,0,5649949.747098044,True,True,fifwc-ger-kor-2026-06-14
1897059,720,0.06100035589999997,0,5649949.747098044,True,True,fifwc-ger-kor-2026-06-14
1897340,1,0.88,1,5644282.856533998,True,True,fifwc-tun-nld-2026-06-25
1897340,6,0.9,1,5644282.856533998,True,True,fifwc-tun-nld-2026-06-25
1897340,24,0.8799999965,1,5644282.856533998,True,True,fifwc-tun-nld-2026-06-25
1897340,72,0.8799999648,1,5644282.856533998,True,True,fifwc-tun-nld-2026-06-25
1897340,168,0.74,1,5644282.856533998,True,True,fifwc-tun-nld-2026-06-25
1897340,720,0.6580259219,1,5644282.856533998,True,True,fifwc-tun-nld-2026-06-25
2054135,1,0.61,1,5635617.693522987,True,True,ucl-ars-atm1-2026-05-05
2054135,6,0.6199999864,1,5635617.693522987,True,True,ucl-ars-atm1-2026-05-05
2054135,24,0.6199999942,1,5635617.693522987,True,True,ucl-ars-atm1-2026-05-05
2054135,72,0.5800000168,1,5635617.693522987,True,True,ucl-ars-atm1-2026-05-05
2054135,168,0.5599999978,1,5635617.693522987,True,True,ucl-ars-atm1-2026-05-05
655031,1,0.001,0,5635441.895,True,False,game-awards-game-of-the-year-2025
655031,6,0.001,0,5635441.895,True,False,game-awards-game-of-the-year-2025
655031,24,0.001,0,5635441.895,True,False,game-awards-game-of-the-year-2025
655031,72,0.001,0,5635441.895,True,False,game-awards-game-of-the-year-2025
655031,168,0.001,0,5635441.895,True,False,game-awards-game-of-the-year-2025
655031,720,0.0010000000000000009,0,5635441.895,True,False,game-awards-game-of-the-year-2025
510524,1,0.0060000024,0,5616004.005379,True,False,turnout-in-2024-presidential-election
510524,6,0.0040000000000000036,0,5616004.005379,True,False,turnout-in-2024-presidential-election
510524,24,0.0050000000000000044,0,5616004.005379,True,False,turnout-in-2024-presidential-election
510524,72,0.006000000000000005,0,5616004.005379,True,False,turnout-in-2024-presidential-election
510524,168,0.0030000000000000027,0,5616004.005379,True,False,turnout-in-2024-presidential-election
510524,720,0.4710000058,0,5616004.005379,True,False,turnout-in-2024-presidential-election
2707637,1,0.289999964,0,5608892.56699811,True,True,fifwc-civ-nor-2026-06-30
2707637,6,0.2899999286,0,5608892.56699811,True,True,fifwc-civ-nor-2026-06-30
2707637,24,0.2799999048,0,5608892.56699811,True,True,fifwc-civ-nor-2026-06-30
2707637,72,0.2799998432,0,5608892.56699811,True,True,fifwc-civ-nor-2026-06-30
1897383,1,0.389999986,0,5599111.1402160125,True,True,fifwc-cvi-ksa-2026-06-26
1897383,6,0.35000000099999995,0,5599111.1402160125,True,True,fifwc-cvi-ksa-2026-06-26
1897383,24,0.359999977,0,5599111.1402160125,True,True,fifwc-cvi-ksa-2026-06-26
1897383,72,0.3299997822,0,5599111.1402160125,True,True,fifwc-cvi-ksa-2026-06-26
1897383,168,0.41,0,5599111.1402160125,True,True,fifwc-cvi-ksa-2026-06-26
1897383,720,0.39,0,5599111.1402160125,True,True,fifwc-cvi-ksa-2026-06-26
562189,1,0.0010000000000000009,0,5597580.546129007,True,True,texas-republican-senate-primary-winner
562189,6,0.0010000000000000009,0,5597580.546129007,True,True,texas-republican-senate-primary-winner
562189,24,0.0010000000000000009,0,5597580.546129007,True,True,texas-republican-senate-primary-winner
562189,72,0.0010000000000000009,0,5597580.546129007,True,True,texas-republican-senate-primary-winner
562189,168,0.001,0,5597580.546129007,True,True,texas-republican-senate-primary-winner
562189,720,0.001,0,5597580.546129007,True,True,texas-republican-senate-primary-winner
1897303,1,0.1699998861,1,5584798.580330925,True,True,fifwc-rsa-kr-2026-06-24
1897303,6,0.16,1,5584798.580330925,True,True,fifwc-rsa-kr-2026-06-24
1897303,24,0.1799999909,1,5584798.580330925,True,True,fifwc-rsa-kr-2026-06-24
1897303,72,0.1699998861,1,5584798.580330925,True,True,fifwc-rsa-kr-2026-06-24
1897303,168,0.1699999871,1,5584798.580330925,True,True,fifwc-rsa-kr-2026-06-24
1897303,720,0.33999983,1,5584798.580330925,True,True,fifwc-rsa-kr-2026-06-24
1130015,1,0.001,0,5582893.120846,True,False,which-party-will-gain-most-seats-in-russ
1130015,6,0.0056250018,0,5582893.120846,True,False,which-party-will-gain-most-seats-in-russ
1130015,24,0.008,0,5582893.120846,True,False,which-party-will-gain-most-seats-in-russ
1130015,72,0.0255779231,0,5582893.120846,True,False,which-party-will-gain-most-seats-in-russ
1130015,168,0.030000000000000027,0,5582893.120846,True,False,which-party-will-gain-most-seats-in-russ
1130015,720,0.052,0,5582893.120846,True,False,which-party-will-gain-most-seats-in-russ
506099,1,0.001,0,5926195.542204,True,False,nfl-mvp-1
506099,6,0.001,0,5926195.542204,True,False,nfl-mvp-1
506099,24,0.001,0,5926195.542204,True,False,nfl-mvp-1
506099,72,0.001,0,5926195.542204,True,False,nfl-mvp-1
506099,168,0.001,0,5926195.542204,True,False,nfl-mvp-1
506099,720,0.001,0,5926195.542204,True,False,nfl-mvp-1
514140,1,0.001,0,5916966.568325,True,False,poland-presidential-election
514140,6,0.001,0,5916966.568325,True,False,poland-presidential-election
514140,24,0.001,0,5916966.568325,True,False,poland-presidential-election
514140,72,0.001,0,5916966.568325,True,False,poland-presidential-election
514140,168,0.001,0,5916966.568325,True,False,poland-presidential-election
514140,720,0.0020000000000000018,0,5916966.568325,True,False,poland-presidential-election
527882,1,0.0010000000000000009,0,5570175.617364,False,False,russia-x-ukraine-ceasefire-by-next-frida
527882,6,0.0010000000000000009,0,5570175.617364,False,False,russia-x-ukraine-ceasefire-by-next-frida
527882,24,0.0020000000000000018,0,5570175.617364,False,False,russia-x-ukraine-ceasefire-by-next-frida
527882,72,0.05500004270000003,0,5570175.617364,False,False,russia-x-ukraine-ceasefire-by-next-frida
527882,168,0.050000000000000044,0,5570175.617364,False,False,russia-x-ukraine-ceasefire-by-next-frida
663849,1,0.0050000000000000044,0,5568345.12412,False,False,maduro-out-in-2025
663849,6,0.007000000000000006,0,5568345.12412,False,False,maduro-out-in-2025
663849,24,0.002000005299999996,0,5568345.12412,False,False,maduro-out-in-2025
663849,72,0.013000000000000012,0,5568345.12412,False,False,maduro-out-in-2025
663849,168,0.05491535430000005,0,5568345.12412,False,False,maduro-out-in-2025
555793,1,0.4315799466,1,5565295.5688,False,False,who-will-perform-at-super-bowl-halftime-
555793,6,0.31999999999999995,1,5565295.5688,False,False,who-will-perform-at-super-bowl-halftime-
555793,24,0.5100000042999999,1,5565295.5688,False,False,who-will-perform-at-super-bowl-halftime-
555793,72,0.45999999999999996,1,5565295.5688,False,False,who-will-perform-at-super-bowl-halftime-
555793,168,0.5900000000000001,1,5565295.5688,False,False,who-will-perform-at-super-bowl-halftime-
555793,720,0.47,1,5565295.5688,False,False,who-will-perform-at-super-bowl-halftime-
2707659,1,0.1099999985,1,5564432.53192898,True,True,fifwc-arg-cvi-2026-07-03
2707659,6,0.109999999,1,5564432.53192898,True,True,fifwc-arg-cvi-2026-07-03
2707659,24,0.1199999899,1,5564432.53192898,True,True,fifwc-arg-cvi-2026-07-03
2707659,72,0.11000008900000002,1,5564432.53192898,True,True,fifwc-arg-cvi-2026-07-03
1303403,1,0.0010000000000000009,0,5541582.151593,False,False,what-price-will-bitcoin-hit-in-february-
1303403,6,0.0010000000000000009,0,5541582.151593,False,False,what-price-will-bitcoin-hit-in-february-
1303403,24,0.0010000000000000009,0,5541582.151593,False,False,what-price-will-bitcoin-hit-in-february-
1303403,72,0.0030000000000000027,0,5541582.151593,False,False,what-price-will-bitcoin-hit-in-february-
1303403,168,0.01100000000000001,0,5541582.151593,False,False,what-price-will-bitcoin-hit-in-february-
500638,1,0.044,0,5546240.024256,True,False,balance-of-power-2024-election
500638,6,0.051,0,5546240.024256,True,False,balance-of-power-2024-election
500638,24,0.0589999995,0,5546240.024256,True,False,balance-of-power-2024-election
500638,72,0.08,0,5546240.024256,True,False,balance-of-power-2024-election
500638,168,0.048995492,0,5546240.024256,True,False,balance-of-power-2024-election
500638,720,0.044,0,5546240.024256,True,False,balance-of-power-2024-election
255051,1,0.78,1,5552055.578258,True,False,arizona-presidential-election-winner
255051,6,0.7899999826,1,5552055.578258,True,False,arizona-presidential-election-winner
255051,24,0.76,1,5552055.578258,True,False,arizona-presidential-election-winner
255051,72,0.75,1,5552055.578258,True,False,arizona-presidential-election-winner
255051,168,0.7499966912,1,5552055.578258,True,False,arizona-presidential-election-winner
255051,720,0.64,1,5552055.578258,True,False,arizona-presidential-election-winner
552347,1,0.7707464391,1,5540072.679521,False,False,bitcoin-above-103000-on-june-20
552347,6,0.96,1,5540072.679521,False,False,bitcoin-above-103000-on-june-20
552347,24,0.66,1,5540072.679521,False,False,bitcoin-above-103000-on-june-20
552347,72,0.64,1,5540072.679521,False,False,bitcoin-above-103000-on-june-20
1358766,1,0.41000000000000003,0,5538751.178071,True,False,lal-get-sev-2026-02-22
1358766,6,0.4099998237,0,5538751.178071,True,False,lal-get-sev-2026-02-22
1358766,24,0.4,0,5538751.178071,True,False,lal-get-sev-2026-02-22
1358766,72,0.4,0,5538751.178071,True,False,lal-get-sev-2026-02-22
1358766,168,0.4015670674,0,5538751.178071,True,False,lal-get-sev-2026-02-22
500632,1,0.23,0,5535870.047873,True,False,balance-of-power-2024-election
500632,6,0.23,0,5535870.047873,True,False,balance-of-power-2024-election
500632,24,0.28,0,5535870.047873,True,False,balance-of-power-2024-election
500632,72,0.2799999994,0,5535870.047873,True,False,balance-of-power-2024-election
500632,168,0.18,0,5535870.047873,True,False,balance-of-power-2024-election
500632,720,0.27,0,5535870.047873,True,False,balance-of-power-2024-election
516937,1,0.0010000000000000009,0,5526758.797978,False,False,us-national-bitcoin-reserve-in-2025
516937,6,0.0020000000000000018,0,5526758.797978,False,False,us-national-bitcoin-reserve-in-2025
516937,24,0.0010000000000000009,0,5526758.797978,False,False,us-national-bitcoin-reserve-in-2025
516937,72,0.0020000017000000314,0,5526758.797978,False,False,us-national-bitcoin-reserve-in-2025
516937,168,0.0040009361999999715,0,5526758.797978,False,False,us-national-bitcoin-reserve-in-2025
516937,720,0.0260927301,0,5526758.797978,False,False,us-national-bitcoin-reserve-in-2025
564166,1,0.0010000000000000009,0,5514111.4917549845,True,True,nba-mvp-694
564166,6,0.0010000000000000009,0,5514111.4917549845,True,True,nba-mvp-694
564166,24,0.0010000000000000009,0,5514111.4917549845,True,True,nba-mvp-694
564166,72,0.0010000000000000009,0,5514111.4917549845,True,True,nba-mvp-694
564166,168,0.0010000000000000009,0,5514111.4917549845,True,True,nba-mvp-694
564166,720,0.014,0,5514111.4917549845,True,True,nba-mvp-694
2754846,1,0.63,1,5523708.033456019,False,True,fifwc-bra-nor-2026-07-05-more-markets
2754846,6,0.6099999989,1,5523708.033456019,False,True,fifwc-bra-nor-2026-07-05-more-markets
2754846,24,0.59,1,5523708.033456019,False,True,fifwc-bra-nor-2026-07-05-more-markets
2754846,72,0.57,1,5523708.033456019,False,True,fifwc-bra-nor-2026-07-05-more-markets
582457,1,0.999,1,5507335.100411,False,False,openai-browser-by-october-31
582457,6,0.999,1,5507335.100411,False,False,openai-browser-by-october-31
582457,24,0.999,1,5507335.100411,False,False,openai-browser-by-october-31
582457,72,0.999,1,5507335.100411,False,False,openai-browser-by-october-31
582457,168,0.999,1,5507335.100411,False,False,openai-browser-by-october-31
582457,720,0.26,1,5507335.100411,False,False,openai-browser-by-october-31
1731345,1,0.0020009899999999803,0,5504902.70058001,False,False,iran-agrees-to-surrender-enriched-uraniu
1731345,6,0.0030000000000000027,0,5504902.70058001,False,False,iran-agrees-to-surrender-enriched-uraniu
1731345,24,0.006000000000000005,0,5504902.70058001,False,False,iran-agrees-to-surrender-enriched-uraniu
1731345,72,0.006000082899999981,0,5504902.70058001,False,False,iran-agrees-to-surrender-enriched-uraniu
1731345,168,0.015000000000000013,0,5504902.70058001,False,False,iran-agrees-to-surrender-enriched-uraniu
1731345,720,0.12000049280000002,0,5504902.70058001,False,False,iran-agrees-to-surrender-enriched-uraniu
508427,1,0.001,0,5495540.12333,True,False,tunisia-presidential-election-winner
508427,6,0.001,0,5495540.12333,True,False,tunisia-presidential-election-winner
508427,24,0.0010000000000000009,0,5495540.12333,True,False,tunisia-presidential-election-winner
508427,72,0.0010000000000000009,0,5495540.12333,True,False,tunisia-presidential-election-winner
3989342,1,0.6200000076000001,1,5492118.452724,True,True,epl-sun-ars-2026-09-12
3989342,6,0.6100000663,1,5492118.452724,True,True,epl-sun-ars-2026-09-12
3989342,24,0.6600000011,1,5492118.452724,True,True,epl-sun-ars-2026-09-12
3989342,72,0.67,1,5492118.452724,True,True,epl-sun-ars-2026-09-12
3989342,168,0.67,1,5492118.452724,True,True,epl-sun-ars-2026-09-12
568666,1,0.0010000000000000009,0,5488560.050949971,True,False,the-masters-winner-2026
568666,6,0.0010000000000000009,0,5488560.050949971,True,False,the-masters-winner-2026
568666,24,0.0010000000000000009,0,5488560.050949971,True,False,the-masters-winner-2026
568666,72,0.010000000000000009,0,5488560.050949971,True,False,the-masters-winner-2026
568666,168,0.04700000000000004,0,5488560.050949971,True,False,the-masters-winner-2026
568666,720,0.013000000000000012,0,5488560.050949971,True,False,the-masters-winner-2026
1897063,1,0.2699999938,0,5643878.178089969,True,True,fifwc-nld-jpn-2026-06-14
1897063,6,0.2699999681,0,5643878.178089969,True,True,fifwc-nld-jpn-2026-06-14
1897063,24,0.2599999865,0,5643878.178089969,True,True,fifwc-nld-jpn-2026-06-14
1897063,72,0.25,0,5643878.178089969,True,True,fifwc-nld-jpn-2026-06-14
1897063,168,0.26,0,5643878.178089969,True,True,fifwc-nld-jpn-2026-06-14
1897063,720,0.28,0,5643878.178089969,True,True,fifwc-nld-jpn-2026-06-14
1891674,1,0.529999965,0,5642567.632332003,False,False,what-will-be-said-during-the-pgl-buchare
1891674,6,0.5,0,5642567.632332003,False,False,what-will-be-said-during-the-pgl-buchare
1891674,24,0.35,0,5642567.632332003,False,False,what-will-be-said-during-the-pgl-buchare
1891674,72,0.5,0,5642567.632332003,False,False,what-will-be-said-during-the-pgl-buchare
1897194,1,0.219999985,0,5474336.868710039,True,True,fifwc-arg-aut-2026-06-22
1897194,6,0.2199999074,0,5474336.868710039,True,True,fifwc-arg-aut-2026-06-22
1897194,24,0.2299999692,0,5474336.868710039,True,True,fifwc-arg-aut-2026-06-22
1897194,72,0.24,0,5474336.868710039,True,True,fifwc-arg-aut-2026-06-22
1897194,168,0.22000000549999998,0,5474336.868710039,True,True,fifwc-arg-aut-2026-06-22
1897194,720,0.2699999681,0,5474336.868710039,True,True,fifwc-arg-aut-2026-06-22
568668,1,0.0010000000000000009,0,5467848.877346976,True,False,the-masters-winner-2026
568668,6,0.29600000000000004,0,5467848.877346976,True,False,the-masters-winner-2026
568668,24,0.269999937,0,5467848.877346976,True,False,the-masters-winner-2026
568668,72,0.01400000010000002,0,5467848.877346976,True,False,the-masters-winner-2026
568668,168,0.04200000000000004,0,5467848.877346976,True,False,the-masters-winner-2026
568668,720,0.019000000000000017,0,5467848.877346976,True,False,the-masters-winner-2026
541624,1,0.001,0,5466768.418238,True,False,chile-presidential-election
541624,6,0.0014547865,0,5466768.418238,True,False,chile-presidential-election
541624,24,0.001,0,5466768.418238,True,False,chile-presidential-election
541624,72,0.001,0,5466768.418238,True,False,chile-presidential-election
541624,168,0.0010000000000000009,0,5466768.418238,True,False,chile-presidential-election
541624,720,0.001,0,5466768.418238,True,False,chile-presidential-election
1175548,1,0.0269999984,0,5468912.658799,False,False,us-strikes-iran-by
1175548,6,0.0287176978,0,5468912.658799,False,False,us-strikes-iran-by
1175548,24,0.06000000000000005,0,5468912.658799,False,False,us-strikes-iran-by
1175548,72,0.5020942408,0,5468912.658799,False,False,us-strikes-iran-by
510534,1,0.002000130800000055,0,5466121.892628,False,False,record-turnout-in-2024-presidential-elec
510534,6,0.003000973100000026,0,5466121.892628,False,False,record-turnout-in-2024-presidential-elec
510534,24,0.0040000000000000036,0,5466121.892628,False,False,record-turnout-in-2024-presidential-elec
510534,72,0.0020000000000000018,0,5466121.892628,False,False,record-turnout-in-2024-presidential-elec
510534,168,0.0009999990000000292,0,5466121.892628,False,False,record-turnout-in-2024-presidential-elec
510534,720,0.012,0,5466121.892628,False,False,record-turnout-in-2024-presidential-elec
562186,1,0.958,1,5465464.356768076,True,True,texas-republican-senate-primary-winner
562186,6,0.963,1,5465464.356768076,True,True,texas-republican-senate-primary-winner
562186,24,0.955,1,5465464.356768076,True,True,texas-republican-senate-primary-winner
562186,72,0.94,1,5465464.356768076,True,True,texas-republican-senate-primary-winner
562186,168,0.62,1,5465464.356768076,True,True,texas-republican-senate-primary-winner
562186,720,0.5800000000000001,1,5465464.356768076,True,True,texas-republican-senate-primary-winner
517817,1,0.002,0,5465011.849227,False,False,will-trump-acquire-greenland-in-2025
517817,6,0.0010000000000000009,0,5465011.849227,False,False,will-trump-acquire-greenland-in-2025
517817,24,0.001,0,5465011.849227,False,False,will-trump-acquire-greenland-in-2025
517817,72,0.0010000000000000009,0,5465011.849227,False,False,will-trump-acquire-greenland-in-2025
517817,168,0.0020000000000000018,0,5465011.849227,False,False,will-trump-acquire-greenland-in-2025
517817,720,0.006,0,5465011.849227,False,False,will-trump-acquire-greenland-in-2025
2132637,1,0.0010000000000000009,0,5463337.7355820015,False,True,what-price-will-wti-hit-in-may-2026
2132637,6,0.0010000000000000009,0,5463337.7355820015,False,True,what-price-will-wti-hit-in-may-2026
2132637,24,0.0010000000000000009,0,5463337.7355820015,False,True,what-price-will-wti-hit-in-may-2026
2132637,72,0.42000001389999997,0,5463337.7355820015,False,True,what-price-will-wti-hit-in-may-2026
2132637,168,0.4,0,5463337.7355820015,False,True,what-price-will-wti-hit-in-may-2026
2132637,720,0.42,0,5463337.7355820015,False,True,what-price-will-wti-hit-in-may-2026
3977521,1,0.57,1,5458940.895027997,True,True,ucl-bvb-vil-2026-09-08
3977521,6,0.5399999751,1,5458940.895027997,True,True,ucl-bvb-vil-2026-09-08
3977521,24,0.55,1,5458940.895027997,True,True,ucl-bvb-vil-2026-09-08
3977521,72,0.5599998432,1,5458940.895027997,True,True,ucl-bvb-vil-2026-09-08
3977521,168,0.5499999993,1,5458940.895027997,True,True,ucl-bvb-vil-2026-09-08
1818724,1,0.36,1,5455968.148140994,True,True,ucl-liv1-psg1-2026-04-14
1818724,6,0.3699998631,1,5455968.148140994,True,True,ucl-liv1-psg1-2026-04-14
1818724,24,0.39,1,5455968.148140994,True,True,ucl-liv1-psg1-2026-04-14
1818724,72,0.4,1,5455968.148140994,True,True,ucl-liv1-psg1-2026-04-14
1818724,168,0.41,1,5455968.148140994,True,True,ucl-liv1-psg1-2026-04-14
504400,1,0.002000119800000033,0,5456388.761399,False,False,will-kamala-drop-out-before-election
504400,6,0.0020000828999999776,0,5456388.761399,False,False,will-kamala-drop-out-before-election
504400,24,0.001000024600000038,0,5456388.761399,False,False,will-kamala-drop-out-before-election
504400,72,0.0040000000000000036,0,5456388.761399,False,False,will-kamala-drop-out-before-election
504400,168,0.008,0,5456388.761399,False,False,will-kamala-drop-out-before-election
504400,720,0.01504070209999997,0,5456388.761399,False,False,will-kamala-drop-out-before-election
2227198,1,0.51,1,5445730.314191969,True,True,epl-cry-ars-2026-05-24
2227198,6,0.4800000166,1,5445730.314191969,True,True,epl-cry-ars-2026-05-24
2227198,24,0.55,1,5445730.314191969,True,True,epl-cry-ars-2026-05-24
2227198,72,0.55,1,5445730.314191969,True,True,epl-cry-ars-2026-05-24
2227198,168,0.73056,1,5445730.314191969,True,True,epl-cry-ars-2026-05-24
1897173,1,0.1099999032,0,5451862.159343886,True,True,fifwc-bel-irn-2026-06-21
1897173,6,0.12,0,5451862.159343886,True,True,fifwc-bel-irn-2026-06-21
1897173,24,0.1199998992,0,5451862.159343886,True,True,fifwc-bel-irn-2026-06-21
1897173,72,0.1199999899,0,5451862.159343886,True,True,fifwc-bel-irn-2026-06-21
1897173,168,0.12,0,5451862.159343886,True,True,fifwc-bel-irn-2026-06-21
1897173,720,0.12,0,5451862.159343886,True,True,fifwc-bel-irn-2026-06-21
1311959,1,0.5299998781,0,5437076.308053,True,False,lal-ray-mad-2026-02-14
1311959,6,0.5499999931,0,5437076.308053,True,False,lal-ray-mad-2026-02-14
1311959,24,0.54,0,5437076.308053,True,False,lal-ray-mad-2026-02-14
1311959,72,0.51,0,5437076.308053,True,False,lal-ray-mad-2026-02-14
1311959,168,0.56,0,5437076.308053,True,False,lal-ray-mad-2026-02-14
253681,1,0.024,0,5436305.368101,True,False,electoral-college-margin-of-victory-in-t
253681,6,0.023,0,5436305.368101,True,False,electoral-college-margin-of-victory-in-t
253681,24,0.02400000000000002,0,5436305.368101,True,False,electoral-college-margin-of-victory-in-t
253681,72,0.026,0,5436305.368101,True,False,electoral-college-margin-of-victory-in-t
253681,168,0.028000000000000025,0,5436305.368101,True,False,electoral-college-margin-of-victory-in-t
253681,720,0.038000000000000034,0,5436305.368101,True,False,electoral-college-margin-of-victory-in-t
655026,1,0.001,0,5434605.674281,True,False,game-awards-game-of-the-year-2025
655026,6,0.001,0,5434605.674281,True,False,game-awards-game-of-the-year-2025
655026,24,0.001,0,5434605.674281,True,False,game-awards-game-of-the-year-2025
655026,72,0.001,0,5434605.674281,True,False,game-awards-game-of-the-year-2025
655026,168,0.001,0,5434605.674281,True,False,game-awards-game-of-the-year-2025
655026,720,0.0050000000000000044,0,5434605.674281,True,False,game-awards-game-of-the-year-2025
1897044,1,0.29,0,5433133.000561047,True,True,fifwc-usa-par-2026-06-12
1897044,6,0.2999999982,0,5433133.000561047,True,True,fifwc-usa-par-2026-06-12
1897044,24,0.2799999048,0,5433133.000561047,True,True,fifwc-usa-par-2026-06-12
1897044,72,0.28,0,5433133.000561047,True,True,fifwc-usa-par-2026-06-12
1897044,168,0.29,0,5433133.000561047,True,True,fifwc-usa-par-2026-06-12
1897044,720,0.25,0,5433133.000561047,True,True,fifwc-usa-par-2026-06-12
2082169,1,0.7099999589,1,5429194.647596072,True,True,epl-mac-bre-2026-05-09
2082169,6,0.7199995392,1,5429194.647596072,True,True,epl-mac-bre-2026-05-09
2082169,24,0.7100000360000001,1,5429194.647596072,True,True,epl-mac-bre-2026-05-09
2082169,72,0.7299998102,1,5429194.647596072,True,True,epl-mac-bre-2026-05-09
2082169,168,0.75,1,5429194.647596072,True,True,epl-mac-bre-2026-05-09
1897197,1,0.12,0,5427410.5566158695,True,True,fifwc-arg-aut-2026-06-22
1897197,6,0.119999952,0,5427410.5566158695,True,True,fifwc-arg-aut-2026-06-22
1897197,24,0.1399999203,0,5427410.5566158695,True,True,fifwc-arg-aut-2026-06-22
1897197,72,0.16,0,5427410.5566158695,True,True,fifwc-arg-aut-2026-06-22
1897197,168,0.15000000000000002,0,5427410.5566158695,True,True,fifwc-arg-aut-2026-06-22
1897197,720,0.2,0,5427410.5566158695,True,True,fifwc-arg-aut-2026-06-22
842008,1,0.001,0,5420855.065119036,True,True,eurovision-winner-2026
842008,6,0.001,0,5420855.065119036,True,True,eurovision-winner-2026
842008,24,0.001,0,5420855.065119036,True,True,eurovision-winner-2026
842008,72,0.0010000000000000009,0,5420855.065119036,True,True,eurovision-winner-2026
842008,168,0.0030000000000000027,0,5420855.065119036,True,True,eurovision-winner-2026
842008,720,0.0040000000000000036,0,5420855.065119036,True,True,eurovision-winner-2026
1897281,1,0.06000000009999995,0,5424218.267011964,True,True,fifwc-mar-hai-2026-06-24
1897281,6,0.040000000000000036,0,5424218.267011964,True,True,fifwc-mar-hai-2026-06-24
1897281,24,0.040000000000000036,0,5424218.267011964,True,True,fifwc-mar-hai-2026-06-24
1897281,72,0.05,0,5424218.267011964,True,True,fifwc-mar-hai-2026-06-24
1897281,168,0.089999919,0,5424218.267011964,True,True,fifwc-mar-hai-2026-06-24
1897281,720,0.09,0,5424218.267011964,True,True,fifwc-mar-hai-2026-06-24
1897133,1,0.2399999674,1,5619954.104299974,True,True,fifwc-tur-par-2026-06-19
1897133,6,0.25,1,5619954.104299974,True,True,fifwc-tur-par-2026-06-19
1897133,24,0.25,1,5619954.104299974,True,True,fifwc-tur-par-2026-06-19
1897133,72,0.25,1,5619954.104299974,True,True,fifwc-tur-par-2026-06-19
1897133,168,0.25,1,5619954.104299974,True,True,fifwc-tur-par-2026-06-19
1897133,720,0.2899998666,1,5619954.104299974,True,True,fifwc-tur-par-2026-06-19
563308,1,0.0030000000000000027,0,5412173.8282,False,False,israel-x-hamas-ceasefire-by-august-15
563308,6,0.0030000000000000027,0,5412173.8282,False,False,israel-x-hamas-ceasefire-by-august-15
563308,24,0.003,0,5412173.8282,False,False,israel-x-hamas-ceasefire-by-august-15
563308,72,0.008000000000000007,0,5412173.8282,False,False,israel-x-hamas-ceasefire-by-august-15
563308,168,0.018000000000000016,0,5412173.8282,False,False,israel-x-hamas-ceasefire-by-august-15
563308,720,0.5700000129,0,5412173.8282,False,False,israel-x-hamas-ceasefire-by-august-15
506127,1,0.001,0,5410211.59447698,True,False,nfl-mvp-1
506127,6,0.001,0,5410211.59447698,True,False,nfl-mvp-1
506127,24,0.001,0,5410211.59447698,True,False,nfl-mvp-1
506127,72,0.001,0,5410211.59447698,True,False,nfl-mvp-1
506127,168,0.001,0,5410211.59447698,True,False,nfl-mvp-1
506127,720,0.002,0,5410211.59447698,True,False,nfl-mvp-1
2000787,1,0.4,1,5539033.005937017,True,True,ucl-psg1-bay1-2026-04-28
2000787,6,0.39,1,5539033.005937017,True,True,ucl-psg1-bay1-2026-04-28
2000787,24,0.4199999272,1,5539033.005937017,True,True,ucl-psg1-bay1-2026-04-28
2000787,72,0.4299999272,1,5539033.005937017,True,True,ucl-psg1-bay1-2026-04-28
2000787,168,0.42,1,5539033.005937017,True,True,ucl-psg1-bay1-2026-04-28
1959320,1,0.006000000000000005,0,5536436.057733946,False,False,us-x-iran-diplomatic-meeting-by-329
1959320,6,0.009000000000000008,0,5536436.057733946,False,False,us-x-iran-diplomatic-meeting-by-329
1959320,24,0.0210000011,0,5536436.057733946,False,False,us-x-iran-diplomatic-meeting-by-329
1959320,72,0.08,0,5536436.057733946,False,False,us-x-iran-diplomatic-meeting-by-329
1959320,168,0.52,0,5536436.057733946,False,False,us-x-iran-diplomatic-meeting-by-329
253705,1,0.036,0,5393718.822278,True,False,electoral-college-margin-of-victory-in-t
253705,6,0.036,0,5393718.822278,True,False,electoral-college-margin-of-victory-in-t
253705,24,0.042000000200000054,0,5393718.822278,True,False,electoral-college-margin-of-victory-in-t
253705,72,0.021,0,5393718.822278,True,False,electoral-college-margin-of-victory-in-t
253705,168,0.020000000000000018,0,5393718.822278,True,False,electoral-college-margin-of-victory-in-t
253705,720,0.05551833,0,5393718.822278,True,False,electoral-college-margin-of-victory-in-t
517081,1,0.002000052199999991,0,5387416.836463,False,False,what-price-will-bitcoin-hit-in-january
517081,6,0.0010000360999999902,0,5387416.836463,False,False,what-price-will-bitcoin-hit-in-january
517081,24,0.01000001319999999,0,5387416.836463,False,False,what-price-will-bitcoin-hit-in-january
517081,72,0.025,0,5387416.836463,False,False,what-price-will-bitcoin-hit-in-january
517081,168,0.12000003520000002,0,5387416.836463,False,False,what-price-will-bitcoin-hit-in-january
1897186,1,0.16,0,5384350.998900879,True,True,fifwc-nzl-egy-2026-06-21
1897186,6,0.15000008499999995,0,5384350.998900879,True,True,fifwc-nzl-egy-2026-06-21
1897186,24,0.16,0,5384350.998900879,True,True,fifwc-nzl-egy-2026-06-21
1897186,72,0.16000004479999996,0,5384350.998900879,True,True,fifwc-nzl-egy-2026-06-21
1897186,168,0.2,0,5384350.998900879,True,True,fifwc-nzl-egy-2026-06-21
1897186,720,0.2,0,5384350.998900879,True,True,fifwc-nzl-egy-2026-06-21
557762,1,0.0139999991,0,5372746.646437,False,False,what-price-will-bitcoin-hit-in-july
557762,6,0.001,0,5372746.646437,False,False,what-price-will-bitcoin-hit-in-july
557762,24,0.0010000000000000009,0,5372746.646437,False,False,what-price-will-bitcoin-hit-in-july
557762,72,0.003000039400000043,0,5372746.646437,False,False,what-price-will-bitcoin-hit-in-july
557762,168,0.007000228799999952,0,5372746.646437,False,False,what-price-will-bitcoin-hit-in-july
557762,720,0.017,0,5372746.646437,False,False,what-price-will-bitcoin-hit-in-july
680919,1,0.9909999999,1,5368566.6323790215,False,True,aleksandar-vui-out-as-serbian-president-
680919,6,0.992,1,5368566.6323790215,False,True,aleksandar-vui-out-as-serbian-president-
680919,24,0.9695108300999999,1,5368566.6323790215,False,True,aleksandar-vui-out-as-serbian-president-
680919,72,0.0169272363,1,5368566.6323790215,False,True,aleksandar-vui-out-as-serbian-president-
680919,168,0.01774460160000002,1,5368566.6323790215,False,True,aleksandar-vui-out-as-serbian-president-
680919,720,0.0780487805,1,5368566.6323790215,False,True,aleksandar-vui-out-as-serbian-president-
253732,1,0.001,0,5356970.026689,True,False,presidential-election-popular-vote-winne
253732,6,0.001,0,5356970.026689,True,False,presidential-election-popular-vote-winne
253732,24,0.001,0,5356970.026689,True,False,presidential-election-popular-vote-winne
253732,72,0.001,0,5356970.026689,True,False,presidential-election-popular-vote-winne
253732,168,0.001,0,5356970.026689,True,False,presidential-election-popular-vote-winne
253732,720,0.001,0,5356970.026689,True,False,presidential-election-popular-vote-winne
842020,1,0.05300000000000005,0,5354730.222391996,True,True,eurovision-winner-2026
842020,6,0.0570000074,0,5354730.222391996,True,True,eurovision-winner-2026
842020,24,0.062000000000000055,0,5354730.222391996,True,True,eurovision-winner-2026
842020,72,0.06598816220000003,0,5354730.222391996,True,True,eurovision-winner-2026
842020,168,0.040000000000000036,0,5354730.222391996,True,True,eurovision-winner-2026
842020,720,0.05700000000000005,0,5354730.222391996,True,True,eurovision-winner-2026
1849095,1,0.999,1,5356054.3798760045,False,False,us-forces-seize-another-oil-tanker-by-ap
1849095,6,0.999,1,5356054.3798760045,False,False,us-forces-seize-another-oil-tanker-by-ap
1849095,24,0.999,1,5356054.3798760045,False,False,us-forces-seize-another-oil-tanker-by-ap
1849095,72,0.999,1,5356054.3798760045,False,False,us-forces-seize-another-oil-tanker-by-ap
1849095,168,0.999,1,5356054.3798760045,False,False,us-forces-seize-another-oil-tanker-by-ap
608420,1,0.2699999888,1,5322836.34127,True,False,zohran-mamdani-margin-of-victory-in-2025
608420,6,0.16,1,5322836.34127,True,False,zohran-mamdani-margin-of-victory-in-2025
608420,24,0.18999999999999995,1,5322836.34127,True,False,zohran-mamdani-margin-of-victory-in-2025
608420,72,0.12,1,5322836.34127,True,False,zohran-mamdani-margin-of-victory-in-2025
608420,168,0.08,1,5322836.34127,True,False,zohran-mamdani-margin-of-victory-in-2025
608420,720,0.2699999806,1,5322836.34127,True,False,zohran-mamdani-margin-of-victory-in-2025
504664,1,0.999,1,5313533.726507,False,False,will-israel-enter-lebanon-before-Novembe
504664,6,0.999,1,5313533.726507,False,False,will-israel-enter-lebanon-before-Novembe
504664,24,0.999,1,5313533.726507,False,False,will-israel-enter-lebanon-before-Novembe
504664,72,0.999,1,5313533.726507,False,False,will-israel-enter-lebanon-before-Novembe
504664,168,0.999,1,5313533.726507,False,False,will-israel-enter-lebanon-before-Novembe
504664,720,0.85,1,5313533.726507,False,False,will-israel-enter-lebanon-before-Novembe
500630,1,0.16,0,5444340.53142,True,False,balance-of-power-2024-election
500630,6,0.16,0,5444340.53142,True,False,balance-of-power-2024-election
500630,24,0.14258536590000004,0,5444340.53142,True,False,balance-of-power-2024-election
500630,72,0.16,0,5444340.53142,True,False,balance-of-power-2024-election
500630,168,0.13000013050000003,0,5444340.53142,True,False,balance-of-power-2024-election
500630,720,0.19999999999999996,0,5444340.53142,True,False,balance-of-power-2024-election
568640,1,0.001,0,5306332.59418096,True,False,the-masters-winner-2026
568640,6,0.001,0,5306332.59418096,True,False,the-masters-winner-2026
568640,24,0.0010000000000000009,0,5306332.59418096,True,False,the-masters-winner-2026
568640,72,0.0188875,0,5306332.59418096,True,False,the-masters-winner-2026
568640,168,0.02100000000000002,0,5306332.59418096,True,False,the-masters-winner-2026
568640,720,0.02200000000000002,0,5306332.59418096,True,False,the-masters-winner-2026
2718902,1,0.18,0,5291568.098953996,True,True,fifwc-eng-cdr-2026-07-01
2718902,6,0.1899998811,0,5291568.098953996,True,True,fifwc-eng-cdr-2026-07-01
2718902,24,0.179999928,0,5291568.098953996,True,True,fifwc-eng-cdr-2026-07-01
2718902,72,0.1699999871,0,5291568.098953996,True,True,fifwc-eng-cdr-2026-07-01
504033,1,0.001,0,5287492.85,True,False,democratic-vp-nominee
504033,6,0.001,0,5287492.85,True,False,democratic-vp-nominee
504033,24,0.001,0,5287492.85,True,False,democratic-vp-nominee
504033,72,0.001,0,5287492.85,True,False,democratic-vp-nominee
504033,168,0.001,0,5287492.85,True,False,democratic-vp-nominee
555752,1,0.006,0,5286246.984554,False,False,israel-x-hamas-ceasefire-by-july-15
555752,6,0.01100000000000001,0,5286246.984554,False,False,israel-x-hamas-ceasefire-by-july-15
555752,24,0.015000243000000024,0,5286246.984554,False,False,israel-x-hamas-ceasefire-by-july-15
555752,72,0.08,0,5286246.984554,False,False,israel-x-hamas-ceasefire-by-july-15
555752,168,0.48001293,0,5286246.984554,False,False,israel-x-hamas-ceasefire-by-july-15
518566,1,0.0010000000000000009,0,5281062.290244,True,False,presidents-trophy-winner
518566,6,0.0010000000000000009,0,5281062.290244,True,False,presidents-trophy-winner
518566,24,0.0010000000000000009,0,5281062.290244,True,False,presidents-trophy-winner
518566,72,0.0010000000000000009,0,5281062.290244,True,False,presidents-trophy-winner
518566,168,0.0010000000000000009,0,5281062.290244,True,False,presidents-trophy-winner
518566,720,0.0020000000000000018,0,5281062.290244,True,False,presidents-trophy-winner
1405319,1,0.001,0,5276587.9845,True,False,elon-musk-of-tweets-february-24-march-3
1405319,6,0.001,0,5276587.9845,True,False,elon-musk-of-tweets-february-24-march-3
1405319,24,0.001,0,5276587.9845,True,False,elon-musk-of-tweets-february-24-march-3
1405319,72,0.001,0,5276587.9845,True,False,elon-musk-of-tweets-february-24-march-3
1405319,168,0.0010000000000000009,0,5276587.9845,True,False,elon-musk-of-tweets-february-24-march-3
513661,1,0.0019071631,0,5269617.49541599,True,False,largest-company-eoy
513661,6,0.0019071631,0,5269617.49541599,True,False,largest-company-eoy
513661,24,0.0019071631,0,5269617.49541599,True,False,largest-company-eoy
513661,72,0.002,0,5269617.49541599,True,False,largest-company-eoy
513661,168,0.001,0,5269617.49541599,True,False,largest-company-eoy
513661,720,0.006000000000000005,0,5269617.49541599,True,False,largest-company-eoy
514141,1,0.0110000001,0,5264047.092374,True,False,poland-presidential-election
514141,6,0.010000000000000009,0,5264047.092374,True,False,poland-presidential-election
514141,24,0.010000000000000009,0,5264047.092374,True,False,poland-presidential-election
514141,72,0.01200000000000001,0,5264047.092374,True,False,poland-presidential-election
514141,168,0.0160000092,0,5264047.092374,True,False,poland-presidential-election
514141,720,0.068,0,5264047.092374,True,False,poland-presidential-election
546261,1,0.001,0,5260647.980977,True,False,romania-bucharest-mayoral-election
546261,6,0.001,0,5260647.980977,True,False,romania-bucharest-mayoral-election
546261,24,0.001,0,5260647.980977,True,False,romania-bucharest-mayoral-election
546261,72,0.0010000000000000009,0,5260647.980977,True,False,romania-bucharest-mayoral-election
546261,168,0.0010000000000000009,0,5260647.980977,True,False,romania-bucharest-mayoral-election
546261,720,0.0010000000000000009,0,5260647.980977,True,False,romania-bucharest-mayoral-election
516468,1,0.999,1,5244881.520466,False,False,israel-x-hamas-ceasefire-by-january-31
516468,6,0.999,1,5244881.520466,False,False,israel-x-hamas-ceasefire-by-january-31
516468,24,0.999,1,5244881.520466,False,False,israel-x-hamas-ceasefire-by-january-31
516468,72,0.999,1,5244881.520466,False,False,israel-x-hamas-ceasefire-by-january-31
516468,168,0.999,1,5244881.520466,False,False,israel-x-hamas-ceasefire-by-january-31
516468,720,0.2099912041,1,5244881.520466,False,False,israel-x-hamas-ceasefire-by-january-31
929156,1,0.999,1,5242579.930738,True,False,what-day-will-the-lighter-airdrop-be
929156,6,0.999,1,5242579.930738,True,False,what-day-will-the-lighter-airdrop-be
929156,24,0.574,1,5242579.930738,True,False,what-day-will-the-lighter-airdrop-be
929156,72,0.136,1,5242579.930738,True,False,what-day-will-the-lighter-airdrop-be
929156,168,0.05900000000000005,1,5242579.930738,True,False,what-day-will-the-lighter-airdrop-be
538939,1,0.001,0,5219083.471827,True,False,new-york-city-mayoral-election
538939,6,0.001,0,5219083.471827,True,False,new-york-city-mayoral-election
538939,24,0.001,0,5219083.471827,True,False,new-york-city-mayoral-election
538939,72,0.001,0,5219083.471827,True,False,new-york-city-mayoral-election
538939,168,0.001,0,5219083.471827,True,False,new-york-city-mayoral-election
538939,720,0.001,0,5219083.471827,True,False,new-york-city-mayoral-election
253676,1,0.021,0,5230770.736357,True,False,electoral-college-margin-of-victory-in-t
253676,6,0.02200000000000002,0,5230770.736357,True,False,electoral-college-margin-of-victory-in-t
253676,24,0.017000000000000015,0,5230770.736357,True,False,electoral-college-margin-of-victory-in-t
253676,72,0.023,0,5230770.736357,True,False,electoral-college-margin-of-victory-in-t
253676,168,0.026000000000000023,0,5230770.736357,True,False,electoral-college-margin-of-victory-in-t
253676,720,0.025,0,5230770.736357,True,False,electoral-college-margin-of-victory-in-t
522037,1,0.52,1,5217482.832123,False,False,ethereum-above-2700-on-february-14
522037,6,0.49,1,5217482.832123,False,False,ethereum-above-2700-on-february-14
522037,24,0.3400000029,1,5217482.832123,False,False,ethereum-above-2700-on-february-14
522037,72,0.51,1,5217482.832123,False,False,ethereum-above-2700-on-february-14
522037,168,0.5900000000000001,1,5217482.832123,False,False,ethereum-above-2700-on-february-14
503189,1,0.001,0,5206054.38,True,False,democratic-vp-nominee
503189,6,0.001,0,5206054.38,True,False,democratic-vp-nominee
503189,24,0.001,0,5206054.38,True,False,democratic-vp-nominee
503189,72,0.001,0,5206054.38,True,False,democratic-vp-nominee
503189,168,0.001,0,5206054.38,True,False,democratic-vp-nominee
503189,720,0.22,0,5206054.38,True,False,democratic-vp-nominee
2029367,1,0.4,1,5205602.986912064,True,True,epl-mun-liv-2026-05-03
2029367,6,0.42,1,5205602.986912064,True,True,epl-mun-liv-2026-05-03
2029367,24,0.43000000000000005,1,5205602.986912064,True,True,epl-mun-liv-2026-05-03
2029367,72,0.4199999832,1,5205602.986912064,True,True,epl-mun-liv-2026-05-03
2029367,168,0.41,1,5205602.986912064,True,True,epl-mun-liv-2026-05-03
519251,1,0.016000000000000014,0,5204604.491652,False,False,trump-declassifies-jfk-files-in-first-we
519251,6,0.022,0,5204604.491652,False,False,trump-declassifies-jfk-files-in-first-we
519251,24,0.06899999999999995,0,5204604.491652,False,False,trump-declassifies-jfk-files-in-first-we
519251,72,0.0390000001,0,5204604.491652,False,False,trump-declassifies-jfk-files-in-first-we
548616,1,0.006000000000000005,0,5337732.561376,False,False,what-price-will-bitcoin-hit-in-june
548616,6,0.00202859150000001,0,5337732.561376,False,False,what-price-will-bitcoin-hit-in-june
548616,24,0.0040000000000000036,0,5337732.561376,False,False,what-price-will-bitcoin-hit-in-june
548616,72,0.0296853933,0,5337732.561376,False,False,what-price-will-bitcoin-hit-in-june
548616,168,0.0589697147,0,5337732.561376,False,False,what-price-will-bitcoin-hit-in-june
548616,720,0.4199998236,0,5337732.561376,False,False,what-price-will-bitcoin-hit-in-june
1897085,1,0.0699999839,0,5204063.9892220115,True,True,fifwc-irq-nor-2026-06-16
1897085,6,0.0699999682,0,5204063.9892220115,True,True,fifwc-irq-nor-2026-06-16
1897085,24,0.06,0,5204063.9892220115,True,True,fifwc-irq-nor-2026-06-16
1897085,72,0.0599999946,0,5204063.9892220115,True,True,fifwc-irq-nor-2026-06-16
1897085,168,0.0699999874,0,5204063.9892220115,True,True,fifwc-irq-nor-2026-06-16
1897085,720,0.08,0,5204063.9892220115,True,True,fifwc-irq-nor-2026-06-16
1473060,1,0.0010000000000000009,0,5327306.985930001,False,False,what-price-will-bitcoin-hit-in-march-202
1473060,6,0.001,0,5327306.985930001,False,False,what-price-will-bitcoin-hit-in-march-202
1473060,24,0.0010000000000000009,0,5327306.985930001,False,False,what-price-will-bitcoin-hit-in-march-202
1473060,72,0.0010000000000000009,0,5327306.985930001,False,False,what-price-will-bitcoin-hit-in-march-202
1473060,168,0.0050000000000000044,0,5327306.985930001,False,False,what-price-will-bitcoin-hit-in-march-202
1473060,720,0.029000000499999956,0,5327306.985930001,False,False,what-price-will-bitcoin-hit-in-march-202
3558749,1,0.8199999421,1,5203081.155465007,True,True,lal-rea-rso-2026-08-26
3558749,6,0.7899999631,1,5203081.155465007,True,True,lal-rea-rso-2026-08-26
3558749,24,0.75,1,5203081.155465007,True,True,lal-rea-rso-2026-08-26
3558749,72,0.7,1,5203081.155465007,True,True,lal-rea-rso-2026-08-26
3558749,168,0.7099999815,1,5203081.155465007,True,True,lal-rea-rso-2026-08-26
253578,1,0.004,0,5200115.16063,False,False,joe-biden-impeached-before-2024-election
253578,6,0.0010000000000000009,0,5200115.16063,False,False,joe-biden-impeached-before-2024-election
253578,24,0.0020000000000000018,0,5200115.16063,False,False,joe-biden-impeached-before-2024-election
253578,72,0.0020000000000000018,0,5200115.16063,False,False,joe-biden-impeached-before-2024-election
253578,168,0.006000000200000022,0,5200115.16063,False,False,joe-biden-impeached-before-2024-election
253578,720,0.010000132900000014,0,5200115.16063,False,False,joe-biden-impeached-before-2024-election
2132776,1,0.0010000000000000009,0,5177595.545592992,False,True,what-price-will-bitcoin-hit-in-may-2026
2132776,6,0.0010000000000000009,0,5177595.545592992,False,True,what-price-will-bitcoin-hit-in-may-2026
2132776,24,0.0010000000000000009,0,5177595.545592992,False,True,what-price-will-bitcoin-hit-in-may-2026
2132776,72,0.0020000000000000018,0,5177595.545592992,False,True,what-price-will-bitcoin-hit-in-may-2026
2132776,168,0.0369999777,0,5177595.545592992,False,True,what-price-will-bitcoin-hit-in-may-2026
2132776,720,0.4299999871,0,5177595.545592992,False,True,what-price-will-bitcoin-hit-in-may-2026
255050,1,0.23,0,5178103.42329,True,False,arizona-presidential-election-winner
255050,6,0.2299999992,0,5178103.42329,True,False,arizona-presidential-election-winner
255050,24,0.24000000040000002,0,5178103.42329,True,False,arizona-presidential-election-winner
255050,72,0.25,0,5178103.42329,True,False,arizona-presidential-election-winner
255050,168,0.26,0,5178103.42329,True,False,arizona-presidential-election-winner
255050,720,0.37,0,5178103.42329,True,False,arizona-presidential-election-winner
541811,1,0.53,0,5176691.39314,True,False,2025-us-open-winner-m
541811,6,0.5499999924,0,5176691.39314,True,False,2025-us-open-winner-m
541811,24,0.55,0,5176691.39314,True,False,2025-us-open-winner-m
541811,72,0.58,0,5176691.39314,True,False,2025-us-open-winner-m
541811,168,0.49,0,5176691.39314,True,False,2025-us-open-winner-m
541811,720,0.46,0,5176691.39314,True,False,2025-us-open-winner-m
1466575,1,0.0030000000000000027,0,5173901.85190596,False,False,trump-announces-end-of-military-operatio
1466575,6,0.015874392299999984,0,5173901.85190596,False,False,trump-announces-end-of-military-operatio
1466575,24,0.013000000000000012,0,5173901.85190596,False,False,trump-announces-end-of-military-operatio
1466575,72,0.028000000000000025,0,5173901.85190596,False,False,trump-announces-end-of-military-operatio
1466575,168,0.19999999999999996,0,5173901.85190596,False,False,trump-announces-end-of-military-operatio
1466575,720,0.70000003,0,5173901.85190596,False,False,trump-announces-end-of-military-operatio
1466150,1,0.0050000000000000044,0,5162924.802599977,False,False,iran-x-israelus-conflict-ends-by
1466150,6,0.005000875599999954,0,5162924.802599977,False,False,iran-x-israelus-conflict-ends-by
1466150,24,0.01200000000000001,0,5162924.802599977,False,False,iran-x-israelus-conflict-ends-by
1466150,72,0.02300000000000002,0,5162924.802599977,False,False,iran-x-israelus-conflict-ends-by
1466150,168,0.113,0,5162924.802599977,False,False,iran-x-israelus-conflict-ends-by
1466150,720,0.6685369521,0,5162924.802599977,False,False,iran-x-israelus-conflict-ends-by
620734,1,0.0010000000000000009,0,5160729.417692,False,False,ethereum-all-time-high-by-october-31
620734,6,0.0010000000000000009,0,5160729.417692,False,False,ethereum-all-time-high-by-october-31
620734,24,0.0020000000000000018,0,5160729.417692,False,False,ethereum-all-time-high-by-october-31
620734,72,0.01700000020000003,0,5160729.417692,False,False,ethereum-all-time-high-by-october-31
620734,168,0.02600000020000004,0,5160729.417692,False,False,ethereum-all-time-high-by-october-31
521569,1,0.001,0,5150493.800959,True,False,eurovision-winner-2025
521569,6,0.0010000000000000009,0,5150493.800959,True,False,eurovision-winner-2025
521569,24,0.0010000000000000009,0,5150493.800959,True,False,eurovision-winner-2025
521569,72,0.0020000000000000018,0,5150493.800959,True,False,eurovision-winner-2025
521569,168,0.002,0,5150493.800959,True,False,eurovision-winner-2025
521569,720,0.0020000000000000018,0,5150493.800959,True,False,eurovision-winner-2025
517586,1,0.789,1,5152025.201466,True,False,which-party-wins-most-seats-in-canadian-
517586,6,0.7959999882,1,5152025.201466,True,False,which-party-wins-most-seats-in-canadian-
517586,24,0.7880001354,1,5152025.201466,True,False,which-party-wins-most-seats-in-canadian-
517586,72,0.822,1,5152025.201466,True,False,which-party-wins-most-seats-in-canadian-
517586,168,0.758,1,5152025.201466,True,False,which-party-wins-most-seats-in-canadian-
517586,720,0.6160001172,1,5152025.201466,True,False,which-party-wins-most-seats-in-canadian-
516771,1,0.001,0,5148798.146629,True,False,next-prime-minster-of-canada
516771,6,0.001,0,5148798.146629,True,False,next-prime-minster-of-canada
516771,24,0.0010000000000000009,0,5148798.146629,True,False,next-prime-minster-of-canada
516771,72,0.001,0,5148798.146629,True,False,next-prime-minster-of-canada
516771,168,0.001,0,5148798.146629,True,False,next-prime-minster-of-canada
516771,720,0.001,0,5148798.146629,True,False,next-prime-minster-of-canada
631143,1,0.0010000000000000009,0,5143391.12175701,True,True,which-company-has-best-ai-model-end-of-j
631143,6,0.0010000000000000009,0,5143391.12175701,True,True,which-company-has-best-ai-model-end-of-j
631143,24,0.0010000000000000009,0,5143391.12175701,True,True,which-company-has-best-ai-model-end-of-j
631143,72,0.001,0,5143391.12175701,True,True,which-company-has-best-ai-model-end-of-j
631143,168,0.001,0,5143391.12175701,True,True,which-company-has-best-ai-model-end-of-j
631143,720,0.0010000000000000009,0,5143391.12175701,True,True,which-company-has-best-ai-model-end-of-j
1373941,1,0.61,0,5140584.586505,True,False,uel-not-fen1-2026-02-26
1373941,6,0.6099998597,0,5140584.586505,True,False,uel-not-fen1-2026-02-26
1373941,24,0.6299999755,0,5140584.586505,True,False,uel-not-fen1-2026-02-26
1373941,72,0.5700000000000001,0,5140584.586505,True,False,uel-not-fen1-2026-02-26
1373941,168,0.8699999913,0,5140584.586505,True,False,uel-not-fen1-2026-02-26
2182249,1,0.007000000000000006,0,5134068.761336026,False,False,us-x-iran-permanent-peace-deal-by
2182249,6,0.030000000000000027,0,5134068.761336026,False,False,us-x-iran-permanent-peace-deal-by
2182249,24,0.035,0,5134068.761336026,False,False,us-x-iran-permanent-peace-deal-by
2182249,72,0.1,0,5134068.761336026,False,False,us-x-iran-permanent-peace-deal-by
1383975,1,0.4899999804,1,5133840.576909,True,False,epl-ful-tot-2026-03-01
1383975,6,0.5099999952,1,5133840.576909,True,False,epl-ful-tot-2026-03-01
1383975,24,0.4799999609,1,5133840.576909,True,False,epl-ful-tot-2026-03-01
1383975,72,0.45,1,5133840.576909,True,False,epl-ful-tot-2026-03-01
1383975,168,0.39,1,5133840.576909,True,False,epl-ful-tot-2026-03-01
521147,1,0.00600000469999995,0,5129860.818647,False,False,bitcoin-above-105000-on-february-7
521147,6,0.006000000000000005,0,5129860.818647,False,False,bitcoin-above-105000-on-february-7
521147,24,0.050000000000000044,0,5129860.818647,False,False,bitcoin-above-105000-on-february-7
521147,72,0.21,0,5129860.818647,False,False,bitcoin-above-105000-on-february-7
969422,1,0.64,0,5120126.367763,True,False,epl-liv-lee-2026-01-01
969422,6,0.64,0,5120126.367763,True,False,epl-liv-lee-2026-01-01
969422,24,0.65,0,5120126.367763,True,False,epl-liv-lee-2026-01-01
969422,72,0.64,0,5120126.367763,True,False,epl-liv-lee-2026-01-01
969422,168,0.66,0,5120126.367763,True,False,epl-liv-lee-2026-01-01
556016,1,0.008,0,5117965.090397,False,False,will-curtis-sliwa-drop-out-458
556016,6,0.008000000000000007,0,5117965.090397,False,False,will-curtis-sliwa-drop-out-458
556016,24,0.01100000000000001,0,5117965.090397,False,False,will-curtis-sliwa-drop-out-458
556016,72,0.054423308700000006,0,5117965.090397,False,False,will-curtis-sliwa-drop-out-458
556016,168,0.0440256735,0,5117965.090397,False,False,will-curtis-sliwa-drop-out-458
556016,720,0.17000000000000004,0,5117965.090397,False,False,will-curtis-sliwa-drop-out-458
1897163,1,0.0370000005,0,5114676.39462402,True,True,fifwc-esp-ksa-2026-06-21
1897163,6,0.038,0,5114676.39462402,True,True,fifwc-esp-ksa-2026-06-21
1897163,24,0.0339999697,0,5114676.39462402,True,True,fifwc-esp-ksa-2026-06-21
1897163,72,0.039000000000000035,0,5114676.39462402,True,True,fifwc-esp-ksa-2026-06-21
1897163,168,0.041000000000000036,0,5114676.39462402,True,True,fifwc-esp-ksa-2026-06-21
1897163,720,0.05,0,5114676.39462402,True,True,fifwc-esp-ksa-2026-06-21
541849,1,0.4979481747,1,5113394.389272,True,False,2025-french-open-winner
541849,6,0.5,1,5113394.389272,True,False,2025-french-open-winner
541849,24,0.5,1,5113394.389272,True,False,2025-french-open-winner
541849,72,0.51,1,5113394.389272,True,False,2025-french-open-winner
541849,168,0.48,1,5113394.389272,True,False,2025-french-open-winner
541849,720,0.3899999774,1,5113394.389272,True,False,2025-french-open-winner
1897179,1,0.2199999907,1,5111989.560911966,True,True,fifwc-ury-cvi-2026-06-21
1897179,6,0.23,1,5111989.560911966,True,True,fifwc-ury-cvi-2026-06-21
1897179,24,0.2299999714,1,5111989.560911966,True,True,fifwc-ury-cvi-2026-06-21
1897179,72,0.2299999986,1,5111989.560911966,True,True,fifwc-ury-cvi-2026-06-21
1897179,168,0.2099999286,1,5111989.560911966,True,True,fifwc-ury-cvi-2026-06-21
512205,1,0.0029292202999999795,0,5108186.946428,False,False,trump-ends-ukraine-war-before-inaugurati
512205,6,0.002000075300000015,0,5108186.946428,False,False,trump-ends-ukraine-war-before-inaugurati
512205,24,0.0010000000000000009,0,5108186.946428,False,False,trump-ends-ukraine-war-before-inaugurati
512205,72,0.006000000000000005,0,5108186.946428,False,False,trump-ends-ukraine-war-before-inaugurati
512205,168,0.007000655499999953,0,5108186.946428,False,False,trump-ends-ukraine-war-before-inaugurati
512205,720,0.06999999999999995,0,5108186.946428,False,False,trump-ends-ukraine-war-before-inaugurati
618950,1,0.001,0,5109930.292462,False,False,what-price-will-bitcoin-hit-in-october-9
618950,6,0.001,0,5109930.292462,False,False,what-price-will-bitcoin-hit-in-october-9
618950,24,0.0010000000000000009,0,5109930.292462,False,False,what-price-will-bitcoin-hit-in-october-9
618950,72,0.0010000000000000009,0,5109930.292462,False,False,what-price-will-bitcoin-hit-in-october-9
618950,168,0.003000000899999966,0,5109930.292462,False,False,what-price-will-bitcoin-hit-in-october-9
618950,720,0.03500000000000003,0,5109930.292462,False,False,what-price-will-bitcoin-hit-in-october-9
516845,1,0.001,0,5104724.292195,True,False,largest-company-end-of-2025
516845,6,0.0010000000000000009,0,5104724.292195,True,False,largest-company-end-of-2025
516845,24,0.001,0,5104724.292195,True,False,largest-company-end-of-2025
516845,72,0.001,0,5104724.292195,True,False,largest-company-end-of-2025
516845,168,0.001,0,5104724.292195,True,False,largest-company-end-of-2025
516845,720,0.0010000000000000009,0,5104724.292195,True,False,largest-company-end-of-2025
255205,1,0.5499999953,0,5092982.501493,True,False,wisconsin-presidential-election-winner
255205,6,0.5799992267,0,5092982.501493,True,False,wisconsin-presidential-election-winner
255205,24,0.59,0,5092982.501493,True,False,wisconsin-presidential-election-winner
255205,72,0.5,0,5092982.501493,True,False,wisconsin-presidential-election-winner
255205,168,0.41000003620000003,0,5092982.501493,True,False,wisconsin-presidential-election-winner
255205,720,0.5299999899,0,5092982.501493,True,False,wisconsin-presidential-election-winner
542192,1,0.997,1,5088088.2064,False,False,another-india-military-strike-on-pakista
542192,6,0.996,1,5088088.2064,False,False,another-india-military-strike-on-pakista
542192,24,0.905,1,5088088.2064,False,False,another-india-military-strike-on-pakista
4016623,1,0.510000003,1,5086613.468903,True,True,epl-cov-bri-2026-09-13
4016623,6,0.51,1,5086613.468903,True,True,epl-cov-bri-2026-09-13
4016623,24,0.5199999792,1,5086613.468903,True,True,epl-cov-bri-2026-09-13
4016623,72,0.5299999587,1,5086613.468903,True,True,epl-cov-bri-2026-09-13
4016623,168,0.53,1,5086613.468903,True,True,epl-cov-bri-2026-09-13
255053,1,0.39,0,5159200.178448,True,False,nevada-presidential-election-winner
255053,6,0.4,0,5159200.178448,True,False,nevada-presidential-election-winner
255053,24,0.4,0,5159200.178448,True,False,nevada-presidential-election-winner
255053,72,0.36,0,5159200.178448,True,False,nevada-presidential-election-winner
255053,168,0.3299782193,0,5159200.178448,True,False,nevada-presidential-election-winner
255053,720,0.52,0,5159200.178448,True,False,nevada-presidential-election-winner
255094,1,0.31999999999999995,0,5152322.442241,True,False,north-carolina-presidential-election-win
255094,6,0.32,0,5152322.442241,True,False,north-carolina-presidential-election-win
255094,24,0.3400000006,0,5152322.442241,True,False,north-carolina-presidential-election-win
255094,72,0.3,0,5152322.442241,True,False,north-carolina-presidential-election-win
255094,168,0.2999819993,0,5152322.442241,True,False,north-carolina-presidential-election-win
255094,720,0.4,0,5152322.442241,True,False,north-carolina-presidential-election-win
2707655,1,0.3399999633,1,5086456.477400987,True,True,fifwc-aus-egy-2026-07-03
2707655,6,0.3399999857,1,5086456.477400987,True,True,fifwc-aus-egy-2026-07-03
2707655,24,0.33000008039999995,1,5086456.477400987,True,True,fifwc-aus-egy-2026-07-03
2707655,72,0.33999983,1,5086456.477400987,True,True,fifwc-aus-egy-2026-07-03
532807,1,0.020000000000000018,0,5083115.723805,False,False,what-price-will-bitcoin-hit-in-april
532807,6,0.02100000000000002,0,5083115.723805,False,False,what-price-will-bitcoin-hit-in-april
532807,24,0.06299999999999994,0,5083115.723805,False,False,what-price-will-bitcoin-hit-in-april
532807,72,0.12,0,5083115.723805,False,False,what-price-will-bitcoin-hit-in-april
532807,168,0.279,0,5083115.723805,False,False,what-price-will-bitcoin-hit-in-april
516791,1,0.0030000000000000027,0,5084394.264943,True,False,who-will-win-dem-nomination-for-nyc-mayo
516791,6,0.0020000000000000018,0,5084394.264943,True,False,who-will-win-dem-nomination-for-nyc-mayo
516791,24,0.0030000000000000027,0,5084394.264943,True,False,who-will-win-dem-nomination-for-nyc-mayo
516791,72,0.010000000000000009,0,5084394.264943,True,False,who-will-win-dem-nomination-for-nyc-mayo
516791,168,0.014000000000000012,0,5084394.264943,True,False,who-will-win-dem-nomination-for-nyc-mayo
516791,720,0.0050000000000000044,0,5084394.264943,True,False,who-will-win-dem-nomination-for-nyc-mayo
3228928,1,0.59,1,5047261.533852001,True,True,usc-psg-av-2026-08-12
3228928,6,0.5699999966,1,5047261.533852001,True,True,usc-psg-av-2026-08-12
3228928,24,0.5599999963,1,5047261.533852001,True,True,usc-psg-av-2026-08-12
3228928,72,0.5499999883,1,5047261.533852001,True,True,usc-psg-av-2026-08-12
3228928,168,0.5155927721,1,5047261.533852001,True,True,usc-psg-av-2026-08-12
506102,1,0.0010000000000000009,0,5044178.723599,True,False,nfl-mvp-1
506102,6,0.0010000000000000009,0,5044178.723599,True,False,nfl-mvp-1
506102,24,0.0010000000000000009,0,5044178.723599,True,False,nfl-mvp-1
506102,72,0.5660000332999999,0,5044178.723599,True,False,nfl-mvp-1
506102,168,0.473586373,0,5044178.723599,True,False,nfl-mvp-1
506102,720,0.16000000000000003,0,5044178.723599,True,False,nfl-mvp-1
659241,1,0.0010000000000000009,0,5622333.157332,False,False,what-price-will-bitcoin-hit-in-november-
659241,6,0.0010000000000000009,0,5622333.157332,False,False,what-price-will-bitcoin-hit-in-november-
659241,24,0.0010000000000000009,0,5622333.157332,False,False,what-price-will-bitcoin-hit-in-november-
659241,72,0.0010000000000000009,0,5622333.157332,False,False,what-price-will-bitcoin-hit-in-november-
659241,168,0.0152872067,0,5622333.157332,False,False,what-price-will-bitcoin-hit-in-november-
659241,720,0.7099999432,0,5622333.157332,False,False,what-price-will-bitcoin-hit-in-november-
584887,1,0.001,0,5041865.047089,False,False,what-price-will-bitcoin-hit-in-september
584887,6,0.001,0,5041865.047089,False,False,what-price-will-bitcoin-hit-in-september
584887,24,0.0010078992,0,5041865.047089,False,False,what-price-will-bitcoin-hit-in-september
584887,72,0.0010000000000000009,0,5041865.047089,False,False,what-price-will-bitcoin-hit-in-september
584887,168,0.001000007000000025,0,5041865.047089,False,False,what-price-will-bitcoin-hit-in-september
842026,1,0.0050000000000000044,0,5407177.932486035,True,True,eurovision-winner-2026
842026,6,0.006000000000000005,0,5407177.932486035,True,True,eurovision-winner-2026
842026,24,0.009000000000000008,0,5407177.932486035,True,True,eurovision-winner-2026
842026,72,0.0129999968,0,5407177.932486035,True,True,eurovision-winner-2026
842026,168,0.0040000000000000036,0,5407177.932486035,True,True,eurovision-winner-2026
842026,720,0.007,0,5407177.932486035,True,True,eurovision-winner-2026
1698788,1,0.0010000000000000009,0,5041855.1108260015,True,False,elon-musk-of-tweets-march-27-april-3
1698788,6,0.0010000000000000009,0,5041855.1108260015,True,False,elon-musk-of-tweets-march-27-april-3
1698788,24,0.0010000000000000009,0,5041855.1108260015,True,False,elon-musk-of-tweets-march-27-april-3
1698788,72,0.0010000000000000009,0,5041855.1108260015,True,False,elon-musk-of-tweets-march-27-april-3
1698788,168,0.0010000000000000009,0,5041855.1108260015,True,False,elon-musk-of-tweets-march-27-april-3
253679,1,0.05,0,5040359.62268,True,False,electoral-college-margin-of-victory-in-t
253679,6,0.07,0,5040359.62268,True,False,electoral-college-margin-of-victory-in-t
253679,24,0.06,0,5040359.62268,True,False,electoral-college-margin-of-victory-in-t
253679,72,0.07,0,5040359.62268,True,False,electoral-college-margin-of-victory-in-t
253679,168,0.05,0,5040359.62268,True,False,electoral-college-margin-of-victory-in-t
253679,720,0.07999999999999996,0,5040359.62268,True,False,electoral-college-margin-of-victory-in-t
507395,1,0.0010000000000000009,0,5039821.548948,True,False,la-liga-winner
507395,6,0.0010000000000000009,0,5039821.548948,True,False,la-liga-winner
507395,24,0.0010000000000000009,0,5039821.548948,True,False,la-liga-winner
507395,72,0.0010000000000000009,0,5039821.548948,True,False,la-liga-winner
507395,168,0.0010000000000000009,0,5039821.548948,True,False,la-liga-winner
507395,720,0.15,0,5039821.548948,True,False,la-liga-winner
1082801,1,0.0050000000000000044,0,5040901.869193,False,False,what-price-will-bitcoin-hit-in-january-2
1082801,6,0.05800000000000005,0,5040901.869193,False,False,what-price-will-bitcoin-hit-in-january-2
1082801,24,0.006000000000000005,0,5040901.869193,False,False,what-price-will-bitcoin-hit-in-january-2
1082801,72,0.0030000000000000027,0,5040901.869193,False,False,what-price-will-bitcoin-hit-in-january-2
1082801,168,0.02,0,5040901.869193,False,False,what-price-will-bitcoin-hit-in-january-2
1082801,720,0.1300000001,0,5040901.869193,False,False,what-price-will-bitcoin-hit-in-january-2
505760,1,0.984,1,5037700.512494,False,False,microphones-muted-during-abc-debate
505760,6,0.977,1,5037700.512494,False,False,microphones-muted-during-abc-debate
505760,24,0.984,1,5037700.512494,False,False,microphones-muted-during-abc-debate
505760,72,0.9819994,1,5037700.512494,False,False,microphones-muted-during-abc-debate
505760,168,0.8500209971,1,5037700.512494,False,False,microphones-muted-during-abc-debate
515557,1,0.0010000000000000009,0,5033087.295531,False,False,what-price-will-bitcoin-hit-by-march-31
515557,6,0.0020001321000000516,0,5033087.295531,False,False,what-price-will-bitcoin-hit-by-march-31
515557,24,0.0030000015000000158,0,5033087.295531,False,False,what-price-will-bitcoin-hit-by-march-31
515557,72,0.008000000000000007,0,5033087.295531,False,False,what-price-will-bitcoin-hit-by-march-31
515557,168,0.03200000000000003,0,5033087.295531,False,False,what-price-will-bitcoin-hit-by-march-31
515557,720,0.24,0,5033087.295531,False,False,what-price-will-bitcoin-hit-by-march-31
514369,1,0.001049439999999957,0,5031605.044538,False,False,what-price-will-bitcoin-hit-in-december
514369,6,0.0020000000000000018,0,5031605.044538,False,False,what-price-will-bitcoin-hit-in-december
514369,24,0.0020000000000000018,0,5031605.044538,False,False,what-price-will-bitcoin-hit-in-december
514369,72,0.0040000000000000036,0,5031605.044538,False,False,what-price-will-bitcoin-hit-in-december
514369,168,0.02100014309999998,0,5031605.044538,False,False,what-price-will-bitcoin-hit-in-december
1288111,1,0.135,1,5031421.008729,False,False,what-will-the-usisrael-target-in-iran-by
1288111,6,0.114,1,5031421.008729,False,False,what-will-the-usisrael-target-in-iran-by
1288111,24,0.072,1,5031421.008729,False,False,what-will-the-usisrael-target-in-iran-by
1288111,72,0.11354605890000002,1,5031421.008729,False,False,what-will-the-usisrael-target-in-iran-by
1288111,168,0.15900008070000005,1,5031421.008729,False,False,what-will-the-usisrael-target-in-iran-by
2126542,1,0.0010000000000000009,0,5030217.856878972,False,False,iran-agrees-to-surrender-enriched-uraniu
2126542,6,0.009000000000000008,0,5030217.856878972,False,False,iran-agrees-to-surrender-enriched-uraniu
2126542,24,0.010000000000000009,0,5030217.856878972,False,False,iran-agrees-to-surrender-enriched-uraniu
2126542,72,0.049000000000000044,0,5030217.856878972,False,False,iran-agrees-to-surrender-enriched-uraniu
2126542,168,0.129,0,5030217.856878972,False,False,iran-agrees-to-surrender-enriched-uraniu
2126542,720,0.08,0,5030217.856878972,False,False,iran-agrees-to-surrender-enriched-uraniu
924478,1,0.001,0,5030123.01756,True,False,elon-musk-of-tweets-december-16-december
924478,6,0.001,0,5030123.01756,True,False,elon-musk-of-tweets-december-16-december
924478,24,0.001,0,5030123.01756,True,False,elon-musk-of-tweets-december-16-december
924478,72,0.001,0,5030123.01756,True,False,elon-musk-of-tweets-december-16-december
924478,168,0.001,0,5030123.01756,True,False,elon-musk-of-tweets-december-16-december
1733052,1,0.2400000001,0,5028629.472741997,True,True,ucl-psg1-liv1-2026-04-08
1733052,6,0.25,0,5028629.472741997,True,True,ucl-psg1-liv1-2026-04-08
1733052,24,0.2199999612,0,5028629.472741997,True,True,ucl-psg1-liv1-2026-04-08
1733052,72,0.21000003690000002,0,5028629.472741997,True,True,ucl-psg1-liv1-2026-04-08
1733052,168,0.23,0,5028629.472741997,True,True,ucl-psg1-liv1-2026-04-08
546248,1,0.4279998956,1,5023684.810959,True,False,romania-bucharest-mayoral-election
546248,6,0.403,1,5023684.810959,True,False,romania-bucharest-mayoral-election
546248,24,0.41100000000000003,1,5023684.810959,True,False,romania-bucharest-mayoral-election
546248,72,0.519,1,5023684.810959,True,False,romania-bucharest-mayoral-election
546248,168,0.489,1,5023684.810959,True,False,romania-bucharest-mayoral-election
546248,720,0.4550000391,1,5023684.810959,True,False,romania-bucharest-mayoral-election
1897231,1,0.05,0,5019725.216750016,True,True,fifwc-prt-uzb-2026-06-23
1897231,6,0.05,0,5019725.216750016,True,True,fifwc-prt-uzb-2026-06-23
1897231,24,0.06,0,5019725.216750016,True,True,fifwc-prt-uzb-2026-06-23
1897231,72,0.06,0,5019725.216750016,True,True,fifwc-prt-uzb-2026-06-23
1897231,168,0.08,0,5019725.216750016,True,True,fifwc-prt-uzb-2026-06-23
1897231,720,0.1,0,5019725.216750016,True,True,fifwc-prt-uzb-2026-06-23
2334097,1,0.947,0,5013203.73867499,False,False,iran-ceasefire-continues-through
2334097,6,0.9520958084,0,5013203.73867499,False,False,iran-ceasefire-continues-through
2334097,24,0.94,0,5013203.73867499,False,False,iran-ceasefire-continues-through
504492,1,0.973,1,5010507.074128,True,False,fed-interest-rates-november-2024
504492,6,0.9709999991,1,5010507.074128,True,False,fed-interest-rates-november-2024
504492,24,0.96,1,5010507.074128,True,False,fed-interest-rates-november-2024
504492,72,0.9299999999999999,1,5010507.074128,True,False,fed-interest-rates-november-2024
504492,168,0.84,1,5010507.074128,True,False,fed-interest-rates-november-2024
504492,720,0.75,1,5010507.074128,True,False,fed-interest-rates-november-2024
2410575,1,0.011947323300000035,0,5007284.405515993,False,True,what-price-will-bitcoin-hit-in-june-2026
2410575,6,0.085,0,5007284.405515993,False,True,what-price-will-bitcoin-hit-in-june-2026
2410575,24,0.123,0,5007284.405515993,False,True,what-price-will-bitcoin-hit-in-june-2026
2410575,72,0.26,0,5007284.405515993,False,True,what-price-will-bitcoin-hit-in-june-2026
2410575,168,0.15000000000000002,0,5007284.405515993,False,True,what-price-will-bitcoin-hit-in-june-2026
564161,1,0.0010000000000000009,0,5006819.631420108,True,True,nba-mvp-694
564161,6,0.0010000000000000009,0,5006819.631420108,True,True,nba-mvp-694
564161,24,0.0010000000000000009,0,5006819.631420108,True,True,nba-mvp-694
564161,72,0.0010000000000000009,0,5006819.631420108,True,True,nba-mvp-694
564161,168,0.0010000000000000009,0,5006819.631420108,True,True,nba-mvp-694
564161,720,0.007000002700000008,0,5006819.631420108,True,True,nba-mvp-694
1516203,1,0.0010000000000000009,0,5006155.3990199845,False,False,will-crude-oil-cl-hit-by-end-of-march
1516203,6,0.0010000000000000009,0,5006155.3990199845,False,False,will-crude-oil-cl-hit-by-end-of-march
1516203,24,0.0020000000000000018,0,5006155.3990199845,False,False,will-crude-oil-cl-hit-by-end-of-march
1516203,72,0.005,0,5006155.3990199845,False,False,will-crude-oil-cl-hit-by-end-of-march
1516203,168,0.01,0,5006155.3990199845,False,False,will-crude-oil-cl-hit-by-end-of-march
503188,1,0.001,0,5005051.36,True,False,democratic-vp-nominee
503188,6,0.001,0,5005051.36,True,False,democratic-vp-nominee
503188,24,0.001,0,5005051.36,True,False,democratic-vp-nominee
503188,72,0.001,0,5005051.36,True,False,democratic-vp-nominee
503188,168,0.001,0,5005051.36,True,False,democratic-vp-nominee
503188,720,0.013,0,5005051.36,True,False,democratic-vp-nominee
2942023,1,0.03,0,4995539.792568966,True,True,fifwc-esp-arg-2026-07-19-exact-score
2942023,6,0.028,0,4995539.792568966,True,True,fifwc-esp-arg-2026-07-19-exact-score
2942023,24,0.022,0,4995539.792568966,True,True,fifwc-esp-arg-2026-07-19-exact-score
2942023,72,0.0240000002,0,4995539.792568966,True,True,fifwc-esp-arg-2026-07-19-exact-score
553374,1,0.0010001104000000316,0,4992689.343189,False,False,will-the-iranian-regime-fall-in-2025
553374,6,0.002000027599999954,0,4992689.343189,False,False,will-the-iranian-regime-fall-in-2025
553374,24,0.0020000000000000018,0,4992689.343189,False,False,will-the-iranian-regime-fall-in-2025
553374,72,0.0020000000000000018,0,4992689.343189,False,False,will-the-iranian-regime-fall-in-2025
553374,168,0.004,0,4992689.343189,False,False,will-the-iranian-regime-fall-in-2025
553374,720,0.0137144877,0,4992689.343189,False,False,will-the-iranian-regime-fall-in-2025
513233,1,0.0020000000000000018,0,4988602.432348,False,False,what-will-trump-say-during-inauguration-
513233,6,0.0020000000000000018,0,4988602.432348,False,False,what-will-trump-say-during-inauguration-
513233,24,0.0020000000000000018,0,4988602.432348,False,False,what-will-trump-say-during-inauguration-
513233,72,0.0020000000000000018,0,4988602.432348,False,False,what-will-trump-say-during-inauguration-
513233,168,0.0020000000000000018,0,4988602.432348,False,False,what-will-trump-say-during-inauguration-
513233,720,0.1399998824,0,4988602.432348,False,False,what-will-trump-say-during-inauguration-
500616,1,0.0137723714,0,4982822.83402,True,False,arizona-us-senate-election-winner
500616,6,0.0010000000000000009,0,4982822.83402,True,False,arizona-us-senate-election-winner
500616,24,0.0017258383,0,4982822.83402,True,False,arizona-us-senate-election-winner
500616,72,0.01,0,4982822.83402,True,False,arizona-us-senate-election-winner
500616,168,0.001,0,4982822.83402,True,False,arizona-us-senate-election-winner
500616,720,0.0040000000000000036,0,4982822.83402,True,False,arizona-us-senate-election-winner
516872,1,0.0010000000000000009,0,4969076.583099,False,False,what-price-will-bitcoin-hit-in-2025
516872,6,0.0010000000000000009,0,4969076.583099,False,False,what-price-will-bitcoin-hit-in-2025
516872,24,0.0010000000000000009,0,4969076.583099,False,False,what-price-will-bitcoin-hit-in-2025
516872,72,0.0010000000000000009,0,4969076.583099,False,False,what-price-will-bitcoin-hit-in-2025
516872,168,0.0020000000000000018,0,4969076.583099,False,False,what-price-will-bitcoin-hit-in-2025
516872,720,0.028000000000000025,0,4969076.583099,False,False,what-price-will-bitcoin-hit-in-2025
1535972,1,0.002,0,4964959.242147999,False,False,iran-leadership-change-by
1535972,6,0.0014637378,0,4964959.242147999,False,False,iran-leadership-change-by
1535972,24,0.007000000000000006,0,4964959.242147999,False,False,iran-leadership-change-by
1535972,72,0.014,0,4964959.242147999,False,False,iran-leadership-change-by
1535972,168,0.055,0,4964959.242147999,False,False,iran-leadership-change-by
1535972,720,0.12,0,4964959.242147999,False,False,iran-leadership-change-by
2152418,1,0.0010000000000000009,0,4959141.542486016,True,True,epl-ast-liv-2026-05-17
2152418,6,0.0010000000000000009,0,4959141.542486016,True,True,epl-ast-liv-2026-05-17
2152418,24,0.0010000000000000009,0,4959141.542486016,True,True,epl-ast-liv-2026-05-17
2152418,72,0.42,0,4959141.542486016,True,True,epl-ast-liv-2026-05-17
2152418,168,0.5099998317,0,4959141.542486016,True,True,epl-ast-liv-2026-05-17
1385748,1,0.0040000000000000036,0,4954916.597035052,False,False,will-france-uk-or-germany-strike-iran-by
1385748,6,0.0050000000000000044,0,4954916.597035052,False,False,will-france-uk-or-germany-strike-iran-by
1385748,24,0.009,0,4954916.597035052,False,False,will-france-uk-or-germany-strike-iran-by
1385748,72,0.015000000000000013,0,4954916.597035052,False,False,will-france-uk-or-germany-strike-iran-by
1385748,168,0.02300000000000002,0,4954916.597035052,False,False,will-france-uk-or-germany-strike-iran-by
1385748,720,0.12796686589999995,0,4954916.597035052,False,False,will-france-uk-or-germany-strike-iran-by
2942011,1,0.1199999808,0,4946556.357394,True,True,fifwc-esp-arg-2026-07-19-exact-score
2942011,6,0.1199999808,0,4946556.357394,True,True,fifwc-esp-arg-2026-07-19-exact-score
2942011,24,0.1199999952,0,4946556.357394,True,True,fifwc-esp-arg-2026-07-19-exact-score
2942011,72,0.1199999899,0,4946556.357394,True,True,fifwc-esp-arg-2026-07-19-exact-score
1130326,1,0.42,1,4946146.913716,True,False,ucl-oly-lev2-2026-01-20
1130326,6,0.4199998236,1,4946146.913716,True,False,ucl-oly-lev2-2026-01-20
1130326,24,0.39,1,4946146.913716,True,False,ucl-oly-lev2-2026-01-20
1130326,72,0.37000000460000004,1,4946146.913716,True,False,ucl-oly-lev2-2026-01-20
1130326,168,0.38,1,4946146.913716,True,False,ucl-oly-lev2-2026-01-20
2910438,1,0.0010000000000000009,0,4936927.520507002,False,False,us-announces-end-of-iranian-blockade-byp
2910438,6,0.002,0,4936927.520507002,False,False,us-announces-end-of-iranian-blockade-byp
2910438,24,0.003,0,4936927.520507002,False,False,us-announces-end-of-iranian-blockade-byp
2910438,72,0.006000000000000005,0,4936927.520507002,False,False,us-announces-end-of-iranian-blockade-byp
2910438,168,0.027,0,4936927.520507002,False,False,us-announces-end-of-iranian-blockade-byp
2910438,720,0.52,0,4936927.520507002,False,False,us-announces-end-of-iranian-blockade-byp
519871,1,0.031000260300000027,1,4931220.50609,False,False,ethereum-above-3400-on-january-31
519871,6,0.06000000009999995,1,4931220.50609,False,False,ethereum-above-3400-on-january-31
519871,24,0.10999999999999999,1,4931220.50609,False,False,ethereum-above-3400-on-january-31
519871,72,0.19999999999999996,1,4931220.50609,False,False,ethereum-above-3400-on-january-31
2691004,1,0.1,0,5009275.131872964,True,True,fifwc-usa-bih-2026-07-01
2691004,6,0.09999999999999998,0,5009275.131872964,True,True,fifwc-usa-bih-2026-07-01
2691004,24,0.1099999815,0,5009275.131872964,True,True,fifwc-usa-bih-2026-07-01
2691004,72,0.1,0,5009275.131872964,True,True,fifwc-usa-bih-2026-07-01
1169205,1,0.1169790015,1,5006328.70815,False,False,iran-strike-on-israel-by
1169205,6,0.08099999999999996,1,5006328.70815,False,False,iran-strike-on-israel-by
1169205,24,0.040000000000000036,1,5006328.70815,False,False,iran-strike-on-israel-by
1169205,72,0.08999999999999997,1,5006328.70815,False,False,iran-strike-on-israel-by
1169205,168,0.17000000309999996,1,5006328.70815,False,False,iran-strike-on-israel-by
1169205,720,0.3899999967,1,5006328.70815,False,False,iran-strike-on-israel-by
1918792,1,0.0040000208999999565,0,4913838.072393989,False,False,trump-announces-end-of-military-operatio
1918792,6,0.014,0,4913838.072393989,False,False,trump-announces-end-of-military-operatio
1918792,24,0.05,0,4913838.072393989,False,False,trump-announces-end-of-military-operatio
1918792,72,0.14,0,4913838.072393989,False,False,trump-announces-end-of-military-operatio
1918792,168,0.27,0,4913838.072393989,False,False,trump-announces-end-of-military-operatio
517012,1,0.001,0,4929828.905597,True,False,highest-grossing-movie-in-2025
517012,6,0.001,0,4929828.905597,True,False,highest-grossing-movie-in-2025
517012,24,0.0010000000000000009,0,4929828.905597,True,False,highest-grossing-movie-in-2025
517012,72,0.001,0,4929828.905597,True,False,highest-grossing-movie-in-2025
517012,168,0.0010000000000000009,0,4929828.905597,True,False,highest-grossing-movie-in-2025
517012,720,0.02936842110000004,0,4929828.905597,True,False,highest-grossing-movie-in-2025
842021,1,0.014000000000000012,0,4904250.646841986,True,True,eurovision-winner-2026
842021,6,0.01700002580000004,0,4904250.646841986,True,True,eurovision-winner-2026
842021,24,0.017,0,4904250.646841986,True,True,eurovision-winner-2026
842021,72,0.022000000899999983,0,4904250.646841986,True,True,eurovision-winner-2026
842021,168,0.0299999712,0,4904250.646841986,True,True,eurovision-winner-2026
842021,720,0.035,0,4904250.646841986,True,True,eurovision-winner-2026
513469,1,0.0015,0,4966698.966561,True,False,epl-midpoint-leader
513469,6,0.001,0,4966698.966561,True,False,epl-midpoint-leader
513469,24,0.0010000000000000009,0,4966698.966561,True,False,epl-midpoint-leader
513469,72,0.001,0,4966698.966561,True,False,epl-midpoint-leader
513469,168,0.0029423077,0,4966698.966561,True,False,epl-midpoint-leader
513469,720,0.010000000000000009,0,4966698.966561,True,False,epl-midpoint-leader
1164917,1,0.49,1,4898648.107124,True,False,sea-juv-nap-2026-01-25
1164917,6,0.4799999808,1,4898648.107124,True,False,sea-juv-nap-2026-01-25
1164917,24,0.4700000286,1,4898648.107124,True,False,sea-juv-nap-2026-01-25
1164917,72,0.45999999999999996,1,4898648.107124,True,False,sea-juv-nap-2026-01-25
1164917,168,0.43,1,4898648.107124,True,False,sea-juv-nap-2026-01-25
598930,1,0.0010000000000000009,0,4891816.689721,False,True,will-base-launch-a-token-in-2025-341
598930,6,0.0010000000000000009,0,4891816.689721,False,True,will-base-launch-a-token-in-2025-341
598930,24,0.0010000090999999767,0,4891816.689721,False,True,will-base-launch-a-token-in-2025-341
598930,72,0.001,0,4891816.689721,False,True,will-base-launch-a-token-in-2025-341
598930,168,0.0030000000000000027,0,4891816.689721,False,True,will-base-launch-a-token-in-2025-341
598930,720,0.023999977,0,4891816.689721,False,True,will-base-launch-a-token-in-2025-341
506098,1,0.0010000000000000009,0,4965015.955467,True,False,nfl-mvp-1
506098,6,0.0010000000000000009,0,4965015.955467,True,False,nfl-mvp-1
506098,24,0.0010000000000000009,0,4965015.955467,True,False,nfl-mvp-1
506098,72,0.0010000000000000009,0,4965015.955467,True,False,nfl-mvp-1
506098,168,0.0010000000000000009,0,4965015.955467,True,False,nfl-mvp-1
506098,720,0.0020000000000000018,0,4965015.955467,True,False,nfl-mvp-1
655033,1,0.001,0,4890768.25456,True,False,game-awards-game-of-the-year-2025
655033,6,0.001,0,4890768.25456,True,False,game-awards-game-of-the-year-2025
655033,24,0.001,0,4890768.25456,True,False,game-awards-game-of-the-year-2025
655033,72,0.001,0,4890768.25456,True,False,game-awards-game-of-the-year-2025
655033,168,0.001,0,4890768.25456,True,False,game-awards-game-of-the-year-2025
655033,720,0.0010000000000000009,0,4890768.25456,True,False,game-awards-game-of-the-year-2025
543988,1,0.98,1,4882739.177934,True,False,south-korea-presidential-election-3rd-pl
543988,6,0.9901088385,1,4882739.177934,True,False,south-korea-presidential-election-3rd-pl
543988,24,0.98,1,4882739.177934,True,False,south-korea-presidential-election-3rd-pl
543988,72,0.95,1,4882739.177934,True,False,south-korea-presidential-election-3rd-pl
543988,168,0.9,1,4882739.177934,True,False,south-korea-presidential-election-3rd-pl
509925,1,0.001,0,4883357.331314,True,False,serie-a-winner
509925,6,0.001,0,4883357.331314,True,False,serie-a-winner
509925,24,0.001,0,4883357.331314,True,False,serie-a-winner
509925,72,0.001,0,4883357.331314,True,False,serie-a-winner
509925,168,0.001,0,4883357.331314,True,False,serie-a-winner
509925,720,0.0010000000000000009,0,4883357.331314,True,False,serie-a-winner
842019,1,0.062743917,0,4876393.435678006,True,True,eurovision-winner-2026
842019,6,0.07400000110000005,0,4876393.435678006,True,True,eurovision-winner-2026
842019,24,0.103,0,4876393.435678006,True,True,eurovision-winner-2026
842019,72,0.1333319525,0,4876393.435678006,True,True,eurovision-winner-2026
842019,168,0.14200004980000003,0,4876393.435678006,True,True,eurovision-winner-2026
842019,720,0.062,0,4876393.435678006,True,True,eurovision-winner-2026
540403,1,0.001000979199999974,0,4863907.519751,False,False,what-price-will-bitcoin-hit-in-may
540403,6,0.0010000615999999907,0,4863907.519751,False,False,what-price-will-bitcoin-hit-in-may
540403,24,0.0009999990000000292,0,4863907.519751,False,False,what-price-will-bitcoin-hit-in-may
540403,72,0.0062223329,0,4863907.519751,False,False,what-price-will-bitcoin-hit-in-may
540403,168,0.0615,0,4863907.519751,False,False,what-price-will-bitcoin-hit-in-may
540403,720,0.038000000399999956,0,4863907.519751,False,False,what-price-will-bitcoin-hit-in-may
2296150,1,0.999,1,4863883.8464060025,False,False,iran-closes-its-airspace-by
2296150,6,0.999,1,4863883.8464060025,False,False,iran-closes-its-airspace-by
2296150,24,0.999,1,4863883.8464060025,False,False,iran-closes-its-airspace-by
2296150,72,0.999,1,4863883.8464060025,False,False,iran-closes-its-airspace-by
2296150,168,0.996,1,4863883.8464060025,False,False,iran-closes-its-airspace-by
920396,1,0.999,1,4859960.091471,False,False,who-will-trump-talk-to-in-january
920396,6,0.999,1,4859960.091471,False,False,who-will-trump-talk-to-in-january
920396,24,0.993,1,4859960.091471,False,False,who-will-trump-talk-to-in-january
920396,72,0.3900000015,1,4859960.091471,False,False,who-will-trump-talk-to-in-january
920396,168,0.62,1,4859960.091471,False,False,who-will-trump-talk-to-in-january
920396,720,0.6900001705000001,1,4859960.091471,False,False,who-will-trump-talk-to-in-january
2880294,1,0.6099999961,0,4862491.259697005,False,True,fifwc-fra-esp-2026-07-14-more-markets
2880294,6,0.6,0,4862491.259697005,False,True,fifwc-fra-esp-2026-07-14-more-markets
2880294,24,0.599999976,0,4862491.259697005,False,True,fifwc-fra-esp-2026-07-14-more-markets
2880294,72,0.5899999894,0,4862491.259697005,False,True,fifwc-fra-esp-2026-07-14-more-markets
572181,1,0.001,0,4854685.253989,True,False,top-spotify-artist-2025-146
572181,6,0.001,0,4854685.253989,True,False,top-spotify-artist-2025-146
572181,24,0.001,0,4854685.253989,True,False,top-spotify-artist-2025-146
572181,72,0.001,0,4854685.253989,True,False,top-spotify-artist-2025-146
572181,168,0.001,0,4854685.253989,True,False,top-spotify-artist-2025-146
572181,720,0.001,0,4854685.253989,True,False,top-spotify-artist-2025-146
1897206,1,0.0229999926,0,4850698.2012239825,True,True,fifwc-fra-irq-2026-06-22
1897206,6,0.0279999878,0,4850698.2012239825,True,True,fifwc-fra-irq-2026-06-22
1897206,24,0.029000000000000026,0,4850698.2012239825,True,True,fifwc-fra-irq-2026-06-22
1897206,72,0.026,0,4850698.2012239825,True,True,fifwc-fra-irq-2026-06-22
1897206,168,0.0309999705,0,4850698.2012239825,True,True,fifwc-fra-irq-2026-06-22
1897206,720,0.040000000000000036,0,4850698.2012239825,True,True,fifwc-fra-irq-2026-06-22
504897,1,0.1199999899,0,4847379.862261,False,False,will-kamala-harris-win-every-swing-state
504897,6,0.12,0,4847379.862261,False,False,will-kamala-harris-win-every-swing-state
504897,24,0.12132473479999994,0,4847379.862261,False,False,will-kamala-harris-win-every-swing-state
504897,72,0.11000000210000005,0,4847379.862261,False,False,will-kamala-harris-win-every-swing-state
504897,168,0.09999999999999998,0,4847379.862261,False,False,will-kamala-harris-win-every-swing-state
504897,720,0.16,0,4847379.862261,False,False,will-kamala-harris-win-every-swing-state
1303381,1,0.0010000000000000009,0,4835100.51547,False,False,what-price-will-bitcoin-hit-in-february-
1303381,6,0.0010000000000000009,0,4835100.51547,False,False,what-price-will-bitcoin-hit-in-february-
1303381,24,0.0010000000000000009,0,4835100.51547,False,False,what-price-will-bitcoin-hit-in-february-
1303381,72,0.0010000000000000009,0,4835100.51547,False,False,what-price-will-bitcoin-hit-in-february-
1303381,168,0.007000000000000006,0,4835100.51547,False,False,what-price-will-bitcoin-hit-in-february-
1345680,1,0.0010000000000000009,0,4831697.133881,False,False,what-price-will-bitcoin-hit-in-february-
1345680,6,0.0010000000000000009,0,4831697.133881,False,False,what-price-will-bitcoin-hit-in-february-
1345680,24,0.0010000000000000009,0,4831697.133881,False,False,what-price-will-bitcoin-hit-in-february-
1345680,72,0.02100000000000002,0,4831697.133881,False,False,what-price-will-bitcoin-hit-in-february-
1345680,168,0.029542130499999986,0,4831697.133881,False,False,what-price-will-bitcoin-hit-in-february-
521166,1,0.1398941475,0,4827244.359446,False,False,what-price-will-bitcoin-hit-in-february
521166,6,0.17600000000000005,0,4827244.359446,False,False,what-price-will-bitcoin-hit-in-february
521166,24,0.0230000011,0,4827244.359446,False,False,what-price-will-bitcoin-hit-in-february
521166,72,0.050464020000000054,0,4827244.359446,False,False,what-price-will-bitcoin-hit-in-february
521166,168,0.0143887374,0,4827244.359446,False,False,what-price-will-bitcoin-hit-in-february
2241674,1,0.0030000000000000027,0,4823492.48163498,False,False,israel-closes-its-airspace-by
2241674,6,0.001,0,4823492.48163498,False,False,israel-closes-its-airspace-by
2241674,24,0.0039464887,0,4823492.48163498,False,False,israel-closes-its-airspace-by
2241674,72,0.01358075780000001,0,4823492.48163498,False,False,israel-closes-its-airspace-by
2241674,168,0.028000000000000025,0,4823492.48163498,False,False,israel-closes-its-airspace-by
2241674,720,0.16,0,4823492.48163498,False,False,israel-closes-its-airspace-by
642524,1,0.001,0,4903949.131287,False,False,russia-x-ukraine-ceasefire-by-november-3
642524,6,0.002,0,4903949.131287,False,False,russia-x-ukraine-ceasefire-by-november-3
642524,24,0.0020000000000000018,0,4903949.131287,False,False,russia-x-ukraine-ceasefire-by-november-3
642524,72,0.006,0,4903949.131287,False,False,russia-x-ukraine-ceasefire-by-november-3
642524,168,0.024,0,4903949.131287,False,False,russia-x-ukraine-ceasefire-by-november-3
642524,720,0.03300001549999998,0,4903949.131287,False,False,russia-x-ukraine-ceasefire-by-november-3
1833091,1,0.53,0,4900246.077638991,True,True,uel-cel4-scf-2026-04-16
1833091,6,0.51,0,4900246.077638991,True,True,uel-cel4-scf-2026-04-16
1833091,24,0.5100000009,0,4900246.077638991,True,True,uel-cel4-scf-2026-04-16
1833091,72,0.5,0,4900246.077638991,True,True,uel-cel4-scf-2026-04-16
1833091,168,0.4700000245,0,4900246.077638991,True,True,uel-cel4-scf-2026-04-16
531735,1,0.2299999692,1,4811447.770381,True,False,next-government-of-canada
531735,6,0.20999999999999996,1,4811447.770381,True,False,next-government-of-canada
531735,24,0.21000002090000003,1,4811447.770381,True,False,next-government-of-canada
531735,72,0.18999999999999995,1,4811447.770381,True,False,next-government-of-canada
531735,168,0.2,1,4811447.770381,True,False,next-government-of-canada
531735,720,0.1799999895,1,4811447.770381,True,False,next-government-of-canada
842037,1,0.0010000000000000009,0,4802338.54622703,True,True,eurovision-winner-2026
842037,6,0.0010000000000000009,0,4802338.54622703,True,True,eurovision-winner-2026
842037,24,0.0010000000000000009,0,4802338.54622703,True,True,eurovision-winner-2026
842037,72,0.0020000000000000018,0,4802338.54622703,True,True,eurovision-winner-2026
842037,168,0.002,0,4802338.54622703,True,True,eurovision-winner-2026
842037,720,0.0050000000000000044,0,4802338.54622703,True,True,eurovision-winner-2026
509926,1,0.0019040728,0,4801840.468391,True,False,serie-a-winner
509926,6,0.0019040728,0,4801840.468391,True,False,serie-a-winner
509926,24,0.0019040728,0,4801840.468391,True,False,serie-a-winner
509926,72,0.0010000000000000009,0,4801840.468391,True,False,serie-a-winner
509926,168,0.0010000000000000009,0,4801840.468391,True,False,serie-a-winner
509926,720,0.001,0,4801840.468391,True,False,serie-a-winner
1897052,1,0.16,0,4799390.769881002,True,True,fifwc-hai-sco-2026-06-13
1897052,6,0.15000000000000002,0,4799390.769881002,True,True,fifwc-hai-sco-2026-06-13
1897052,24,0.1699999871,0,4799390.769881002,True,True,fifwc-hai-sco-2026-06-13
1897052,72,0.16,0,4799390.769881002,True,True,fifwc-hai-sco-2026-06-13
1897052,168,0.15,0,4799390.769881002,True,True,fifwc-hai-sco-2026-06-13
1897052,720,0.13000000869999995,0,4799390.769881002,True,True,fifwc-hai-sco-2026-06-13
521599,1,0.0010000000000000009,0,4800094.092975,True,False,eurovision-winner-2025
521599,6,0.0010000000000000009,0,4800094.092975,True,False,eurovision-winner-2025
521599,24,0.0010000000000000009,0,4800094.092975,True,False,eurovision-winner-2025
521599,72,0.0010000000000000009,0,4800094.092975,True,False,eurovision-winner-2025
521599,168,0.003,0,4800094.092975,True,False,eurovision-winner-2025
521599,720,0.0020000000000000018,0,4800094.092975,True,False,eurovision-winner-2025
504021,1,0.0030000000000000027,0,4789954.11,False,False,kamala-president-by-friday
504021,6,0.0030000000000000027,0,4789954.11,False,False,kamala-president-by-friday
504021,24,0.009273203000000008,0,4789954.11,False,False,kamala-president-by-friday
504021,72,0.078,0,4789954.11,False,False,kamala-president-by-friday
948043,1,0.75,1,4782714.49172103,True,False,hungary-parliamentary-election-winner
948043,6,0.74,1,4782714.49172103,True,False,hungary-parliamentary-election-winner
948043,24,0.76,1,4782714.49172103,True,False,hungary-parliamentary-election-winner
948043,72,0.72,1,4782714.49172103,True,False,hungary-parliamentary-election-winner
948043,168,0.68,1,4782714.49172103,True,False,hungary-parliamentary-election-winner
948043,720,0.64,1,4782714.49172103,True,False,hungary-parliamentary-election-winner
523484,1,0.96,1,4780243.935768,False,False,ethereum-above-2700-on-february-21
523484,6,0.85,1,4780243.935768,False,False,ethereum-above-2700-on-february-21
523484,24,0.6999994273,1,4780243.935768,False,False,ethereum-above-2700-on-february-21
523484,72,0.46000001440000005,1,4780243.935768,False,False,ethereum-above-2700-on-february-21
2040064,1,0.6699999993,0,4777910.92573697,True,True,epl-eve-mac-2026-05-04
2040064,6,0.66,0,4777910.92573697,True,True,epl-eve-mac-2026-05-04
2040064,24,0.6599999842,0,4777910.92573697,True,True,epl-eve-mac-2026-05-04
2040064,72,0.67,0,4777910.92573697,True,True,epl-eve-mac-2026-05-04
2040064,168,0.6899999997,0,4777910.92573697,True,True,epl-eve-mac-2026-05-04
521572,1,0.0010000000000000009,0,4772978.433561,True,False,eurovision-winner-2025
521572,6,0.0010000000000000009,0,4772978.433561,True,False,eurovision-winner-2025
521572,24,0.0010000000000000009,0,4772978.433561,True,False,eurovision-winner-2025
521572,72,0.0010000000000000009,0,4772978.433561,True,False,eurovision-winner-2025
521572,168,0.003,0,4772978.433561,True,False,eurovision-winner-2025
521572,720,0.0020000000000000018,0,4772978.433561,True,False,eurovision-winner-2025
585593,1,0.001,0,4769887.34044,False,False,trump-out-as-president-in-2025
585593,6,0.0010000000000000009,0,4769887.34044,False,False,trump-out-as-president-in-2025
585593,24,0.002,0,4769887.34044,False,False,trump-out-as-president-in-2025
585593,72,0.0010000000000000009,0,4769887.34044,False,False,trump-out-as-president-in-2025
585593,168,0.0050000000000000044,0,4769887.34044,False,False,trump-out-as-president-in-2025
585593,720,0.01200000000000001,0,4769887.34044,False,False,trump-out-as-president-in-2025
515879,1,0.015000000000000013,0,4769632.023507,True,False,afd-of-vote-in-german-election
515879,6,0.019000000000000017,0,4769632.023507,True,False,afd-of-vote-in-german-election
515879,24,0.02200000000000002,0,4769632.023507,True,False,afd-of-vote-in-german-election
515879,72,0.016000000000000014,0,4769632.023507,True,False,afd-of-vote-in-german-election
515879,168,0.02200000000000002,0,4769632.023507,True,False,afd-of-vote-in-german-election
515879,720,0.04600000000000004,0,4769632.023507,True,False,afd-of-vote-in-german-election
1897050,1,0.25,1,4766120.346133054,True,True,fifwc-bra-mar-2026-06-13
1897050,6,0.26,1,4766120.346133054,True,True,fifwc-bra-mar-2026-06-13
1897050,24,0.25,1,4766120.346133054,True,True,fifwc-bra-mar-2026-06-13
1897050,72,0.25,1,4766120.346133054,True,True,fifwc-bra-mar-2026-06-13
1897050,168,0.25,1,4766120.346133054,True,True,fifwc-bra-mar-2026-06-13
1897050,720,0.21999999999999997,1,4766120.346133054,True,True,fifwc-bra-mar-2026-06-13
517639,1,0.0010000000000000009,0,4749407.197637,True,False,how-many-jan-6th-protestors-will-trump-p
517639,6,0.0010000000000000009,0,4749407.197637,True,False,how-many-jan-6th-protestors-will-trump-p
517639,24,0.0010000000000000009,0,4749407.197637,True,False,how-many-jan-6th-protestors-will-trump-p
517639,72,0.0010000000000000009,0,4749407.197637,True,False,how-many-jan-6th-protestors-will-trump-p
517639,168,0.001,0,4749407.197637,True,False,how-many-jan-6th-protestors-will-trump-p
517639,720,0.003,0,4749407.197637,True,False,how-many-jan-6th-protestors-will-trump-p
540404,1,0.0010000046000000484,0,4748065.896106,False,False,what-price-will-bitcoin-hit-in-may
540404,6,0.001,0,4748065.896106,False,False,what-price-will-bitcoin-hit-in-may
540404,24,0.006000000000000005,0,4748065.896106,False,False,what-price-will-bitcoin-hit-in-may
540404,72,0.1799999755,0,4748065.896106,False,False,what-price-will-bitcoin-hit-in-may
540404,168,0.3699999771,0,4748065.896106,False,False,what-price-will-bitcoin-hit-in-may
540404,720,0.13,0,4748065.896106,False,False,what-price-will-bitcoin-hit-in-may
1897095,1,0.17,1,4963490.814626961,True,True,fifwc-prt-cdr-2026-06-17
1897095,6,0.1799998704,1,4963490.814626961,True,True,fifwc-prt-cdr-2026-06-17
1897095,24,0.1699998861,1,4963490.814626961,True,True,fifwc-prt-cdr-2026-06-17
1897095,72,0.1699998861,1,4963490.814626961,True,True,fifwc-prt-cdr-2026-06-17
1897095,168,0.1699999476,1,4963490.814626961,True,True,fifwc-prt-cdr-2026-06-17
1897095,720,0.16,1,4963490.814626961,True,True,fifwc-prt-cdr-2026-06-17
1131899,1,0.001,0,4959389.4935,False,False,will-israel-nuke-iran-by-january-31
1131899,6,0.0010000003000000257,0,4959389.4935,False,False,will-israel-nuke-iran-by-january-31
1131899,24,0.002,0,4959389.4935,False,False,will-israel-nuke-iran-by-january-31
1131899,72,0.001,0,4959389.4935,False,False,will-israel-nuke-iran-by-january-31
1131899,168,0.002,0,4959389.4935,False,False,will-israel-nuke-iran-by-january-31
1379932,1,0.5600001936,1,4746988.175277,True,False,epl-lee-mac-2026-02-28
1379932,6,0.5899998466,1,4746988.175277,True,False,epl-lee-mac-2026-02-28
1379932,24,0.6,1,4746988.175277,True,False,epl-lee-mac-2026-02-28
1379932,72,0.6199998512,1,4746988.175277,True,False,epl-lee-mac-2026-02-28
1379932,168,0.64,1,4746988.175277,True,False,epl-lee-mac-2026-02-28
2109449,1,0.27000001240000004,0,4743472.437566008,False,False,us-x-iran-diplomatic-meeting-by-329
2109449,6,0.28,0,4743472.437566008,False,False,us-x-iran-diplomatic-meeting-by-329
2109449,24,0.26,0,4743472.437566008,False,False,us-x-iran-diplomatic-meeting-by-329
2109449,72,0.28,0,4743472.437566008,False,False,us-x-iran-diplomatic-meeting-by-329
2109449,168,0.47000001010000003,0,4743472.437566008,False,False,us-x-iran-diplomatic-meeting-by-329
254006,1,0.004000290699999964,0,4742981.76517896,False,False,will-a-nuclear-weapon-detonate-in-2024
254006,6,0.0050000000000000044,0,4742981.76517896,False,False,will-a-nuclear-weapon-detonate-in-2024
254006,24,0.003000173100000003,0,4742981.76517896,False,False,will-a-nuclear-weapon-detonate-in-2024
254006,72,0.008000000000000007,0,4742981.76517896,False,False,will-a-nuclear-weapon-detonate-in-2024
254006,168,0.016000000000000014,0,4742981.76517896,False,False,will-a-nuclear-weapon-detonate-in-2024
254006,720,0.07999999999999996,0,4742981.76517896,False,False,will-a-nuclear-weapon-detonate-in-2024
521165,1,0.999,1,4737626.787572,False,False,what-price-will-bitcoin-hit-in-february
521165,6,0.999,1,4737626.787572,False,False,what-price-will-bitcoin-hit-in-february
521165,24,0.999,1,4737626.787572,False,False,what-price-will-bitcoin-hit-in-february
521165,72,0.372,1,4737626.787572,False,False,what-price-will-bitcoin-hit-in-february
521165,168,0.04,1,4737626.787572,False,False,what-price-will-bitcoin-hit-in-february
1897348,1,0.2399999986,0,4724579.781476011,True,True,fifwc-par-aus-2026-06-25
1897348,6,0.2199999985,0,4724579.781476011,True,True,fifwc-par-aus-2026-06-25
1897348,24,0.239999856,0,4724579.781476011,True,True,fifwc-par-aus-2026-06-25
1897348,72,0.24,0,4724579.781476011,True,True,fifwc-par-aus-2026-06-25
1897348,168,0.28,0,4724579.781476011,True,True,fifwc-par-aus-2026-06-25
1897348,720,0.2799999515,0,4724579.781476011,True,True,fifwc-par-aus-2026-06-25
1317179,1,0.54,1,4722450.561028,True,False,fl1-lyo-ogc-2026-02-15
1317179,6,0.54,1,4722450.561028,True,False,fl1-lyo-ogc-2026-02-15
1317179,24,0.5800000000000001,1,4722450.561028,True,False,fl1-lyo-ogc-2026-02-15
1317179,72,0.6099999985,1,4722450.561028,True,False,fl1-lyo-ogc-2026-02-15
1317179,168,0.6299999811,1,4722450.561028,True,False,fl1-lyo-ogc-2026-02-15
1897148,1,0.18000001639999996,0,4709149.469871984,True,True,fifwc-ger-civ-2026-06-20
1897148,6,0.2099998677,0,4709149.469871984,True,True,fifwc-ger-civ-2026-06-20
1897148,24,0.2099998677,0,4709149.469871984,True,True,fifwc-ger-civ-2026-06-20
1897148,72,0.2099999286,0,4709149.469871984,True,True,fifwc-ger-civ-2026-06-20
1897148,168,0.19999999999999996,0,4709149.469871984,True,True,fifwc-ger-civ-2026-06-20
1897148,720,0.20999999999999996,0,4709149.469871984,True,True,fifwc-ger-civ-2026-06-20
508835,1,0.62,1,4695548.432957,False,False,will-trump-win-florida-by-8-points
508835,6,0.63,1,4695548.432957,False,False,will-trump-win-florida-by-8-points
508835,24,0.6100000546,1,4695548.432957,False,False,will-trump-win-florida-by-8-points
508835,72,0.61,1,4695548.432957,False,False,will-trump-win-florida-by-8-points
508835,168,0.65,1,4695548.432957,False,False,will-trump-win-florida-by-8-points
508835,720,0.2799999048,1,4695548.432957,False,False,will-trump-win-florida-by-8-points
500516,1,0.001,0,4776418.440215,True,False,new-york-presidential-election-winner-20
500516,6,0.001,0,4776418.440215,True,False,new-york-presidential-election-winner-20
500516,24,0.001,0,4776418.440215,True,False,new-york-presidential-election-winner-20
500516,72,0.001,0,4776418.440215,True,False,new-york-presidential-election-winner-20
500516,168,0.001,0,4776418.440215,True,False,new-york-presidential-election-winner-20
500516,720,0.0030000000000000027,0,4776418.440215,True,False,new-york-presidential-election-winner-20
255099,1,0.001,0,4774445.530222,True,False,north-carolina-presidential-election-win
255099,6,0.001,0,4774445.530222,True,False,north-carolina-presidential-election-win
255099,24,0.0010000000000000009,0,4774445.530222,True,False,north-carolina-presidential-election-win
255099,72,0.001,0,4774445.530222,True,False,north-carolina-presidential-election-win
255099,168,0.0020000000000000018,0,4774445.530222,True,False,north-carolina-presidential-election-win
255099,720,0.0010000000000000009,0,4774445.530222,True,False,north-carolina-presidential-election-win
1375483,1,0.55,0,4851468.805094,True,False,epl-wol-ast-2026-02-27
1375483,6,0.54,0,4851468.805094,True,False,epl-wol-ast-2026-02-27
1375483,24,0.519999916,0,4851468.805094,True,False,epl-wol-ast-2026-02-27
1375483,72,0.51,0,4851468.805094,True,False,epl-wol-ast-2026-02-27
1375483,168,0.53,0,4851468.805094,True,False,epl-wol-ast-2026-02-27
568629,1,0.001,0,4841375.889859983,True,False,the-masters-winner-2026
568629,6,0.095,0,4841375.889859983,True,False,the-masters-winner-2026
568629,24,0.09,0,4841375.889859983,True,False,the-masters-winner-2026
568629,72,0.18000000000000005,0,4841375.889859983,True,False,the-masters-winner-2026
568629,168,0.14,0,4841375.889859983,True,False,the-masters-winner-2026
568629,720,0.19,0,4841375.889859983,True,False,the-masters-winner-2026
