slug,series,kind,month,question,lo,hi,horizon_h,release,nowcast_date,nowcast,sigma,nowcast_prob,pm_price,outcome,volume,actual
january-inflation-monthly,cpi,mom,2025-01,Will monthly inflation increase by 0.1% or less in January?,-inf,0.15,24,2025-02-12T13:30:00+00:00,2025-02-07,0.2424,0.1513,0.2484,0.015,0,37426,0.4669
january-inflation-monthly,cpi,mom,2025-01,Will monthly inflation increase by 0.1% or less in January?,-inf,0.15,1,2025-02-12T13:30:00+00:00,2025-02-07,0.2424,0.1513,0.2484,0.001,0,37426,0.4669
january-inflation-monthly,cpi,mom,2025-01,Will monthly inflation increase by 0.2% in January?,0.15,0.25,24,2025-02-12T13:30:00+00:00,2025-02-07,0.2424,0.1513,0.2442,0.155,0,141274,0.4669
january-inflation-monthly,cpi,mom,2025-01,Will monthly inflation increase by 0.2% in January?,0.15,0.25,1,2025-02-12T13:30:00+00:00,2025-02-07,0.2424,0.1513,0.2442,0.1,0,141274,0.4669
january-inflation-monthly,cpi,mom,2025-01,Will monthly inflation increase by 0.3% in January?,0.25,0.35,24,2025-02-12T13:30:00+00:00,2025-02-07,0.2424,0.1513,0.2471,0.44,0,22387,0.4669
january-inflation-monthly,cpi,mom,2025-01,Will monthly inflation increase by 0.3% in January?,0.25,0.35,1,2025-02-12T13:30:00+00:00,2025-02-07,0.2424,0.1513,0.2471,0.46,0,22387,0.4669
january-inflation-monthly,cpi,mom,2025-01,Will monthly inflation increase by 0.4% or more in January?,0.35,inf,24,2025-02-12T13:30:00+00:00,2025-02-07,0.2424,0.1513,0.2603,0.34,1,183497,0.4669
january-inflation-monthly,cpi,mom,2025-01,Will monthly inflation increase by 0.4% or more in January?,0.35,inf,1,2025-02-12T13:30:00+00:00,2025-02-07,0.2424,0.1513,0.2603,0.2333,1,183497,0.4669
january-inflation-annual,cpi,yoy,2025-01,Will annual inflation increase by 2.6% or less in January?,-inf,2.65,24,2025-02-12T13:30:00+00:00,2025-02-07,2.8516,0.1609,0.0924,0.001,0,49795,3.0005
january-inflation-annual,cpi,yoy,2025-01,Will annual inflation increase by 2.6% or less in January?,-inf,2.65,1,2025-02-12T13:30:00+00:00,2025-02-07,2.8516,0.1609,0.0924,0.001,0,49795,3.0005
january-inflation-annual,cpi,yoy,2025-01,Will annual inflation increase by 2.7% in January?,2.65,2.75,24,2025-02-12T13:30:00+00:00,2025-02-07,2.8516,0.1609,0.1482,0.009,0,133202,3.0005
january-inflation-annual,cpi,yoy,2025-01,Will annual inflation increase by 2.7% in January?,2.65,2.75,1,2025-02-12T13:30:00+00:00,2025-02-07,2.8516,0.1609,0.1482,0.026,0,133202,3.0005
january-inflation-annual,cpi,yoy,2025-01,Will annual inflation increase by 2.8% in January?,2.75,2.85,24,2025-02-12T13:30:00+00:00,2025-02-07,2.8516,0.1609,0.2264,0.16,0,27322,3.0005
january-inflation-annual,cpi,yoy,2025-01,Will annual inflation increase by 2.8% in January?,2.75,2.85,1,2025-02-12T13:30:00+00:00,2025-02-07,2.8516,0.1609,0.2264,0.28,0,27322,3.0005
january-inflation-annual,cpi,yoy,2025-01,Will annual inflation increase by 2.9% or more in January?,2.85,inf,24,2025-02-12T13:30:00+00:00,2025-02-07,2.8516,0.1609,0.533,0.82,1,53903,3.0005
january-inflation-annual,cpi,yoy,2025-01,Will annual inflation increase by 2.9% or more in January?,2.85,inf,1,2025-02-12T13:30:00+00:00,2025-02-07,2.8516,0.1609,0.533,0.76,1,53903,3.0005
august-inflation-annual,cpi,yoy,2025-08,Will annual inflation increase by 2.6% or less in August?,-inf,2.65,24,2025-09-11T12:30:00+00:00,2025-09-08,2.8406,0.1609,0.1043,0.005,0,211621,2.9162
august-inflation-annual,cpi,yoy,2025-08,Will annual inflation increase by 2.6% or less in August?,-inf,2.65,1,2025-09-11T12:30:00+00:00,2025-09-08,2.8406,0.1609,0.1043,0.014,0,211621,2.9162
august-inflation-annual,cpi,yoy,2025-08,Will annual inflation increase by 2.7% in August?,2.65,2.75,24,2025-09-11T12:30:00+00:00,2025-09-08,2.8406,0.1609,0.1581,0.027,0,173483,2.9162
august-inflation-annual,cpi,yoy,2025-08,Will annual inflation increase by 2.7% in August?,2.65,2.75,1,2025-09-11T12:30:00+00:00,2025-09-08,2.8406,0.1609,0.1581,0.06,0,173483,2.9162
august-inflation-annual,cpi,yoy,2025-08,Will annual inflation increase by 2.8% in August?,2.75,2.85,24,2025-09-11T12:30:00+00:00,2025-09-08,2.8406,0.1609,0.2319,0.31,0,142924,2.9162
august-inflation-annual,cpi,yoy,2025-08,Will annual inflation increase by 2.8% in August?,2.75,2.85,1,2025-09-11T12:30:00+00:00,2025-09-08,2.8406,0.1609,0.2319,0.3753,0,142924,2.9162
august-inflation-annual,cpi,yoy,2025-08,Will annual inflation increase by 2.9% in August?,2.85,2.95,24,2025-09-11T12:30:00+00:00,2025-09-08,2.8406,0.1609,0.2339,0.47,1,145984,2.9162
august-inflation-annual,cpi,yoy,2025-08,Will annual inflation increase by 2.9% in August?,2.85,2.95,1,2025-09-11T12:30:00+00:00,2025-09-08,2.8406,0.1609,0.2339,0.44,1,145984,2.9162
august-inflation-annual,cpi,yoy,2025-08,Will annual inflation increase by 3.0% or more in August?,2.95,inf,24,2025-09-11T12:30:00+00:00,2025-09-08,2.8406,0.1609,0.2718,0.2,0,164615,2.9162
august-inflation-annual,cpi,yoy,2025-08,Will annual inflation increase by 3.0% or more in August?,2.95,inf,1,2025-09-11T12:30:00+00:00,2025-09-08,2.8406,0.1609,0.2718,0.16,0,164615,2.9162
august-inflation-monthly,cpi,mom,2025-08,Will monthly inflation increase by 0.0% or less in August?,-inf,0.05,24,2025-09-11T12:30:00+00:00,2025-09-08,0.3046,0.1513,0.04,0.011,0,112690,0.3825
august-inflation-monthly,cpi,mom,2025-08,Will monthly inflation increase by 0.0% or less in August?,-inf,0.05,1,2025-09-11T12:30:00+00:00,2025-09-08,0.3046,0.1513,0.04,0.003,0,112690,0.3825
august-inflation-monthly,cpi,mom,2025-08,Will monthly inflation increase by 0.1% in August?,0.05,0.15,24,2025-09-11T12:30:00+00:00,2025-09-08,0.3046,0.1513,0.0978,0.02,0,101446,0.3825
august-inflation-monthly,cpi,mom,2025-08,Will monthly inflation increase by 0.1% in August?,0.05,0.15,1,2025-09-11T12:30:00+00:00,2025-09-08,0.3046,0.1513,0.0978,0.003,0,101446,0.3825
august-inflation-monthly,cpi,mom,2025-08,Will monthly inflation increase by 0.2% in August?,0.15,0.25,24,2025-09-11T12:30:00+00:00,2025-09-08,0.3046,0.1513,0.196,0.06,0,105482,0.3825
august-inflation-monthly,cpi,mom,2025-08,Will monthly inflation increase by 0.2% in August?,0.15,0.25,1,2025-09-11T12:30:00+00:00,2025-09-08,0.3046,0.1513,0.196,0.1,0,105482,0.3825
august-inflation-monthly,cpi,mom,2025-08,Will monthly inflation increase by 0.3% in August?,0.25,0.35,24,2025-09-11T12:30:00+00:00,2025-09-08,0.3046,0.1513,0.2577,0.55,0,148014,0.3825
august-inflation-monthly,cpi,mom,2025-08,Will monthly inflation increase by 0.3% in August?,0.25,0.35,1,2025-09-11T12:30:00+00:00,2025-09-08,0.3046,0.1513,0.2577,0.54,0,148014,0.3825
august-inflation-monthly,cpi,mom,2025-08,Will monthly inflation increase by 0.4% or more in August?,0.35,inf,24,2025-09-11T12:30:00+00:00,2025-09-08,0.3046,0.1513,0.4084,0.37,1,161190,0.3825
august-inflation-monthly,cpi,mom,2025-08,Will monthly inflation increase by 0.4% or more in August?,0.35,inf,1,2025-09-11T12:30:00+00:00,2025-09-08,0.3046,0.1513,0.4084,0.3602,1,161190,0.3825
september-inflation-monthly,cpi,mom,2025-09,Will monthly inflation increase by 0.1% or less in September?,-inf,0.15,24,2025-10-15T12:30:00+00:00,2025-10-10,0.376,0.1513,0.0591,0.01,0,65325,0.3105
september-inflation-monthly,cpi,mom,2025-09,Will monthly inflation increase by 0.1% or less in September?,-inf,0.15,1,2025-10-15T12:30:00+00:00,2025-10-14,0.376,0.1513,0.0591,0.006,0,65325,0.3105
september-inflation-monthly,cpi,mom,2025-09,Will monthly inflation increase by 0.2% in September?,0.15,0.25,24,2025-10-15T12:30:00+00:00,2025-10-10,0.376,0.1513,0.1246,0.022,0,116073,0.3105
september-inflation-monthly,cpi,mom,2025-09,Will monthly inflation increase by 0.2% in September?,0.15,0.25,1,2025-10-15T12:30:00+00:00,2025-10-14,0.376,0.1513,0.1246,0.02,0,116073,0.3105
september-inflation-monthly,cpi,mom,2025-09,Will monthly inflation increase by 0.3% in September?,0.25,0.35,24,2025-10-15T12:30:00+00:00,2025-10-10,0.376,0.1513,0.2213,0.3,1,58945,0.3105
september-inflation-monthly,cpi,mom,2025-09,Will monthly inflation increase by 0.3% in September?,0.25,0.35,1,2025-10-15T12:30:00+00:00,2025-10-14,0.376,0.1513,0.2213,0.28,1,58945,0.3105
september-inflation-monthly,cpi,mom,2025-09,Will monthly inflation increase by 0.4% in September?,0.35,0.45,24,2025-10-15T12:30:00+00:00,2025-10-10,0.376,0.1513,0.2579,0.48,0,73616,0.3105
september-inflation-monthly,cpi,mom,2025-09,Will monthly inflation increase by 0.4% in September?,0.35,0.45,1,2025-10-15T12:30:00+00:00,2025-10-14,0.376,0.1513,0.2579,0.51,0,73616,0.3105
september-inflation-monthly,cpi,mom,2025-09,Will monthly inflation increase by 0.5% or more in September?,0.45,inf,24,2025-10-15T12:30:00+00:00,2025-10-10,0.376,0.1513,0.337,0.2,0,71954,0.3105
september-inflation-monthly,cpi,mom,2025-09,Will monthly inflation increase by 0.5% or more in September?,0.45,inf,1,2025-10-15T12:30:00+00:00,2025-10-14,0.376,0.1513,0.337,0.19,0,71954,0.3105
september-inflation-annual,cpi,yoy,2025-09,Will annual inflation increase by 3.2% in September?,3.15,3.25,24,2025-10-15T12:30:00+00:00,2025-10-10,2.9885,0.1609,0.1156,0.15,0,128149,3.0127
september-inflation-annual,cpi,yoy,2025-09,Will annual inflation increase by 3.2% in September?,3.15,3.25,1,2025-10-15T12:30:00+00:00,2025-10-14,2.9885,0.1609,0.1156,0.12,0,128149,3.0127
september-inflation-annual,cpi,yoy,2025-09,Will annual inflation increase by 2.9% or less in September?,-inf,2.95,24,2025-10-15T12:30:00+00:00,2025-10-10,2.9885,0.1609,0.3776,0.09,0,179321,3.0127
september-inflation-annual,cpi,yoy,2025-09,Will annual inflation increase by 2.9% or less in September?,-inf,2.95,1,2025-10-15T12:30:00+00:00,2025-10-14,2.9885,0.1609,0.3776,0.11,0,179321,3.0127
september-inflation-annual,cpi,yoy,2025-09,Will annual inflation increase by 3.0% in September?,2.95,3.05,24,2025-10-15T12:30:00+00:00,2025-10-10,2.9885,0.1609,0.2441,0.37,1,231572,3.0127
september-inflation-annual,cpi,yoy,2025-09,Will annual inflation increase by 3.0% in September?,2.95,3.05,1,2025-10-15T12:30:00+00:00,2025-10-14,2.9885,0.1609,0.2441,0.34,1,231572,3.0127
september-inflation-annual,cpi,yoy,2025-09,Will annual inflation increase by 3.1% in September?,3.05,3.15,24,2025-10-15T12:30:00+00:00,2025-10-10,2.9885,0.1609,0.2026,0.41,0,132193,3.0127
september-inflation-annual,cpi,yoy,2025-09,Will annual inflation increase by 3.1% in September?,3.05,3.15,1,2025-10-15T12:30:00+00:00,2025-10-14,2.9885,0.1609,0.2026,0.41,0,132193,3.0127
september-inflation-annual,cpi,yoy,2025-09,Will annual inflation increase by 3.3% or more in September?,3.25,inf,24,2025-10-15T12:30:00+00:00,2025-10-10,2.9885,0.1609,0.0602,0.004,0,198483,3.0127
september-inflation-annual,cpi,yoy,2025-09,Will annual inflation increase by 3.3% or more in September?,3.25,inf,1,2025-10-15T12:30:00+00:00,2025-10-14,2.9885,0.1609,0.0602,0.002,0,198483,3.0127
october-inflation-annual,cpi,yoy,2025-10,Will annual inflation increase by ≤2.8% in October?,-inf,2.85,24,2025-11-13T13:30:00+00:00,2025-11-10,2.9592,0.1609,0.2263,0.045,0,51101,
october-inflation-annual,cpi,yoy,2025-10,Will annual inflation increase by ≤2.8% in October?,-inf,2.85,1,2025-11-13T13:30:00+00:00,2025-11-12,2.9592,0.1609,0.2263,0.007,0,51101,
october-inflation-annual,cpi,yoy,2025-10,Will annual inflation increase by 2.9% in October?,2.85,2.95,24,2025-11-13T13:30:00+00:00,2025-11-10,2.9592,0.1609,0.2222,0.15,0,52991,
october-inflation-annual,cpi,yoy,2025-10,Will annual inflation increase by 2.9% in October?,2.85,2.95,1,2025-11-13T13:30:00+00:00,2025-11-12,2.9592,0.1609,0.2222,0.0829,0,52991,
october-inflation-annual,cpi,yoy,2025-10,Will annual inflation increase by 3.0% in October?,2.95,3.05,24,2025-11-13T13:30:00+00:00,2025-11-10,2.9592,0.1609,0.2402,0.52,1,88325,
october-inflation-annual,cpi,yoy,2025-10,Will annual inflation increase by 3.0% in October?,2.95,3.05,1,2025-11-13T13:30:00+00:00,2025-11-12,2.9592,0.1609,0.2402,0.75,1,88325,
october-inflation-annual,cpi,yoy,2025-10,Will annual inflation increase by 3.1% in October?,3.05,3.15,24,2025-11-13T13:30:00+00:00,2025-11-10,2.9592,0.1609,0.1786,0.19,0,32696,
october-inflation-annual,cpi,yoy,2025-10,Will annual inflation increase by 3.1% in October?,3.05,3.15,1,2025-11-13T13:30:00+00:00,2025-11-12,2.9592,0.1609,0.1786,0.13,0,32696,
october-inflation-annual,cpi,yoy,2025-10,Will annual inflation increase by ≥3.2% in October?,3.15,inf,24,2025-11-13T13:30:00+00:00,2025-11-10,2.9592,0.1609,0.1327,0.1,0,56526,
october-inflation-annual,cpi,yoy,2025-10,Will annual inflation increase by ≥3.2% in October?,3.15,inf,1,2025-11-13T13:30:00+00:00,2025-11-12,2.9592,0.1609,0.1327,0.089,0,56526,
october-inflation-monthly,cpi,mom,2025-10,Will monthly inflation increase by 0.1% or less in October?,-inf,0.15,24,2025-11-13T13:30:00+00:00,2025-11-10,0.1833,0.1513,0.3865,0.07,0,46114,
october-inflation-monthly,cpi,mom,2025-10,Will monthly inflation increase by 0.1% or less in October?,-inf,0.15,1,2025-11-13T13:30:00+00:00,2025-11-12,0.1833,0.1513,0.3865,0.041,0,46114,
october-inflation-monthly,cpi,mom,2025-10,Will monthly inflation increase by 0.2% in October?,0.15,0.25,24,2025-11-13T13:30:00+00:00,2025-11-10,0.1833,0.1513,0.2587,0.61,0,30355,
october-inflation-monthly,cpi,mom,2025-10,Will monthly inflation increase by 0.2% in October?,0.15,0.25,1,2025-11-13T13:30:00+00:00,2025-11-12,0.1833,0.1513,0.2587,0.25,0,30355,
october-inflation-monthly,cpi,mom,2025-10,Will monthly inflation increase by 0.3% in October?,0.25,0.35,24,2025-11-13T13:30:00+00:00,2025-11-10,0.1833,0.1513,0.204,0.31,1,38480,
october-inflation-monthly,cpi,mom,2025-10,Will monthly inflation increase by 0.3% in October?,0.25,0.35,1,2025-11-13T13:30:00+00:00,2025-11-12,0.1833,0.1513,0.204,0.33,1,38480,
october-inflation-monthly,cpi,mom,2025-10,Will monthly inflation increase by 0.4% in October?,0.35,0.45,24,2025-11-13T13:30:00+00:00,2025-11-10,0.1833,0.1513,0.1056,0.002,0,27314,
october-inflation-monthly,cpi,mom,2025-10,Will monthly inflation increase by 0.4% in October?,0.35,0.45,1,2025-11-13T13:30:00+00:00,2025-11-12,0.1833,0.1513,0.1056,0.0109,0,27314,
october-inflation-monthly,cpi,mom,2025-10,Will monthly inflation increase by 0.5% or more in October?,0.45,inf,24,2025-11-13T13:30:00+00:00,2025-11-10,0.1833,0.1513,0.0451,0.001,0,115276,
october-inflation-monthly,cpi,mom,2025-10,Will monthly inflation increase by 0.5% or more in October?,0.45,inf,1,2025-11-13T13:30:00+00:00,2025-11-12,0.1833,0.1513,0.0451,0.001,0,115276,
november-inflation-annual,cpi,yoy,2025-11,Will annual inflation increase by ≤2.8% in November?,-inf,2.85,24,2025-12-18T13:30:00+00:00,2025-12-16,2.995,0.1609,0.1651,0.004,1,166167,2.7351
november-inflation-annual,cpi,yoy,2025-11,Will annual inflation increase by ≤2.8% in November?,-inf,2.85,1,2025-12-18T13:30:00+00:00,2025-12-16,2.995,0.1609,0.1651,0.015,1,166167,2.7351
november-inflation-annual,cpi,yoy,2025-11,Will annual inflation increase by 2.9% in November?,2.85,2.95,24,2025-12-18T13:30:00+00:00,2025-12-16,2.995,0.1609,0.1973,0.15,0,144769,2.7351
november-inflation-annual,cpi,yoy,2025-11,Will annual inflation increase by 2.9% in November?,2.85,2.95,1,2025-12-18T13:30:00+00:00,2025-12-16,2.995,0.1609,0.1973,0.18,0,144769,2.7351
november-inflation-annual,cpi,yoy,2025-11,Will annual inflation increase by 3.0% in November?,2.95,3.05,24,2025-12-18T13:30:00+00:00,2025-12-16,2.995,0.1609,0.2439,0.45,0,99793,2.7351
november-inflation-annual,cpi,yoy,2025-11,Will annual inflation increase by 3.0% in November?,2.95,3.05,1,2025-12-18T13:30:00+00:00,2025-12-16,2.995,0.1609,0.2439,0.6305,0,99793,2.7351
november-inflation-annual,cpi,yoy,2025-11,Will annual inflation increase by 3.1% in November?,3.05,3.15,24,2025-12-18T13:30:00+00:00,2025-12-16,2.995,0.1609,0.2074,0.41,0,113874,2.7351
november-inflation-annual,cpi,yoy,2025-11,Will annual inflation increase by 3.1% in November?,3.05,3.15,1,2025-12-18T13:30:00+00:00,2025-12-16,2.995,0.1609,0.2074,0.22,0,113874,2.7351
november-inflation-annual,cpi,yoy,2025-11,Will annual inflation increase by ≥3.2% in November?,3.15,inf,24,2025-12-18T13:30:00+00:00,2025-12-16,2.995,0.1609,0.1864,0.038,0,141195,2.7351
november-inflation-annual,cpi,yoy,2025-11,Will annual inflation increase by ≥3.2% in November?,3.15,inf,1,2025-12-18T13:30:00+00:00,2025-12-16,2.995,0.1609,0.1864,0.01,0,141195,2.7351
november-inflation-monthly,cpi,mom,2025-11,Will monthly inflation increase by 0.1% or less in November?,-inf,0.15,24,2025-12-18T13:30:00+00:00,2025-12-16,0.3215,0.1513,0.1146,0.0193,0,93555,0.0211
november-inflation-monthly,cpi,mom,2025-11,Will monthly inflation increase by 0.1% or less in November?,-inf,0.15,1,2025-12-18T13:30:00+00:00,2025-12-16,0.3215,0.1513,0.1146,0.048,0,93555,0.0211
november-inflation-monthly,cpi,mom,2025-11,Will monthly inflation increase by 0.2% in November?,0.15,0.25,24,2025-12-18T13:30:00+00:00,2025-12-16,0.3215,0.1513,0.1795,0.028,0,55367,0.0211
november-inflation-monthly,cpi,mom,2025-11,Will monthly inflation increase by 0.2% in November?,0.15,0.25,1,2025-12-18T13:30:00+00:00,2025-12-16,0.3215,0.1513,0.1795,0.011,0,55367,0.0211
november-inflation-monthly,cpi,mom,2025-11,Will monthly inflation increase by 0.3% in November?,0.25,0.35,24,2025-12-18T13:30:00+00:00,2025-12-16,0.3215,0.1513,0.2534,0.92,1,96109,0.0211
november-inflation-monthly,cpi,mom,2025-11,Will monthly inflation increase by 0.3% in November?,0.25,0.35,1,2025-12-18T13:30:00+00:00,2025-12-16,0.3215,0.1513,0.2534,0.9227,1,96109,0.0211
november-inflation-monthly,cpi,mom,2025-11,Will monthly inflation increase by 0.4% in November?,0.35,0.45,24,2025-12-18T13:30:00+00:00,2025-12-16,0.3215,0.1513,0.2349,0.015,0,31451,0.0211
november-inflation-monthly,cpi,mom,2025-11,Will monthly inflation increase by 0.4% in November?,0.35,0.45,1,2025-12-18T13:30:00+00:00,2025-12-16,0.3215,0.1513,0.2349,0.013,0,31451,0.0211
november-inflation-monthly,cpi,mom,2025-11,Will monthly inflation increase by 0.5% or more in November?,0.45,inf,24,2025-12-18T13:30:00+00:00,2025-12-16,0.3215,0.1513,0.2176,0.0056,0,25472,0.0211
november-inflation-monthly,cpi,mom,2025-11,Will monthly inflation increase by 0.5% or more in November?,0.45,inf,1,2025-12-18T13:30:00+00:00,2025-12-16,0.3215,0.1513,0.2176,0.006,0,25472,0.0211
december-inflation-us-annual,cpi,yoy,2025-12,Will annual inflation increase by ≤2.8% in December?,-inf,2.85,24,2026-01-13T13:30:00+00:00,2026-01-08,2.5735,0.1609,0.9502,0.877,1,92579,2.6771
december-inflation-us-annual,cpi,yoy,2025-12,Will annual inflation increase by ≤2.8% in December?,-inf,2.85,1,2026-01-13T13:30:00+00:00,2026-01-08,2.5735,0.1609,0.9502,0.8865,1,92579,2.6771
december-inflation-us-annual,cpi,yoy,2025-12,Will annual inflation increase by 2.9% in December?,2.85,2.95,24,2026-01-13T13:30:00+00:00,2026-01-08,2.5735,0.1609,0.0382,0.05,0,62863,2.6771
december-inflation-us-annual,cpi,yoy,2025-12,Will annual inflation increase by 2.9% in December?,2.85,2.95,1,2026-01-13T13:30:00+00:00,2026-01-08,2.5735,0.1609,0.0382,0.05,0,62863,2.6771
december-inflation-us-annual,cpi,yoy,2025-12,Will annual inflation increase by 3.0% in December?,2.95,3.05,24,2026-01-13T13:30:00+00:00,2026-01-08,2.5735,0.1609,0.0097,0.008,0,47815,2.6771
december-inflation-us-annual,cpi,yoy,2025-12,Will annual inflation increase by 3.0% in December?,2.95,3.05,1,2026-01-13T13:30:00+00:00,2026-01-08,2.5735,0.1609,0.0097,0.01,0,47815,2.6771
december-inflation-us-annual,cpi,yoy,2025-12,Will annual inflation increase by 3.1% in December?,3.05,3.15,24,2026-01-13T13:30:00+00:00,2026-01-08,2.5735,0.1609,0.0017,0.003,0,29368,2.6771
december-inflation-us-annual,cpi,yoy,2025-12,Will annual inflation increase by 3.1% in December?,3.05,3.15,1,2026-01-13T13:30:00+00:00,2026-01-08,2.5735,0.1609,0.0017,0.002,0,29368,2.6771
december-inflation-us-annual,cpi,yoy,2025-12,Will annual inflation increase by ≥3.2% in December?,3.15,inf,24,2026-01-13T13:30:00+00:00,2026-01-08,2.5735,0.1609,0.0002,0.003,0,32981,2.6771
december-inflation-us-annual,cpi,yoy,2025-12,Will annual inflation increase by ≥3.2% in December?,3.15,inf,1,2026-01-13T13:30:00+00:00,2026-01-08,2.5735,0.1609,0.0002,0.002,0,32981,2.6771
december-inflation-us-monthly,cpi,mom,2025-12,Will monthly inflation increase by 0.1% or less in December?,-inf,0.15,24,2026-01-13T13:30:00+00:00,2026-01-08,0.2046,0.1513,0.3339,0.075,0,92637,0.3074
december-inflation-us-monthly,cpi,mom,2025-12,Will monthly inflation increase by 0.1% or less in December?,-inf,0.15,1,2026-01-13T13:30:00+00:00,2026-01-08,0.2046,0.1513,0.3339,0.006,0,92637,0.3074
december-inflation-us-monthly,cpi,mom,2025-12,Will monthly inflation increase by 0.2% in December?,0.15,0.25,24,2026-01-13T13:30:00+00:00,2026-01-08,0.2046,0.1513,0.2577,0.35,0,116843,0.3074
december-inflation-us-monthly,cpi,mom,2025-12,Will monthly inflation increase by 0.2% in December?,0.15,0.25,1,2026-01-13T13:30:00+00:00,2026-01-08,0.2046,0.1513,0.2577,0.29,0,116843,0.3074
december-inflation-us-monthly,cpi,mom,2025-12,Will monthly inflation increase by 0.3% in December?,0.25,0.35,24,2026-01-13T13:30:00+00:00,2026-01-08,0.2046,0.1513,0.2224,0.39,1,119647,0.3074
december-inflation-us-monthly,cpi,mom,2025-12,Will monthly inflation increase by 0.3% in December?,0.25,0.35,1,2026-01-13T13:30:00+00:00,2026-01-08,0.2046,0.1513,0.2224,0.39,1,119647,0.3074
december-inflation-us-monthly,cpi,mom,2025-12,Will monthly inflation increase by 0.4% in December?,0.35,0.45,24,2026-01-13T13:30:00+00:00,2026-01-08,0.2046,0.1513,0.1259,0.17,0,83946,0.3074
december-inflation-us-monthly,cpi,mom,2025-12,Will monthly inflation increase by 0.4% in December?,0.35,0.45,1,2026-01-13T13:30:00+00:00,2026-01-08,0.2046,0.1513,0.1259,0.25,0,83946,0.3074
december-inflation-us-monthly,cpi,mom,2025-12,Will monthly inflation increase by 0.5% or more in December?,0.45,inf,24,2026-01-13T13:30:00+00:00,2026-01-08,0.2046,0.1513,0.0602,0.031,0,67167,0.3074
december-inflation-us-monthly,cpi,mom,2025-12,Will monthly inflation increase by 0.5% or more in December?,0.45,inf,1,2026-01-13T13:30:00+00:00,2026-01-08,0.2046,0.1513,0.0602,0.0467,0,67167,0.3074
january-inflation-us-monthly,cpi,mom,2026-01,Will monthly inflation increase by 0.1% or less in January?,-inf,0.15,24,2026-02-11T13:30:00+00:00,2026-02-09,0.135,0.1513,0.5122,0.24,0,106172,0.1708
january-inflation-us-monthly,cpi,mom,2026-01,Will monthly inflation increase by 0.1% or less in January?,-inf,0.15,1,2026-02-11T13:30:00+00:00,2026-02-10,0.135,0.1513,0.5122,0.24,0,106172,0.1708
january-inflation-us-monthly,cpi,mom,2026-01,Will monthly inflation increase by 0.2% in January?,0.15,0.25,24,2026-02-11T13:30:00+00:00,2026-02-09,0.135,0.1513,0.2432,0.38,1,38749,0.1708
january-inflation-us-monthly,cpi,mom,2026-01,Will monthly inflation increase by 0.2% in January?,0.15,0.25,1,2026-02-11T13:30:00+00:00,2026-02-10,0.135,0.1513,0.2432,0.38,1,38749,0.1708
january-inflation-us-monthly,cpi,mom,2026-01,Will monthly inflation increase by 0.3% in January?,0.25,0.35,24,2026-02-11T13:30:00+00:00,2026-02-09,0.135,0.1513,0.1565,0.25,0,39876,0.1708
january-inflation-us-monthly,cpi,mom,2026-01,Will monthly inflation increase by 0.3% in January?,0.25,0.35,1,2026-02-11T13:30:00+00:00,2026-02-10,0.135,0.1513,0.1565,0.24,0,39876,0.1708
january-inflation-us-monthly,cpi,mom,2026-01,Will monthly inflation increase by 0.4% in January?,0.35,0.45,24,2026-02-11T13:30:00+00:00,2026-02-09,0.135,0.1513,0.0661,0.105,0,35903,0.1708
january-inflation-us-monthly,cpi,mom,2026-01,Will monthly inflation increase by 0.4% in January?,0.35,0.45,1,2026-02-11T13:30:00+00:00,2026-02-10,0.135,0.1513,0.0661,0.095,0,35903,0.1708
january-inflation-us-monthly,cpi,mom,2026-01,Will monthly inflation increase by 0.5% or more in January?,0.45,inf,24,2026-02-11T13:30:00+00:00,2026-02-09,0.135,0.1513,0.022,0.024,0,39904,0.1708
january-inflation-us-monthly,cpi,mom,2026-01,Will monthly inflation increase by 0.5% or more in January?,0.45,inf,1,2026-02-11T13:30:00+00:00,2026-02-10,0.135,0.1513,0.022,0.0293,0,39904,0.1708
january-inflation-us-annual,cpi,yoy,2026-01,Will annual inflation increase by ≤2.8% in January?,-inf,2.85,24,2026-02-11T13:30:00+00:00,2026-02-09,2.3637,0.1609,0.9984,0.9726,1,28832,2.3864
january-inflation-us-annual,cpi,yoy,2026-01,Will annual inflation increase by ≤2.8% in January?,-inf,2.85,1,2026-02-11T13:30:00+00:00,2026-02-10,2.3637,0.1609,0.9984,0.971,1,28832,2.3864
january-inflation-us-annual,cpi,yoy,2026-01,Will annual inflation increase by 2.9% in January?,2.85,2.95,24,2026-02-11T13:30:00+00:00,2026-02-09,2.3637,0.1609,0.0014,0.012,0,9646,2.3864
january-inflation-us-annual,cpi,yoy,2026-01,Will annual inflation increase by 2.9% in January?,2.85,2.95,1,2026-02-11T13:30:00+00:00,2026-02-10,2.3637,0.1609,0.0014,0.0172,0,9646,2.3864
january-inflation-us-annual,cpi,yoy,2026-01,Will annual inflation increase by 3.0% in January?,2.95,3.05,24,2026-02-11T13:30:00+00:00,2026-02-09,2.3637,0.1609,0.0002,0.003,0,14042,2.3864
january-inflation-us-annual,cpi,yoy,2026-01,Will annual inflation increase by 3.0% in January?,2.95,3.05,1,2026-02-11T13:30:00+00:00,2026-02-10,2.3637,0.1609,0.0002,0.005,0,14042,2.3864
january-inflation-us-annual,cpi,yoy,2026-01,Will annual inflation increase by 3.1% in January?,3.05,3.15,24,2026-02-11T13:30:00+00:00,2026-02-09,2.3637,0.1609,0.0,0.01,0,4397,2.3864
january-inflation-us-annual,cpi,yoy,2026-01,Will annual inflation increase by 3.1% in January?,3.05,3.15,1,2026-02-11T13:30:00+00:00,2026-02-10,2.3637,0.1609,0.0,0.005,0,4397,2.3864
january-inflation-us-annual,cpi,yoy,2026-01,Will annual inflation increase by ≥3.2% in January?,3.15,inf,24,2026-02-11T13:30:00+00:00,2026-02-09,2.3637,0.1609,0.0,0.002,0,12556,2.3864
january-inflation-us-annual,cpi,yoy,2026-01,Will annual inflation increase by ≥3.2% in January?,3.15,inf,1,2026-02-11T13:30:00+00:00,2026-02-10,2.3637,0.1609,0.0,0.003,0,12556,2.3864
january-inflation-us-annual-lower-brackets-817,cpi,yoy,2026-01,Will annual inflation increase by ≤2.1% in January?,-inf,2.15,24,2026-02-11T13:30:00+00:00,2026-02-09,2.3637,0.1609,0.0806,0.02,0,125067,2.3864
january-inflation-us-annual-lower-brackets-817,cpi,yoy,2026-01,Will annual inflation increase by ≤2.1% in January?,-inf,2.15,1,2026-02-11T13:30:00+00:00,2026-02-10,2.3637,0.1609,0.0806,0.007,0,125067,2.3864
january-inflation-us-annual-lower-brackets-817,cpi,yoy,2026-01,Will annual inflation increase by 2.2% in January?,2.15,2.25,24,2026-02-11T13:30:00+00:00,2026-02-09,2.3637,0.1609,0.1372,0.041,0,75430,2.3864
january-inflation-us-annual-lower-brackets-817,cpi,yoy,2026-01,Will annual inflation increase by 2.2% in January?,2.15,2.25,1,2026-02-11T13:30:00+00:00,2026-02-10,2.3637,0.1609,0.1372,0.032,0,75430,2.3864
january-inflation-us-annual-lower-brackets-817,cpi,yoy,2026-01,Will annual inflation increase by 2.3% in January?,2.25,2.35,24,2026-02-11T13:30:00+00:00,2026-02-09,2.3637,0.1609,0.2194,0.13,0,72341,2.3864
january-inflation-us-annual-lower-brackets-817,cpi,yoy,2026-01,Will annual inflation increase by 2.3% in January?,2.25,2.35,1,2026-02-11T13:30:00+00:00,2026-02-10,2.3637,0.1609,0.2194,0.141,0,72341,2.3864
january-inflation-us-annual-lower-brackets-817,cpi,yoy,2026-01,Will annual inflation increase by 2.4% in January?,2.35,2.45,24,2026-02-11T13:30:00+00:00,2026-02-09,2.3637,0.1609,0.2413,0.35,1,98510,2.3864
january-inflation-us-annual-lower-brackets-817,cpi,yoy,2026-01,Will annual inflation increase by 2.4% in January?,2.35,2.45,1,2026-02-11T13:30:00+00:00,2026-02-10,2.3637,0.1609,0.2413,0.437,1,98510,2.3864
january-inflation-us-annual-lower-brackets-817,cpi,yoy,2026-01,Will annual inflation increase by 2.5% in January?,2.45,2.55,24,2026-02-11T13:30:00+00:00,2026-02-09,2.3637,0.1609,0.1826,0.22,0,78254,2.3864
january-inflation-us-annual-lower-brackets-817,cpi,yoy,2026-01,Will annual inflation increase by 2.5% in January?,2.45,2.55,1,2026-02-11T13:30:00+00:00,2026-02-10,2.3637,0.1609,0.1826,0.21,0,78254,2.3864
january-inflation-us-annual-lower-brackets-817,cpi,yoy,2026-01,Will annual inflation increase by 2.6% in January?,2.55,2.65,24,2026-02-11T13:30:00+00:00,2026-02-09,2.3637,0.1609,0.095,0.18,0,71400,2.3864
january-inflation-us-annual-lower-brackets-817,cpi,yoy,2026-01,Will annual inflation increase by 2.6% in January?,2.55,2.65,1,2026-02-11T13:30:00+00:00,2026-02-10,2.3637,0.1609,0.095,0.19,0,71400,2.3864
january-inflation-us-annual-lower-brackets-817,cpi,yoy,2026-01,Will annual inflation increase by ≥2.7% in January?,2.65,inf,24,2026-02-11T13:30:00+00:00,2026-02-09,2.3637,0.1609,0.0439,0.06,0,120799,2.3864
january-inflation-us-annual-lower-brackets-817,cpi,yoy,2026-01,Will annual inflation increase by ≥2.7% in January?,2.65,inf,1,2026-02-11T13:30:00+00:00,2026-02-10,2.3637,0.1609,0.0439,0.066,0,120799,2.3864
february-inflation-us-annual,cpi,yoy,2026-02,Will annual inflation increase by ≤2.1% in February?,-inf,2.15,24,2026-03-11T12:30:00+00:00,2026-03-06,2.4058,0.1609,0.0482,0.017,0,0,2.4141
february-inflation-us-annual,cpi,yoy,2026-02,Will annual inflation increase by ≤2.1% in February?,-inf,2.15,1,2026-03-11T12:30:00+00:00,2026-03-06,2.4058,0.1609,0.0482,0.0123,0,0,2.4141
february-inflation-us-annual,cpi,yoy,2026-02,Will annual inflation increase by 2.2% in February?,2.15,2.25,24,2026-03-11T12:30:00+00:00,2026-03-06,2.4058,0.1609,0.1007,0.0379,0,0,2.4141
february-inflation-us-annual,cpi,yoy,2026-02,Will annual inflation increase by 2.2% in February?,2.15,2.25,1,2026-03-11T12:30:00+00:00,2026-03-06,2.4058,0.1609,0.1007,0.011,0,0,2.4141
february-inflation-us-annual,cpi,yoy,2026-02,Will annual inflation increase by 2.3% in February?,2.25,2.35,24,2026-03-11T12:30:00+00:00,2026-03-06,2.4058,0.1609,0.1885,0.08,0,0,2.4141
february-inflation-us-annual,cpi,yoy,2026-02,Will annual inflation increase by 2.3% in February?,2.25,2.35,1,2026-03-11T12:30:00+00:00,2026-03-06,2.4058,0.1609,0.1885,0.13,0,0,2.4141
february-inflation-us-annual,cpi,yoy,2026-02,Will annual inflation increase by 2.4% in February?,2.35,2.45,24,2026-03-11T12:30:00+00:00,2026-03-06,2.4058,0.1609,0.2427,0.43,1,0,2.4141
february-inflation-us-annual,cpi,yoy,2026-02,Will annual inflation increase by 2.4% in February?,2.35,2.45,1,2026-03-11T12:30:00+00:00,2026-03-06,2.4058,0.1609,0.2427,0.51,1,0,2.4141
february-inflation-us-annual,cpi,yoy,2026-02,Will annual inflation increase by 2.5% in February?,2.45,2.55,24,2026-03-11T12:30:00+00:00,2026-03-06,2.4058,0.1609,0.2149,0.4,0,0,2.4141
february-inflation-us-annual,cpi,yoy,2026-02,Will annual inflation increase by 2.5% in February?,2.45,2.55,1,2026-03-11T12:30:00+00:00,2026-03-06,2.4058,0.1609,0.2149,0.32,0,0,2.4141
february-inflation-us-annual,cpi,yoy,2026-02,Will annual inflation increase by 2.6% in February?,2.55,2.65,24,2026-03-11T12:30:00+00:00,2026-03-06,2.4058,0.1609,0.1308,0.0501,0,0,2.4141
february-inflation-us-annual,cpi,yoy,2026-02,Will annual inflation increase by 2.6% in February?,2.55,2.65,1,2026-03-11T12:30:00+00:00,2026-03-06,2.4058,0.1609,0.1308,0.051,0,0,2.4141
february-inflation-us-annual,cpi,yoy,2026-02,Will annual inflation increase by ≥2.7% in February?,2.65,inf,24,2026-03-11T12:30:00+00:00,2026-03-06,2.4058,0.1609,0.0741,0.0069,0,0,2.4141
february-inflation-us-annual,cpi,yoy,2026-02,Will annual inflation increase by ≥2.7% in February?,2.65,inf,1,2026-03-11T12:30:00+00:00,2026-03-06,2.4058,0.1609,0.0741,0.021,0,0,2.4141
february-inflation-us-monthly-231,cpi,mom,2026-02,Will monthly inflation increase by 0.0% or less in February?,-inf,0.05,24,2026-03-11T12:30:00+00:00,2026-03-06,0.2486,0.1513,0.0836,0.016,0,0,0.267
february-inflation-us-monthly-231,cpi,mom,2026-02,Will monthly inflation increase by 0.0% or less in February?,-inf,0.05,1,2026-03-11T12:30:00+00:00,2026-03-06,0.2486,0.1513,0.0836,0.0108,0,0,0.267
february-inflation-us-monthly-231,cpi,mom,2026-02,Will monthly inflation increase by 0.1% in February?,0.05,0.15,24,2026-03-11T12:30:00+00:00,2026-03-06,0.2486,0.1513,0.1521,0.08,0,0,0.267
february-inflation-us-monthly-231,cpi,mom,2026-02,Will monthly inflation increase by 0.1% in February?,0.05,0.15,1,2026-03-11T12:30:00+00:00,2026-03-06,0.2486,0.1513,0.1521,0.068,0,0,0.267
february-inflation-us-monthly-231,cpi,mom,2026-02,Will monthly inflation increase by 0.2% in February?,0.15,0.25,24,2026-03-11T12:30:00+00:00,2026-03-06,0.2486,0.1513,0.2406,0.44,0,0,0.267
february-inflation-us-monthly-231,cpi,mom,2026-02,Will monthly inflation increase by 0.2% in February?,0.15,0.25,1,2026-03-11T12:30:00+00:00,2026-03-06,0.2486,0.1513,0.2406,0.42,0,0,0.267
february-inflation-us-monthly-231,cpi,mom,2026-02,Will monthly inflation increase by 0.3% in February?,0.25,0.35,24,2026-03-11T12:30:00+00:00,2026-03-06,0.2486,0.1513,0.2499,0.47,1,0,0.267
february-inflation-us-monthly-231,cpi,mom,2026-02,Will monthly inflation increase by 0.3% in February?,0.25,0.35,1,2026-03-11T12:30:00+00:00,2026-03-06,0.2486,0.1513,0.2499,0.49,1,0,0.267
february-inflation-us-monthly-231,cpi,mom,2026-02,Will monthly inflation increase by 0.4% or more in February?,0.35,inf,24,2026-03-11T12:30:00+00:00,2026-03-06,0.2486,0.1513,0.2738,0.013,0,0,0.267
february-inflation-us-monthly-231,cpi,mom,2026-02,Will monthly inflation increase by 0.4% or more in February?,0.35,inf,1,2026-03-11T12:30:00+00:00,2026-03-06,0.2486,0.1513,0.2738,0.0235,0,0,0.267
march-inflation-us-annual,cpi,yoy,2026-03,Will annual inflation increase by ≤2.0% in March?,-inf,2.05,24,2026-04-10T12:30:00+00:00,2026-04-07,3.2523,0.1609,0.0,0.002,0,213922,3.2564
march-inflation-us-annual,cpi,yoy,2026-03,Will annual inflation increase by ≤2.0% in March?,-inf,2.05,1,2026-04-10T12:30:00+00:00,2026-04-07,3.2523,0.1609,0.0,0.0011,0,213922,3.2564
march-inflation-us-annual,cpi,yoy,2026-03,Will annual inflation increase by 2.1% in March?,2.05,2.15,24,2026-04-10T12:30:00+00:00,2026-04-07,3.2523,0.1609,0.0,0.001,0,103332,3.2564
march-inflation-us-annual,cpi,yoy,2026-03,Will annual inflation increase by 2.1% in March?,2.05,2.15,1,2026-04-10T12:30:00+00:00,2026-04-07,3.2523,0.1609,0.0,0.0032,0,103332,3.2564
march-inflation-us-annual,cpi,yoy,2026-03,Will annual inflation increase by 2.2% in March?,2.15,2.25,24,2026-04-10T12:30:00+00:00,2026-04-07,3.2523,0.1609,0.0,0.002,0,107932,3.2564
march-inflation-us-annual,cpi,yoy,2026-03,Will annual inflation increase by 2.2% in March?,2.15,2.25,1,2026-04-10T12:30:00+00:00,2026-04-07,3.2523,0.1609,0.0,0.001,0,107932,3.2564
march-inflation-us-annual,cpi,yoy,2026-03,Will annual inflation increase by 2.3% in March?,2.25,2.35,24,2026-04-10T12:30:00+00:00,2026-04-07,3.2523,0.1609,0.0,0.001,0,239086,3.2564
march-inflation-us-annual,cpi,yoy,2026-03,Will annual inflation increase by 2.3% in March?,2.25,2.35,1,2026-04-10T12:30:00+00:00,2026-04-07,3.2523,0.1609,0.0,0.0097,0,239086,3.2564
march-inflation-us-annual,cpi,yoy,2026-03,Will annual inflation increase by 2.4% in March?,2.35,2.45,24,2026-04-10T12:30:00+00:00,2026-04-07,3.2523,0.1609,0.0,0.002,0,208605,3.2564
march-inflation-us-annual,cpi,yoy,2026-03,Will annual inflation increase by 2.4% in March?,2.35,2.45,1,2026-04-10T12:30:00+00:00,2026-04-07,3.2523,0.1609,0.0,0.001,0,208605,3.2564
march-inflation-us-annual,cpi,yoy,2026-03,Will annual inflation increase by 2.5% in March?,2.45,2.55,24,2026-04-10T12:30:00+00:00,2026-04-07,3.2523,0.1609,0.0,0.004,0,205962,3.2564
march-inflation-us-annual,cpi,yoy,2026-03,Will annual inflation increase by 2.5% in March?,2.45,2.55,1,2026-04-10T12:30:00+00:00,2026-04-07,3.2523,0.1609,0.0,0.001,0,205962,3.2564
march-inflation-us-annual,cpi,yoy,2026-03,Will annual inflation increase by 2.6% in March?,2.55,2.65,24,2026-04-10T12:30:00+00:00,2026-04-07,3.2523,0.1609,0.0001,0.0012,0,176981,3.2564
march-inflation-us-annual,cpi,yoy,2026-03,Will annual inflation increase by 2.6% in March?,2.55,2.65,1,2026-04-10T12:30:00+00:00,2026-04-07,3.2523,0.1609,0.0001,0.0127,0,176981,3.2564
march-inflation-us-annual,cpi,yoy,2026-03,Will annual inflation increase by 2.7% in March?,2.65,2.75,24,2026-04-10T12:30:00+00:00,2026-04-07,3.2523,0.1609,0.0006,0.003,0,188599,3.2564
march-inflation-us-annual,cpi,yoy,2026-03,Will annual inflation increase by 2.7% in March?,2.65,2.75,1,2026-04-10T12:30:00+00:00,2026-04-07,3.2523,0.1609,0.0006,0.001,0,188599,3.2564
march-inflation-us-annual,cpi,yoy,2026-03,Will annual inflation increase by ≥2.8% in March?,2.75,inf,24,2026-04-10T12:30:00+00:00,2026-04-07,3.2523,0.1609,0.9993,0.99,1,1900362,3.2564
march-inflation-us-annual,cpi,yoy,2026-03,Will annual inflation increase by ≥2.8% in March?,2.75,inf,1,2026-04-10T12:30:00+00:00,2026-04-07,3.2523,0.1609,0.9993,0.981,1,1900362,3.2564
march-inflation-us-annual-higher-brackets,cpi,yoy,2026-03,Will annual inflation increase by ≤2.6% in March?,-inf,2.65,24,2026-04-10T12:30:00+00:00,2026-04-07,3.2523,0.1609,0.0001,0.0113,0,145060,3.2564
march-inflation-us-annual-higher-brackets,cpi,yoy,2026-03,Will annual inflation increase by ≤2.6% in March?,-inf,2.65,1,2026-04-10T12:30:00+00:00,2026-04-07,3.2523,0.1609,0.0001,0.061,0,145060,3.2564
march-inflation-us-annual-higher-brackets,cpi,yoy,2026-03,Will annual inflation increase by 2.7% in March?,2.65,2.75,24,2026-04-10T12:30:00+00:00,2026-04-07,3.2523,0.1609,0.0006,0.002,0,136763,3.2564
march-inflation-us-annual-higher-brackets,cpi,yoy,2026-03,Will annual inflation increase by 2.7% in March?,2.65,2.75,1,2026-04-10T12:30:00+00:00,2026-04-07,3.2523,0.1609,0.0006,0.001,0,136763,3.2564
march-inflation-us-annual-higher-brackets,cpi,yoy,2026-03,Will annual inflation increase by 2.8% in March?,2.75,2.85,24,2026-04-10T12:30:00+00:00,2026-04-07,3.2523,0.1609,0.0043,0.002,0,71604,3.2564
march-inflation-us-annual-higher-brackets,cpi,yoy,2026-03,Will annual inflation increase by 2.8% in March?,2.75,2.85,1,2026-04-10T12:30:00+00:00,2026-04-07,3.2523,0.1609,0.0043,0.001,0,71604,3.2564
march-inflation-us-annual-higher-brackets,cpi,yoy,2026-03,Will annual inflation increase by 2.9% in March?,2.85,2.95,24,2026-04-10T12:30:00+00:00,2026-04-07,3.2523,0.1609,0.0204,0.004,0,76094,3.2564
march-inflation-us-annual-higher-brackets,cpi,yoy,2026-03,Will annual inflation increase by 2.9% in March?,2.85,2.95,1,2026-04-10T12:30:00+00:00,2026-04-07,3.2523,0.1609,0.0204,0.001,0,76094,3.2564
march-inflation-us-annual-higher-brackets,cpi,yoy,2026-03,Will annual inflation increase by 3.0% in March?,2.95,3.05,24,2026-04-10T12:30:00+00:00,2026-04-07,3.2523,0.1609,0.0662,0.0047,0,81094,3.2564
march-inflation-us-annual-higher-brackets,cpi,yoy,2026-03,Will annual inflation increase by 3.0% in March?,2.95,3.05,1,2026-04-10T12:30:00+00:00,2026-04-07,3.2523,0.1609,0.0662,0.001,0,81094,3.2564
march-inflation-us-annual-higher-brackets,cpi,yoy,2026-03,Will annual inflation increase by 3.1% in March?,3.05,3.15,24,2026-04-10T12:30:00+00:00,2026-04-07,3.2523,0.1609,0.1475,0.0321,0,134628,3.2564
march-inflation-us-annual-higher-brackets,cpi,yoy,2026-03,Will annual inflation increase by 3.1% in March?,3.05,3.15,1,2026-04-10T12:30:00+00:00,2026-04-07,3.2523,0.1609,0.1475,0.013,0,134628,3.2564
march-inflation-us-annual-higher-brackets,cpi,yoy,2026-03,Will annual inflation increase by 3.2% in March?,3.15,3.25,24,2026-04-10T12:30:00+00:00,2026-04-07,3.2523,0.1609,0.2261,0.15,0,72548,3.2564
march-inflation-us-annual-higher-brackets,cpi,yoy,2026-03,Will annual inflation increase by 3.2% in March?,3.15,3.25,1,2026-04-10T12:30:00+00:00,2026-04-07,3.2523,0.1609,0.2261,0.174,0,72548,3.2564
march-inflation-us-annual-higher-brackets,cpi,yoy,2026-03,Will annual inflation increase by 3.3% in March?,3.25,3.35,24,2026-04-10T12:30:00+00:00,2026-04-07,3.2523,0.1609,0.2382,0.413,1,216587,3.2564
march-inflation-us-annual-higher-brackets,cpi,yoy,2026-03,Will annual inflation increase by 3.3% in March?,3.25,3.35,1,2026-04-10T12:30:00+00:00,2026-04-07,3.2523,0.1609,0.2382,0.455,1,216587,3.2564
march-inflation-us-annual-higher-brackets,cpi,yoy,2026-03,Will annual inflation increase by ≥3.4% in March?,3.35,inf,24,2026-04-10T12:30:00+00:00,2026-04-07,3.2523,0.1609,0.2965,0.4006,0,308290,3.2564
march-inflation-us-annual-higher-brackets,cpi,yoy,2026-03,Will annual inflation increase by ≥3.4% in March?,3.35,inf,1,2026-04-10T12:30:00+00:00,2026-04-07,3.2523,0.1609,0.2965,0.419,0,308290,3.2564
march-inflation-us-monthly,cpi,mom,2026-03,Will monthly inflation increase by 0.3% or less in March?,-inf,0.35,24,2026-04-10T12:30:00+00:00,2026-04-07,0.8441,0.1513,0.0004,0.008,0,217709,0.8651
march-inflation-us-monthly,cpi,mom,2026-03,Will monthly inflation increase by 0.3% or less in March?,-inf,0.35,1,2026-04-10T12:30:00+00:00,2026-04-07,0.8441,0.1513,0.0004,0.008,0,217709,0.8651
march-inflation-us-monthly,cpi,mom,2026-03,Will monthly inflation increase by 0.4% in March?,0.35,0.45,24,2026-04-10T12:30:00+00:00,2026-04-07,0.8441,0.1513,0.0033,0.008,0,102491,0.8651
march-inflation-us-monthly,cpi,mom,2026-03,Will monthly inflation increase by 0.4% in March?,0.35,0.45,1,2026-04-10T12:30:00+00:00,2026-04-07,0.8441,0.1513,0.0033,0.008,0,102491,0.8651
march-inflation-us-monthly,cpi,mom,2026-03,Will monthly inflation increase by 0.5% in March?,0.45,0.55,24,2026-04-10T12:30:00+00:00,2026-04-07,0.8441,0.1513,0.0183,0.006,0,92486,0.8651
march-inflation-us-monthly,cpi,mom,2026-03,Will monthly inflation increase by 0.5% in March?,0.45,0.55,1,2026-04-10T12:30:00+00:00,2026-04-07,0.8441,0.1513,0.0183,0.006,0,92486,0.8651
march-inflation-us-monthly,cpi,mom,2026-03,Will monthly inflation increase by 0.6% in March?,0.55,0.65,24,2026-04-10T12:30:00+00:00,2026-04-07,0.8441,0.1513,0.0662,0.005,0,80262,0.8651
march-inflation-us-monthly,cpi,mom,2026-03,Will monthly inflation increase by 0.6% in March?,0.55,0.65,1,2026-04-10T12:30:00+00:00,2026-04-07,0.8441,0.1513,0.0662,0.021,0,80262,0.8651
march-inflation-us-monthly,cpi,mom,2026-03,Will monthly inflation increase by 0.8% or more in March?,0.75,inf,24,2026-04-10T12:30:00+00:00,2026-04-07,0.8441,0.1513,0.755,0.952,1,142612,0.8651
march-inflation-us-monthly,cpi,mom,2026-03,Will monthly inflation increase by 0.8% or more in March?,0.75,inf,1,2026-04-10T12:30:00+00:00,2026-04-07,0.8441,0.1513,0.755,0.905,1,142612,0.8651
march-inflation-us-monthly,cpi,mom,2026-03,Will monthly inflation increase by 0.7% in March?,0.65,0.75,24,2026-04-10T12:30:00+00:00,2026-04-07,0.8441,0.1513,0.1567,0.0136,0,68184,0.8651
march-inflation-us-monthly,cpi,mom,2026-03,Will monthly inflation increase by 0.7% in March?,0.65,0.75,1,2026-04-10T12:30:00+00:00,2026-04-07,0.8441,0.1513,0.1567,0.032,0,68184,0.8651
april-inflation-us-annual,cpi,yoy,2026-04,Will annual inflation increase by ≤3.1% in April?,-inf,3.15,24,2026-05-12T12:30:00+00:00,2026-05-06,3.5648,0.1609,0.004,0.006,0,43621,3.8108
april-inflation-us-annual,cpi,yoy,2026-04,Will annual inflation increase by ≤3.1% in April?,-inf,3.15,1,2026-05-12T12:30:00+00:00,2026-05-06,3.5648,0.1609,0.004,0.001,0,43621,3.8108
april-inflation-us-annual,cpi,yoy,2026-04,Will annual inflation increase by 3.2% in April?,3.15,3.25,24,2026-05-12T12:30:00+00:00,2026-05-06,3.5648,0.1609,0.0172,0.003,0,17835,3.8108
april-inflation-us-annual,cpi,yoy,2026-04,Will annual inflation increase by 3.2% in April?,3.15,3.25,1,2026-05-12T12:30:00+00:00,2026-05-06,3.5648,0.1609,0.0172,0.001,0,17835,3.8108
april-inflation-us-annual,cpi,yoy,2026-04,Will annual inflation increase by 3.3% in April?,3.25,3.35,24,2026-05-12T12:30:00+00:00,2026-05-06,3.5648,0.1609,0.0584,0.001,0,29048,3.8108
april-inflation-us-annual,cpi,yoy,2026-04,Will annual inflation increase by 3.3% in April?,3.25,3.35,1,2026-05-12T12:30:00+00:00,2026-05-06,3.5648,0.1609,0.0584,0.009,0,29048,3.8108
april-inflation-us-annual,cpi,yoy,2026-04,Will annual inflation increase by 3.4% in April?,3.35,3.45,24,2026-05-12T12:30:00+00:00,2026-05-06,3.5648,0.1609,0.1363,0.0034,0,22577,3.8108
april-inflation-us-annual,cpi,yoy,2026-04,Will annual inflation increase by 3.4% in April?,3.35,3.45,1,2026-05-12T12:30:00+00:00,2026-05-06,3.5648,0.1609,0.1363,0.001,0,22577,3.8108
april-inflation-us-annual,cpi,yoy,2026-04,Will annual inflation increase by 3.5% in April?,3.45,3.55,24,2026-05-12T12:30:00+00:00,2026-05-06,3.5648,0.1609,0.2188,0.031,0,40575,3.8108
april-inflation-us-annual,cpi,yoy,2026-04,Will annual inflation increase by 3.5% in April?,3.45,3.55,1,2026-05-12T12:30:00+00:00,2026-05-06,3.5648,0.1609,0.2188,0.025,0,40575,3.8108
april-inflation-us-annual,cpi,yoy,2026-04,Will annual inflation increase by 3.6% in April?,3.55,3.65,24,2026-05-12T12:30:00+00:00,2026-05-06,3.5648,0.1609,0.2416,0.18,0,49624,3.8108
april-inflation-us-annual,cpi,yoy,2026-04,Will annual inflation increase by 3.6% in April?,3.55,3.65,1,2026-05-12T12:30:00+00:00,2026-05-06,3.5648,0.1609,0.2416,0.15,0,49624,3.8108
april-inflation-us-annual,cpi,yoy,2026-04,Will annual inflation increase by 3.7% in April?,3.65,3.75,24,2026-05-12T12:30:00+00:00,2026-05-06,3.5648,0.1609,0.1834,0.39,0,63748,3.8108
april-inflation-us-annual,cpi,yoy,2026-04,Will annual inflation increase by 3.7% in April?,3.65,3.75,1,2026-05-12T12:30:00+00:00,2026-05-06,3.5648,0.1609,0.1834,0.476,0,63748,3.8108
april-inflation-us-annual,cpi,yoy,2026-04,Will annual inflation increase by 3.8% in April?,3.75,3.85,24,2026-05-12T12:30:00+00:00,2026-05-06,3.5648,0.1609,0.0958,0.348,1,82956,3.8108
april-inflation-us-annual,cpi,yoy,2026-04,Will annual inflation increase by 3.8% in April?,3.75,3.85,1,2026-05-12T12:30:00+00:00,2026-05-06,3.5648,0.1609,0.0958,0.3452,1,82956,3.8108
april-inflation-us-annual,cpi,yoy,2026-04,Will annual inflation increase by 3.9% in April?,3.85,3.95,24,2026-05-12T12:30:00+00:00,2026-05-06,3.5648,0.1609,0.0344,0.03,0,63119,3.8108
april-inflation-us-annual,cpi,yoy,2026-04,Will annual inflation increase by 3.9% in April?,3.85,3.95,1,2026-05-12T12:30:00+00:00,2026-05-06,3.5648,0.1609,0.0344,0.05,0,63119,3.8108
april-inflation-us-annual,cpi,yoy,2026-04,Will annual inflation increase by 4.0% in April?,3.95,4.05,24,2026-05-12T12:30:00+00:00,2026-05-06,3.5648,0.1609,0.0085,0.0102,0,30990,3.8108
april-inflation-us-annual,cpi,yoy,2026-04,Will annual inflation increase by 4.0% in April?,3.95,4.05,1,2026-05-12T12:30:00+00:00,2026-05-06,3.5648,0.1609,0.0085,0.009,0,30990,3.8108
april-inflation-us-annual,cpi,yoy,2026-04,Will annual inflation increase by ≥4.1% in April?,4.05,inf,24,2026-05-12T12:30:00+00:00,2026-05-06,3.5648,0.1609,0.0016,0.02,0,34083,3.8108
april-inflation-us-annual,cpi,yoy,2026-04,Will annual inflation increase by ≥4.1% in April?,4.05,inf,1,2026-05-12T12:30:00+00:00,2026-05-06,3.5648,0.1609,0.0016,0.01,0,34083,3.8108
april-inflation-us-monthly,cpi,mom,2026-04,Will monthly inflation increase by 0.3% or less in April?,-inf,0.35,24,2026-05-12T12:30:00+00:00,2026-05-06,0.4481,0.1513,0.2367,0.015,0,16675,0.64
april-inflation-us-monthly,cpi,mom,2026-04,Will monthly inflation increase by 0.3% or less in April?,-inf,0.35,1,2026-05-12T12:30:00+00:00,2026-05-06,0.4481,0.1513,0.2367,0.0033,0,16675,0.64
april-inflation-us-monthly,cpi,mom,2026-04,Will monthly inflation increase by 0.4% in April?,0.35,0.45,24,2026-05-12T12:30:00+00:00,2026-05-06,0.4481,0.1513,0.2409,0.031,0,15887,0.64
april-inflation-us-monthly,cpi,mom,2026-04,Will monthly inflation increase by 0.4% in April?,0.35,0.45,1,2026-05-12T12:30:00+00:00,2026-05-06,0.4481,0.1513,0.2409,0.0506,0,15887,0.64
april-inflation-us-monthly,cpi,mom,2026-04,Will monthly inflation increase by 0.5% in April?,0.45,0.55,24,2026-05-12T12:30:00+00:00,2026-05-06,0.4481,0.1513,0.2497,0.27,0,21579,0.64
april-inflation-us-monthly,cpi,mom,2026-04,Will monthly inflation increase by 0.5% in April?,0.45,0.55,1,2026-05-12T12:30:00+00:00,2026-05-06,0.4481,0.1513,0.2497,0.2366,0,21579,0.64
april-inflation-us-monthly,cpi,mom,2026-04,Will monthly inflation increase by 0.6% in April?,0.55,0.65,24,2026-05-12T12:30:00+00:00,2026-05-06,0.4481,0.1513,0.1699,0.39,1,22548,0.64
april-inflation-us-monthly,cpi,mom,2026-04,Will monthly inflation increase by 0.6% in April?,0.55,0.65,1,2026-05-12T12:30:00+00:00,2026-05-06,0.4481,0.1513,0.1699,0.41,1,22548,0.64
april-inflation-us-monthly,cpi,mom,2026-04,Will monthly inflation increase by 0.7% in April?,0.65,0.75,24,2026-05-12T12:30:00+00:00,2026-05-06,0.4481,0.1513,0.0758,0.26,0,16254,0.64
april-inflation-us-monthly,cpi,mom,2026-04,Will monthly inflation increase by 0.7% in April?,0.65,0.75,1,2026-05-12T12:30:00+00:00,2026-05-06,0.4481,0.1513,0.0758,0.28,0,16254,0.64
april-inflation-us-monthly,cpi,mom,2026-04,Will monthly inflation increase by 0.8% in April?,0.75,0.85,24,2026-05-12T12:30:00+00:00,2026-05-06,0.4481,0.1513,0.0222,0.02,0,11690,0.64
april-inflation-us-monthly,cpi,mom,2026-04,Will monthly inflation increase by 0.8% in April?,0.75,0.85,1,2026-05-12T12:30:00+00:00,2026-05-06,0.4481,0.1513,0.0222,0.008,0,11690,0.64
april-inflation-us-monthly,cpi,mom,2026-04,Will monthly inflation increase by 0.9% in April?,0.85,0.95,24,2026-05-12T12:30:00+00:00,2026-05-06,0.4481,0.1513,0.0043,0.009,0,6704,0.64
april-inflation-us-monthly,cpi,mom,2026-04,Will monthly inflation increase by 0.9% in April?,0.85,0.95,1,2026-05-12T12:30:00+00:00,2026-05-06,0.4481,0.1513,0.0043,0.001,0,6704,0.64
april-inflation-us-monthly,cpi,mom,2026-04,Will monthly inflation increase by 1.0% in April?,0.95,1.05,24,2026-05-12T12:30:00+00:00,2026-05-06,0.4481,0.1513,0.0005,0.005,0,8633,0.64
april-inflation-us-monthly,cpi,mom,2026-04,Will monthly inflation increase by 1.0% in April?,0.95,1.05,1,2026-05-12T12:30:00+00:00,2026-05-06,0.4481,0.1513,0.0005,0.0025,0,8633,0.64
april-inflation-us-monthly,cpi,mom,2026-04,Will monthly inflation increase by ≥1.1% in April?,1.05,inf,24,2026-05-12T12:30:00+00:00,2026-05-06,0.4481,0.1513,0.0,0.004,0,8230,0.64
april-inflation-us-monthly,cpi,mom,2026-04,Will monthly inflation increase by ≥1.1% in April?,1.05,inf,1,2026-05-12T12:30:00+00:00,2026-05-06,0.4481,0.1513,0.0,0.002,0,8230,0.64
may-inflation-us-monthly,cpi,mom,2026-05,Will monthly inflation increase by 0.1% or less in May?,-inf,0.15,24,2026-06-10T12:30:00+00:00,2026-06-05,0.459,0.1513,0.0174,0.001,0,3845,0.4729
may-inflation-us-monthly,cpi,mom,2026-05,Will monthly inflation increase by 0.1% or less in May?,-inf,0.15,1,2026-06-10T12:30:00+00:00,2026-06-05,0.459,0.1513,0.0174,0.0043,0,3845,0.4729
may-inflation-us-monthly,cpi,mom,2026-05,Will monthly inflation increase by 0.2% in May?,0.15,0.25,24,2026-06-10T12:30:00+00:00,2026-06-05,0.459,0.1513,0.0561,0.012,0,7808,0.4729
may-inflation-us-monthly,cpi,mom,2026-05,Will monthly inflation increase by 0.2% in May?,0.15,0.25,1,2026-06-10T12:30:00+00:00,2026-06-05,0.459,0.1513,0.0561,0.001,0,7808,0.4729
may-inflation-us-monthly,cpi,mom,2026-05,Will monthly inflation increase by 0.3% in May?,0.25,0.35,24,2026-06-10T12:30:00+00:00,2026-06-05,0.459,0.1513,0.1415,0.0227,0,9744,0.4729
may-inflation-us-monthly,cpi,mom,2026-05,Will monthly inflation increase by 0.3% in May?,0.25,0.35,1,2026-06-10T12:30:00+00:00,2026-06-05,0.459,0.1513,0.1415,0.002,0,9744,0.4729
may-inflation-us-monthly,cpi,mom,2026-05,Will monthly inflation increase by 0.4% in May?,0.35,0.45,24,2026-06-10T12:30:00+00:00,2026-06-05,0.459,0.1513,0.234,0.173,0,13278,0.4729
may-inflation-us-monthly,cpi,mom,2026-05,Will monthly inflation increase by 0.4% in May?,0.35,0.45,1,2026-06-10T12:30:00+00:00,2026-06-05,0.459,0.1513,0.234,0.184,0,13278,0.4729
may-inflation-us-monthly,cpi,mom,2026-05,Will monthly inflation increase by 0.5% in May?,0.45,0.55,24,2026-06-10T12:30:00+00:00,2026-06-05,0.459,0.1513,0.2539,0.62,1,25653,0.4729
may-inflation-us-monthly,cpi,mom,2026-05,Will monthly inflation increase by 0.5% in May?,0.45,0.55,1,2026-06-10T12:30:00+00:00,2026-06-05,0.459,0.1513,0.2539,0.68,1,25653,0.4729
may-inflation-us-monthly,cpi,mom,2026-05,Will monthly inflation increase by 0.6% in May?,0.55,0.65,24,2026-06-10T12:30:00+00:00,2026-06-05,0.459,0.1513,0.1808,0.11,0,29915,0.4729
may-inflation-us-monthly,cpi,mom,2026-05,Will monthly inflation increase by 0.6% in May?,0.55,0.65,1,2026-06-10T12:30:00+00:00,2026-06-05,0.459,0.1513,0.1808,0.14,0,29915,0.4729
may-inflation-us-monthly,cpi,mom,2026-05,Will monthly inflation increase by 0.7% in May?,0.65,0.75,24,2026-06-10T12:30:00+00:00,2026-06-05,0.459,0.1513,0.0845,0.024,0,18613,0.4729
may-inflation-us-monthly,cpi,mom,2026-05,Will monthly inflation increase by 0.7% in May?,0.65,0.75,1,2026-06-10T12:30:00+00:00,2026-06-05,0.459,0.1513,0.0845,0.003,0,18613,0.4729
may-inflation-us-monthly,cpi,mom,2026-05,Will monthly inflation increase by 0.8% in May?,0.75,0.85,24,2026-06-10T12:30:00+00:00,2026-06-05,0.459,0.1513,0.0259,0.005,0,11551,0.4729
may-inflation-us-monthly,cpi,mom,2026-05,Will monthly inflation increase by 0.8% in May?,0.75,0.85,1,2026-06-10T12:30:00+00:00,2026-06-05,0.459,0.1513,0.0259,0.01,0,11551,0.4729
may-inflation-us-monthly,cpi,mom,2026-05,Will monthly inflation increase by 0.9% or more in May?,0.85,inf,24,2026-06-10T12:30:00+00:00,2026-06-05,0.459,0.1513,0.0059,0.01,0,7093,0.4729
may-inflation-us-monthly,cpi,mom,2026-05,Will monthly inflation increase by 0.9% or more in May?,0.85,inf,1,2026-06-10T12:30:00+00:00,2026-06-05,0.459,0.1513,0.0059,0.003,0,7093,0.4729
may-inflation-us-annual,cpi,yoy,2026-05,Will annual inflation be 3.3% or less in May?,-inf,3.35,24,2026-06-10T12:30:00+00:00,2026-06-05,4.1797,0.1609,0.0,0.001,0,24380,4.2487
may-inflation-us-annual,cpi,yoy,2026-05,Will annual inflation be 3.3% or less in May?,-inf,3.35,1,2026-06-10T12:30:00+00:00,2026-06-05,4.1797,0.1609,0.0,0.001,0,24380,4.2487
may-inflation-us-annual,cpi,yoy,2026-05,Will annual inflation be 3.4% in May?,3.35,3.45,24,2026-06-10T12:30:00+00:00,2026-06-05,4.1797,0.1609,0.0,0.001,0,19993,4.2487
may-inflation-us-annual,cpi,yoy,2026-05,Will annual inflation be 3.4% in May?,3.35,3.45,1,2026-06-10T12:30:00+00:00,2026-06-05,4.1797,0.1609,0.0,0.001,0,19993,4.2487
may-inflation-us-annual,cpi,yoy,2026-05,Will annual inflation be 3.5% in May?,3.45,3.55,24,2026-06-10T12:30:00+00:00,2026-06-05,4.1797,0.1609,0.0,0.001,0,45245,4.2487
may-inflation-us-annual,cpi,yoy,2026-05,Will annual inflation be 3.5% in May?,3.45,3.55,1,2026-06-10T12:30:00+00:00,2026-06-05,4.1797,0.1609,0.0,0.001,0,45245,4.2487
may-inflation-us-annual,cpi,yoy,2026-05,Will annual inflation be 3.6% in May?,3.55,3.65,24,2026-06-10T12:30:00+00:00,2026-06-05,4.1797,0.1609,0.0003,0.001,0,34427,4.2487
may-inflation-us-annual,cpi,yoy,2026-05,Will annual inflation be 3.6% in May?,3.55,3.65,1,2026-06-10T12:30:00+00:00,2026-06-05,4.1797,0.1609,0.0003,0.001,0,34427,4.2487
may-inflation-us-annual,cpi,yoy,2026-05,Will annual inflation be 3.7% in May?,3.65,3.75,24,2026-06-10T12:30:00+00:00,2026-06-05,4.1797,0.1609,0.0027,0.001,0,32566,4.2487
may-inflation-us-annual,cpi,yoy,2026-05,Will annual inflation be 3.7% in May?,3.65,3.75,1,2026-06-10T12:30:00+00:00,2026-06-05,4.1797,0.1609,0.0027,0.001,0,32566,4.2487
may-inflation-us-annual,cpi,yoy,2026-05,Will annual inflation be 3.8% in May?,3.75,3.85,24,2026-06-10T12:30:00+00:00,2026-06-05,4.1797,0.1609,0.0139,0.002,0,30849,4.2487
may-inflation-us-annual,cpi,yoy,2026-05,Will annual inflation be 3.8% in May?,3.75,3.85,1,2026-06-10T12:30:00+00:00,2026-06-05,4.1797,0.1609,0.0139,0.002,0,30849,4.2487
may-inflation-us-annual,cpi,yoy,2026-05,Will annual inflation be 3.9% in May?,3.85,3.95,24,2026-06-10T12:30:00+00:00,2026-06-05,4.1797,0.1609,0.0498,0.002,0,35758,4.2487
may-inflation-us-annual,cpi,yoy,2026-05,Will annual inflation be 3.9% in May?,3.85,3.95,1,2026-06-10T12:30:00+00:00,2026-06-05,4.1797,0.1609,0.0498,0.005,0,35758,4.2487
may-inflation-us-annual,cpi,yoy,2026-05,Will annual inflation be 4.4% or more in May?,4.35,inf,24,2026-06-10T12:30:00+00:00,2026-06-05,4.1797,0.1609,0.162,0.07,0,71379,4.2487
may-inflation-us-annual,cpi,yoy,2026-05,Will annual inflation be 4.4% or more in May?,4.35,inf,1,2026-06-10T12:30:00+00:00,2026-06-05,4.1797,0.1609,0.162,0.12,0,71379,4.2487
may-inflation-us-annual,cpi,yoy,2026-05,Will annual inflation be 4.0% in May?,3.95,4.05,24,2026-06-10T12:30:00+00:00,2026-06-05,4.1797,0.1609,0.123,0.009,0,47528,4.2487
may-inflation-us-annual,cpi,yoy,2026-05,Will annual inflation be 4.0% in May?,3.95,4.05,1,2026-06-10T12:30:00+00:00,2026-06-05,4.1797,0.1609,0.123,0.003,0,47528,4.2487
may-inflation-us-annual,cpi,yoy,2026-05,Will annual inflation be 4.1% in May?,4.05,4.15,24,2026-06-10T12:30:00+00:00,2026-06-05,4.1797,0.1609,0.2088,0.063,0,59716,4.2487
may-inflation-us-annual,cpi,yoy,2026-05,Will annual inflation be 4.1% in May?,4.05,4.15,1,2026-06-10T12:30:00+00:00,2026-06-05,4.1797,0.1609,0.2088,0.125,0,59716,4.2487
may-inflation-us-annual,cpi,yoy,2026-05,Will annual inflation be 4.2% in May?,4.15,4.25,24,2026-06-10T12:30:00+00:00,2026-06-05,4.1797,0.1609,0.2437,0.48,1,92090,4.2487
may-inflation-us-annual,cpi,yoy,2026-05,Will annual inflation be 4.2% in May?,4.15,4.25,1,2026-06-10T12:30:00+00:00,2026-06-05,4.1797,0.1609,0.2437,0.47,1,92090,4.2487
may-inflation-us-annual,cpi,yoy,2026-05,Will annual inflation be 4.3% in May?,4.25,4.35,24,2026-06-10T12:30:00+00:00,2026-06-05,4.1797,0.1609,0.1957,0.37,0,100670,4.2487
may-inflation-us-annual,cpi,yoy,2026-05,Will annual inflation be 4.3% in May?,4.25,4.35,1,2026-06-10T12:30:00+00:00,2026-06-05,4.1797,0.1609,0.1957,0.33,0,100670,4.2487
core-cpi-yoy-may-2026,core,yoy,2026-05,Will Core CPI YoY be 2.4% or less in May?,-inf,2.45,24,2026-06-10T12:30:00+00:00,2026-06-05,2.8226,0.1657,0.0116,0.01,0,713,2.8509
core-cpi-yoy-may-2026,core,yoy,2026-05,Will Core CPI YoY be 2.4% or less in May?,-inf,2.45,1,2026-06-10T12:30:00+00:00,2026-06-05,2.8226,0.1657,0.0116,0.001,0,713,2.8509
core-cpi-yoy-may-2026,core,yoy,2026-05,Will Core CPI YoY be 2.5% in May?,2.45,2.55,24,2026-06-10T12:30:00+00:00,2026-06-05,2.8226,0.1657,0.0361,0.011,0,359,2.8509
core-cpi-yoy-may-2026,core,yoy,2026-05,Will Core CPI YoY be 2.5% in May?,2.45,2.55,1,2026-06-10T12:30:00+00:00,2026-06-05,2.8226,0.1657,0.0361,0.001,0,359,2.8509
core-cpi-yoy-may-2026,core,yoy,2026-05,Will Core CPI YoY be 2.6% in May?,2.55,2.65,24,2026-06-10T12:30:00+00:00,2026-06-05,2.8226,0.1657,0.096,0.0156,0,575,2.8509
core-cpi-yoy-may-2026,core,yoy,2026-05,Will Core CPI YoY be 2.6% in May?,2.55,2.65,1,2026-06-10T12:30:00+00:00,2026-06-05,2.8226,0.1657,0.096,0.0276,0,575,2.8509
core-cpi-yoy-may-2026,core,yoy,2026-05,Will Core CPI YoY be 2.7% in May?,2.65,2.75,24,2026-06-10T12:30:00+00:00,2026-06-05,2.8226,0.1657,0.1789,0.0167,0,548,2.8509
core-cpi-yoy-may-2026,core,yoy,2026-05,Will Core CPI YoY be 2.7% in May?,2.65,2.75,1,2026-06-10T12:30:00+00:00,2026-06-05,2.8226,0.1657,0.1789,0.047,0,548,2.8509
core-cpi-yoy-may-2026,core,yoy,2026-05,Will Core CPI YoY be 2.8% in May?,2.75,2.85,24,2026-06-10T12:30:00+00:00,2026-06-05,2.8226,0.1657,0.2343,0.53,0,2000,2.8509
core-cpi-yoy-may-2026,core,yoy,2026-05,Will Core CPI YoY be 2.8% in May?,2.75,2.85,1,2026-06-10T12:30:00+00:00,2026-06-05,2.8226,0.1657,0.2343,0.52,0,2000,2.8509
core-cpi-yoy-may-2026,core,yoy,2026-05,Will Core CPI YoY be 2.9% in May?,2.85,2.95,24,2026-06-10T12:30:00+00:00,2026-06-05,2.8226,0.1657,0.2155,0.35,1,6541,2.8509
core-cpi-yoy-may-2026,core,yoy,2026-05,Will Core CPI YoY be 2.9% in May?,2.85,2.95,1,2026-06-10T12:30:00+00:00,2026-06-05,2.8226,0.1657,0.2155,0.44,1,6541,2.8509
core-cpi-yoy-may-2026,core,yoy,2026-05,Will Core CPI YoY be 3.0% in May?,2.95,3.05,24,2026-06-10T12:30:00+00:00,2026-06-05,2.8226,0.1657,0.1392,0.058,0,1033,2.8509
core-cpi-yoy-may-2026,core,yoy,2026-05,Will Core CPI YoY be 3.0% in May?,2.95,3.05,1,2026-06-10T12:30:00+00:00,2026-06-05,2.8226,0.1657,0.1392,0.031,0,1033,2.8509
core-cpi-yoy-may-2026,core,yoy,2026-05,Will Core CPI YoY be 3.1% in May?,3.05,3.15,24,2026-06-10T12:30:00+00:00,2026-06-05,2.8226,0.1657,0.0631,0.026,0,719,2.8509
core-cpi-yoy-may-2026,core,yoy,2026-05,Will Core CPI YoY be 3.1% in May?,3.05,3.15,1,2026-06-10T12:30:00+00:00,2026-06-05,2.8226,0.1657,0.0631,0.0249,0,719,2.8509
core-cpi-yoy-may-2026,core,yoy,2026-05,Will Core CPI YoY be 3.2% in May?,3.15,3.25,24,2026-06-10T12:30:00+00:00,2026-06-05,2.8226,0.1657,0.0201,0.01,0,650,2.8509
core-cpi-yoy-may-2026,core,yoy,2026-05,Will Core CPI YoY be 3.2% in May?,3.15,3.25,1,2026-06-10T12:30:00+00:00,2026-06-05,2.8226,0.1657,0.0201,0.0605,0,650,2.8509
core-cpi-yoy-may-2026,core,yoy,2026-05,Will Core CPI YoY be 3.3% or more in May?,3.25,inf,24,2026-06-10T12:30:00+00:00,2026-06-05,2.8226,0.1657,0.0053,0.011,0,627,2.8509
core-cpi-yoy-may-2026,core,yoy,2026-05,Will Core CPI YoY be 3.3% or more in May?,3.25,inf,1,2026-06-10T12:30:00+00:00,2026-06-05,2.8226,0.1657,0.0053,0.0183,0,627,2.8509
core-cpi-ex-food-and-energy-mom-may,core,mom,2026-05,Will Core CPI MoM be -0.3% or less in May?,-inf,-0.25,24,2026-06-10T12:30:00+00:00,2026-06-05,0.2259,0.1588,0.0013,0.011,0,1042,0.2081
core-cpi-ex-food-and-energy-mom-may,core,mom,2026-05,Will Core CPI MoM be -0.3% or less in May?,-inf,-0.25,1,2026-06-10T12:30:00+00:00,2026-06-05,0.2259,0.1588,0.0013,0.0099,0,1042,0.2081
core-cpi-ex-food-and-energy-mom-may,core,mom,2026-05,Will Core CPI MoM be -0.2% in May?,-0.25,-0.15,24,2026-06-10T12:30:00+00:00,2026-06-05,0.2259,0.1588,0.0072,0.01,0,887,0.2081
core-cpi-ex-food-and-energy-mom-may,core,mom,2026-05,Will Core CPI MoM be -0.2% in May?,-0.25,-0.15,1,2026-06-10T12:30:00+00:00,2026-06-05,0.2259,0.1588,0.0072,0.0263,0,887,0.2081
core-cpi-ex-food-and-energy-mom-may,core,mom,2026-05,Will Core CPI MoM be -0.1% in May?,-0.15,-0.05,24,2026-06-10T12:30:00+00:00,2026-06-05,0.2259,0.1588,0.0308,0.067,0,768,0.2081
core-cpi-ex-food-and-energy-mom-may,core,mom,2026-05,Will Core CPI MoM be -0.1% in May?,-0.15,-0.05,1,2026-06-10T12:30:00+00:00,2026-06-05,0.2259,0.1588,0.0308,0.0484,0,768,0.2081
core-cpi-ex-food-and-energy-mom-may,core,mom,2026-05,Will Core CPI MoM be 0.0% in May?,-0.05,0.05,24,2026-06-10T12:30:00+00:00,2026-06-05,0.2259,0.1588,0.09,0.06,0,639,0.2081
core-cpi-ex-food-and-energy-mom-may,core,mom,2026-05,Will Core CPI MoM be 0.0% in May?,-0.05,0.05,1,2026-06-10T12:30:00+00:00,2026-06-05,0.2259,0.1588,0.09,0.0499,0,639,0.2081
core-cpi-ex-food-and-energy-mom-may,core,mom,2026-05,Will Core CPI MoM be 0.3% in May?,0.25,0.35,24,2026-06-10T12:30:00+00:00,2026-06-05,0.2259,0.1588,0.2246,0.31,0,684,0.2081
core-cpi-ex-food-and-energy-mom-may,core,mom,2026-05,Will Core CPI MoM be 0.3% in May?,0.25,0.35,1,2026-06-10T12:30:00+00:00,2026-06-05,0.2259,0.1588,0.2246,0.41,0,684,0.2081
core-cpi-ex-food-and-energy-mom-may,core,mom,2026-05,Will Core CPI MoM be 0.4% in May?,0.35,0.45,24,2026-06-10T12:30:00+00:00,2026-06-05,0.2259,0.1588,0.1414,0.04,0,1107,0.2081
core-cpi-ex-food-and-energy-mom-may,core,mom,2026-05,Will Core CPI MoM be 0.4% in May?,0.35,0.45,1,2026-06-10T12:30:00+00:00,2026-06-05,0.2259,0.1588,0.1414,0.0367,0,1107,0.2081
core-cpi-ex-food-and-energy-mom-may,core,mom,2026-05,Will Core CPI MoM be 0.5% in May?,0.45,0.55,24,2026-06-10T12:30:00+00:00,2026-06-05,0.2259,0.1588,0.0607,0.003,0,1845,0.2081
core-cpi-ex-food-and-energy-mom-may,core,mom,2026-05,Will Core CPI MoM be 0.5% in May?,0.45,0.55,1,2026-06-10T12:30:00+00:00,2026-06-05,0.2259,0.1588,0.0607,0.0296,0,1845,0.2081
core-cpi-ex-food-and-energy-mom-may,core,mom,2026-05,Will Core CPI MoM be 0.6% or more in May?,0.55,inf,24,2026-06-10T12:30:00+00:00,2026-06-05,0.2259,0.1588,0.0218,0.016,0,1693,0.2081
core-cpi-ex-food-and-energy-mom-may,core,mom,2026-05,Will Core CPI MoM be 0.6% or more in May?,0.55,inf,1,2026-06-10T12:30:00+00:00,2026-06-05,0.2259,0.1588,0.0218,0.01,0,1693,0.2081
core-cpi-ex-food-and-energy-mom-may,core,mom,2026-05,Will Core CPI MoM be 0.1% in May?,0.05,0.15,24,2026-06-10T12:30:00+00:00,2026-06-05,0.2259,0.1588,0.1792,0.02,0,904,0.2081
core-cpi-ex-food-and-energy-mom-may,core,mom,2026-05,Will Core CPI MoM be 0.1% in May?,0.05,0.15,1,2026-06-10T12:30:00+00:00,2026-06-05,0.2259,0.1588,0.1792,0.06,0,904,0.2081
core-cpi-ex-food-and-energy-mom-may,core,mom,2026-05,Will Core CPI MoM be 0.2% in May?,0.15,0.25,24,2026-06-10T12:30:00+00:00,2026-06-05,0.2259,0.1588,0.2431,0.47,1,2740,0.2081
core-cpi-ex-food-and-energy-mom-may,core,mom,2026-05,Will Core CPI MoM be 0.2% in May?,0.15,0.25,1,2026-06-10T12:30:00+00:00,2026-06-05,0.2259,0.1588,0.2431,0.389,1,2740,0.2081
june-inflation-us-annual-20260610151727862,cpi,yoy,2026-06,Will annual inflation be 3.6% or less in June?,-inf,3.65,24,2026-07-15T12:30:00+00:00,2026-07-09,3.9212,0.1609,0.0393,0.029,1,100740,3.5314
june-inflation-us-annual-20260610151727862,cpi,yoy,2026-06,Will annual inflation be 3.6% or less in June?,-inf,3.65,1,2026-07-15T12:30:00+00:00,2026-07-09,3.9212,0.1609,0.0393,0.999,1,100740,3.5314
june-inflation-us-annual-20260610151727862,cpi,yoy,2026-06,Will annual inflation be 3.7% in June?,3.65,3.75,24,2026-07-15T12:30:00+00:00,2026-07-09,3.9212,0.1609,0.0885,0.209,0,95028,3.5314
june-inflation-us-annual-20260610151727862,cpi,yoy,2026-06,Will annual inflation be 3.7% in June?,3.65,3.75,1,2026-07-15T12:30:00+00:00,2026-07-09,3.9212,0.1609,0.0885,0.001,0,95028,3.5314
june-inflation-us-annual-20260610151727862,cpi,yoy,2026-06,Will annual inflation be 3.8% in June?,3.75,3.85,24,2026-07-15T12:30:00+00:00,2026-07-09,3.9212,0.1609,0.1754,0.6308,0,140026,3.5314
june-inflation-us-annual-20260610151727862,cpi,yoy,2026-06,Will annual inflation be 3.8% in June?,3.75,3.85,1,2026-07-15T12:30:00+00:00,2026-07-09,3.9212,0.1609,0.1754,0.001,0,140026,3.5314
june-inflation-us-annual-20260610151727862,cpi,yoy,2026-06,Will annual inflation be 3.9% in June?,3.85,3.95,24,2026-07-15T12:30:00+00:00,2026-07-09,3.9212,0.1609,0.2392,0.05,0,117834,3.5314
june-inflation-us-annual-20260610151727862,cpi,yoy,2026-06,Will annual inflation be 3.9% in June?,3.85,3.95,1,2026-07-15T12:30:00+00:00,2026-07-09,3.9212,0.1609,0.2392,0.001,0,117834,3.5314
june-inflation-us-annual-20260610151727862,cpi,yoy,2026-06,Will annual inflation be 4.0% in June?,3.95,4.05,24,2026-07-15T12:30:00+00:00,2026-07-09,3.9212,0.1609,0.2243,0.008,0,144887,3.5314
june-inflation-us-annual-20260610151727862,cpi,yoy,2026-06,Will annual inflation be 4.0% in June?,3.95,4.05,1,2026-07-15T12:30:00+00:00,2026-07-09,3.9212,0.1609,0.2243,0.001,0,144887,3.5314
june-inflation-us-annual-20260610151727862,cpi,yoy,2026-06,Will annual inflation be 4.1% in June?,4.05,4.15,24,2026-07-15T12:30:00+00:00,2026-07-09,3.9212,0.1609,0.1447,0.002,0,92490,3.5314
june-inflation-us-annual-20260610151727862,cpi,yoy,2026-06,Will annual inflation be 4.1% in June?,4.05,4.15,1,2026-07-15T12:30:00+00:00,2026-07-09,3.9212,0.1609,0.1447,0.001,0,92490,3.5314
june-inflation-us-annual-20260610151727862,cpi,yoy,2026-06,Will annual inflation be 4.2% in June?,4.15,4.25,24,2026-07-15T12:30:00+00:00,2026-07-09,3.9212,0.1609,0.0642,0.001,0,60832,3.5314
june-inflation-us-annual-20260610151727862,cpi,yoy,2026-06,Will annual inflation be 4.2% in June?,4.15,4.25,1,2026-07-15T12:30:00+00:00,2026-07-09,3.9212,0.1609,0.0642,0.001,0,60832,3.5314
june-inflation-us-annual-20260610151727862,cpi,yoy,2026-06,Will annual inflation be 4.3% in June?,4.25,4.35,24,2026-07-15T12:30:00+00:00,2026-07-09,3.9212,0.1609,0.0196,0.001,0,39611,3.5314
june-inflation-us-annual-20260610151727862,cpi,yoy,2026-06,Will annual inflation be 4.3% in June?,4.25,4.35,1,2026-07-15T12:30:00+00:00,2026-07-09,3.9212,0.1609,0.0196,0.001,0,39611,3.5314
june-inflation-us-annual-20260610151727862,cpi,yoy,2026-06,Will annual inflation be 4.4% in June?,4.35,4.45,24,2026-07-15T12:30:00+00:00,2026-07-09,3.9212,0.1609,0.0041,0.004,0,20394,3.5314
june-inflation-us-annual-20260610151727862,cpi,yoy,2026-06,Will annual inflation be 4.4% in June?,4.35,4.45,1,2026-07-15T12:30:00+00:00,2026-07-09,3.9212,0.1609,0.0041,0.001,0,20394,3.5314
june-inflation-us-annual-20260610151727862,cpi,yoy,2026-06,Will annual inflation be 4.5% in June?,4.45,4.55,24,2026-07-15T12:30:00+00:00,2026-07-09,3.9212,0.1609,0.0006,0.001,0,24652,3.5314
june-inflation-us-annual-20260610151727862,cpi,yoy,2026-06,Will annual inflation be 4.5% in June?,4.45,4.55,1,2026-07-15T12:30:00+00:00,2026-07-09,3.9212,0.1609,0.0006,0.001,0,24652,3.5314
june-inflation-us-annual-20260610151727862,cpi,yoy,2026-06,Will annual inflation be 4.6% in June?,4.55,4.65,24,2026-07-15T12:30:00+00:00,2026-07-09,3.9212,0.1609,0.0001,0.001,0,17404,3.5314
june-inflation-us-annual-20260610151727862,cpi,yoy,2026-06,Will annual inflation be 4.6% in June?,4.55,4.65,1,2026-07-15T12:30:00+00:00,2026-07-09,3.9212,0.1609,0.0001,0.001,0,17404,3.5314
june-inflation-us-annual-20260610151727862,cpi,yoy,2026-06,Will annual inflation be 4.7% or more in June?,4.65,inf,24,2026-07-15T12:30:00+00:00,2026-07-09,3.9212,0.1609,0.0,0.001,0,16675,3.5314
june-inflation-us-annual-20260610151727862,cpi,yoy,2026-06,Will annual inflation be 4.7% or more in June?,4.65,inf,1,2026-07-15T12:30:00+00:00,2026-07-09,3.9212,0.1609,0.0,0.001,0,16675,3.5314
june-inflation-us-monthly-20260610151033433,cpi,mom,2026-06,Will monthly inflation increase by 0.1% or less in June?,-inf,0.15,24,2026-07-15T12:30:00+00:00,2026-07-09,-0.0613,0.1513,0.9079,0.983,1,15274,-0.4225
june-inflation-us-monthly-20260610151033433,cpi,mom,2026-06,Will monthly inflation increase by 0.1% or less in June?,-inf,0.15,1,2026-07-15T12:30:00+00:00,2026-07-09,-0.0613,0.1513,0.9079,0.9988,1,15274,-0.4225
june-inflation-us-monthly-20260610151033433,cpi,mom,2026-06,Will monthly inflation increase by 0.2% in June?,0.15,0.25,24,2026-07-15T12:30:00+00:00,2026-07-09,-0.0613,0.1513,0.0688,0.013,0,6616,-0.4225
june-inflation-us-monthly-20260610151033433,cpi,mom,2026-06,Will monthly inflation increase by 0.2% in June?,0.15,0.25,1,2026-07-15T12:30:00+00:00,2026-07-09,-0.0613,0.1513,0.0688,0.002,0,6616,-0.4225
june-inflation-us-monthly-20260610151033433,cpi,mom,2026-06,Will monthly inflation increase by 0.3% in June?,0.25,0.35,24,2026-07-15T12:30:00+00:00,2026-07-09,-0.0613,0.1513,0.0193,0.005,0,5527,-0.4225
june-inflation-us-monthly-20260610151033433,cpi,mom,2026-06,Will monthly inflation increase by 0.3% in June?,0.25,0.35,1,2026-07-15T12:30:00+00:00,2026-07-09,-0.0613,0.1513,0.0193,0.005,0,5527,-0.4225
june-inflation-us-monthly-20260610151033433,cpi,mom,2026-06,Will monthly inflation increase by 0.4% in June?,0.35,0.45,24,2026-07-15T12:30:00+00:00,2026-07-09,-0.0613,0.1513,0.0036,0.001,0,4659,-0.4225
june-inflation-us-monthly-20260610151033433,cpi,mom,2026-06,Will monthly inflation increase by 0.4% in June?,0.35,0.45,1,2026-07-15T12:30:00+00:00,2026-07-09,-0.0613,0.1513,0.0036,0.001,0,4659,-0.4225
june-inflation-us-monthly-20260610151033433,cpi,mom,2026-06,Will monthly inflation increase by 0.5% in June?,0.45,0.55,24,2026-07-15T12:30:00+00:00,2026-07-09,-0.0613,0.1513,0.0004,0.002,0,4870,-0.4225
june-inflation-us-monthly-20260610151033433,cpi,mom,2026-06,Will monthly inflation increase by 0.5% in June?,0.45,0.55,1,2026-07-15T12:30:00+00:00,2026-07-09,-0.0613,0.1513,0.0004,0.002,0,4870,-0.4225
june-inflation-us-monthly-20260610151033433,cpi,mom,2026-06,Will monthly inflation increase by 0.6% in June?,0.55,0.65,24,2026-07-15T12:30:00+00:00,2026-07-09,-0.0613,0.1513,0.0,0.001,0,3916,-0.4225
june-inflation-us-monthly-20260610151033433,cpi,mom,2026-06,Will monthly inflation increase by 0.6% in June?,0.55,0.65,1,2026-07-15T12:30:00+00:00,2026-07-09,-0.0613,0.1513,0.0,0.001,0,3916,-0.4225
june-inflation-us-monthly-20260610151033433,cpi,mom,2026-06,Will monthly inflation increase by 0.7% in June?,0.65,0.75,24,2026-07-15T12:30:00+00:00,2026-07-09,-0.0613,0.1513,0.0,0.001,0,3947,-0.4225
june-inflation-us-monthly-20260610151033433,cpi,mom,2026-06,Will monthly inflation increase by 0.7% in June?,0.65,0.75,1,2026-07-15T12:30:00+00:00,2026-07-09,-0.0613,0.1513,0.0,0.001,0,3947,-0.4225
june-inflation-us-monthly-20260610151033433,cpi,mom,2026-06,Will monthly inflation increase by 0.8% in June?,0.75,0.85,24,2026-07-15T12:30:00+00:00,2026-07-09,-0.0613,0.1513,0.0,0.001,0,3970,-0.4225
june-inflation-us-monthly-20260610151033433,cpi,mom,2026-06,Will monthly inflation increase by 0.8% in June?,0.75,0.85,1,2026-07-15T12:30:00+00:00,2026-07-09,-0.0613,0.1513,0.0,0.001,0,3970,-0.4225
june-inflation-us-monthly-20260610151033433,cpi,mom,2026-06,Will monthly inflation increase by 0.9% or more in June?,0.85,inf,24,2026-07-15T12:30:00+00:00,2026-07-09,-0.0613,0.1513,0.0,0.001,0,3505,-0.4225
june-inflation-us-monthly-20260610151033433,cpi,mom,2026-06,Will monthly inflation increase by 0.9% or more in June?,0.85,inf,1,2026-07-15T12:30:00+00:00,2026-07-09,-0.0613,0.1513,0.0,0.001,0,3505,-0.4225
core-cpi-yoy-june-2026-20260610150514590,core,yoy,2026-06,Will Core CPI YoY be 2.4% or less in June?,-inf,2.45,24,2026-07-15T12:30:00+00:00,2026-07-09,2.855,0.1657,0.0068,0.001,0,711,2.5941
core-cpi-yoy-june-2026-20260610150514590,core,yoy,2026-06,Will Core CPI YoY be 2.4% or less in June?,-inf,2.45,1,2026-07-15T12:30:00+00:00,2026-07-09,2.855,0.1657,0.0068,0.001,0,711,2.5941
core-cpi-yoy-june-2026-20260610150514590,core,yoy,2026-06,Will Core CPI YoY be 2.5% in June?,2.45,2.55,24,2026-07-15T12:30:00+00:00,2026-07-09,2.855,0.1657,0.0244,0.001,0,829,2.5941
core-cpi-yoy-june-2026-20260610150514590,core,yoy,2026-06,Will Core CPI YoY be 2.5% in June?,2.45,2.55,1,2026-07-15T12:30:00+00:00,2026-07-09,2.855,0.1657,0.0244,0.001,0,829,2.5941
core-cpi-yoy-june-2026-20260610150514590,core,yoy,2026-06,Will Core CPI YoY be 2.6% in June?,2.55,2.65,24,2026-07-15T12:30:00+00:00,2026-07-09,2.855,0.1657,0.0727,0.002,1,7661,2.5941
core-cpi-yoy-june-2026-20260610150514590,core,yoy,2026-06,Will Core CPI YoY be 2.6% in June?,2.55,2.65,1,2026-07-15T12:30:00+00:00,2026-07-09,2.855,0.1657,0.0727,0.999,1,7661,2.5941
core-cpi-yoy-june-2026-20260610150514590,core,yoy,2026-06,Will Core CPI YoY be 2.7% in June?,2.65,2.75,24,2026-07-15T12:30:00+00:00,2026-07-09,2.855,0.1657,0.152,0.106,0,3891,2.5941
core-cpi-yoy-june-2026-20260610150514590,core,yoy,2026-06,Will Core CPI YoY be 2.7% in June?,2.65,2.75,1,2026-07-15T12:30:00+00:00,2026-07-09,2.855,0.1657,0.152,0.001,0,3891,2.5941
core-cpi-yoy-june-2026-20260610150514590,core,yoy,2026-06,Will Core CPI YoY be 2.8% in June?,2.75,2.85,24,2026-07-15T12:30:00+00:00,2026-07-09,2.855,0.1657,0.2232,0.76,0,15866,2.5941
core-cpi-yoy-june-2026-20260610150514590,core,yoy,2026-06,Will Core CPI YoY be 2.8% in June?,2.75,2.85,1,2026-07-15T12:30:00+00:00,2026-07-09,2.855,0.1657,0.2232,0.01,0,15866,2.5941
core-cpi-yoy-june-2026-20260610150514590,core,yoy,2026-06,Will Core CPI YoY be 2.9% in June?,2.85,2.95,24,2026-07-15T12:30:00+00:00,2026-07-09,2.855,0.1657,0.2301,0.03,0,6575,2.5941
core-cpi-yoy-june-2026-20260610150514590,core,yoy,2026-06,Will Core CPI YoY be 2.9% in June?,2.85,2.95,1,2026-07-15T12:30:00+00:00,2026-07-09,2.855,0.1657,0.2301,0.001,0,6575,2.5941
core-cpi-yoy-june-2026-20260610150514590,core,yoy,2026-06,Will Core CPI YoY be 3.0% in June?,2.95,3.05,24,2026-07-15T12:30:00+00:00,2026-07-09,2.855,0.1657,0.1666,0.009,0,2396,2.5941
core-cpi-yoy-june-2026-20260610150514590,core,yoy,2026-06,Will Core CPI YoY be 3.0% in June?,2.95,3.05,1,2026-07-15T12:30:00+00:00,2026-07-09,2.855,0.1657,0.1666,0.001,0,2396,2.5941
core-cpi-yoy-june-2026-20260610150514590,core,yoy,2026-06,Will Core CPI YoY be 3.1% in June?,3.05,3.15,24,2026-07-15T12:30:00+00:00,2026-07-09,2.855,0.1657,0.0847,0.007,0,2649,2.5941
core-cpi-yoy-june-2026-20260610150514590,core,yoy,2026-06,Will Core CPI YoY be 3.1% in June?,3.05,3.15,1,2026-07-15T12:30:00+00:00,2026-07-09,2.855,0.1657,0.0847,0.001,0,2649,2.5941
core-cpi-yoy-june-2026-20260610150514590,core,yoy,2026-06,Will Core CPI YoY be 3.2% in June?,3.15,3.25,24,2026-07-15T12:30:00+00:00,2026-07-09,2.855,0.1657,0.0302,0.001,0,1945,2.5941
core-cpi-yoy-june-2026-20260610150514590,core,yoy,2026-06,Will Core CPI YoY be 3.2% in June?,3.15,3.25,1,2026-07-15T12:30:00+00:00,2026-07-09,2.855,0.1657,0.0302,0.001,0,1945,2.5941
core-cpi-yoy-june-2026-20260610150514590,core,yoy,2026-06,Will Core CPI YoY be 3.3% or more in June?,3.25,inf,24,2026-07-15T12:30:00+00:00,2026-07-09,2.855,0.1657,0.0091,0.001,0,2522,2.5941
core-cpi-yoy-june-2026-20260610150514590,core,yoy,2026-06,Will Core CPI YoY be 3.3% or more in June?,3.25,inf,1,2026-07-15T12:30:00+00:00,2026-07-09,2.855,0.1657,0.0091,0.001,0,2522,2.5941
core-cpi-mom-july-2026-20260705181328287,core,mom,2026-07,Will Core CPI MoM be 0.0% or less in July?,-inf,0.05,24,2026-08-12T12:30:00+00:00,2026-08-07,0.2114,0.1588,0.1494,0.0384,0,12885,0.2154
core-cpi-mom-july-2026-20260705181328287,core,mom,2026-07,Will Core CPI MoM be 0.0% or less in July?,-inf,0.05,1,2026-08-12T12:30:00+00:00,2026-08-07,0.2114,0.1588,0.1494,0.103,0,12885,0.2154
core-cpi-mom-july-2026-20260705181328287,core,mom,2026-07,Will Core CPI MoM be 0.1% in July?,0.05,0.15,24,2026-08-12T12:30:00+00:00,2026-08-07,0.2114,0.1588,0.1917,0.337,0,38444,0.2154
core-cpi-mom-july-2026-20260705181328287,core,mom,2026-07,Will Core CPI MoM be 0.1% in July?,0.05,0.15,1,2026-08-12T12:30:00+00:00,2026-08-07,0.2114,0.1588,0.1917,0.305,0,38444,0.2154
core-cpi-mom-july-2026-20260705181328287,core,mom,2026-07,Will Core CPI MoM be 0.2% in July?,0.15,0.25,24,2026-08-12T12:30:00+00:00,2026-08-07,0.2114,0.1588,0.2461,0.53,1,56810,0.2154
core-cpi-mom-july-2026-20260705181328287,core,mom,2026-07,Will Core CPI MoM be 0.2% in July?,0.15,0.25,1,2026-08-12T12:30:00+00:00,2026-08-07,0.2114,0.1588,0.2461,0.539,1,56810,0.2154
core-cpi-mom-july-2026-20260705181328287,core,mom,2026-07,Will Core CPI MoM be 0.3% in July?,0.25,0.35,24,2026-08-12T12:30:00+00:00,2026-08-07,0.2114,0.1588,0.2152,0.067,0,39842,0.2154
core-cpi-mom-july-2026-20260705181328287,core,mom,2026-07,Will Core CPI MoM be 0.3% in July?,0.25,0.35,1,2026-08-12T12:30:00+00:00,2026-08-07,0.2114,0.1588,0.2152,0.128,0,39842,0.2154
core-cpi-mom-july-2026-20260705181328287,core,mom,2026-07,Will Core CPI MoM be 0.4% in July?,0.35,0.45,24,2026-08-12T12:30:00+00:00,2026-08-07,0.2114,0.1588,0.1282,0.001,0,10664,0.2154
core-cpi-mom-july-2026-20260705181328287,core,mom,2026-07,Will Core CPI MoM be 0.4% in July?,0.35,0.45,1,2026-08-12T12:30:00+00:00,2026-08-07,0.2114,0.1588,0.1282,0.005,0,10664,0.2154
core-cpi-mom-july-2026-20260705181328287,core,mom,2026-07,Will Core CPI MoM be 0.5% in July?,0.45,0.55,24,2026-08-12T12:30:00+00:00,2026-08-07,0.2114,0.1588,0.052,0.001,0,5753,0.2154
core-cpi-mom-july-2026-20260705181328287,core,mom,2026-07,Will Core CPI MoM be 0.5% in July?,0.45,0.55,1,2026-08-12T12:30:00+00:00,2026-08-07,0.2114,0.1588,0.052,0.001,0,5753,0.2154
core-cpi-mom-july-2026-20260705181328287,core,mom,2026-07,Will Core CPI MoM be 0.6% or more in July?,0.55,inf,24,2026-08-12T12:30:00+00:00,2026-08-07,0.2114,0.1588,0.0175,0.001,0,8672,0.2154
core-cpi-mom-july-2026-20260705181328287,core,mom,2026-07,Will Core CPI MoM be 0.6% or more in July?,0.55,inf,1,2026-08-12T12:30:00+00:00,2026-08-07,0.2114,0.1588,0.0175,0.001,0,8672,0.2154
july-inflation-us-annual-20260714150613267,cpi,yoy,2026-07,Will annual inflation be 3.1% or less in July?,-inf,3.15,24,2026-08-12T12:30:00+00:00,2026-08-07,3.4187,0.1609,0.0407,0.1332,0,59103,3.3648
july-inflation-us-annual-20260714150613267,cpi,yoy,2026-07,Will annual inflation be 3.1% or less in July?,-inf,3.15,1,2026-08-12T12:30:00+00:00,2026-08-07,3.4187,0.1609,0.0407,0.009,0,59103,3.3648
july-inflation-us-annual-20260714150613267,cpi,yoy,2026-07,Will annual inflation be 3.2% in July?,3.15,3.25,24,2026-08-12T12:30:00+00:00,2026-08-07,3.4187,0.1609,0.0904,0.048,0,50191,3.3648
july-inflation-us-annual-20260714150613267,cpi,yoy,2026-07,Will annual inflation be 3.2% in July?,3.15,3.25,1,2026-08-12T12:30:00+00:00,2026-08-07,3.4187,0.1609,0.0904,0.021,0,50191,3.3648
july-inflation-us-annual-20260714150613267,cpi,yoy,2026-07,Will annual inflation be 3.3% in July?,3.25,3.35,24,2026-08-12T12:30:00+00:00,2026-08-07,3.4187,0.1609,0.1776,0.31,0,112144,3.3648
july-inflation-us-annual-20260714150613267,cpi,yoy,2026-07,Will annual inflation be 3.3% in July?,3.25,3.35,1,2026-08-12T12:30:00+00:00,2026-08-07,3.4187,0.1609,0.1776,0.43,0,112144,3.3648
july-inflation-us-annual-20260714150613267,cpi,yoy,2026-07,Will annual inflation be 3.4% in July?,3.35,3.45,24,2026-08-12T12:30:00+00:00,2026-08-07,3.4187,0.1609,0.2399,0.37,1,108549,3.3648
july-inflation-us-annual-20260714150613267,cpi,yoy,2026-07,Will annual inflation be 3.4% in July?,3.35,3.45,1,2026-08-12T12:30:00+00:00,2026-08-07,3.4187,0.1609,0.2399,0.4,1,108549,3.3648
july-inflation-us-annual-20260714150613267,cpi,yoy,2026-07,Will annual inflation be 3.5% in July?,3.45,3.55,24,2026-08-12T12:30:00+00:00,2026-08-07,3.4187,0.1609,0.2229,0.13,0,81345,3.3648
july-inflation-us-annual-20260714150613267,cpi,yoy,2026-07,Will annual inflation be 3.5% in July?,3.45,3.55,1,2026-08-12T12:30:00+00:00,2026-08-07,3.4187,0.1609,0.2229,0.11,0,81345,3.3648
july-inflation-us-annual-20260714150613267,cpi,yoy,2026-07,Will annual inflation be 3.6% in July?,3.55,3.65,24,2026-08-12T12:30:00+00:00,2026-08-07,3.4187,0.1609,0.1424,0.03,0,50503,3.3648
july-inflation-us-annual-20260714150613267,cpi,yoy,2026-07,Will annual inflation be 3.6% in July?,3.55,3.65,1,2026-08-12T12:30:00+00:00,2026-08-07,3.4187,0.1609,0.1424,0.01,0,50503,3.3648
july-inflation-us-annual-20260714150613267,cpi,yoy,2026-07,Will annual inflation be 3.7% in July?,3.65,3.75,24,2026-08-12T12:30:00+00:00,2026-08-07,3.4187,0.1609,0.0626,0.003,0,42968,3.3648
july-inflation-us-annual-20260714150613267,cpi,yoy,2026-07,Will annual inflation be 3.7% in July?,3.65,3.75,1,2026-08-12T12:30:00+00:00,2026-08-07,3.4187,0.1609,0.0626,0.0041,0,42968,3.3648
july-inflation-us-annual-20260714150613267,cpi,yoy,2026-07,Will annual inflation be 3.8% in July?,3.75,3.85,24,2026-08-12T12:30:00+00:00,2026-08-07,3.4187,0.1609,0.0189,0.002,0,35572,3.3648
july-inflation-us-annual-20260714150613267,cpi,yoy,2026-07,Will annual inflation be 3.8% in July?,3.75,3.85,1,2026-08-12T12:30:00+00:00,2026-08-07,3.4187,0.1609,0.0189,0.0013,0,35572,3.3648
july-inflation-us-annual-20260714150613267,cpi,yoy,2026-07,Will annual inflation be 3.9% in July?,3.85,3.95,24,2026-08-12T12:30:00+00:00,2026-08-07,3.4187,0.1609,0.0039,0.002,0,32770,3.3648
july-inflation-us-annual-20260714150613267,cpi,yoy,2026-07,Will annual inflation be 3.9% in July?,3.85,3.95,1,2026-08-12T12:30:00+00:00,2026-08-07,3.4187,0.1609,0.0039,0.001,0,32770,3.3648
july-inflation-us-annual-20260714150613267,cpi,yoy,2026-07,Will annual inflation be 4.0% in July?,3.95,4.05,24,2026-08-12T12:30:00+00:00,2026-08-07,3.4187,0.1609,0.0006,0.001,0,26540,3.3648
july-inflation-us-annual-20260714150613267,cpi,yoy,2026-07,Will annual inflation be 4.0% in July?,3.95,4.05,1,2026-08-12T12:30:00+00:00,2026-08-07,3.4187,0.1609,0.0006,0.001,0,26540,3.3648
july-inflation-us-annual-20260714150613267,cpi,yoy,2026-07,Will annual inflation be 4.1% in July?,4.05,4.15,24,2026-08-12T12:30:00+00:00,2026-08-07,3.4187,0.1609,0.0001,0.001,0,25137,3.3648
july-inflation-us-annual-20260714150613267,cpi,yoy,2026-07,Will annual inflation be 4.1% in July?,4.05,4.15,1,2026-08-12T12:30:00+00:00,2026-08-07,3.4187,0.1609,0.0001,0.0012,0,25137,3.3648
july-inflation-us-annual-20260714150613267,cpi,yoy,2026-07,Will annual inflation be 4.2% or more in July?,4.15,inf,24,2026-08-12T12:30:00+00:00,2026-08-07,3.4187,0.1609,0.0,0.001,0,24657,3.3648
july-inflation-us-annual-20260714150613267,cpi,yoy,2026-07,Will annual inflation be 4.2% or more in July?,4.15,inf,1,2026-08-12T12:30:00+00:00,2026-08-07,3.4187,0.1609,0.0,0.0023,0,24657,3.3648
july-inflation-us-monthly-20260714151042665,cpi,mom,2026-07,Will monthly inflation decrease by 0.7% or more in July?,-inf,-0.65,24,2026-08-12T12:30:00+00:00,2026-08-07,0.0865,0.1513,0.0,0.002,0,19527,0.0737
july-inflation-us-monthly-20260714151042665,cpi,mom,2026-07,Will monthly inflation decrease by 0.7% or more in July?,-inf,-0.65,1,2026-08-12T12:30:00+00:00,2026-08-07,0.0865,0.1513,0.0,0.001,0,19527,0.0737
july-inflation-us-monthly-20260714151042665,cpi,mom,2026-07,Will monthly inflation decrease by 0.6% in July?,-0.65,-0.55,24,2026-08-12T12:30:00+00:00,2026-08-07,0.0865,0.1513,0.0,0.001,0,12125,0.0737
july-inflation-us-monthly-20260714151042665,cpi,mom,2026-07,Will monthly inflation decrease by 0.6% in July?,-0.65,-0.55,1,2026-08-12T12:30:00+00:00,2026-08-07,0.0865,0.1513,0.0,0.001,0,12125,0.0737
july-inflation-us-monthly-20260714151042665,cpi,mom,2026-07,Will monthly inflation decrease by 0.5% in July?,-0.55,-0.45,24,2026-08-12T12:30:00+00:00,2026-08-07,0.0865,0.1513,0.0001,0.002,0,12971,0.0737
july-inflation-us-monthly-20260714151042665,cpi,mom,2026-07,Will monthly inflation decrease by 0.5% in July?,-0.55,-0.45,1,2026-08-12T12:30:00+00:00,2026-08-07,0.0865,0.1513,0.0001,0.001,0,12971,0.0737
july-inflation-us-monthly-20260714151042665,cpi,mom,2026-07,Will monthly inflation decrease by 0.4% in July?,-0.45,-0.35,24,2026-08-12T12:30:00+00:00,2026-08-07,0.0865,0.1513,0.0014,0.002,0,13692,0.0737
july-inflation-us-monthly-20260714151042665,cpi,mom,2026-07,Will monthly inflation decrease by 0.4% in July?,-0.45,-0.35,1,2026-08-12T12:30:00+00:00,2026-08-07,0.0865,0.1513,0.0014,0.001,0,13692,0.0737
july-inflation-us-monthly-20260714151042665,cpi,mom,2026-07,Will monthly inflation decrease by 0.3% in July?,-0.35,-0.25,24,2026-08-12T12:30:00+00:00,2026-08-07,0.0865,0.1513,0.0094,0.002,0,13314,0.0737
july-inflation-us-monthly-20260714151042665,cpi,mom,2026-07,Will monthly inflation decrease by 0.3% in July?,-0.35,-0.25,1,2026-08-12T12:30:00+00:00,2026-08-07,0.0865,0.1513,0.0094,0.001,0,13314,0.0737
july-inflation-us-monthly-20260714151042665,cpi,mom,2026-07,Will monthly inflation decrease by 0.2% in July?,-0.25,-0.15,24,2026-08-12T12:30:00+00:00,2026-08-07,0.0865,0.1513,0.0404,0.002,0,15515,0.0737
july-inflation-us-monthly-20260714151042665,cpi,mom,2026-07,Will monthly inflation decrease by 0.2% in July?,-0.25,-0.15,1,2026-08-12T12:30:00+00:00,2026-08-07,0.0865,0.1513,0.0404,0.0091,0,15515,0.0737
july-inflation-us-monthly-20260714151042665,cpi,mom,2026-07,Will monthly inflation decrease by 0.1% in July?,-0.15,-0.05,24,2026-08-12T12:30:00+00:00,2026-08-07,0.0865,0.1513,0.1145,0.052,0,29884,0.0737
july-inflation-us-monthly-20260714151042665,cpi,mom,2026-07,Will monthly inflation decrease by 0.1% in July?,-0.15,-0.05,1,2026-08-12T12:30:00+00:00,2026-08-07,0.0865,0.1513,0.1145,0.045,0,29884,0.0737
july-inflation-us-monthly-20260714151042665,cpi,mom,2026-07,Will monthly inflation stay flat (0.0%) in July?,-0.05,0.05,24,2026-08-12T12:30:00+00:00,2026-08-07,0.0865,0.1513,0.2125,0.32,0,67046,0.0737
july-inflation-us-monthly-20260714151042665,cpi,mom,2026-07,Will monthly inflation stay flat (0.0%) in July?,-0.05,0.05,1,2026-08-12T12:30:00+00:00,2026-08-07,0.0865,0.1513,0.2125,0.2898,0,67046,0.0737
july-inflation-us-monthly-20260714151042665,cpi,mom,2026-07,Will monthly inflation increase by 0.1% or more in July?,0.05,inf,24,2026-08-12T12:30:00+00:00,2026-08-07,0.0865,0.1513,0.6217,0.62,1,121071,0.0737
july-inflation-us-monthly-20260714151042665,cpi,mom,2026-07,Will monthly inflation increase by 0.1% or more in July?,0.05,inf,1,2026-08-12T12:30:00+00:00,2026-08-07,0.0865,0.1513,0.6217,0.69,1,121071,0.0737
core-cpi-yoy-july-2026-20260714151811920,core,yoy,2026-07,Will Core CPI YoY be 2.2% or less in July?,-inf,2.25,24,2026-08-12T12:30:00+00:00,2026-08-07,2.5232,0.1657,0.0474,0.062,0,6153,2.4783
core-cpi-yoy-july-2026-20260714151811920,core,yoy,2026-07,Will Core CPI YoY be 2.2% or less in July?,-inf,2.25,1,2026-08-12T12:30:00+00:00,2026-08-07,2.5232,0.1657,0.0474,0.002,0,6153,2.4783
core-cpi-yoy-july-2026-20260714151811920,core,yoy,2026-07,Will Core CPI YoY be 2.3% in July?,2.25,2.35,24,2026-08-12T12:30:00+00:00,2026-08-07,2.5232,0.1657,0.0955,0.04,0,5654,2.4783
core-cpi-yoy-july-2026-20260714151811920,core,yoy,2026-07,Will Core CPI YoY be 2.3% in July?,2.25,2.35,1,2026-08-12T12:30:00+00:00,2026-08-07,2.5232,0.1657,0.0955,0.04,0,5654,2.4783
core-cpi-yoy-july-2026-20260714151811920,core,yoy,2026-07,Will Core CPI YoY be 2.4% in July?,2.35,2.45,24,2026-08-12T12:30:00+00:00,2026-08-07,2.5232,0.1657,0.1785,0.41,0,45358,2.4783
core-cpi-yoy-july-2026-20260714151811920,core,yoy,2026-07,Will Core CPI YoY be 2.4% in July?,2.35,2.45,1,2026-08-12T12:30:00+00:00,2026-08-07,2.5232,0.1657,0.1785,0.5745,0,45358,2.4783
core-cpi-yoy-july-2026-20260714151811920,core,yoy,2026-07,Will Core CPI YoY be 2.5% in July?,2.45,2.55,24,2026-08-12T12:30:00+00:00,2026-08-07,2.5232,0.1657,0.2342,0.45,1,19032,2.4783
core-cpi-yoy-july-2026-20260714151811920,core,yoy,2026-07,Will Core CPI YoY be 2.5% in July?,2.45,2.55,1,2026-08-12T12:30:00+00:00,2026-08-07,2.5232,0.1657,0.2342,0.35,1,19032,2.4783
core-cpi-yoy-july-2026-20260714151811920,core,yoy,2026-07,Will Core CPI YoY be 2.6% in July?,2.55,2.65,24,2026-08-12T12:30:00+00:00,2026-08-07,2.5232,0.1657,0.2158,0.098,0,20331,2.4783
core-cpi-yoy-july-2026-20260714151811920,core,yoy,2026-07,Will Core CPI YoY be 2.6% in July?,2.55,2.65,1,2026-08-12T12:30:00+00:00,2026-08-07,2.5232,0.1657,0.2158,0.048,0,20331,2.4783
core-cpi-yoy-july-2026-20260714151811920,core,yoy,2026-07,Will Core CPI YoY be 2.7% in July?,2.65,2.75,24,2026-08-12T12:30:00+00:00,2026-08-07,2.5232,0.1657,0.1396,0.021,0,20828,2.4783
core-cpi-yoy-july-2026-20260714151811920,core,yoy,2026-07,Will Core CPI YoY be 2.7% in July?,2.65,2.75,1,2026-08-12T12:30:00+00:00,2026-08-07,2.5232,0.1657,0.1396,0.002,0,20828,2.4783
core-cpi-yoy-july-2026-20260714151811920,core,yoy,2026-07,Will Core CPI YoY be 2.8% in July?,2.75,2.85,24,2026-08-12T12:30:00+00:00,2026-08-07,2.5232,0.1657,0.0635,0.002,0,1970,2.4783
core-cpi-yoy-july-2026-20260714151811920,core,yoy,2026-07,Will Core CPI YoY be 2.8% in July?,2.75,2.85,1,2026-08-12T12:30:00+00:00,2026-08-07,2.5232,0.1657,0.0635,0.0062,0,1970,2.4783
core-cpi-yoy-july-2026-20260714151811920,core,yoy,2026-07,Will Core CPI YoY be 2.9% in July?,2.85,2.95,24,2026-08-12T12:30:00+00:00,2026-08-07,2.5232,0.1657,0.0202,0.002,0,16858,2.4783
core-cpi-yoy-july-2026-20260714151811920,core,yoy,2026-07,Will Core CPI YoY be 2.9% in July?,2.85,2.95,1,2026-08-12T12:30:00+00:00,2026-08-07,2.5232,0.1657,0.0202,0.001,0,16858,2.4783
core-cpi-yoy-july-2026-20260714151811920,core,yoy,2026-07,Will Core CPI YoY be 3.0% in July?,2.95,3.05,24,2026-08-12T12:30:00+00:00,2026-08-07,2.5232,0.1657,0.0045,0.001,0,1353,2.4783
core-cpi-yoy-july-2026-20260714151811920,core,yoy,2026-07,Will Core CPI YoY be 3.0% in July?,2.95,3.05,1,2026-08-12T12:30:00+00:00,2026-08-07,2.5232,0.1657,0.0045,0.0018,0,1353,2.4783
core-cpi-yoy-july-2026-20260714151811920,core,yoy,2026-07,Will Core CPI YoY be 3.1% or more in July?,3.05,inf,24,2026-08-12T12:30:00+00:00,2026-08-07,2.5232,0.1657,0.0008,0.002,0,2426,2.4783
core-cpi-yoy-july-2026-20260714151811920,core,yoy,2026-07,Will Core CPI YoY be 3.1% or more in July?,3.05,inf,1,2026-08-12T12:30:00+00:00,2026-08-07,2.5232,0.1657,0.0008,0.0017,0,2426,2.4783
august-inflation-us-monthly-1786474662954,cpi,mom,2026-08,Will monthly inflation decrease by 0.3% or more in August?,-inf,-0.25,24,2026-09-11T12:30:00+00:00,2026-09-08,0.3592,0.1513,0.0,0.001,0,2282,0.396
august-inflation-us-monthly-1786474662954,cpi,mom,2026-08,Will monthly inflation decrease by 0.3% or more in August?,-inf,-0.25,1,2026-09-11T12:30:00+00:00,2026-09-08,0.3592,0.1513,0.0,0.001,0,2282,0.396
august-inflation-us-monthly-1786474662954,cpi,mom,2026-08,Will monthly inflation decrease by 0.2% in August?,-0.25,-0.15,24,2026-09-11T12:30:00+00:00,2026-09-08,0.3592,0.1513,0.0003,0.002,0,2289,0.396
august-inflation-us-monthly-1786474662954,cpi,mom,2026-08,Will monthly inflation decrease by 0.2% in August?,-0.25,-0.15,1,2026-09-11T12:30:00+00:00,2026-09-08,0.3592,0.1513,0.0003,0.001,0,2289,0.396
august-inflation-us-monthly-1786474662954,cpi,mom,2026-08,Will monthly inflation decrease by 0.1% in August?,-0.15,-0.05,24,2026-09-11T12:30:00+00:00,2026-09-08,0.3592,0.1513,0.0025,0.001,0,2644,0.396
august-inflation-us-monthly-1786474662954,cpi,mom,2026-08,Will monthly inflation decrease by 0.1% in August?,-0.15,-0.05,1,2026-09-11T12:30:00+00:00,2026-09-08,0.3592,0.1513,0.0025,0.001,0,2644,0.396
august-inflation-us-monthly-1786474662954,cpi,mom,2026-08,Will monthly inflation stay flat (0.0%) in August?,-0.05,0.05,24,2026-09-11T12:30:00+00:00,2026-09-08,0.3592,0.1513,0.0146,0.001,0,3693,0.396
august-inflation-us-monthly-1786474662954,cpi,mom,2026-08,Will monthly inflation stay flat (0.0%) in August?,-0.05,0.05,1,2026-09-11T12:30:00+00:00,2026-09-08,0.3592,0.1513,0.0146,0.003,0,3693,0.396
august-inflation-us-monthly-1786474662954,cpi,mom,2026-08,Will monthly inflation increase by 0.1% in August?,0.05,0.15,24,2026-09-11T12:30:00+00:00,2026-09-08,0.3592,0.1513,0.056,0.0012,0,3349,0.396
august-inflation-us-monthly-1786474662954,cpi,mom,2026-08,Will monthly inflation increase by 0.1% in August?,0.05,0.15,1,2026-09-11T12:30:00+00:00,2026-09-08,0.3592,0.1513,0.056,0.037,0,3349,0.396
august-inflation-us-monthly-1786474662954,cpi,mom,2026-08,Will monthly inflation increase by 0.2% in August?,0.15,0.25,24,2026-09-11T12:30:00+00:00,2026-09-08,0.3592,0.1513,0.1413,0.04,0,6734,0.396
august-inflation-us-monthly-1786474662954,cpi,mom,2026-08,Will monthly inflation increase by 0.2% in August?,0.15,0.25,1,2026-09-11T12:30:00+00:00,2026-09-08,0.3592,0.1513,0.1413,0.059,0,6734,0.396
august-inflation-us-monthly-1786474662954,cpi,mom,2026-08,Will monthly inflation increase by 0.3% in August?,0.25,0.35,24,2026-09-11T12:30:00+00:00,2026-09-08,0.3592,0.1513,0.2339,0.36,0,8659,0.396
august-inflation-us-monthly-1786474662954,cpi,mom,2026-08,Will monthly inflation increase by 0.3% in August?,0.25,0.35,1,2026-09-11T12:30:00+00:00,2026-09-08,0.3592,0.1513,0.2339,0.337,0,8659,0.396
august-inflation-us-monthly-1786474662954,cpi,mom,2026-08,Will monthly inflation increase by 0.4% in August?,0.35,0.45,24,2026-09-11T12:30:00+00:00,2026-09-08,0.3592,0.1513,0.2539,0.51,1,18893,0.396
august-inflation-us-monthly-1786474662954,cpi,mom,2026-08,Will monthly inflation increase by 0.4% in August?,0.35,0.45,1,2026-09-11T12:30:00+00:00,2026-09-08,0.3592,0.1513,0.2539,0.54,1,18893,0.396
august-inflation-us-monthly-1786474662954,cpi,mom,2026-08,Will monthly inflation increase by 0.5% or more in August?,0.45,inf,24,2026-09-11T12:30:00+00:00,2026-09-08,0.3592,0.1513,0.2975,0.12,0,28211,0.396
august-inflation-us-monthly-1786474662954,cpi,mom,2026-08,Will monthly inflation increase by 0.5% or more in August?,0.45,inf,1,2026-09-11T12:30:00+00:00,2026-09-08,0.3592,0.1513,0.2975,0.11,0,28211,0.396
august-inflation-us-annual-1786474662954,cpi,yoy,2026-08,Will annual inflation be 2.9% or less in August?,-inf,2.95,24,2026-09-11T12:30:00+00:00,2026-09-08,3.3758,0.1609,0.0033,0.0052,0,4555,3.3965
august-inflation-us-annual-1786474662954,cpi,yoy,2026-08,Will annual inflation be 2.9% or less in August?,-inf,2.95,1,2026-09-11T12:30:00+00:00,2026-09-08,3.3758,0.1609,0.0033,0.01,0,4555,3.3965
august-inflation-us-annual-1786474662954,cpi,yoy,2026-08,Will annual inflation be 3.0% in August?,2.95,3.05,24,2026-09-11T12:30:00+00:00,2026-09-08,3.3758,0.1609,0.0147,0.0142,0,4932,3.3965
august-inflation-us-annual-1786474662954,cpi,yoy,2026-08,Will annual inflation be 3.0% in August?,2.95,3.05,1,2026-09-11T12:30:00+00:00,2026-09-08,3.3758,0.1609,0.0147,0.003,0,4932,3.3965
august-inflation-us-annual-1786474662954,cpi,yoy,2026-08,Will annual inflation be 3.1% in August?,3.05,3.15,24,2026-09-11T12:30:00+00:00,2026-09-08,3.3758,0.1609,0.052,0.0101,0,4798,3.3965
august-inflation-us-annual-1786474662954,cpi,yoy,2026-08,Will annual inflation be 3.1% in August?,3.05,3.15,1,2026-09-11T12:30:00+00:00,2026-09-08,3.3758,0.1609,0.052,0.003,0,4798,3.3965
august-inflation-us-annual-1786474662954,cpi,yoy,2026-08,Will annual inflation be 3.2% in August?,3.15,3.25,24,2026-09-11T12:30:00+00:00,2026-09-08,3.3758,0.1609,0.1264,0.0409,0,6277,3.3965
august-inflation-us-annual-1786474662954,cpi,yoy,2026-08,Will annual inflation be 3.2% in August?,3.15,3.25,1,2026-09-11T12:30:00+00:00,2026-09-08,3.3758,0.1609,0.1264,0.069,0,6277,3.3965
august-inflation-us-annual-1786474662954,cpi,yoy,2026-08,Will annual inflation be 3.3% in August?,3.25,3.35,24,2026-09-11T12:30:00+00:00,2026-09-08,3.3758,0.1609,0.2115,0.31,0,22418,3.3965
august-inflation-us-annual-1786474662954,cpi,yoy,2026-08,Will annual inflation be 3.3% in August?,3.25,3.35,1,2026-09-11T12:30:00+00:00,2026-09-08,3.3758,0.1609,0.2115,0.284,0,22418,3.3965
august-inflation-us-annual-1786474662954,cpi,yoy,2026-08,Will annual inflation be 3.4% in August?,3.35,3.45,24,2026-09-11T12:30:00+00:00,2026-09-08,3.3758,0.1609,0.2434,0.47,1,45450,3.3965
august-inflation-us-annual-1786474662954,cpi,yoy,2026-08,Will annual inflation be 3.4% in August?,3.35,3.45,1,2026-09-11T12:30:00+00:00,2026-09-08,3.3758,0.1609,0.2434,0.49,1,45450,3.3965
august-inflation-us-annual-1786474662954,cpi,yoy,2026-08,Will annual inflation be 3.5% in August?,3.45,3.55,24,2026-09-11T12:30:00+00:00,2026-09-08,3.3758,0.1609,0.1926,0.14,0,19529,3.3965
august-inflation-us-annual-1786474662954,cpi,yoy,2026-08,Will annual inflation be 3.5% in August?,3.45,3.55,1,2026-09-11T12:30:00+00:00,2026-09-08,3.3758,0.1609,0.1926,0.16,0,19529,3.3965
august-inflation-us-annual-1786474662954,cpi,yoy,2026-08,Will annual inflation be 3.6% in August?,3.55,3.65,24,2026-09-11T12:30:00+00:00,2026-09-08,3.3758,0.1609,0.1049,0.029,0,11742,3.3965
august-inflation-us-annual-1786474662954,cpi,yoy,2026-08,Will annual inflation be 3.6% in August?,3.55,3.65,1,2026-09-11T12:30:00+00:00,2026-09-08,3.3758,0.1609,0.1049,0.033,0,11742,3.3965
august-inflation-us-annual-1786474662954,cpi,yoy,2026-08,Will annual inflation be 3.7% in August?,3.65,3.75,24,2026-09-11T12:30:00+00:00,2026-09-08,3.3758,0.1609,0.0392,0.012,0,13567,3.3965
august-inflation-us-annual-1786474662954,cpi,yoy,2026-08,Will annual inflation be 3.7% in August?,3.65,3.75,1,2026-09-11T12:30:00+00:00,2026-09-08,3.3758,0.1609,0.0392,0.01,0,13567,3.3965
august-inflation-us-annual-1786474662954,cpi,yoy,2026-08,Will annual inflation be 3.8% in August?,3.75,3.85,24,2026-09-11T12:30:00+00:00,2026-09-08,3.3758,0.1609,0.0101,0.012,0,13690,3.3965
august-inflation-us-annual-1786474662954,cpi,yoy,2026-08,Will annual inflation be 3.8% in August?,3.75,3.85,1,2026-09-11T12:30:00+00:00,2026-09-08,3.3758,0.1609,0.0101,0.01,0,13690,3.3965
august-inflation-us-annual-1786474662954,cpi,yoy,2026-08,Will annual inflation be 3.9% in August?,3.85,3.95,24,2026-09-11T12:30:00+00:00,2026-09-08,3.3758,0.1609,0.0018,0.001,0,4542,3.3965
august-inflation-us-annual-1786474662954,cpi,yoy,2026-08,Will annual inflation be 3.9% in August?,3.85,3.95,1,2026-09-11T12:30:00+00:00,2026-09-08,3.3758,0.1609,0.0018,0.0021,0,4542,3.3965
august-inflation-us-annual-1786474662954,cpi,yoy,2026-08,Will annual inflation be 4.0% or more in August?,3.95,inf,24,2026-09-11T12:30:00+00:00,2026-09-08,3.3758,0.1609,0.0002,0.0017,0,4867,3.3965
august-inflation-us-annual-1786474662954,cpi,yoy,2026-08,Will annual inflation be 4.0% or more in August?,3.95,inf,1,2026-09-11T12:30:00+00:00,2026-09-08,3.3758,0.1609,0.0002,0.0118,0,4867,3.3965
core-cpi-mom-august-2026-1786474662954,core,mom,2026-08,Will Core CPI MoM be 0.0% or less in August?,-inf,0.05,24,2026-09-11T12:30:00+00:00,2026-09-08,0.2033,0.1588,0.1615,0.0165,0,5598,0.2898
core-cpi-mom-august-2026-1786474662954,core,mom,2026-08,Will Core CPI MoM be 0.0% or less in August?,-inf,0.05,1,2026-09-11T12:30:00+00:00,2026-09-08,0.2033,0.1588,0.1615,0.021,0,5598,0.2898
core-cpi-mom-august-2026-1786474662954,core,mom,2026-08,Will Core CPI MoM be 0.1% in August?,0.05,0.15,24,2026-09-11T12:30:00+00:00,2026-09-08,0.2033,0.1588,0.1985,0.06,0,7718,0.2898
core-cpi-mom-august-2026-1786474662954,core,mom,2026-08,Will Core CPI MoM be 0.1% in August?,0.05,0.15,1,2026-09-11T12:30:00+00:00,2026-09-08,0.2033,0.1588,0.1985,0.08,0,7718,0.2898
core-cpi-mom-august-2026-1786474662954,core,mom,2026-08,Will Core CPI MoM be 0.2% in August?,0.15,0.25,24,2026-09-11T12:30:00+00:00,2026-09-08,0.2033,0.1588,0.2469,0.67,0,20054,0.2898
core-cpi-mom-august-2026-1786474662954,core,mom,2026-08,Will Core CPI MoM be 0.2% in August?,0.15,0.25,1,2026-09-11T12:30:00+00:00,2026-09-08,0.2033,0.1588,0.2469,0.71,0,20054,0.2898
core-cpi-mom-august-2026-1786474662954,core,mom,2026-08,Will Core CPI MoM be 0.3% in August?,0.25,0.35,24,2026-09-11T12:30:00+00:00,2026-09-08,0.2033,0.1588,0.2093,0.25,1,12635,0.2898
core-cpi-mom-august-2026-1786474662954,core,mom,2026-08,Will Core CPI MoM be 0.3% in August?,0.25,0.35,1,2026-09-11T12:30:00+00:00,2026-09-08,0.2033,0.1588,0.2093,0.18,1,12635,0.2898
core-cpi-mom-august-2026-1786474662954,core,mom,2026-08,Will Core CPI MoM be 0.4% in August?,0.35,0.45,24,2026-09-11T12:30:00+00:00,2026-09-08,0.2033,0.1588,0.1209,0.023,0,8066,0.2898
core-cpi-mom-august-2026-1786474662954,core,mom,2026-08,Will Core CPI MoM be 0.4% in August?,0.35,0.45,1,2026-09-11T12:30:00+00:00,2026-09-08,0.2033,0.1588,0.1209,0.024,0,8066,0.2898
core-cpi-mom-august-2026-1786474662954,core,mom,2026-08,Will Core CPI MoM be 0.5% in August?,0.45,0.55,24,2026-09-11T12:30:00+00:00,2026-09-08,0.2033,0.1588,0.0476,0.002,0,3750,0.2898
core-cpi-mom-august-2026-1786474662954,core,mom,2026-08,Will Core CPI MoM be 0.5% in August?,0.45,0.55,1,2026-09-11T12:30:00+00:00,2026-09-08,0.2033,0.1588,0.0476,0.004,0,3750,0.2898
core-cpi-mom-august-2026-1786474662954,core,mom,2026-08,Will Core CPI MoM be 0.6% or more in August?,0.55,inf,24,2026-09-11T12:30:00+00:00,2026-09-08,0.2033,0.1588,0.0154,0.002,0,2223,0.2898
core-cpi-mom-august-2026-1786474662954,core,mom,2026-08,Will Core CPI MoM be 0.6% or more in August?,0.55,inf,1,2026-09-11T12:30:00+00:00,2026-09-08,0.2033,0.1588,0.0154,0.005,0,2223,0.2898
core-cpi-yoy-august-2026-1786474662954,core,yoy,2026-08,Will Core CPI YoY be 2.0% or less in August?,-inf,2.05,24,2026-09-11T12:30:00+00:00,2026-09-08,2.3836,0.1657,0.0209,0.003,0,781,2.446
core-cpi-yoy-august-2026-1786474662954,core,yoy,2026-08,Will Core CPI YoY be 2.0% or less in August?,-inf,2.05,1,2026-09-11T12:30:00+00:00,2026-09-08,2.3836,0.1657,0.0209,0.001,0,781,2.446
core-cpi-yoy-august-2026-1786474662954,core,yoy,2026-08,Will Core CPI YoY be 2.1% in August?,2.05,2.15,24,2026-09-11T12:30:00+00:00,2026-09-08,2.3836,0.1657,0.0552,0.0499,0,845,2.446
core-cpi-yoy-august-2026-1786474662954,core,yoy,2026-08,Will Core CPI YoY be 2.1% in August?,2.05,2.15,1,2026-09-11T12:30:00+00:00,2026-09-08,2.3836,0.1657,0.0552,0.001,0,845,2.446
core-cpi-yoy-august-2026-1786474662954,core,yoy,2026-08,Will Core CPI YoY be 2.2% in August?,2.15,2.25,24,2026-09-11T12:30:00+00:00,2026-09-08,2.3836,0.1657,0.1277,0.014,0,2063,2.446
core-cpi-yoy-august-2026-1786474662954,core,yoy,2026-08,Will Core CPI YoY be 2.2% in August?,2.15,2.25,1,2026-09-11T12:30:00+00:00,2026-09-08,2.3836,0.1657,0.1277,0.04,0,2063,2.446
core-cpi-yoy-august-2026-1786474662954,core,yoy,2026-08,Will Core CPI YoY be 2.3% in August?,2.25,2.35,24,2026-09-11T12:30:00+00:00,2026-09-08,2.3836,0.1657,0.2073,0.31,0,3042,2.446
core-cpi-yoy-august-2026-1786474662954,core,yoy,2026-08,Will Core CPI YoY be 2.3% in August?,2.25,2.35,1,2026-09-11T12:30:00+00:00,2026-09-08,2.3836,0.1657,0.2073,0.3423,0,3042,2.446
core-cpi-yoy-august-2026-1786474662954,core,yoy,2026-08,Will Core CPI YoY be 2.4% in August?,2.35,2.45,24,2026-09-11T12:30:00+00:00,2026-09-08,2.3836,0.1657,0.2365,0.47,1,17006,2.446
core-cpi-yoy-august-2026-1786474662954,core,yoy,2026-08,Will Core CPI YoY be 2.4% in August?,2.35,2.45,1,2026-09-11T12:30:00+00:00,2026-09-08,2.3836,0.1657,0.2365,0.47,1,17006,2.446
core-cpi-yoy-august-2026-1786474662954,core,yoy,2026-08,Will Core CPI YoY be 2.5% in August?,2.45,2.55,24,2026-09-11T12:30:00+00:00,2026-09-08,2.3836,0.1657,0.1894,0.12,0,5262,2.446
core-cpi-yoy-august-2026-1786474662954,core,yoy,2026-08,Will Core CPI YoY be 2.5% in August?,2.45,2.55,1,2026-09-11T12:30:00+00:00,2026-09-08,2.3836,0.1657,0.1894,0.13,0,5262,2.446
core-cpi-yoy-august-2026-1786474662954,core,yoy,2026-08,Will Core CPI YoY be 2.6% in August?,2.55,2.65,24,2026-09-11T12:30:00+00:00,2026-09-08,2.3836,0.1657,0.1066,0.018,0,2745,2.446
core-cpi-yoy-august-2026-1786474662954,core,yoy,2026-08,Will Core CPI YoY be 2.6% in August?,2.55,2.65,1,2026-09-11T12:30:00+00:00,2026-09-08,2.3836,0.1657,0.1066,0.035,0,2745,2.446
core-cpi-yoy-august-2026-1786474662954,core,yoy,2026-08,Will Core CPI YoY be 2.7% in August?,2.65,2.75,24,2026-09-11T12:30:00+00:00,2026-09-08,2.3836,0.1657,0.0421,0.003,0,1432,2.446
core-cpi-yoy-august-2026-1786474662954,core,yoy,2026-08,Will Core CPI YoY be 2.7% in August?,2.65,2.75,1,2026-09-11T12:30:00+00:00,2026-09-08,2.3836,0.1657,0.0421,0.001,0,1432,2.446
core-cpi-yoy-august-2026-1786474662954,core,yoy,2026-08,Will Core CPI YoY be 2.8% in August?,2.75,2.85,24,2026-09-11T12:30:00+00:00,2026-09-08,2.3836,0.1657,0.0117,0.006,0,1360,2.446
core-cpi-yoy-august-2026-1786474662954,core,yoy,2026-08,Will Core CPI YoY be 2.8% in August?,2.75,2.85,1,2026-09-11T12:30:00+00:00,2026-09-08,2.3836,0.1657,0.0117,0.001,0,1360,2.446
core-cpi-yoy-august-2026-1786474662954,core,yoy,2026-08,Will Core CPI YoY be 2.9% or more in August?,2.85,inf,24,2026-09-11T12:30:00+00:00,2026-09-08,2.3836,0.1657,0.0026,0.003,0,870,2.446
core-cpi-yoy-august-2026-1786474662954,core,yoy,2026-08,Will Core CPI YoY be 2.9% or more in August?,2.85,inf,1,2026-09-11T12:30:00+00:00,2026-09-08,2.3836,0.1657,0.0026,0.001,0,870,2.446
