league,slug,kickoff,side,horizon_h,pm_price,avg_open,avg_close,b365_close,pin_close,bfe_close,outcome,volume
E0,epl-bou-che-2025-12-06,2025-12-06T15:00:00+00:00,H,1,0.29,0.3022,0.2847,0.2866,0.288,0.2802,0,515057
E0,epl-bou-che-2025-12-06,2025-12-06T15:00:00+00:00,H,6,0.29,0.3022,0.2847,0.2866,0.288,0.2802,0,515057
E0,epl-bou-che-2025-12-06,2025-12-06T15:00:00+00:00,H,24,0.3,0.3022,0.2847,0.2866,0.288,0.2802,0,515057
E0,epl-bou-che-2025-12-06,2025-12-06T15:00:00+00:00,D,1,0.26,0.2585,0.2528,0.2522,0.2528,0.255,1,107579
E0,epl-bou-che-2025-12-06,2025-12-06T15:00:00+00:00,D,6,0.26,0.2585,0.2528,0.2522,0.2528,0.255,1,107579
E0,epl-bou-che-2025-12-06,2025-12-06T15:00:00+00:00,D,24,0.26,0.2585,0.2528,0.2522,0.2528,0.255,1,107579
E0,epl-bou-che-2025-12-06,2025-12-06T15:00:00+00:00,A,1,0.47,0.4393,0.4625,0.4613,0.4592,0.4648,0,728184
E0,epl-bou-che-2025-12-06,2025-12-06T15:00:00+00:00,A,6,0.46,0.4393,0.4625,0.4613,0.4592,0.4648,0,728184
E0,epl-bou-che-2025-12-06,2025-12-06T15:00:00+00:00,A,24,0.46,0.4393,0.4625,0.4613,0.4592,0.4648,0,728184
E0,epl-mun-wes-2025-12-04,2025-12-04T20:00:00+00:00,H,1,0.69,0.6604,0.6791,0.6747,0.6965,0.695,0,1765263
E0,epl-mun-wes-2025-12-04,2025-12-04T20:00:00+00:00,H,6,0.69,0.6604,0.6791,0.6747,0.6965,0.695,0,1765263
E0,epl-mun-wes-2025-12-04,2025-12-04T20:00:00+00:00,H,24,0.67,0.6604,0.6791,0.6747,0.6965,0.695,0,1765263
E0,epl-mun-wes-2025-12-04,2025-12-04T20:00:00+00:00,D,1,0.19,0.1963,0.189,0.1799,0.1862,0.1807,1,392934
E0,epl-mun-wes-2025-12-04,2025-12-04T20:00:00+00:00,D,6,0.18,0.1963,0.189,0.1799,0.1862,0.1807,1,392934
E0,epl-mun-wes-2025-12-04,2025-12-04T20:00:00+00:00,D,24,0.2,0.1963,0.189,0.1799,0.1862,0.1807,1,392934
E0,epl-mun-wes-2025-12-04,2025-12-04T20:00:00+00:00,A,1,0.12,0.1433,0.1319,0.1453,0.1173,0.1242,0,424620
E0,epl-mun-wes-2025-12-04,2025-12-04T20:00:00+00:00,A,6,0.14,0.1433,0.1319,0.1453,0.1173,0.1242,0,424620
E0,epl-mun-wes-2025-12-04,2025-12-04T20:00:00+00:00,A,24,0.14,0.1433,0.1319,0.1453,0.1173,0.1242,0,424620
E0,epl-new-bur-2025-12-06,2025-12-06T15:00:00+00:00,H,1,0.75,0.7424,0.7289,0.7282,0.7272,0.7402,1,659755
E0,epl-new-bur-2025-12-06,2025-12-06T15:00:00+00:00,H,6,0.76,0.7424,0.7289,0.7282,0.7272,0.7402,1,659755
E0,epl-new-bur-2025-12-06,2025-12-06T15:00:00+00:00,H,24,0.77,0.7424,0.7289,0.7282,0.7272,0.7402,1,659755
E0,epl-new-bur-2025-12-06,2025-12-06T15:00:00+00:00,D,1,0.17,0.1661,0.1714,0.1721,0.1682,0.1653,0,10643
E0,epl-new-bur-2025-12-06,2025-12-06T15:00:00+00:00,D,6,0.17,0.1661,0.1714,0.1721,0.1682,0.1653,0,10643
E0,epl-new-bur-2025-12-06,2025-12-06T15:00:00+00:00,D,24,0.16,0.1661,0.1714,0.1721,0.1682,0.1653,0,10643
E0,epl-new-bur-2025-12-06,2025-12-06T15:00:00+00:00,A,1,0.09,0.0915,0.0997,0.0997,0.1046,0.0945,0,64605
E0,epl-new-bur-2025-12-06,2025-12-06T15:00:00+00:00,A,6,0.08,0.0915,0.0997,0.0997,0.1046,0.0945,0,64605
E0,epl-new-bur-2025-12-06,2025-12-06T15:00:00+00:00,A,24,0.09,0.0915,0.0997,0.0997,0.1046,0.0945,0,64605
E0,epl-ast-ars-2025-12-06,2025-12-06T12:30:00+00:00,H,1,0.22,0.2294,0.227,0.2267,0.2173,0.2121,1,727969
E0,epl-ast-ars-2025-12-06,2025-12-06T12:30:00+00:00,H,6,0.22,0.2294,0.227,0.2267,0.2173,0.2121,1,727969
E0,epl-ast-ars-2025-12-06,2025-12-06T12:30:00+00:00,H,24,0.22,0.2294,0.227,0.2267,0.2173,0.2121,1,727969
E0,epl-ast-ars-2025-12-06,2025-12-06T12:30:00+00:00,D,1,0.29,0.2746,0.2735,0.2721,0.2762,0.2768,0,257387
E0,epl-ast-ars-2025-12-06,2025-12-06T12:30:00+00:00,D,6,0.28,0.2746,0.2735,0.2721,0.2762,0.2768,0,257387
E0,epl-ast-ars-2025-12-06,2025-12-06T12:30:00+00:00,D,24,0.28,0.2746,0.2735,0.2721,0.2762,0.2768,0,257387
E0,epl-ast-ars-2025-12-06,2025-12-06T12:30:00+00:00,A,1,0.51,0.496,0.4995,0.5012,0.5066,0.5111,0,1439680
E0,epl-ast-ars-2025-12-06,2025-12-06T12:30:00+00:00,A,6,0.52,0.496,0.4995,0.5012,0.5066,0.5111,0,1439680
E0,epl-ast-ars-2025-12-06,2025-12-06T12:30:00+00:00,A,24,0.5,0.496,0.4995,0.5012,0.5066,0.5111,0,1439680
E0,epl-mac-sun-2025-12-06,2025-12-06T15:00:00+00:00,H,1,0.77,0.7643,0.7574,0.7591,0.762,0.77,1,470819
E0,epl-mac-sun-2025-12-06,2025-12-06T15:00:00+00:00,H,6,0.77,0.7643,0.7574,0.7591,0.762,0.77,1,470819
E0,epl-mac-sun-2025-12-06,2025-12-06T15:00:00+00:00,H,24,0.79,0.7643,0.7574,0.7591,0.762,0.77,1,470819
E0,epl-mac-sun-2025-12-06,2025-12-06T15:00:00+00:00,D,1,0.16,0.1524,0.1532,0.146,0.15,0.1505,0,27460
E0,epl-mac-sun-2025-12-06,2025-12-06T15:00:00+00:00,D,6,0.16,0.1524,0.1532,0.146,0.15,0.1505,0,27460
E0,epl-mac-sun-2025-12-06,2025-12-06T15:00:00+00:00,D,24,0.14,0.1524,0.1532,0.146,0.15,0.1505,0,27460
E0,epl-mac-sun-2025-12-06,2025-12-06T15:00:00+00:00,A,1,0.1,0.0833,0.0894,0.0949,0.088,0.0795,0,279249
E0,epl-mac-sun-2025-12-06,2025-12-06T15:00:00+00:00,A,6,0.08,0.0833,0.0894,0.0949,0.088,0.0795,0,279249
E0,epl-mac-sun-2025-12-06,2025-12-06T15:00:00+00:00,A,24,0.08,0.0833,0.0894,0.0949,0.088,0.0795,0,279249
E0,epl-eve-not-2025-12-06,2025-12-06T15:00:00+00:00,H,1,0.46,0.4378,0.4559,0.4637,0.4585,0.4597,1,166135
E0,epl-eve-not-2025-12-06,2025-12-06T15:00:00+00:00,H,6,0.45,0.4378,0.4559,0.4637,0.4585,0.4597,1,166135
E0,epl-eve-not-2025-12-06,2025-12-06T15:00:00+00:00,H,24,0.45,0.4378,0.4559,0.4637,0.4585,0.4597,1,166135
E0,epl-eve-not-2025-12-06,2025-12-06T15:00:00+00:00,D,1,0.3,0.2923,0.2891,0.2925,0.2884,0.292,0,15274
E0,epl-eve-not-2025-12-06,2025-12-06T15:00:00+00:00,D,6,0.3,0.2923,0.2891,0.2925,0.2884,0.292,0,15274
E0,epl-eve-not-2025-12-06,2025-12-06T15:00:00+00:00,D,24,0.3,0.2923,0.2891,0.2925,0.2884,0.292,0,15274
E0,epl-eve-not-2025-12-06,2025-12-06T15:00:00+00:00,A,1,0.26,0.2699,0.2549,0.2438,0.2531,0.2482,0,62555
E0,epl-eve-not-2025-12-06,2025-12-06T15:00:00+00:00,A,6,0.25,0.2699,0.2549,0.2438,0.2531,0.2482,0,62555
E0,epl-eve-not-2025-12-06,2025-12-06T15:00:00+00:00,A,24,0.2724,0.2699,0.2549,0.2438,0.2531,0.2482,0,62555
E0,epl-tot-bre-2025-12-06,2025-12-06T15:00:00+00:00,H,1,0.4,0.4109,0.3911,0.3809,0.3912,0.389,1,400820
E0,epl-tot-bre-2025-12-06,2025-12-06T15:00:00+00:00,H,6,0.41,0.4109,0.3911,0.3809,0.3912,0.389,1,400820
E0,epl-tot-bre-2025-12-06,2025-12-06T15:00:00+00:00,H,24,0.42,0.4109,0.3911,0.3809,0.3912,0.389,1,400820
E0,epl-tot-bre-2025-12-06,2025-12-06T15:00:00+00:00,D,1,0.28,0.2759,0.2825,0.2885,0.284,0.2845,0,43931
E0,epl-tot-bre-2025-12-06,2025-12-06T15:00:00+00:00,D,6,0.29,0.2759,0.2825,0.2885,0.284,0.2845,0,43931
E0,epl-tot-bre-2025-12-06,2025-12-06T15:00:00+00:00,D,24,0.28,0.2759,0.2825,0.2885,0.284,0.2845,0,43931
E0,epl-tot-bre-2025-12-06,2025-12-06T15:00:00+00:00,A,1,0.32,0.3132,0.3264,0.3306,0.3247,0.3265,0,85943
E0,epl-tot-bre-2025-12-06,2025-12-06T15:00:00+00:00,A,6,0.31,0.3132,0.3264,0.3306,0.3247,0.3265,0,85943
E0,epl-tot-bre-2025-12-06,2025-12-06T15:00:00+00:00,A,24,0.32,0.3132,0.3264,0.3306,0.3247,0.3265,0,85943
E0,epl-lee-liv-2025-12-06,2025-12-06T17:30:00+00:00,H,1,0.23,0.2404,0.2158,0.2247,0.2115,0.2108,0,281477
E0,epl-lee-liv-2025-12-06,2025-12-06T17:30:00+00:00,H,6,0.23,0.2404,0.2158,0.2247,0.2115,0.2108,0,281477
E0,epl-lee-liv-2025-12-06,2025-12-06T17:30:00+00:00,H,24,0.23,0.2404,0.2158,0.2247,0.2115,0.2108,0,281477
E0,epl-lee-liv-2025-12-06,2025-12-06T17:30:00+00:00,D,1,0.24,0.2435,0.2447,0.236,0.238,0.2417,1,128986
E0,epl-lee-liv-2025-12-06,2025-12-06T17:30:00+00:00,D,6,0.25,0.2435,0.2447,0.236,0.238,0.2417,1,128986
E0,epl-lee-liv-2025-12-06,2025-12-06T17:30:00+00:00,D,24,0.25,0.2435,0.2447,0.236,0.238,0.2417,1,128986
E0,epl-lee-liv-2025-12-06,2025-12-06T17:30:00+00:00,A,1,0.54,0.5161,0.5395,0.5393,0.5504,0.5475,0,1093122
E0,epl-lee-liv-2025-12-06,2025-12-06T17:30:00+00:00,A,6,0.52,0.5161,0.5395,0.5393,0.5504,0.5475,0,1093122
E0,epl-lee-liv-2025-12-06,2025-12-06T17:30:00+00:00,A,24,0.52,0.5161,0.5395,0.5393,0.5504,0.5475,0,1093122
E0,epl-bri-wes-2025-12-07,2025-12-07T14:00:00+00:00,H,1,0.61,0.612,0.5926,0.5932,0.5955,0.6019,0,403510
E0,epl-bri-wes-2025-12-07,2025-12-07T14:00:00+00:00,H,6,0.63,0.612,0.5926,0.5932,0.5955,0.6019,0,403510
E0,epl-bri-wes-2025-12-07,2025-12-07T14:00:00+00:00,H,24,0.62,0.612,0.5926,0.5932,0.5955,0.6019,0,403510
E0,epl-bri-wes-2025-12-07,2025-12-07T14:00:00+00:00,D,1,0.22,0.2196,0.2236,0.226,0.2231,0.2207,1,120673
E0,epl-bri-wes-2025-12-07,2025-12-07T14:00:00+00:00,D,6,0.22,0.2196,0.2236,0.226,0.2231,0.2207,1,120673
E0,epl-bri-wes-2025-12-07,2025-12-07T14:00:00+00:00,D,24,0.22,0.2196,0.2236,0.226,0.2231,0.2207,1,120673
E0,epl-bri-wes-2025-12-07,2025-12-07T14:00:00+00:00,A,1,0.17,0.1685,0.1838,0.1808,0.1814,0.1774,0,206516
E0,epl-bri-wes-2025-12-07,2025-12-07T14:00:00+00:00,A,6,0.17,0.1685,0.1838,0.1808,0.1814,0.1774,0,206516
E0,epl-bri-wes-2025-12-07,2025-12-07T14:00:00+00:00,A,24,0.16,0.1685,0.1838,0.1808,0.1814,0.1774,0,206516
E0,epl-liv-bri-2025-12-13,2025-12-13T15:00:00+00:00,H,1,0.56,0.5676,0.5449,0.5397,0.5378,0.5468,1,946387
E0,epl-liv-bri-2025-12-13,2025-12-13T15:00:00+00:00,H,6,0.58,0.5676,0.5449,0.5397,0.5378,0.5468,1,946387
E0,epl-liv-bri-2025-12-13,2025-12-13T15:00:00+00:00,H,24,0.56,0.5676,0.5449,0.5397,0.5378,0.5468,1,946387
E0,epl-liv-bri-2025-12-13,2025-12-13T15:00:00+00:00,D,1,0.23,0.2273,0.2382,0.2422,0.2361,0.2369,0,100024
E0,epl-liv-bri-2025-12-13,2025-12-13T15:00:00+00:00,D,6,0.24,0.2273,0.2382,0.2422,0.2361,0.2369,0,100024
E0,epl-liv-bri-2025-12-13,2025-12-13T15:00:00+00:00,D,24,0.23,0.2273,0.2382,0.2422,0.2361,0.2369,0,100024
E0,epl-liv-bri-2025-12-13,2025-12-13T15:00:00+00:00,A,1,0.21,0.2052,0.2169,0.2181,0.2262,0.2163,0,298771
E0,epl-liv-bri-2025-12-13,2025-12-13T15:00:00+00:00,A,6,0.2,0.2052,0.2169,0.2181,0.2262,0.2163,0,298771
E0,epl-liv-bri-2025-12-13,2025-12-13T15:00:00+00:00,A,24,0.21,0.2052,0.2169,0.2181,0.2262,0.2163,0,298771
E0,epl-wol-mun-2025-12-08,2025-12-08T20:00:00+00:00,H,1,0.19,0.2239,0.1885,0.1987,0.1813,0.1777,0,1053152
E0,epl-wol-mun-2025-12-08,2025-12-08T20:00:00+00:00,H,6,0.17,0.2239,0.1885,0.1987,0.1813,0.1777,0,1053152
E0,epl-wol-mun-2025-12-08,2025-12-08T20:00:00+00:00,H,24,0.2,0.2239,0.1885,0.1987,0.1813,0.1777,0,1053152
E0,epl-wol-mun-2025-12-08,2025-12-08T20:00:00+00:00,D,1,0.23,0.2423,0.2323,0.236,0.2309,0.2369,0,118319
E0,epl-wol-mun-2025-12-08,2025-12-08T20:00:00+00:00,D,6,0.22,0.2423,0.2323,0.236,0.2309,0.2369,0,118319
E0,epl-wol-mun-2025-12-08,2025-12-08T20:00:00+00:00,D,24,0.23,0.2423,0.2323,0.236,0.2309,0.2369,0,118319
E0,epl-wol-mun-2025-12-08,2025-12-08T20:00:00+00:00,A,1,0.6,0.5338,0.5792,0.5653,0.5878,0.5854,1,3601031
E0,epl-wol-mun-2025-12-08,2025-12-08T20:00:00+00:00,A,6,0.6,0.5338,0.5792,0.5653,0.5878,0.5854,1,3601031
E0,epl-wol-mun-2025-12-08,2025-12-08T20:00:00+00:00,A,24,0.59,0.5338,0.5792,0.5653,0.5878,0.5854,1,3601031
E0,epl-ful-cry-2025-12-07,2025-12-07T16:30:00+00:00,H,1,0.38,0.3685,0.3811,0.3947,0.3848,0.3837,0,328354
E0,epl-ful-cry-2025-12-07,2025-12-07T16:30:00+00:00,H,6,0.37,0.3685,0.3811,0.3947,0.3848,0.3837,0,328354
E0,epl-ful-cry-2025-12-07,2025-12-07T16:30:00+00:00,H,24,0.36,0.3685,0.3811,0.3947,0.3848,0.3837,0,328354
E0,epl-ful-cry-2025-12-07,2025-12-07T16:30:00+00:00,D,1,0.3,0.2896,0.2859,0.2786,0.2863,0.2892,0,125934
E0,epl-ful-cry-2025-12-07,2025-12-07T16:30:00+00:00,D,6,0.3,0.2896,0.2859,0.2786,0.2863,0.2892,0,125934
E0,epl-ful-cry-2025-12-07,2025-12-07T16:30:00+00:00,D,24,0.3,0.2896,0.2859,0.2786,0.2863,0.2892,0,125934
E0,epl-ful-cry-2025-12-07,2025-12-07T16:30:00+00:00,A,1,0.34,0.3419,0.333,0.3267,0.3289,0.3271,1,243740
E0,epl-ful-cry-2025-12-07,2025-12-07T16:30:00+00:00,A,6,0.34,0.3419,0.333,0.3267,0.3289,0.3271,1,243740
E0,epl-ful-cry-2025-12-07,2025-12-07T16:30:00+00:00,A,24,0.35,0.3419,0.333,0.3267,0.3289,0.3271,1,243740
E0,epl-bur-ful-2025-12-13,2025-12-13T17:30:00+00:00,H,1,0.24,0.2413,0.2446,0.2431,0.2394,0.2419,0,407427
E0,epl-bur-ful-2025-12-13,2025-12-13T17:30:00+00:00,H,6,0.25,0.2413,0.2446,0.2431,0.2394,0.2419,0,407427
E0,epl-bur-ful-2025-12-13,2025-12-13T17:30:00+00:00,H,24,0.24,0.2413,0.2446,0.2431,0.2394,0.2419,0,407427
E0,epl-bur-ful-2025-12-13,2025-12-13T17:30:00+00:00,D,1,0.28,0.2725,0.2784,0.2708,0.2769,0.2718,0,147693
E0,epl-bur-ful-2025-12-13,2025-12-13T17:30:00+00:00,D,6,0.28,0.2725,0.2784,0.2708,0.2769,0.2718,0,147693
E0,epl-bur-ful-2025-12-13,2025-12-13T17:30:00+00:00,D,24,0.27,0.2725,0.2784,0.2708,0.2769,0.2718,0,147693
E0,epl-bur-ful-2025-12-13,2025-12-13T17:30:00+00:00,A,1,0.49,0.4863,0.477,0.4861,0.4836,0.4863,1,386356
E0,epl-bur-ful-2025-12-13,2025-12-13T17:30:00+00:00,A,6,0.48,0.4863,0.477,0.4861,0.4836,0.4863,1,386356
E0,epl-bur-ful-2025-12-13,2025-12-13T17:30:00+00:00,A,24,0.51,0.4863,0.477,0.4861,0.4836,0.4863,1,386356
E0,epl-ars-wol-2025-12-13,2025-12-13T20:00:00+00:00,H,1,0.87,0.8474,0.8503,0.8502,0.8619,0.8661,1,2475825
E0,epl-ars-wol-2025-12-13,2025-12-13T20:00:00+00:00,H,6,0.87,0.8474,0.8503,0.8502,0.8619,0.8661,1,2475825
E0,epl-ars-wol-2025-12-13,2025-12-13T20:00:00+00:00,H,24,0.88,0.8474,0.8503,0.8502,0.8619,0.8661,1,2475825
E0,epl-ars-wol-2025-12-13,2025-12-13T20:00:00+00:00,D,1,0.1,0.1101,0.107,0.1049,0.102,0.0996,0,152357
E0,epl-ars-wol-2025-12-13,2025-12-13T20:00:00+00:00,D,6,0.11,0.1101,0.107,0.1049,0.102,0.0996,0,152357
E0,epl-ars-wol-2025-12-13,2025-12-13T20:00:00+00:00,D,24,0.09,0.1101,0.107,0.1049,0.102,0.0996,0,152357
E0,epl-ars-wol-2025-12-13,2025-12-13T20:00:00+00:00,A,1,0.038,0.0425,0.0427,0.0449,0.0361,0.0343,0,237455
E0,epl-ars-wol-2025-12-13,2025-12-13T20:00:00+00:00,A,6,0.0379,0.0425,0.0427,0.0449,0.0361,0.0343,0,237455
E0,epl-ars-wol-2025-12-13,2025-12-13T20:00:00+00:00,A,24,0.037,0.0425,0.0427,0.0449,0.0361,0.0343,0,237455
E0,epl-che-eve-2025-12-13,2025-12-13T15:00:00+00:00,H,1,0.56,0.5709,0.5544,0.5478,0.5532,0.5595,1,867952
E0,epl-che-eve-2025-12-13,2025-12-13T15:00:00+00:00,H,6,0.55,0.5709,0.5544,0.5478,0.5532,0.5595,1,867952
E0,epl-che-eve-2025-12-13,2025-12-13T15:00:00+00:00,H,24,0.58,0.5709,0.5544,0.5478,0.5532,0.5595,1,867952
E0,epl-che-eve-2025-12-13,2025-12-13T15:00:00+00:00,D,1,0.24,0.243,0.2469,0.2527,0.2476,0.249,0,69376
E0,epl-che-eve-2025-12-13,2025-12-13T15:00:00+00:00,D,6,0.26,0.243,0.2469,0.2527,0.2476,0.249,0,69376
E0,epl-che-eve-2025-12-13,2025-12-13T15:00:00+00:00,D,24,0.25,0.243,0.2469,0.2527,0.2476,0.249,0,69376
E0,epl-che-eve-2025-12-13,2025-12-13T15:00:00+00:00,A,1,0.191,0.1862,0.1987,0.1995,0.1992,0.1915,0,122227
E0,epl-che-eve-2025-12-13,2025-12-13T15:00:00+00:00,A,6,0.198,0.1862,0.1987,0.1995,0.1992,0.1915,0,122227
E0,epl-che-eve-2025-12-13,2025-12-13T15:00:00+00:00,A,24,0.1888,0.1862,0.1987,0.1995,0.1992,0.1915,0,122227
E0,epl-cry-mac-2025-12-14,2025-12-14T14:00:00+00:00,H,1,0.23,0.237,0.2357,0.2373,0.2308,0.2267,0,551565
E0,epl-cry-mac-2025-12-14,2025-12-14T14:00:00+00:00,H,6,0.22,0.237,0.2357,0.2373,0.2308,0.2267,0,551565
E0,epl-cry-mac-2025-12-14,2025-12-14T14:00:00+00:00,H,24,0.24,0.237,0.2357,0.2373,0.2308,0.2267,0,551565
E0,epl-cry-mac-2025-12-14,2025-12-14T14:00:00+00:00,D,1,0.25,0.2476,0.2534,0.2497,0.2555,0.2591,0,185850
E0,epl-cry-mac-2025-12-14,2025-12-14T14:00:00+00:00,D,6,0.24,0.2476,0.2534,0.2497,0.2555,0.2591,0,185850
E0,epl-cry-mac-2025-12-14,2025-12-14T14:00:00+00:00,D,24,0.24,0.2476,0.2534,0.2497,0.2555,0.2591,0,185850
E0,epl-cry-mac-2025-12-14,2025-12-14T14:00:00+00:00,A,1,0.52,0.5154,0.5109,0.513,0.5137,0.5142,1,1124400
E0,epl-cry-mac-2025-12-14,2025-12-14T14:00:00+00:00,A,6,0.54,0.5154,0.5109,0.513,0.5137,0.5142,1,1124400
E0,epl-cry-mac-2025-12-14,2025-12-14T14:00:00+00:00,A,24,0.52,0.5154,0.5109,0.513,0.5137,0.5142,1,1124400
E0,epl-wes-ast-2025-12-14,2025-12-14T14:00:00+00:00,H,1,0.28,0.2598,0.2868,0.2881,0.2906,0.284,0,912301
E0,epl-wes-ast-2025-12-14,2025-12-14T14:00:00+00:00,H,6,0.25,0.2598,0.2868,0.2881,0.2906,0.284,0,912301
E0,epl-wes-ast-2025-12-14,2025-12-14T14:00:00+00:00,H,24,0.25,0.2598,0.2868,0.2881,0.2906,0.284,0,912301
E0,epl-wes-ast-2025-12-14,2025-12-14T14:00:00+00:00,D,1,0.29,0.2687,0.2776,0.2797,0.2727,0.2761,0,41565
E0,epl-wes-ast-2025-12-14,2025-12-14T14:00:00+00:00,D,6,0.28,0.2687,0.2776,0.2797,0.2727,0.2761,0,41565
E0,epl-wes-ast-2025-12-14,2025-12-14T14:00:00+00:00,D,24,0.26,0.2687,0.2776,0.2797,0.2727,0.2761,0,41565
E0,epl-wes-ast-2025-12-14,2025-12-14T14:00:00+00:00,A,1,0.45,0.4715,0.4355,0.4322,0.4366,0.4399,1,984048
E0,epl-wes-ast-2025-12-14,2025-12-14T14:00:00+00:00,A,6,0.49,0.4715,0.4355,0.4322,0.4366,0.4399,1,984048
E0,epl-wes-ast-2025-12-14,2025-12-14T14:00:00+00:00,A,24,0.48,0.4715,0.4355,0.4322,0.4366,0.4399,1,984048
E0,epl-not-tot-2025-12-14,2025-12-14T14:00:00+00:00,H,1,0.35,0.3702,0.3621,0.3548,0.354,0.3531,1,492523
E0,epl-not-tot-2025-12-14,2025-12-14T14:00:00+00:00,H,6,0.36,0.3702,0.3621,0.3548,0.354,0.3531,1,492523
E0,epl-not-tot-2025-12-14,2025-12-14T14:00:00+00:00,H,24,0.37,0.3702,0.3621,0.3548,0.354,0.3531,1,492523
E0,epl-not-tot-2025-12-14,2025-12-14T14:00:00+00:00,D,1,0.29,0.2878,0.2866,0.2903,0.2906,0.2886,0,52684
E0,epl-not-tot-2025-12-14,2025-12-14T14:00:00+00:00,D,6,0.3,0.2878,0.2866,0.2903,0.2906,0.2886,0,52684
E0,epl-not-tot-2025-12-14,2025-12-14T14:00:00+00:00,D,24,0.29,0.2878,0.2866,0.2903,0.2906,0.2886,0,52684
E0,epl-not-tot-2025-12-14,2025-12-14T14:00:00+00:00,A,1,0.36,0.342,0.3513,0.3548,0.3553,0.3582,0,392696
E0,epl-not-tot-2025-12-14,2025-12-14T14:00:00+00:00,A,6,0.36,0.342,0.3513,0.3548,0.3553,0.3582,0,392696
E0,epl-not-tot-2025-12-14,2025-12-14T14:00:00+00:00,A,24,0.35,0.342,0.3513,0.3548,0.3553,0.3582,0,392696
E0,epl-sun-new-2025-12-14,2025-12-14T14:00:00+00:00,H,1,0.28,0.2901,0.278,0.2821,0.2697,0.2723,1,608550
E0,epl-sun-new-2025-12-14,2025-12-14T14:00:00+00:00,H,6,0.27,0.2901,0.278,0.2821,0.2697,0.2723,1,608550
E0,epl-sun-new-2025-12-14,2025-12-14T14:00:00+00:00,H,24,0.29,0.2901,0.278,0.2821,0.2697,0.2723,1,608550
E0,epl-sun-new-2025-12-14,2025-12-14T14:00:00+00:00,D,1,0.28,0.284,0.283,0.2821,0.2838,0.28,0,42649
E0,epl-sun-new-2025-12-14,2025-12-14T14:00:00+00:00,D,6,0.3,0.284,0.283,0.2821,0.2838,0.28,0,42649
E0,epl-sun-new-2025-12-14,2025-12-14T14:00:00+00:00,D,24,0.29,0.284,0.283,0.2821,0.2838,0.28,0,42649
E0,epl-sun-new-2025-12-14,2025-12-14T14:00:00+00:00,A,1,0.45,0.426,0.4389,0.4359,0.4465,0.4477,0,247155
E0,epl-sun-new-2025-12-14,2025-12-14T14:00:00+00:00,A,6,0.44,0.426,0.4389,0.4359,0.4465,0.4477,0,247155
E0,epl-sun-new-2025-12-14,2025-12-14T14:00:00+00:00,A,24,0.43,0.426,0.4389,0.4359,0.4465,0.4477,0,247155
E0,epl-bre-lee-2025-12-14,2025-12-14T16:30:00+00:00,H,1,0.45,0.4873,0.4426,0.4447,0.4365,0.447,0,777852
E0,epl-bre-lee-2025-12-14,2025-12-14T16:30:00+00:00,H,6,0.49,0.4873,0.4426,0.4447,0.4365,0.447,0,777852
E0,epl-bre-lee-2025-12-14,2025-12-14T16:30:00+00:00,H,24,0.48,0.4873,0.4426,0.4447,0.4365,0.447,0,777852
E0,epl-bre-lee-2025-12-14,2025-12-14T16:30:00+00:00,D,1,0.29,0.2671,0.2914,0.2897,0.2923,0.2919,1,154922
E0,epl-bre-lee-2025-12-14,2025-12-14T16:30:00+00:00,D,6,0.29,0.2671,0.2914,0.2897,0.2923,0.2919,1,154922
E0,epl-bre-lee-2025-12-14,2025-12-14T16:30:00+00:00,D,24,0.28,0.2671,0.2914,0.2897,0.2923,0.2919,1,154922
E0,epl-bre-lee-2025-12-14,2025-12-14T16:30:00+00:00,A,1,0.26,0.2456,0.266,0.2656,0.2712,0.2611,0,264921
E0,epl-bre-lee-2025-12-14,2025-12-14T16:30:00+00:00,A,6,0.24,0.2456,0.266,0.2656,0.2712,0.2611,0,264921
E0,epl-bre-lee-2025-12-14,2025-12-14T16:30:00+00:00,A,24,0.24,0.2456,0.266,0.2656,0.2712,0.2611,0,264921
E0,epl-mun-bou-2025-12-15,2025-12-15T20:00:00+00:00,H,1,0.54,0.5178,0.5404,0.552,0.5356,0.5485,0,1887219
E0,epl-mun-bou-2025-12-15,2025-12-15T20:00:00+00:00,H,6,0.54,0.5178,0.5404,0.552,0.5356,0.5485,0,1887219
E0,epl-mun-bou-2025-12-15,2025-12-15T20:00:00+00:00,H,24,0.55,0.5178,0.5404,0.552,0.5356,0.5485,0,1887219
E0,epl-mun-bou-2025-12-15,2025-12-15T20:00:00+00:00,D,1,0.2383,0.2368,0.2276,0.2206,0.2336,0.2309,1,444072
E0,epl-mun-bou-2025-12-15,2025-12-15T20:00:00+00:00,D,6,0.22,0.2368,0.2276,0.2206,0.2336,0.2309,1,444072
E0,epl-mun-bou-2025-12-15,2025-12-15T20:00:00+00:00,D,24,0.239,0.2368,0.2276,0.2206,0.2336,0.2309,1,444072
E0,epl-mun-bou-2025-12-15,2025-12-15T20:00:00+00:00,A,1,0.24,0.2454,0.232,0.2274,0.2308,0.2206,0,512163
E0,epl-mun-bou-2025-12-15,2025-12-15T20:00:00+00:00,A,6,0.23,0.2454,0.232,0.2274,0.2308,0.2206,0,512163
E0,epl-mun-bou-2025-12-15,2025-12-15T20:00:00+00:00,A,24,0.24,0.2454,0.232,0.2274,0.2308,0.2206,0,512163
E0,epl-new-che-2025-12-20,2025-12-20T12:30:00+00:00,H,1,0.35,0.3469,0.3392,0.3339,0.3393,0.3377,0,571300
E0,epl-new-che-2025-12-20,2025-12-20T12:30:00+00:00,H,6,0.35,0.3469,0.3392,0.3339,0.3393,0.3377,0,571300
E0,epl-new-che-2025-12-20,2025-12-20T12:30:00+00:00,H,24,0.34,0.3469,0.3392,0.3339,0.3393,0.3377,0,571300
E0,epl-new-che-2025-12-20,2025-12-20T12:30:00+00:00,D,1,0.27,0.2698,0.2681,0.2597,0.2743,0.2683,1,282834
E0,epl-new-che-2025-12-20,2025-12-20T12:30:00+00:00,D,6,0.27,0.2698,0.2681,0.2597,0.2743,0.2683,1,282834
E0,epl-new-che-2025-12-20,2025-12-20T12:30:00+00:00,D,24,0.27,0.2698,0.2681,0.2597,0.2743,0.2683,1,282834
E0,epl-new-che-2025-12-20,2025-12-20T12:30:00+00:00,A,1,0.38,0.3834,0.3927,0.4065,0.3864,0.394,0,956340
E0,epl-new-che-2025-12-20,2025-12-20T12:30:00+00:00,A,6,0.4,0.3834,0.3927,0.4065,0.3864,0.394,0,956340
E0,epl-new-che-2025-12-20,2025-12-20T12:30:00+00:00,A,24,0.39,0.3834,0.3927,0.4065,0.3864,0.394,0,956340
E0,epl-bri-sun-2025-12-20,2025-12-20T15:00:00+00:00,H,1,0.55,0.5755,0.5182,0.5125,0.52,0.5269,0,265925
E0,epl-bri-sun-2025-12-20,2025-12-20T15:00:00+00:00,H,6,0.58,0.5755,0.5182,0.5125,0.52,0.5269,0,265925
E0,epl-bri-sun-2025-12-20,2025-12-20T15:00:00+00:00,H,24,0.58,0.5755,0.5182,0.5125,0.52,0.5269,0,265925
E0,epl-bri-sun-2025-12-20,2025-12-20T15:00:00+00:00,D,1,0.25,0.2404,0.2598,0.2562,0.2693,0.2656,1,73858
E0,epl-bri-sun-2025-12-20,2025-12-20T15:00:00+00:00,D,6,0.25,0.2404,0.2598,0.2562,0.2693,0.2656,1,73858
E0,epl-bri-sun-2025-12-20,2025-12-20T15:00:00+00:00,D,24,0.24,0.2404,0.2598,0.2562,0.2693,0.2656,1,73858
E0,epl-bri-sun-2025-12-20,2025-12-20T15:00:00+00:00,A,1,0.19,0.184,0.2221,0.2313,0.2107,0.2075,0,163450
E0,epl-bri-sun-2025-12-20,2025-12-20T15:00:00+00:00,A,6,0.19,0.184,0.2221,0.2313,0.2107,0.2075,0,163450
E0,epl-bri-sun-2025-12-20,2025-12-20T15:00:00+00:00,A,24,0.19,0.184,0.2221,0.2313,0.2107,0.2075,0,163450
E0,epl-mac-wes-2025-12-20,2025-12-20T15:00:00+00:00,H,1,0.81,0.7911,0.7929,0.788,0.8135,0.8175,1,1319731
E0,epl-mac-wes-2025-12-20,2025-12-20T15:00:00+00:00,H,6,0.82,0.7911,0.7929,0.788,0.8135,0.8175,1,1319731
E0,epl-mac-wes-2025-12-20,2025-12-20T15:00:00+00:00,H,24,0.82,0.7911,0.7929,0.788,0.8135,0.8175,1,1319731
E0,epl-mac-wes-2025-12-20,2025-12-20T15:00:00+00:00,D,1,0.13,0.129,0.1279,0.1261,0.1173,0.116,0,33859
E0,epl-mac-wes-2025-12-20,2025-12-20T15:00:00+00:00,D,6,0.12,0.129,0.1279,0.1261,0.1173,0.116,0,33859
E0,epl-mac-wes-2025-12-20,2025-12-20T15:00:00+00:00,D,24,0.1263,0.129,0.1279,0.1261,0.1173,0.116,0,33859
E0,epl-mac-wes-2025-12-20,2025-12-20T15:00:00+00:00,A,1,0.06,0.0799,0.0792,0.086,0.0691,0.0665,0,120809
E0,epl-mac-wes-2025-12-20,2025-12-20T15:00:00+00:00,A,6,0.07,0.0799,0.0792,0.086,0.0691,0.0665,0,120809
E0,epl-mac-wes-2025-12-20,2025-12-20T15:00:00+00:00,A,24,0.07,0.0799,0.0792,0.086,0.0691,0.0665,0,120809
E0,epl-bou-bur-2025-12-20,2025-12-20T15:00:00+00:00,H,1,0.66,0.6434,0.6471,0.6387,0.6573,0.6615,0,504857
E0,epl-bou-bur-2025-12-20,2025-12-20T15:00:00+00:00,H,6,0.65,0.6434,0.6471,0.6387,0.6573,0.6615,0,504857
E0,epl-bou-bur-2025-12-20,2025-12-20T15:00:00+00:00,H,24,0.66,0.6434,0.6471,0.6387,0.6573,0.6615,0,504857
E0,epl-bou-bur-2025-12-20,2025-12-20T15:00:00+00:00,D,1,0.22,0.213,0.2059,0.2101,0.2027,0.1998,1,32551
E0,epl-bou-bur-2025-12-20,2025-12-20T15:00:00+00:00,D,6,0.22,0.213,0.2059,0.2101,0.2027,0.1998,1,32551
E0,epl-bou-bur-2025-12-20,2025-12-20T15:00:00+00:00,D,24,0.21,0.213,0.2059,0.2101,0.2027,0.1998,1,32551
E0,epl-bou-bur-2025-12-20,2025-12-20T15:00:00+00:00,A,1,0.14,0.1435,0.147,0.1512,0.14,0.1387,0,44003
E0,epl-bou-bur-2025-12-20,2025-12-20T15:00:00+00:00,A,6,0.15,0.1435,0.147,0.1512,0.14,0.1387,0,44003
E0,epl-bou-bur-2025-12-20,2025-12-20T15:00:00+00:00,A,24,0.14,0.1435,0.147,0.1512,0.14,0.1387,0,44003
E0,epl-wol-bre-2025-12-20,2025-12-20T15:00:00+00:00,H,1,0.26,0.2644,0.2774,0.2763,0.2803,0.2734,0,848609
E0,epl-wol-bre-2025-12-20,2025-12-20T15:00:00+00:00,H,6,0.28,0.2644,0.2774,0.2763,0.2803,0.2734,0,848609
E0,epl-wol-bre-2025-12-20,2025-12-20T15:00:00+00:00,H,24,0.25,0.2644,0.2774,0.2763,0.2803,0.2734,0,848609
E0,epl-wol-bre-2025-12-20,2025-12-20T15:00:00+00:00,D,1,0.29,0.2727,0.2815,0.2763,0.2795,0.2851,0,77957
E0,epl-wol-bre-2025-12-20,2025-12-20T15:00:00+00:00,D,6,0.28,0.2727,0.2815,0.2763,0.2795,0.2851,0,77957
E0,epl-wol-bre-2025-12-20,2025-12-20T15:00:00+00:00,D,24,0.28,0.2727,0.2815,0.2763,0.2795,0.2851,0,77957
E0,epl-wol-bre-2025-12-20,2025-12-20T15:00:00+00:00,A,1,0.46,0.4629,0.4412,0.4474,0.4402,0.4415,1,484474
E0,epl-wol-bre-2025-12-20,2025-12-20T15:00:00+00:00,A,6,0.46,0.4629,0.4412,0.4474,0.4402,0.4415,1,484474
E0,epl-wol-bre-2025-12-20,2025-12-20T15:00:00+00:00,A,24,0.47,0.4629,0.4412,0.4474,0.4402,0.4415,1,484474
E0,epl-tot-liv-2025-12-20,2025-12-20T17:30:00+00:00,H,1,0.27,0.2802,0.2675,0.2632,0.2619,0.2588,0,313467
E0,epl-tot-liv-2025-12-20,2025-12-20T17:30:00+00:00,H,6,0.27,0.2802,0.2675,0.2632,0.2619,0.2588,0,313467
E0,epl-tot-liv-2025-12-20,2025-12-20T17:30:00+00:00,H,24,0.28,0.2802,0.2675,0.2632,0.2619,0.2588,0,313467
E0,epl-tot-liv-2025-12-20,2025-12-20T17:30:00+00:00,D,1,0.26,0.2538,0.2638,0.2632,0.2641,0.2622,0,223777
E0,epl-tot-liv-2025-12-20,2025-12-20T17:30:00+00:00,D,6,0.27,0.2538,0.2638,0.2632,0.2641,0.2622,0,223777
E0,epl-tot-liv-2025-12-20,2025-12-20T17:30:00+00:00,D,24,0.26,0.2538,0.2638,0.2632,0.2641,0.2622,0,223777
E0,epl-tot-liv-2025-12-20,2025-12-20T17:30:00+00:00,A,1,0.48,0.4661,0.4688,0.4737,0.474,0.479,1,1248578
E0,epl-tot-liv-2025-12-20,2025-12-20T17:30:00+00:00,A,6,0.48,0.4661,0.4688,0.4737,0.474,0.479,1,1248578
E0,epl-tot-liv-2025-12-20,2025-12-20T17:30:00+00:00,A,24,0.48,0.4661,0.4688,0.4737,0.474,0.479,1,1248578
E0,epl-eve-ars-2025-12-20,2025-12-20T20:00:00+00:00,H,1,0.14,0.1565,0.151,0.1513,0.1461,0.146,0,446858
E0,epl-eve-ars-2025-12-20,2025-12-20T20:00:00+00:00,H,6,0.14,0.1565,0.151,0.1513,0.1461,0.146,0,446858
E0,epl-eve-ars-2025-12-20,2025-12-20T20:00:00+00:00,H,24,0.14,0.1565,0.151,0.1513,0.1461,0.146,0,446858
E0,epl-eve-ars-2025-12-20,2025-12-20T20:00:00+00:00,D,1,0.23,0.2426,0.2352,0.2306,0.2313,0.2256,0,62489
E0,epl-eve-ars-2025-12-20,2025-12-20T20:00:00+00:00,D,6,0.23,0.2426,0.2352,0.2306,0.2313,0.2256,0,62489
E0,epl-eve-ars-2025-12-20,2025-12-20T20:00:00+00:00,D,24,0.23,0.2426,0.2352,0.2306,0.2313,0.2256,0,62489
E0,epl-eve-ars-2025-12-20,2025-12-20T20:00:00+00:00,A,1,0.63,0.601,0.6138,0.6181,0.6227,0.6284,1,1543476
E0,epl-eve-ars-2025-12-20,2025-12-20T20:00:00+00:00,A,6,0.62,0.601,0.6138,0.6181,0.6227,0.6284,1,1543476
E0,epl-eve-ars-2025-12-20,2025-12-20T20:00:00+00:00,A,24,0.63,0.601,0.6138,0.6181,0.6227,0.6284,1,1543476
E0,epl-lee-cry-2025-12-20,2025-12-20T20:00:00+00:00,H,1,0.35,0.3647,0.3346,0.3307,0.3321,0.3338,1,189579
E0,epl-lee-cry-2025-12-20,2025-12-20T20:00:00+00:00,H,6,0.36,0.3647,0.3346,0.3307,0.3321,0.3338,1,189579
E0,epl-lee-cry-2025-12-20,2025-12-20T20:00:00+00:00,H,24,0.36,0.3647,0.3346,0.3307,0.3321,0.3338,1,189579
E0,epl-lee-cry-2025-12-20,2025-12-20T20:00:00+00:00,D,1,0.31,0.2918,0.3094,0.3072,0.3128,0.3109,0,24791
E0,epl-lee-cry-2025-12-20,2025-12-20T20:00:00+00:00,D,6,0.3,0.2918,0.3094,0.3072,0.3128,0.3109,0,24791
E0,epl-lee-cry-2025-12-20,2025-12-20T20:00:00+00:00,D,24,0.3,0.2918,0.3094,0.3072,0.3128,0.3109,0,24791
E0,epl-lee-cry-2025-12-20,2025-12-20T20:00:00+00:00,A,1,0.36,0.3436,0.356,0.3621,0.3551,0.3553,0,177604
E0,epl-lee-cry-2025-12-20,2025-12-20T20:00:00+00:00,A,6,0.36,0.3436,0.356,0.3621,0.3551,0.3553,0,177604
E0,epl-lee-cry-2025-12-20,2025-12-20T20:00:00+00:00,A,24,0.36,0.3436,0.356,0.3621,0.3551,0.3553,0,177604
E0,epl-ast-mun-2025-12-21,2025-12-21T16:30:00+00:00,H,1,0.46,0.4502,0.4723,0.4771,0.4793,0.4814,1,1067560
E0,epl-ast-mun-2025-12-21,2025-12-21T16:30:00+00:00,H,6,0.47,0.4502,0.4723,0.4771,0.4793,0.4814,1,1067560
E0,epl-ast-mun-2025-12-21,2025-12-21T16:30:00+00:00,H,24,0.47,0.4502,0.4723,0.4771,0.4793,0.4814,1,1067560
E0,epl-ast-mun-2025-12-21,2025-12-21T16:30:00+00:00,D,1,0.27,0.2597,0.2587,0.2579,0.2607,0.261,0,179775
E0,epl-ast-mun-2025-12-21,2025-12-21T16:30:00+00:00,D,6,0.26,0.2597,0.2587,0.2579,0.2607,0.261,0,179775
E0,epl-ast-mun-2025-12-21,2025-12-21T16:30:00+00:00,D,24,0.27,0.2597,0.2587,0.2579,0.2607,0.261,0,179775
E0,epl-ast-mun-2025-12-21,2025-12-21T16:30:00+00:00,A,1,0.29,0.29,0.269,0.265,0.26,0.2576,0,494641
E0,epl-ast-mun-2025-12-21,2025-12-21T16:30:00+00:00,A,6,0.29,0.29,0.269,0.265,0.26,0.2576,0,494641
E0,epl-ast-mun-2025-12-21,2025-12-21T16:30:00+00:00,A,24,0.29,0.29,0.269,0.265,0.26,0.2576,0,494641
E0,epl-mun-new-2025-12-26,2025-12-26T20:00:00+00:00,H,1,0.38,0.3824,0.3836,0.3792,0.3877,0.3812,1,1446031
E0,epl-mun-new-2025-12-26,2025-12-26T20:00:00+00:00,H,6,0.37,0.3824,0.3836,0.3792,0.3877,0.3812,1,1446031
E0,epl-mun-new-2025-12-26,2025-12-26T20:00:00+00:00,H,24,0.38,0.3824,0.3836,0.3792,0.3877,0.3812,1,1446031
E0,epl-mun-new-2025-12-26,2025-12-26T20:00:00+00:00,D,1,0.27,0.2638,0.2603,0.2562,0.2561,0.2594,0,256593
E0,epl-mun-new-2025-12-26,2025-12-26T20:00:00+00:00,D,6,0.27,0.2638,0.2603,0.2562,0.2561,0.2594,0,256593
E0,epl-mun-new-2025-12-26,2025-12-26T20:00:00+00:00,D,24,0.27,0.2638,0.2603,0.2562,0.2561,0.2594,0,256593
E0,epl-mun-new-2025-12-26,2025-12-26T20:00:00+00:00,A,1,0.36,0.3538,0.3562,0.3646,0.3562,0.3593,0,1350014
E0,epl-mun-new-2025-12-26,2025-12-26T20:00:00+00:00,A,6,0.38,0.3538,0.3562,0.3646,0.3562,0.3593,0,1350014
E0,epl-mun-new-2025-12-26,2025-12-26T20:00:00+00:00,A,24,0.37,0.3538,0.3562,0.3646,0.3562,0.3593,0,1350014
E0,epl-ful-not-2025-12-22,2025-12-22T20:00:00+00:00,H,1,0.38,0.3897,0.3713,0.3632,0.3658,0.3659,1,538466
E0,epl-ful-not-2025-12-22,2025-12-22T20:00:00+00:00,H,6,0.39,0.3897,0.3713,0.3632,0.3658,0.3659,1,538466
E0,epl-ful-not-2025-12-22,2025-12-22T20:00:00+00:00,H,24,0.4,0.3897,0.3713,0.3632,0.3658,0.3659,1,538466
E0,epl-ful-not-2025-12-22,2025-12-22T20:00:00+00:00,D,1,0.29,0.2884,0.2844,0.2895,0.2904,0.2885,0,75801
E0,epl-ful-not-2025-12-22,2025-12-22T20:00:00+00:00,D,6,0.29,0.2884,0.2844,0.2895,0.2904,0.2885,0,75801
E0,epl-ful-not-2025-12-22,2025-12-22T20:00:00+00:00,D,24,0.3,0.2884,0.2844,0.2895,0.2904,0.2885,0,75801
E0,epl-ful-not-2025-12-22,2025-12-22T20:00:00+00:00,A,1,0.34,0.3219,0.3443,0.3473,0.3438,0.3456,0,370424
E0,epl-ful-not-2025-12-22,2025-12-22T20:00:00+00:00,A,6,0.33,0.3219,0.3443,0.3473,0.3438,0.3456,0,370424
E0,epl-ful-not-2025-12-22,2025-12-22T20:00:00+00:00,A,24,0.33,0.3219,0.3443,0.3473,0.3438,0.3456,0,370424
E0,epl-not-mac-2025-12-27,2025-12-27T12:30:00+00:00,H,1,0.17,0.1816,0.1834,0.1895,0.1748,0.1718,0,619017
E0,epl-not-mac-2025-12-27,2025-12-27T12:30:00+00:00,H,6,0.16,0.1816,0.1834,0.1895,0.1748,0.1718,0,619017
E0,epl-not-mac-2025-12-27,2025-12-27T12:30:00+00:00,H,24,0.16,0.1816,0.1834,0.1895,0.1748,0.1718,0,619017
E0,epl-not-mac-2025-12-27,2025-12-27T12:30:00+00:00,D,1,0.23,0.2232,0.2279,0.2256,0.2337,0.2317,0,146366
E0,epl-not-mac-2025-12-27,2025-12-27T12:30:00+00:00,D,6,0.21,0.2232,0.2279,0.2256,0.2337,0.2317,0,146366
E0,epl-not-mac-2025-12-27,2025-12-27T12:30:00+00:00,D,24,0.22,0.2232,0.2279,0.2256,0.2337,0.2317,0,146366
E0,epl-not-mac-2025-12-27,2025-12-27T12:30:00+00:00,A,1,0.61,0.5952,0.5888,0.5849,0.5915,0.5966,1,4141195
E0,epl-not-mac-2025-12-27,2025-12-27T12:30:00+00:00,A,6,0.62,0.5952,0.5888,0.5849,0.5915,0.5966,1,4141195
E0,epl-not-mac-2025-12-27,2025-12-27T12:30:00+00:00,A,24,0.64,0.5952,0.5888,0.5849,0.5915,0.5966,1,4141195
E0,epl-ars-bri-2025-12-27,2025-12-27T15:00:00+00:00,H,1,0.72,0.6711,0.7189,0.7102,0.7286,0.7367,1,1205248
E0,epl-ars-bri-2025-12-27,2025-12-27T15:00:00+00:00,H,6,0.72,0.6711,0.7189,0.7102,0.7286,0.7367,1,1205248
E0,epl-ars-bri-2025-12-27,2025-12-27T15:00:00+00:00,H,24,0.71,0.6711,0.7189,0.7102,0.7286,0.7367,1,1205248
E0,epl-ars-bri-2025-12-27,2025-12-27T15:00:00+00:00,D,1,0.17,0.2,0.1741,0.1717,0.1715,0.1686,0,63233
E0,epl-ars-bri-2025-12-27,2025-12-27T15:00:00+00:00,D,6,0.19,0.2,0.1741,0.1717,0.1715,0.1686,0,63233
E0,epl-ars-bri-2025-12-27,2025-12-27T15:00:00+00:00,D,24,0.18,0.2,0.1741,0.1717,0.1715,0.1686,0,63233
E0,epl-ars-bri-2025-12-27,2025-12-27T15:00:00+00:00,A,1,0.11,0.1289,0.107,0.1181,0.0999,0.0947,0,179751
E0,epl-ars-bri-2025-12-27,2025-12-27T15:00:00+00:00,A,6,0.11,0.1289,0.107,0.1181,0.0999,0.0947,0,179751
E0,epl-ars-bri-2025-12-27,2025-12-27T15:00:00+00:00,A,24,0.11,0.1289,0.107,0.1181,0.0999,0.0947,0,179751
E0,epl-bre-bou-2025-12-27,2025-12-27T15:00:00+00:00,H,1,0.42,0.4192,0.4154,0.4229,0.4197,0.4215,1,402562
E0,epl-bre-bou-2025-12-27,2025-12-27T15:00:00+00:00,H,6,0.42,0.4192,0.4154,0.4229,0.4197,0.4215,1,402562
E0,epl-bre-bou-2025-12-27,2025-12-27T15:00:00+00:00,H,24,0.42,0.4192,0.4154,0.4229,0.4197,0.4215,1,402562
E0,epl-bre-bou-2025-12-27,2025-12-27T15:00:00+00:00,D,1,0.27,0.2642,0.273,0.2798,0.2712,0.2725,0,36051
E0,epl-bre-bou-2025-12-27,2025-12-27T15:00:00+00:00,D,6,0.27,0.2642,0.273,0.2798,0.2712,0.2725,0,36051
E0,epl-bre-bou-2025-12-27,2025-12-27T15:00:00+00:00,D,24,0.27,0.2642,0.273,0.2798,0.2712,0.2725,0,36051
E0,epl-bre-bou-2025-12-27,2025-12-27T15:00:00+00:00,A,1,0.32,0.3165,0.3116,0.2973,0.3091,0.306,0,153373
E0,epl-bre-bou-2025-12-27,2025-12-27T15:00:00+00:00,A,6,0.33,0.3165,0.3116,0.2973,0.3091,0.306,0,153373
E0,epl-bre-bou-2025-12-27,2025-12-27T15:00:00+00:00,A,24,0.32,0.3165,0.3116,0.2973,0.3091,0.306,0,153373
E0,epl-bur-eve-2025-12-27,2025-12-27T15:00:00+00:00,H,1,0.27,0.2344,0.2591,0.2633,0.2602,0.2592,0,270494
E0,epl-bur-eve-2025-12-27,2025-12-27T15:00:00+00:00,H,6,0.25,0.2344,0.2591,0.2633,0.2602,0.2592,0,270494
E0,epl-bur-eve-2025-12-27,2025-12-27T15:00:00+00:00,H,24,0.24,0.2344,0.2591,0.2633,0.2602,0.2592,0,270494
E0,epl-bur-eve-2025-12-27,2025-12-27T15:00:00+00:00,D,1,0.31,0.2837,0.3059,0.3058,0.2994,0.307,1,113774
E0,epl-bur-eve-2025-12-27,2025-12-27T15:00:00+00:00,D,6,0.29,0.2837,0.3059,0.3058,0.2994,0.307,1,113774
E0,epl-bur-eve-2025-12-27,2025-12-27T15:00:00+00:00,D,24,0.29,0.2837,0.3059,0.3058,0.2994,0.307,1,113774
E0,epl-bur-eve-2025-12-27,2025-12-27T15:00:00+00:00,A,1,0.43,0.4819,0.435,0.4309,0.4404,0.4338,0,365246
E0,epl-bur-eve-2025-12-27,2025-12-27T15:00:00+00:00,A,6,0.47,0.4819,0.435,0.4309,0.4404,0.4338,0,365246
E0,epl-bur-eve-2025-12-27,2025-12-27T15:00:00+00:00,A,24,0.48,0.4819,0.435,0.4309,0.4404,0.4338,0,365246
E0,epl-liv-wol-2025-12-27,2025-12-27T15:00:00+00:00,H,1,0.8,0.7653,0.7672,0.7781,0.7711,0.7914,1,1860286
E0,epl-liv-wol-2025-12-27,2025-12-27T15:00:00+00:00,H,6,0.79,0.7653,0.7672,0.7781,0.7711,0.7914,1,1860286
E0,epl-liv-wol-2025-12-27,2025-12-27T15:00:00+00:00,H,24,0.79,0.7653,0.7672,0.7781,0.7711,0.7914,1,1860286
E0,epl-liv-wol-2025-12-27,2025-12-27T15:00:00+00:00,D,1,0.14,0.1504,0.148,0.1356,0.1458,0.1347,0,59647
E0,epl-liv-wol-2025-12-27,2025-12-27T15:00:00+00:00,D,6,0.14,0.1504,0.148,0.1356,0.1458,0.1347,0,59647
E0,epl-liv-wol-2025-12-27,2025-12-27T15:00:00+00:00,D,24,0.13,0.1504,0.148,0.1356,0.1458,0.1347,0,59647
E0,epl-liv-wol-2025-12-27,2025-12-27T15:00:00+00:00,A,1,0.08,0.0843,0.0848,0.0863,0.083,0.0739,0,281195
E0,epl-liv-wol-2025-12-27,2025-12-27T15:00:00+00:00,A,6,0.07,0.0843,0.0848,0.0863,0.083,0.0739,0,281195
E0,epl-liv-wol-2025-12-27,2025-12-27T15:00:00+00:00,A,24,0.07,0.0843,0.0848,0.0863,0.083,0.0739,0,281195
E0,epl-wes-ful-2025-12-27,2025-12-27T15:00:00+00:00,H,1,0.35,0.3562,0.3183,0.3139,0.318,0.3199,0,190236
E0,epl-wes-ful-2025-12-27,2025-12-27T15:00:00+00:00,H,6,0.35,0.3562,0.3183,0.3139,0.318,0.3199,0,190236
E0,epl-wes-ful-2025-12-27,2025-12-27T15:00:00+00:00,H,24,0.36,0.3562,0.3183,0.3139,0.318,0.3199,0,190236
E0,epl-wes-ful-2025-12-27,2025-12-27T15:00:00+00:00,D,1,0.29,0.2793,0.2848,0.2854,0.2879,0.2834,0,59708
E0,epl-wes-ful-2025-12-27,2025-12-27T15:00:00+00:00,D,6,0.29,0.2793,0.2848,0.2854,0.2879,0.2834,0,59708
E0,epl-wes-ful-2025-12-27,2025-12-27T15:00:00+00:00,D,24,0.29,0.2793,0.2848,0.2854,0.2879,0.2834,0,59708
E0,epl-wes-ful-2025-12-27,2025-12-27T15:00:00+00:00,A,1,0.38,0.3645,0.3969,0.4007,0.394,0.3967,1,264903
E0,epl-wes-ful-2025-12-27,2025-12-27T15:00:00+00:00,A,6,0.37,0.3645,0.3969,0.4007,0.394,0.3967,1,264903
E0,epl-wes-ful-2025-12-27,2025-12-27T15:00:00+00:00,A,24,0.37,0.3645,0.3969,0.4007,0.394,0.3967,1,264903
E0,epl-sun-lee-2025-12-28,2025-12-28T14:00:00+00:00,H,1,0.34,0.3677,0.3338,0.3286,0.3235,0.3306,0,683457
E0,epl-sun-lee-2025-12-28,2025-12-28T14:00:00+00:00,H,6,0.35,0.3677,0.3338,0.3286,0.3235,0.3306,0,683457
E0,epl-sun-lee-2025-12-28,2025-12-28T14:00:00+00:00,H,24,0.35,0.3677,0.3338,0.3286,0.3235,0.3306,0,683457
E0,epl-sun-lee-2025-12-28,2025-12-28T14:00:00+00:00,D,1,0.31,0.296,0.3058,0.2978,0.3091,0.31,1,145174
E0,epl-sun-lee-2025-12-28,2025-12-28T14:00:00+00:00,D,6,0.31,0.296,0.3058,0.2978,0.3091,0.31,1,145174
E0,epl-sun-lee-2025-12-28,2025-12-28T14:00:00+00:00,D,24,0.29,0.296,0.3058,0.2978,0.3091,0.31,1,145174
E0,epl-sun-lee-2025-12-28,2025-12-28T14:00:00+00:00,A,1,0.37,0.3362,0.3604,0.3737,0.3674,0.3594,0,461729
E0,epl-sun-lee-2025-12-28,2025-12-28T14:00:00+00:00,A,6,0.34,0.3362,0.3604,0.3737,0.3674,0.3594,0,461729
E0,epl-sun-lee-2025-12-28,2025-12-28T14:00:00+00:00,A,24,0.35,0.3362,0.3604,0.3737,0.3674,0.3594,0,461729
E0,epl-che-ast-2025-12-27,2025-12-27T17:30:00+00:00,H,1,0.54,0.5141,0.5354,0.5393,0.5412,0.5458,0,1590596
E0,epl-che-ast-2025-12-27,2025-12-27T17:30:00+00:00,H,6,0.53,0.5141,0.5354,0.5393,0.5412,0.5458,0,1590596
E0,epl-che-ast-2025-12-27,2025-12-27T17:30:00+00:00,H,24,0.52,0.5141,0.5354,0.5393,0.5412,0.5458,0,1590596
E0,epl-che-ast-2025-12-27,2025-12-27T17:30:00+00:00,D,1,0.24,0.2476,0.2405,0.236,0.234,0.2323,0,330585
E0,epl-che-ast-2025-12-27,2025-12-27T17:30:00+00:00,D,6,0.26,0.2476,0.2405,0.236,0.234,0.2323,0,330585
E0,epl-che-ast-2025-12-27,2025-12-27T17:30:00+00:00,D,24,0.24,0.2476,0.2405,0.236,0.234,0.2323,0,330585
E0,epl-che-ast-2025-12-27,2025-12-27T17:30:00+00:00,A,1,0.21,0.2383,0.224,0.2247,0.2248,0.2219,1,972004
E0,epl-che-ast-2025-12-27,2025-12-27T17:30:00+00:00,A,6,0.23,0.2383,0.224,0.2247,0.2248,0.2219,1,972004
E0,epl-che-ast-2025-12-27,2025-12-27T17:30:00+00:00,A,24,0.23,0.2383,0.224,0.2247,0.2248,0.2219,1,972004
E0,epl-cry-tot-2025-12-28,2025-12-28T16:30:00+00:00,H,1,0.43,0.42,0.4251,0.4303,0.4253,0.4241,0,478249
E0,epl-cry-tot-2025-12-28,2025-12-28T16:30:00+00:00,H,6,0.44,0.42,0.4251,0.4303,0.4253,0.4241,0,478249
E0,epl-cry-tot-2025-12-28,2025-12-28T16:30:00+00:00,H,24,0.44,0.42,0.4251,0.4303,0.4253,0.4241,0,478249
E0,epl-cry-tot-2025-12-28,2025-12-28T16:30:00+00:00,D,1,0.28,0.2838,0.2805,0.2784,0.2823,0.2796,0,132213
E0,epl-cry-tot-2025-12-28,2025-12-28T16:30:00+00:00,D,6,0.29,0.2838,0.2805,0.2784,0.2823,0.2796,0,132213
E0,epl-cry-tot-2025-12-28,2025-12-28T16:30:00+00:00,D,24,0.29,0.2838,0.2805,0.2784,0.2823,0.2796,0,132213
E0,epl-cry-tot-2025-12-28,2025-12-28T16:30:00+00:00,A,1,0.3,0.2962,0.2944,0.2913,0.2925,0.2963,1,605892
E0,epl-cry-tot-2025-12-28,2025-12-28T16:30:00+00:00,A,6,0.3,0.2962,0.2944,0.2913,0.2925,0.2963,1,605892
E0,epl-cry-tot-2025-12-28,2025-12-28T16:30:00+00:00,A,24,0.29,0.2962,0.2944,0.2913,0.2925,0.2963,1,605892
E0,epl-che-bou-2025-12-30,2025-12-30T19:30:00+00:00,H,1,0.62,0.6285,0.6069,0.5938,0.6108,0.6019,0,1573170
E0,epl-che-bou-2025-12-30,2025-12-30T19:30:00+00:00,H,6,0.64,0.6285,0.6069,0.5938,0.6108,0.6019,0,1573170
E0,epl-che-bou-2025-12-30,2025-12-30T19:30:00+00:00,H,24,0.63,0.6285,0.6069,0.5938,0.6108,0.6019,0,1573170
E0,epl-che-bou-2025-12-30,2025-12-30T19:30:00+00:00,D,1,0.21,0.2081,0.2128,0.2138,0.2158,0.2207,1,150116
E0,epl-che-bou-2025-12-30,2025-12-30T19:30:00+00:00,D,6,0.21,0.2081,0.2128,0.2138,0.2158,0.2207,1,150116
E0,epl-che-bou-2025-12-30,2025-12-30T19:30:00+00:00,D,24,0.22,0.2081,0.2128,0.2138,0.2158,0.2207,1,150116
E0,epl-che-bou-2025-12-30,2025-12-30T19:30:00+00:00,A,1,0.17,0.1634,0.1803,0.1924,0.1734,0.1774,0,511033
E0,epl-che-bou-2025-12-30,2025-12-30T19:30:00+00:00,A,6,0.16,0.1634,0.1803,0.1924,0.1734,0.1774,0,511033
E0,epl-che-bou-2025-12-30,2025-12-30T19:30:00+00:00,A,24,0.17,0.1634,0.1803,0.1924,0.1734,0.1774,0,511033
E0,epl-wes-bri-2025-12-30,2025-12-30T19:30:00+00:00,H,1,0.29,0.2777,0.2852,0.2826,0.2753,0.2797,0,286933
E0,epl-wes-bri-2025-12-30,2025-12-30T19:30:00+00:00,H,6,0.27,0.2777,0.2852,0.2826,0.2753,0.2797,0,286933
E0,epl-wes-bri-2025-12-30,2025-12-30T19:30:00+00:00,H,24,0.29,0.2777,0.2852,0.2826,0.2753,0.2797,0,286933
E0,epl-wes-bri-2025-12-30,2025-12-30T19:30:00+00:00,D,1,0.27,0.258,0.2638,0.2597,0.2663,0.2648,1,71310
E0,epl-wes-bri-2025-12-30,2025-12-30T19:30:00+00:00,D,6,0.26,0.258,0.2638,0.2597,0.2663,0.2648,1,71310
E0,epl-wes-bri-2025-12-30,2025-12-30T19:30:00+00:00,D,24,0.27,0.258,0.2638,0.2597,0.2663,0.2648,1,71310
E0,epl-wes-bri-2025-12-30,2025-12-30T19:30:00+00:00,A,1,0.46,0.4642,0.451,0.4576,0.4584,0.4555,0,777259
E0,epl-wes-bri-2025-12-30,2025-12-30T19:30:00+00:00,A,6,0.49,0.4642,0.451,0.4576,0.4584,0.4555,0,777259
E0,epl-wes-bri-2025-12-30,2025-12-30T19:30:00+00:00,A,24,0.44,0.4642,0.451,0.4576,0.4584,0.4555,0,777259
E0,epl-not-eve-2025-12-30,2025-12-30T19:30:00+00:00,H,1,0.49,0.4477,0.4983,0.5106,0.5068,0.5062,0,676348
E0,epl-not-eve-2025-12-30,2025-12-30T19:30:00+00:00,H,6,0.46,0.4477,0.4983,0.5106,0.5068,0.5062,0,676348
E0,epl-not-eve-2025-12-30,2025-12-30T19:30:00+00:00,H,24,0.46,0.4477,0.4983,0.5106,0.5068,0.5062,0,676348
E0,epl-not-eve-2025-12-30,2025-12-30T19:30:00+00:00,D,1,0.29,0.2957,0.281,0.267,0.2788,0.277,0,55828
E0,epl-not-eve-2025-12-30,2025-12-30T19:30:00+00:00,D,6,0.3,0.2957,0.281,0.267,0.2788,0.277,0,55828
E0,epl-not-eve-2025-12-30,2025-12-30T19:30:00+00:00,D,24,0.29,0.2957,0.281,0.267,0.2788,0.277,0,55828
E0,epl-not-eve-2025-12-30,2025-12-30T19:30:00+00:00,A,1,0.24,0.2565,0.2207,0.2225,0.2143,0.2168,1,296923
E0,epl-not-eve-2025-12-30,2025-12-30T19:30:00+00:00,A,6,0.26,0.2565,0.2207,0.2225,0.2143,0.2168,1,296923
E0,epl-not-eve-2025-12-30,2025-12-30T19:30:00+00:00,A,24,0.27,0.2565,0.2207,0.2225,0.2143,0.2168,1,296923
E0,epl-bur-new-2025-12-30,2025-12-30T19:30:00+00:00,H,1,0.15,0.1725,0.1654,0.172,0.1617,0.1605,0,238385
E0,epl-bur-new-2025-12-30,2025-12-30T19:30:00+00:00,H,6,0.17,0.1725,0.1654,0.172,0.1617,0.1605,0,238385
E0,epl-bur-new-2025-12-30,2025-12-30T19:30:00+00:00,H,24,0.18,0.1725,0.1654,0.172,0.1617,0.1605,0,238385
E0,epl-bur-new-2025-12-30,2025-12-30T19:30:00+00:00,D,1,0.23,0.2308,0.2292,0.2253,0.2205,0.2212,0,46985
E0,epl-bur-new-2025-12-30,2025-12-30T19:30:00+00:00,D,6,0.23,0.2308,0.2292,0.2253,0.2205,0.2212,0,46985
E0,epl-bur-new-2025-12-30,2025-12-30T19:30:00+00:00,D,24,0.23,0.2308,0.2292,0.2253,0.2205,0.2212,0,46985
E0,epl-bur-new-2025-12-30,2025-12-30T19:30:00+00:00,A,1,0.62,0.5967,0.6054,0.6027,0.6179,0.6183,1,421442
E0,epl-bur-new-2025-12-30,2025-12-30T19:30:00+00:00,A,6,0.61,0.5967,0.6054,0.6027,0.6179,0.6183,1,421442
E0,epl-bur-new-2025-12-30,2025-12-30T19:30:00+00:00,A,24,0.61,0.5967,0.6054,0.6027,0.6179,0.6183,1,421442
E0,epl-ars-ast-2025-12-30,2025-12-30T20:15:00+00:00,H,1,0.68,0.6626,0.6902,0.6943,0.7066,0.7063,1,1757279
E0,epl-ars-ast-2025-12-30,2025-12-30T20:15:00+00:00,H,6,0.68,0.6626,0.6902,0.6943,0.7066,0.7063,1,1757279
E0,epl-ars-ast-2025-12-30,2025-12-30T20:15:00+00:00,H,24,0.66,0.6626,0.6902,0.6943,0.7066,0.7063,1,1757279
E0,epl-ars-ast-2025-12-30,2025-12-30T20:15:00+00:00,D,1,0.19,0.2025,0.188,0.1798,0.176,0.1778,0,1726354
E0,epl-ars-ast-2025-12-30,2025-12-30T20:15:00+00:00,D,6,0.2,0.2025,0.188,0.1798,0.176,0.1778,0,1726354
E0,epl-ars-ast-2025-12-30,2025-12-30T20:15:00+00:00,D,24,0.21,0.2025,0.188,0.1798,0.176,0.1778,0,1726354
E0,epl-ars-ast-2025-12-30,2025-12-30T20:15:00+00:00,A,1,0.14,0.135,0.1218,0.1259,0.1173,0.1158,0,3027967
E0,epl-ars-ast-2025-12-30,2025-12-30T20:15:00+00:00,A,6,0.14,0.135,0.1218,0.1259,0.1173,0.1158,0,3027967
E0,epl-ars-ast-2025-12-30,2025-12-30T20:15:00+00:00,A,24,0.13,0.135,0.1218,0.1259,0.1173,0.1158,0,3027967
E0,epl-mun-wol-2025-12-30,2025-12-30T20:15:00+00:00,H,1,0.72,0.6944,0.689,0.6881,0.7028,0.7002,0,1643832
E0,epl-mun-wol-2025-12-30,2025-12-30T20:15:00+00:00,H,6,0.72,0.6944,0.689,0.6881,0.7028,0.7002,0,1643832
E0,epl-mun-wol-2025-12-30,2025-12-30T20:15:00+00:00,H,24,0.73,0.6944,0.689,0.6881,0.7028,0.7002,0,1643832
E0,epl-mun-wol-2025-12-30,2025-12-30T20:15:00+00:00,D,1,0.18,0.188,0.1873,0.1782,0.1796,0.1841,1,312405
E0,epl-mun-wol-2025-12-30,2025-12-30T20:15:00+00:00,D,6,0.19,0.188,0.1873,0.1782,0.1796,0.1841,1,312405
E0,epl-mun-wol-2025-12-30,2025-12-30T20:15:00+00:00,D,24,0.18,0.188,0.1873,0.1782,0.1796,0.1841,1,312405
E0,epl-mun-wol-2025-12-30,2025-12-30T20:15:00+00:00,A,1,0.12,0.1176,0.1237,0.1337,0.1176,0.1156,0,436187
E0,epl-mun-wol-2025-12-30,2025-12-30T20:15:00+00:00,A,6,0.11,0.1176,0.1237,0.1337,0.1176,0.1156,0,436187
E0,epl-mun-wol-2025-12-30,2025-12-30T20:15:00+00:00,A,24,0.11,0.1176,0.1237,0.1337,0.1176,0.1156,0,436187
E0,epl-liv-lee-2026-01-01,2026-01-01T17:30:00+00:00,H,1,0.64,0.6214,0.645,0.6424,0.6569,0.6601,0,5120126
E0,epl-liv-lee-2026-01-01,2026-01-01T17:30:00+00:00,H,6,0.64,0.6214,0.645,0.6424,0.6569,0.6601,0,5120126
E0,epl-liv-lee-2026-01-01,2026-01-01T17:30:00+00:00,H,24,0.65,0.6214,0.645,0.6424,0.6569,0.6601,0,5120126
E0,epl-liv-lee-2026-01-01,2026-01-01T17:30:00+00:00,D,1,0.21,0.2156,0.2131,0.2113,0.2091,0.2121,1,312191
E0,epl-liv-lee-2026-01-01,2026-01-01T17:30:00+00:00,D,6,0.21,0.2156,0.2131,0.2113,0.2091,0.2121,1,312191
E0,epl-liv-lee-2026-01-01,2026-01-01T17:30:00+00:00,D,24,0.22,0.2156,0.2131,0.2113,0.2091,0.2121,1,312191
E0,epl-liv-lee-2026-01-01,2026-01-01T17:30:00+00:00,A,1,0.14,0.1631,0.1419,0.1463,0.1341,0.1278,0,424227
E0,epl-liv-lee-2026-01-01,2026-01-01T17:30:00+00:00,A,6,0.16,0.1631,0.1419,0.1463,0.1341,0.1278,0,424227
E0,epl-liv-lee-2026-01-01,2026-01-01T17:30:00+00:00,A,24,0.16,0.1631,0.1419,0.1463,0.1341,0.1278,0,424227
E0,epl-cry-ful-2026-01-01,2026-01-01T17:30:00+00:00,H,1,0.44,0.4371,0.4267,0.4303,0.4252,0.4183,0,345610
E0,epl-cry-ful-2026-01-01,2026-01-01T17:30:00+00:00,H,6,0.45,0.4371,0.4267,0.4303,0.4252,0.4183,0,345610
E0,epl-cry-ful-2026-01-01,2026-01-01T17:30:00+00:00,H,24,0.44,0.4371,0.4267,0.4303,0.4252,0.4183,0,345610
E0,epl-cry-ful-2026-01-01,2026-01-01T17:30:00+00:00,D,1,0.29,0.284,0.2897,0.2913,0.2942,0.2972,1,192360
E0,epl-cry-ful-2026-01-01,2026-01-01T17:30:00+00:00,D,6,0.29,0.284,0.2897,0.2913,0.2942,0.2972,1,192360
E0,epl-cry-ful-2026-01-01,2026-01-01T17:30:00+00:00,D,24,0.28,0.284,0.2897,0.2913,0.2942,0.2972,1,192360
E0,epl-cry-ful-2026-01-01,2026-01-01T17:30:00+00:00,A,1,0.28,0.279,0.2836,0.2784,0.2806,0.2845,0,272361
E0,epl-cry-ful-2026-01-01,2026-01-01T17:30:00+00:00,A,6,0.27,0.279,0.2836,0.2784,0.2806,0.2845,0,272361
E0,epl-cry-ful-2026-01-01,2026-01-01T17:30:00+00:00,A,24,0.28,0.279,0.2836,0.2784,0.2806,0.2845,0,272361
E0,epl-sun-mac-2026-01-01,2026-01-01T20:00:00+00:00,H,1,0.12,0.1214,0.1311,0.1364,0.1256,0.1216,0,244618
E0,epl-sun-mac-2026-01-01,2026-01-01T20:00:00+00:00,H,6,0.12,0.1214,0.1311,0.1364,0.1256,0.1216,0,244618
E0,epl-sun-mac-2026-01-01,2026-01-01T20:00:00+00:00,H,24,0.11,0.1214,0.1311,0.1364,0.1256,0.1216,0,244618
E0,epl-sun-mac-2026-01-01,2026-01-01T20:00:00+00:00,D,1,0.19,0.1967,0.2016,0.191,0.1986,0.1955,1,279024
E0,epl-sun-mac-2026-01-01,2026-01-01T20:00:00+00:00,D,6,0.2,0.1967,0.2016,0.191,0.1986,0.1955,1,279024
E0,epl-sun-mac-2026-01-01,2026-01-01T20:00:00+00:00,D,24,0.19,0.1967,0.2016,0.191,0.1986,0.1955,1,279024
E0,epl-sun-mac-2026-01-01,2026-01-01T20:00:00+00:00,A,1,0.69,0.682,0.6673,0.6726,0.6758,0.6829,0,2533828
E0,epl-sun-mac-2026-01-01,2026-01-01T20:00:00+00:00,A,6,0.69,0.682,0.6673,0.6726,0.6758,0.6829,0,2533828
E0,epl-sun-mac-2026-01-01,2026-01-01T20:00:00+00:00,A,24,0.71,0.682,0.6673,0.6726,0.6758,0.6829,0,2533828
E0,epl-bre-tot-2026-01-01,2026-01-01T20:00:00+00:00,H,1,0.4,0.4475,0.3952,0.397,0.3865,0.3909,0,388777
E0,epl-bre-tot-2026-01-01,2026-01-01T20:00:00+00:00,H,6,0.4,0.4475,0.3952,0.397,0.3865,0.3909,0,388777
E0,epl-bre-tot-2026-01-01,2026-01-01T20:00:00+00:00,H,24,0.43,0.4475,0.3952,0.397,0.3865,0.3909,0,388777
E0,epl-bre-tot-2026-01-01,2026-01-01T20:00:00+00:00,D,1,0.28,0.2706,0.2789,0.2722,0.2823,0.2836,1,148917
E0,epl-bre-tot-2026-01-01,2026-01-01T20:00:00+00:00,D,6,0.26,0.2706,0.2789,0.2722,0.2823,0.2836,1,148917
E0,epl-bre-tot-2026-01-01,2026-01-01T20:00:00+00:00,D,24,0.26,0.2706,0.2789,0.2722,0.2823,0.2836,1,148917
E0,epl-bre-tot-2026-01-01,2026-01-01T20:00:00+00:00,A,1,0.32,0.2819,0.3259,0.3308,0.3313,0.3255,0,673607
E0,epl-bre-tot-2026-01-01,2026-01-01T20:00:00+00:00,A,6,0.33,0.2819,0.3259,0.3308,0.3313,0.3255,0,673607
E0,epl-bre-tot-2026-01-01,2026-01-01T20:00:00+00:00,A,24,0.3,0.2819,0.3259,0.3308,0.3313,0.3255,0,673607
E0,epl-wol-wes-2026-01-03,2026-01-03T15:00:00+00:00,H,1,0.37,0.3824,0.3608,0.3632,0.3563,0.36,1,390461
E0,epl-wol-wes-2026-01-03,2026-01-03T15:00:00+00:00,H,6,0.37,0.3824,0.3608,0.3632,0.3563,0.36,1,390461
E0,epl-wol-wes-2026-01-03,2026-01-03T15:00:00+00:00,H,24,0.38,0.3824,0.3608,0.3632,0.3563,0.36,1,390461
E0,epl-wol-wes-2026-01-03,2026-01-03T15:00:00+00:00,D,1,0.29,0.2814,0.2824,0.2777,0.2861,0.2799,0,74642
E0,epl-wol-wes-2026-01-03,2026-01-03T15:00:00+00:00,D,6,0.3,0.2814,0.2824,0.2777,0.2861,0.2799,0,74642
E0,epl-wol-wes-2026-01-03,2026-01-03T15:00:00+00:00,D,24,0.29,0.2814,0.2824,0.2777,0.2861,0.2799,0,74642
E0,epl-wol-wes-2026-01-03,2026-01-03T15:00:00+00:00,A,1,0.35,0.3363,0.3568,0.3591,0.3576,0.36,0,295852
E0,epl-wol-wes-2026-01-03,2026-01-03T15:00:00+00:00,A,6,0.34,0.3363,0.3568,0.3591,0.3576,0.36,0,295852
E0,epl-wol-wes-2026-01-03,2026-01-03T15:00:00+00:00,A,24,0.34,0.3363,0.3568,0.3591,0.3576,0.36,0,295852
E0,epl-ast-not-2026-01-03,2026-01-03T12:30:00+00:00,H,1,0.51,0.5381,0.4988,0.4943,0.4954,0.503,1,2567440
E0,epl-ast-not-2026-01-03,2026-01-03T12:30:00+00:00,H,6,0.52,0.5381,0.4988,0.4943,0.4954,0.503,1,2567440
E0,epl-ast-not-2026-01-03,2026-01-03T12:30:00+00:00,H,24,0.56,0.5381,0.4988,0.4943,0.4954,0.503,1,2567440
E0,epl-ast-not-2026-01-03,2026-01-03T12:30:00+00:00,D,1,0.27,0.2532,0.27,0.2697,0.2782,0.2805,0,213754
E0,epl-ast-not-2026-01-03,2026-01-03T12:30:00+00:00,D,6,0.25,0.2532,0.27,0.2697,0.2782,0.2805,0,213754
E0,epl-ast-not-2026-01-03,2026-01-03T12:30:00+00:00,D,24,0.25,0.2532,0.27,0.2697,0.2782,0.2805,0,213754
E0,epl-ast-not-2026-01-03,2026-01-03T12:30:00+00:00,A,1,0.22,0.2086,0.2312,0.236,0.2263,0.2165,0,683939
E0,epl-ast-not-2026-01-03,2026-01-03T12:30:00+00:00,A,6,0.22,0.2086,0.2312,0.236,0.2263,0.2165,0,683939
E0,epl-ast-not-2026-01-03,2026-01-03T12:30:00+00:00,A,24,0.2,0.2086,0.2312,0.236,0.2263,0.2165,0,683939
E0,epl-bri-bur-2026-01-03,2026-01-03T15:00:00+00:00,H,1,0.66,0.6371,0.6542,0.6554,0.6604,0.6702,1,627203
E0,epl-bri-bur-2026-01-03,2026-01-03T15:00:00+00:00,H,6,0.67,0.6371,0.6542,0.6554,0.6604,0.6702,1,627203
E0,epl-bri-bur-2026-01-03,2026-01-03T15:00:00+00:00,H,24,0.66,0.6371,0.6542,0.6554,0.6604,0.6702,1,627203
E0,epl-bri-bur-2026-01-03,2026-01-03T15:00:00+00:00,D,1,0.2,0.2182,0.2103,0.2097,0.211,0.208,0,111648
E0,epl-bri-bur-2026-01-03,2026-01-03T15:00:00+00:00,D,6,0.21,0.2182,0.2103,0.2097,0.211,0.208,0,111648
E0,epl-bri-bur-2026-01-03,2026-01-03T15:00:00+00:00,D,24,0.21,0.2182,0.2103,0.2097,0.211,0.208,0,111648
E0,epl-bri-bur-2026-01-03,2026-01-03T15:00:00+00:00,A,1,0.13,0.1447,0.1355,0.1348,0.1286,0.1218,0,70492
E0,epl-bri-bur-2026-01-03,2026-01-03T15:00:00+00:00,A,6,0.14,0.1447,0.1355,0.1348,0.1286,0.1218,0,70492
E0,epl-bri-bur-2026-01-03,2026-01-03T15:00:00+00:00,A,24,0.13,0.1447,0.1355,0.1348,0.1286,0.1218,0,70492
E0,epl-bou-ars-2026-01-03,2026-01-03T17:30:00+00:00,H,1,0.15,0.1542,0.1591,0.1579,0.1538,0.1508,0,727422
E0,epl-bou-ars-2026-01-03,2026-01-03T17:30:00+00:00,H,6,0.14,0.1542,0.1591,0.1579,0.1538,0.1508,0,727422
E0,epl-bou-ars-2026-01-03,2026-01-03T17:30:00+00:00,H,24,0.15,0.1542,0.1591,0.1579,0.1538,0.1508,0,727422
E0,epl-bou-ars-2026-01-03,2026-01-03T17:30:00+00:00,D,1,0.22,0.2069,0.2138,0.2105,0.2129,0.2073,0,204554
E0,epl-bou-ars-2026-01-03,2026-01-03T17:30:00+00:00,D,6,0.21,0.2069,0.2138,0.2105,0.2129,0.2073,0,204554
E0,epl-bou-ars-2026-01-03,2026-01-03T17:30:00+00:00,D,24,0.2,0.2069,0.2138,0.2105,0.2129,0.2073,0,204554
E0,epl-bou-ars-2026-01-03,2026-01-03T17:30:00+00:00,A,1,0.65,0.6389,0.6271,0.6316,0.6333,0.6419,1,3278496
E0,epl-bou-ars-2026-01-03,2026-01-03T17:30:00+00:00,A,6,0.66,0.6389,0.6271,0.6316,0.6333,0.6419,1,3278496
E0,epl-bou-ars-2026-01-03,2026-01-03T17:30:00+00:00,A,24,0.66,0.6389,0.6271,0.6316,0.6333,0.6419,1,3278496
E0,epl-lee-mun-2026-01-04,2026-01-04T12:30:00+00:00,H,1,0.36,0.3539,0.3471,0.3388,0.3511,0.3486,0,507330
E0,epl-lee-mun-2026-01-04,2026-01-04T12:30:00+00:00,H,6,0.36,0.3539,0.3471,0.3388,0.3511,0.3486,0,507330
E0,epl-lee-mun-2026-01-04,2026-01-04T12:30:00+00:00,H,24,0.38,0.3539,0.3471,0.3388,0.3511,0.3486,0,507330
E0,epl-lee-mun-2026-01-04,2026-01-04T12:30:00+00:00,D,1,0.29,0.2757,0.2871,0.2964,0.286,0.2849,1,231149
E0,epl-lee-mun-2026-01-04,2026-01-04T12:30:00+00:00,D,6,0.28,0.2757,0.2871,0.2964,0.286,0.2849,1,231149
E0,epl-lee-mun-2026-01-04,2026-01-04T12:30:00+00:00,D,24,0.28,0.2757,0.2871,0.2964,0.286,0.2849,1,231149
E0,epl-lee-mun-2026-01-04,2026-01-04T12:30:00+00:00,A,1,0.37,0.3705,0.3658,0.3648,0.3629,0.3665,0,694442
E0,epl-lee-mun-2026-01-04,2026-01-04T12:30:00+00:00,A,6,0.37,0.3705,0.3658,0.3648,0.3629,0.3665,0,694442
E0,epl-lee-mun-2026-01-04,2026-01-04T12:30:00+00:00,A,24,0.34,0.3705,0.3658,0.3648,0.3629,0.3665,0,694442
E0,epl-tot-sun-2026-01-04,2026-01-04T15:00:00+00:00,H,1,0.5,0.5249,0.4808,0.4861,0.4861,0.4861,0,213032
E0,epl-tot-sun-2026-01-04,2026-01-04T15:00:00+00:00,H,6,0.52,0.5249,0.4808,0.4861,0.4861,0.4861,0,213032
E0,epl-tot-sun-2026-01-04,2026-01-04T15:00:00+00:00,H,24,0.54,0.5249,0.4808,0.4861,0.4861,0.4861,0,213032
E0,epl-tot-sun-2026-01-04,2026-01-04T15:00:00+00:00,D,1,0.28,0.2589,0.2794,0.2708,0.2824,0.2833,1,96805
E0,epl-tot-sun-2026-01-04,2026-01-04T15:00:00+00:00,D,6,0.28,0.2589,0.2794,0.2708,0.2824,0.2833,1,96805
E0,epl-tot-sun-2026-01-04,2026-01-04T15:00:00+00:00,D,24,0.27,0.2589,0.2794,0.2708,0.2824,0.2833,1,96805
E0,epl-tot-sun-2026-01-04,2026-01-04T15:00:00+00:00,A,1,0.23,0.2162,0.2398,0.2431,0.2315,0.2306,0,155548
E0,epl-tot-sun-2026-01-04,2026-01-04T15:00:00+00:00,A,6,0.21,0.2162,0.2398,0.2431,0.2315,0.2306,0,155548
E0,epl-tot-sun-2026-01-04,2026-01-04T15:00:00+00:00,A,24,0.2,0.2162,0.2398,0.2431,0.2315,0.2306,0,155548
E0,epl-ful-liv-2026-01-04,2026-01-04T15:00:00+00:00,H,1,0.23,0.2523,0.233,0.2365,0.2225,0.2213,0,434634
E0,epl-ful-liv-2026-01-04,2026-01-04T15:00:00+00:00,H,6,0.24,0.2523,0.233,0.2365,0.2225,0.2213,0,434634
E0,epl-ful-liv-2026-01-04,2026-01-04T15:00:00+00:00,H,24,0.25,0.2523,0.233,0.2365,0.2225,0.2213,0,434634
E0,epl-ful-liv-2026-01-04,2026-01-04T15:00:00+00:00,D,1,0.27,0.2564,0.2627,0.2522,0.2661,0.2655,1,206257
E0,epl-ful-liv-2026-01-04,2026-01-04T15:00:00+00:00,D,6,0.26,0.2564,0.2627,0.2522,0.2661,0.2655,1,206257
E0,epl-ful-liv-2026-01-04,2026-01-04T15:00:00+00:00,D,24,0.26,0.2564,0.2627,0.2522,0.2661,0.2655,1,206257
E0,epl-ful-liv-2026-01-04,2026-01-04T15:00:00+00:00,A,1,0.51,0.4914,0.5044,0.5113,0.5114,0.5132,0,1615869
E0,epl-ful-liv-2026-01-04,2026-01-04T15:00:00+00:00,A,6,0.52,0.4914,0.5044,0.5113,0.5114,0.5132,0,1615869
E0,epl-ful-liv-2026-01-04,2026-01-04T15:00:00+00:00,A,24,0.49,0.4914,0.5044,0.5113,0.5114,0.5132,0,1615869
E0,epl-new-cry-2026-01-04,2026-01-04T15:00:00+00:00,H,1,0.57,0.5658,0.5649,0.5685,0.572,0.572,1,267820
E0,epl-new-cry-2026-01-04,2026-01-04T15:00:00+00:00,H,6,0.59,0.5658,0.5649,0.5685,0.572,0.572,1,267820
E0,epl-new-cry-2026-01-04,2026-01-04T15:00:00+00:00,H,24,0.58,0.5658,0.5649,0.5685,0.572,0.572,1,267820
E0,epl-new-cry-2026-01-04,2026-01-04T15:00:00+00:00,D,1,0.2488,0.241,0.2415,0.2316,0.2417,0.2413,0,86808
E0,epl-new-cry-2026-01-04,2026-01-04T15:00:00+00:00,D,6,0.24,0.241,0.2415,0.2316,0.2417,0.2413,0,86808
E0,epl-new-cry-2026-01-04,2026-01-04T15:00:00+00:00,D,24,0.24,0.241,0.2415,0.2316,0.2417,0.2413,0,86808
E0,epl-new-cry-2026-01-04,2026-01-04T15:00:00+00:00,A,1,0.19,0.1932,0.1937,0.1999,0.1863,0.1867,0,115744
E0,epl-new-cry-2026-01-04,2026-01-04T15:00:00+00:00,A,6,0.19,0.1932,0.1937,0.1999,0.1863,0.1867,0,115744
E0,epl-new-cry-2026-01-04,2026-01-04T15:00:00+00:00,A,24,0.19,0.1932,0.1937,0.1999,0.1863,0.1867,0,115744
E0,epl-eve-bre-2026-01-04,2026-01-04T15:00:00+00:00,H,1,0.39,0.3998,0.3852,0.3912,0.3847,0.392,0,228243
E0,epl-eve-bre-2026-01-04,2026-01-04T15:00:00+00:00,H,6,0.39,0.3998,0.3852,0.3912,0.3847,0.392,0,228243
E0,epl-eve-bre-2026-01-04,2026-01-04T15:00:00+00:00,H,24,0.41,0.3998,0.3852,0.3912,0.3847,0.392,0,228243
E0,epl-eve-bre-2026-01-04,2026-01-04T15:00:00+00:00,D,1,0.3,0.2958,0.2999,0.2995,0.3004,0.3017,0,56478
E0,epl-eve-bre-2026-01-04,2026-01-04T15:00:00+00:00,D,6,0.3,0.2958,0.2999,0.2995,0.3004,0.3017,0,56478
E0,epl-eve-bre-2026-01-04,2026-01-04T15:00:00+00:00,D,24,0.3,0.2958,0.2999,0.2995,0.3004,0.3017,0,56478
E0,epl-eve-bre-2026-01-04,2026-01-04T15:00:00+00:00,A,1,0.32,0.3044,0.3149,0.3092,0.315,0.3063,1,362331
E0,epl-eve-bre-2026-01-04,2026-01-04T15:00:00+00:00,A,6,0.32,0.3044,0.3149,0.3092,0.315,0.3063,1,362331
E0,epl-eve-bre-2026-01-04,2026-01-04T15:00:00+00:00,A,24,0.29,0.3044,0.3149,0.3092,0.315,0.3063,1,362331
E0,epl-mac-che-2026-01-04,2026-01-04T17:30:00+00:00,H,1,0.65,0.581,0.6452,0.6358,0.6552,0.6627,0,3400014
E0,epl-mac-che-2026-01-04,2026-01-04T17:30:00+00:00,H,6,0.61,0.581,0.6452,0.6358,0.6552,0.6627,0,3400014
E0,epl-mac-che-2026-01-04,2026-01-04T17:30:00+00:00,H,24,0.6,0.581,0.6452,0.6358,0.6552,0.6627,0,3400014
E0,epl-mac-che-2026-01-04,2026-01-04T17:30:00+00:00,D,1,0.2,0.2157,0.1935,0.1908,0.192,0.1912,1,212964
E0,epl-mac-che-2026-01-04,2026-01-04T17:30:00+00:00,D,6,0.22,0.2157,0.1935,0.1908,0.192,0.1912,1,212964
E0,epl-mac-che-2026-01-04,2026-01-04T17:30:00+00:00,D,24,0.21,0.2157,0.1935,0.1908,0.192,0.1912,1,212964
E0,epl-mac-che-2026-01-04,2026-01-04T17:30:00+00:00,A,1,0.16,0.2032,0.1613,0.1734,0.1527,0.1462,0,694035
E0,epl-mac-che-2026-01-04,2026-01-04T17:30:00+00:00,A,6,0.19,0.2032,0.1613,0.1734,0.1527,0.1462,0,694035
E0,epl-mac-che-2026-01-04,2026-01-04T17:30:00+00:00,A,24,0.2,0.2032,0.1613,0.1734,0.1527,0.1462,0,694035
E0,epl-wes-not-2026-01-06,2026-01-06T20:00:00+00:00,H,1,0.32,0.305,0.3243,0.3265,0.3188,0.3214,0,402483
E0,epl-wes-not-2026-01-06,2026-01-06T20:00:00+00:00,H,6,0.3,0.305,0.3243,0.3265,0.3188,0.3214,0,402483
E0,epl-wes-not-2026-01-06,2026-01-06T20:00:00+00:00,H,24,0.3,0.305,0.3243,0.3265,0.3188,0.3214,0,402483
E0,epl-wes-not-2026-01-06,2026-01-06T20:00:00+00:00,D,1,0.29,0.2839,0.2794,0.2705,0.2778,0.2768,0,305161
E0,epl-wes-not-2026-01-06,2026-01-06T20:00:00+00:00,D,6,0.29,0.2839,0.2794,0.2705,0.2778,0.2768,0,305161
E0,epl-wes-not-2026-01-06,2026-01-06T20:00:00+00:00,D,24,0.29,0.2839,0.2794,0.2705,0.2778,0.2768,0,305161
E0,epl-wes-not-2026-01-06,2026-01-06T20:00:00+00:00,A,1,0.4,0.4111,0.3963,0.4029,0.4034,0.4018,1,486799
E0,epl-wes-not-2026-01-06,2026-01-06T20:00:00+00:00,A,6,0.42,0.4111,0.3963,0.4029,0.4034,0.4018,1,486799
E0,epl-wes-not-2026-01-06,2026-01-06T20:00:00+00:00,A,24,0.43,0.4111,0.3963,0.4029,0.4034,0.4018,1,486799
E0,epl-ful-che-2026-01-07,2026-01-07T19:30:00+00:00,H,1,0.26,0.2798,0.2625,0.2559,0.2629,0.2509,1,422846
E0,epl-ful-che-2026-01-07,2026-01-07T19:30:00+00:00,H,6,0.26,0.2798,0.2625,0.2559,0.2629,0.2509,1,422846
E0,epl-ful-che-2026-01-07,2026-01-07T19:30:00+00:00,H,24,0.28,0.2798,0.2625,0.2559,0.2629,0.2509,1,422846
E0,epl-ful-che-2026-01-07,2026-01-07T19:30:00+00:00,D,1,0.26,0.2634,0.2661,0.2706,0.2717,0.2679,0,105759
E0,epl-ful-che-2026-01-07,2026-01-07T19:30:00+00:00,D,6,0.26,0.2634,0.2661,0.2706,0.2717,0.2679,0,105759
E0,epl-ful-che-2026-01-07,2026-01-07T19:30:00+00:00,D,24,0.27,0.2634,0.2661,0.2706,0.2717,0.2679,0,105759
E0,epl-ful-che-2026-01-07,2026-01-07T19:30:00+00:00,A,1,0.48,0.4568,0.4714,0.4735,0.4654,0.4812,0,2613973
E0,epl-ful-che-2026-01-07,2026-01-07T19:30:00+00:00,A,6,0.48,0.4568,0.4714,0.4735,0.4654,0.4812,0,2613973
E0,epl-ful-che-2026-01-07,2026-01-07T19:30:00+00:00,A,24,0.47,0.4568,0.4714,0.4735,0.4654,0.4812,0,2613973
E0,epl-eve-wol-2026-01-07,2026-01-07T19:30:00+00:00,H,1,0.53,0.538,0.5155,0.5113,0.5134,0.5205,0,308951
E0,epl-eve-wol-2026-01-07,2026-01-07T19:30:00+00:00,H,6,0.53,0.538,0.5155,0.5113,0.5134,0.5205,0,308951
E0,epl-eve-wol-2026-01-07,2026-01-07T19:30:00+00:00,H,24,0.55,0.538,0.5155,0.5113,0.5134,0.5205,0,308951
E0,epl-eve-wol-2026-01-07,2026-01-07T19:30:00+00:00,D,1,0.28,0.2667,0.2742,0.2703,0.2757,0.2724,1,84599
E0,epl-eve-wol-2026-01-07,2026-01-07T19:30:00+00:00,D,6,0.28,0.2667,0.2742,0.2703,0.2757,0.2724,1,84599
E0,epl-eve-wol-2026-01-07,2026-01-07T19:30:00+00:00,D,24,0.27,0.2667,0.2742,0.2703,0.2757,0.2724,1,84599
E0,epl-eve-wol-2026-01-07,2026-01-07T19:30:00+00:00,A,1,0.2,0.1952,0.2103,0.2185,0.2109,0.2071,0,110105
E0,epl-eve-wol-2026-01-07,2026-01-07T19:30:00+00:00,A,6,0.19,0.1952,0.2103,0.2185,0.2109,0.2071,0,110105
E0,epl-eve-wol-2026-01-07,2026-01-07T19:30:00+00:00,A,24,0.19,0.1952,0.2103,0.2185,0.2109,0.2071,0,110105
E0,epl-cry-ast-2026-01-07,2026-01-07T19:30:00+00:00,H,1,0.3,0.3077,0.317,0.3267,0.3162,0.3065,0,1054901
E0,epl-cry-ast-2026-01-07,2026-01-07T19:30:00+00:00,H,6,0.31,0.3077,0.317,0.3267,0.3162,0.3065,0,1054901
E0,epl-cry-ast-2026-01-07,2026-01-07T19:30:00+00:00,H,24,0.3,0.3077,0.317,0.3267,0.3162,0.3065,0,1054901
E0,epl-cry-ast-2026-01-07,2026-01-07T19:30:00+00:00,D,1,0.28,0.2821,0.2847,0.2786,0.2864,0.2887,1,99916
E0,epl-cry-ast-2026-01-07,2026-01-07T19:30:00+00:00,D,6,0.29,0.2821,0.2847,0.2786,0.2864,0.2887,1,99916
E0,epl-cry-ast-2026-01-07,2026-01-07T19:30:00+00:00,D,24,0.29,0.2821,0.2847,0.2786,0.2864,0.2887,1,99916
E0,epl-cry-ast-2026-01-07,2026-01-07T19:30:00+00:00,A,1,0.41,0.4103,0.3983,0.3947,0.3974,0.4049,0,1449929
E0,epl-cry-ast-2026-01-07,2026-01-07T19:30:00+00:00,A,6,0.41,0.4103,0.3983,0.3947,0.3974,0.4049,0,1449929
E0,epl-cry-ast-2026-01-07,2026-01-07T19:30:00+00:00,A,24,0.43,0.4103,0.3983,0.3947,0.3974,0.4049,0,1449929
E0,epl-bou-tot-2026-01-07,2026-01-07T19:30:00+00:00,H,1,0.44,0.4488,0.4359,0.4309,0.432,0.4395,1,189405
E0,epl-bou-tot-2026-01-07,2026-01-07T19:30:00+00:00,H,6,0.45,0.4488,0.4359,0.4309,0.432,0.4395,1,189405
E0,epl-bou-tot-2026-01-07,2026-01-07T19:30:00+00:00,H,24,0.45,0.4488,0.4359,0.4309,0.432,0.4395,1,189405
E0,epl-bou-tot-2026-01-07,2026-01-07T19:30:00+00:00,D,1,0.26,0.2616,0.2695,0.2633,0.267,0.2684,0,94303
E0,epl-bou-tot-2026-01-07,2026-01-07T19:30:00+00:00,D,6,0.27,0.2616,0.2695,0.2633,0.267,0.2684,0,94303
E0,epl-bou-tot-2026-01-07,2026-01-07T19:30:00+00:00,D,24,0.27,0.2616,0.2695,0.2633,0.267,0.2684,0,94303
E0,epl-bou-tot-2026-01-07,2026-01-07T19:30:00+00:00,A,1,0.3,0.2896,0.2947,0.3058,0.3009,0.2921,0,189249
E0,epl-bou-tot-2026-01-07,2026-01-07T19:30:00+00:00,A,6,0.3,0.2896,0.2947,0.3058,0.3009,0.2921,0,189249
E0,epl-bou-tot-2026-01-07,2026-01-07T19:30:00+00:00,A,24,0.3,0.2896,0.2947,0.3058,0.3009,0.2921,0,189249
E0,epl-bre-sun-2026-01-07,2026-01-07T19:30:00+00:00,H,1,0.51,0.5171,0.4721,0.4613,0.4673,0.4943,1,174561
E0,epl-bre-sun-2026-01-07,2026-01-07T19:30:00+00:00,H,6,0.54,0.5171,0.4721,0.4613,0.4673,0.4943,1,174561
E0,epl-bre-sun-2026-01-07,2026-01-07T19:30:00+00:00,H,24,0.53,0.5171,0.4721,0.4613,0.4673,0.4943,1,174561
E0,epl-bre-sun-2026-01-07,2026-01-07T19:30:00+00:00,D,1,0.28,0.2658,0.2947,0.2866,0.3066,0.2908,0,52272
E0,epl-bre-sun-2026-01-07,2026-01-07T19:30:00+00:00,D,6,0.28,0.2658,0.2947,0.2866,0.3066,0.2908,0,52272
E0,epl-bre-sun-2026-01-07,2026-01-07T19:30:00+00:00,D,24,0.27,0.2658,0.2947,0.2866,0.3066,0.2908,0,52272
E0,epl-bre-sun-2026-01-07,2026-01-07T19:30:00+00:00,A,1,0.21,0.2171,0.2332,0.2522,0.2261,0.2149,0,74000
E0,epl-bre-sun-2026-01-07,2026-01-07T19:30:00+00:00,A,6,0.21,0.2171,0.2332,0.2522,0.2261,0.2149,0,74000
E0,epl-bre-sun-2026-01-07,2026-01-07T19:30:00+00:00,A,24,0.22,0.2171,0.2332,0.2522,0.2261,0.2149,0,74000
E0,epl-mac-bri-2026-01-07,2026-01-07T19:30:00+00:00,H,1,0.65,0.6895,0.6314,0.6273,0.6324,0.6416,0,1524883
E0,epl-mac-bri-2026-01-07,2026-01-07T19:30:00+00:00,H,6,0.66,0.6895,0.6314,0.6273,0.6324,0.6416,0,1524883
E0,epl-mac-bri-2026-01-07,2026-01-07T19:30:00+00:00,H,24,0.7,0.6895,0.6314,0.6273,0.6324,0.6416,0,1524883
E0,epl-mac-bri-2026-01-07,2026-01-07T19:30:00+00:00,D,1,0.2,0.1806,0.205,0.2091,0.209,0.203,1,302095
E0,epl-mac-bri-2026-01-07,2026-01-07T19:30:00+00:00,D,6,0.2,0.1806,0.205,0.2091,0.209,0.203,1,302095
E0,epl-mac-bri-2026-01-07,2026-01-07T19:30:00+00:00,D,24,0.19,0.1806,0.205,0.2091,0.209,0.203,1,302095
E0,epl-mac-bri-2026-01-07,2026-01-07T19:30:00+00:00,A,1,0.15,0.1299,0.1636,0.1636,0.1586,0.1554,0,327742
E0,epl-mac-bri-2026-01-07,2026-01-07T19:30:00+00:00,A,6,0.14,0.1299,0.1636,0.1636,0.1586,0.1554,0,327742
E0,epl-mac-bri-2026-01-07,2026-01-07T19:30:00+00:00,A,24,0.13,0.1299,0.1636,0.1636,0.1586,0.1554,0,327742
E0,epl-bur-mun-2026-01-07,2026-01-07T20:15:00+00:00,H,1,0.19,0.2025,0.1973,0.1995,0.1942,0.1868,0,387576
E0,epl-bur-mun-2026-01-07,2026-01-07T20:15:00+00:00,H,6,0.18,0.2025,0.1973,0.1995,0.1942,0.1868,0,387576
E0,epl-bur-mun-2026-01-07,2026-01-07T20:15:00+00:00,H,24,0.19,0.2025,0.1973,0.1995,0.1942,0.1868,0,387576
E0,epl-bur-mun-2026-01-07,2026-01-07T20:15:00+00:00,D,1,0.26,0.2399,0.2519,0.243,0.2499,0.2475,1,254353
E0,epl-bur-mun-2026-01-07,2026-01-07T20:15:00+00:00,D,6,0.25,0.2399,0.2519,0.243,0.2499,0.2475,1,254353
E0,epl-bur-mun-2026-01-07,2026-01-07T20:15:00+00:00,D,24,0.23,0.2399,0.2519,0.243,0.2499,0.2475,1,254353
E0,epl-bur-mun-2026-01-07,2026-01-07T20:15:00+00:00,A,1,0.57,0.5575,0.5507,0.5575,0.5559,0.5657,0,719114
E0,epl-bur-mun-2026-01-07,2026-01-07T20:15:00+00:00,A,6,0.58,0.5575,0.5507,0.5575,0.5559,0.5657,0,719114
E0,epl-bur-mun-2026-01-07,2026-01-07T20:15:00+00:00,A,24,0.58,0.5575,0.5507,0.5575,0.5559,0.5657,0,719114
E0,epl-new-lee-2026-01-07,2026-01-07T20:15:00+00:00,H,1,0.59,0.5668,0.5889,0.5963,0.5866,0.5932,1,654871
E0,epl-new-lee-2026-01-07,2026-01-07T20:15:00+00:00,H,6,0.58,0.5668,0.5889,0.5963,0.5866,0.5932,1,654871
E0,epl-new-lee-2026-01-07,2026-01-07T20:15:00+00:00,H,24,0.57,0.5668,0.5889,0.5963,0.5866,0.5932,1,654871
E0,epl-new-lee-2026-01-07,2026-01-07T20:15:00+00:00,D,1,0.24,0.2446,0.2406,0.2446,0.2396,0.2416,0,146274
E0,epl-new-lee-2026-01-07,2026-01-07T20:15:00+00:00,D,6,0.25,0.2446,0.2406,0.2446,0.2396,0.2416,0,146274
E0,epl-new-lee-2026-01-07,2026-01-07T20:15:00+00:00,D,24,0.25,0.2446,0.2406,0.2446,0.2396,0.2416,0,146274
E0,epl-new-lee-2026-01-07,2026-01-07T20:15:00+00:00,A,1,0.17,0.1886,0.1705,0.159,0.1738,0.1651,0,244399
E0,epl-new-lee-2026-01-07,2026-01-07T20:15:00+00:00,A,6,0.18,0.1886,0.1705,0.159,0.1738,0.1651,0,244399
E0,epl-new-lee-2026-01-07,2026-01-07T20:15:00+00:00,A,24,0.19,0.1886,0.1705,0.159,0.1738,0.1651,0,244399
E0,epl-ars-liv-2026-01-08,2026-01-08T20:00:00+00:00,H,1,0.63,0.5903,0.6041,0.6039,0.6105,0.6135,0,3649994
E0,epl-ars-liv-2026-01-08,2026-01-08T20:00:00+00:00,H,6,0.62,0.5903,0.6041,0.6039,0.6105,0.6135,0,3649994
E0,epl-ars-liv-2026-01-08,2026-01-08T20:00:00+00:00,H,24,0.63,0.5903,0.6041,0.6039,0.6105,0.6135,0,3649994
E0,epl-ars-liv-2026-01-08,2026-01-08T20:00:00+00:00,D,1,0.23,0.2298,0.228,0.2312,0.2206,0.2209,1,467959
E0,epl-ars-liv-2026-01-08,2026-01-08T20:00:00+00:00,D,6,0.23,0.2298,0.228,0.2312,0.2206,0.2209,1,467959
E0,epl-ars-liv-2026-01-08,2026-01-08T20:00:00+00:00,D,24,0.22,0.2298,0.228,0.2312,0.2206,0.2209,1,467959
E0,epl-ars-liv-2026-01-08,2026-01-08T20:00:00+00:00,A,1,0.16,0.1799,0.1679,0.1649,0.1688,0.1656,0,1044585
E0,epl-ars-liv-2026-01-08,2026-01-08T20:00:00+00:00,A,6,0.16,0.1799,0.1679,0.1649,0.1688,0.1656,0,1044585
E0,epl-ars-liv-2026-01-08,2026-01-08T20:00:00+00:00,A,24,0.16,0.1799,0.1679,0.1649,0.1688,0.1656,0,1044585
E0,epl-mun-mac-2026-01-17,2026-01-17T12:30:00+00:00,H,1,0.27,0.2669,0.3146,0.3261,nan,0.3196,1,1252712
E0,epl-mun-mac-2026-01-17,2026-01-17T12:30:00+00:00,H,6,0.25,0.2669,0.3146,0.3261,nan,0.3196,1,1252712
E0,epl-mun-mac-2026-01-17,2026-01-17T12:30:00+00:00,H,24,0.27,0.2669,0.3146,0.3261,nan,0.3196,1,1252712
E0,epl-mun-mac-2026-01-17,2026-01-17T12:30:00+00:00,D,1,0.27,0.2448,0.2608,0.2627,nan,0.2642,0,701804
E0,epl-mun-mac-2026-01-17,2026-01-17T12:30:00+00:00,D,6,0.25,0.2448,0.2608,0.2627,nan,0.2642,0,701804
E0,epl-mun-mac-2026-01-17,2026-01-17T12:30:00+00:00,D,24,0.25,0.2448,0.2608,0.2627,nan,0.2642,0,701804
E0,epl-mun-mac-2026-01-17,2026-01-17T12:30:00+00:00,A,1,0.47,0.4883,0.4246,0.4112,nan,0.4162,0,3399335
E0,epl-mun-mac-2026-01-17,2026-01-17T12:30:00+00:00,A,6,0.5,0.4883,0.4246,0.4112,nan,0.4162,0,3399335
E0,epl-mun-mac-2026-01-17,2026-01-17T12:30:00+00:00,A,24,0.5,0.4883,0.4246,0.4112,nan,0.4162,0,3399335
E0,epl-liv-bur-2026-01-17,2026-01-17T15:00:00+00:00,H,1,0.8,0.776,0.7716,0.7756,nan,0.7967,0,1207595
E0,epl-liv-bur-2026-01-17,2026-01-17T15:00:00+00:00,H,6,0.81,0.776,0.7716,0.7756,nan,0.7967,0,1207595
E0,epl-liv-bur-2026-01-17,2026-01-17T15:00:00+00:00,H,24,0.79,0.776,0.7716,0.7756,nan,0.7967,0,1207595
E0,epl-liv-bur-2026-01-17,2026-01-17T15:00:00+00:00,D,1,0.14,0.1479,0.1488,0.1456,nan,0.1346,1,126152
E0,epl-liv-bur-2026-01-17,2026-01-17T15:00:00+00:00,D,6,0.14,0.1479,0.1488,0.1456,nan,0.1346,1,126152
E0,epl-liv-bur-2026-01-17,2026-01-17T15:00:00+00:00,D,24,0.13,0.1479,0.1488,0.1456,nan,0.1346,1,126152
E0,epl-liv-bur-2026-01-17,2026-01-17T15:00:00+00:00,A,1,0.06,0.0761,0.0797,0.0789,nan,0.0687,0,203025
E0,epl-liv-bur-2026-01-17,2026-01-17T15:00:00+00:00,A,6,0.06,0.0761,0.0797,0.0789,nan,0.0687,0,203025
E0,epl-liv-bur-2026-01-17,2026-01-17T15:00:00+00:00,A,24,0.07,0.0761,0.0797,0.0789,nan,0.0687,0,203025
E0,epl-tot-wes-2026-01-17,2026-01-17T15:00:00+00:00,H,1,0.54,0.5535,0.5154,0.5082,nan,0.5227,0,8408044
E0,epl-tot-wes-2026-01-17,2026-01-17T15:00:00+00:00,H,6,0.57,0.5535,0.5154,0.5082,nan,0.5227,0,8408044
E0,epl-tot-wes-2026-01-17,2026-01-17T15:00:00+00:00,H,24,0.57,0.5535,0.5154,0.5082,nan,0.5227,0,8408044
E0,epl-tot-wes-2026-01-17,2026-01-17T15:00:00+00:00,D,1,0.25,0.2421,0.2549,0.2507,nan,0.2614,0,161044
E0,epl-tot-wes-2026-01-17,2026-01-17T15:00:00+00:00,D,6,0.25,0.2421,0.2549,0.2507,nan,0.2614,0,161044
E0,epl-tot-wes-2026-01-17,2026-01-17T15:00:00+00:00,D,24,0.25,0.2421,0.2549,0.2507,nan,0.2614,0,161044
E0,epl-tot-wes-2026-01-17,2026-01-17T15:00:00+00:00,A,1,0.22,0.2044,0.2296,0.2411,nan,0.2159,1,172496
E0,epl-tot-wes-2026-01-17,2026-01-17T15:00:00+00:00,A,6,0.2,0.2044,0.2296,0.2411,nan,0.2159,1,172496
E0,epl-tot-wes-2026-01-17,2026-01-17T15:00:00+00:00,A,24,0.2,0.2044,0.2296,0.2411,nan,0.2159,1,172496
E0,epl-sun-cry-2026-01-17,2026-01-17T15:00:00+00:00,H,1,0.4,0.3526,0.3975,0.3962,nan,0.392,1,3875076
E0,epl-sun-cry-2026-01-17,2026-01-17T15:00:00+00:00,H,6,0.41,0.3526,0.3975,0.3962,nan,0.392,1,3875076
E0,epl-sun-cry-2026-01-17,2026-01-17T15:00:00+00:00,H,24,0.38,0.3526,0.3975,0.3962,nan,0.392,1,3875076
E0,epl-sun-cry-2026-01-17,2026-01-17T15:00:00+00:00,D,1,0.31,0.3011,0.3022,0.2971,nan,0.3087,0,50755
E0,epl-sun-cry-2026-01-17,2026-01-17T15:00:00+00:00,D,6,0.3,0.3011,0.3022,0.2971,nan,0.3087,0,50755
E0,epl-sun-cry-2026-01-17,2026-01-17T15:00:00+00:00,D,24,0.31,0.3011,0.3022,0.2971,nan,0.3087,0,50755
E0,epl-sun-cry-2026-01-17,2026-01-17T15:00:00+00:00,A,1,0.3,0.3462,0.3003,0.3067,nan,0.2993,0,128108
E0,epl-sun-cry-2026-01-17,2026-01-17T15:00:00+00:00,A,6,0.3,0.3462,0.3003,0.3067,nan,0.2993,0,128108
E0,epl-sun-cry-2026-01-17,2026-01-17T15:00:00+00:00,A,24,0.32,0.3462,0.3003,0.3067,nan,0.2993,0,128108
E0,epl-che-bre-2026-01-17,2026-01-17T15:00:00+00:00,H,1,0.53,0.5613,0.5088,0.5143,nan,0.5185,1,1122237
E0,epl-che-bre-2026-01-17,2026-01-17T15:00:00+00:00,H,6,0.53,0.5613,0.5088,0.5143,nan,0.5185,1,1122237
E0,epl-che-bre-2026-01-17,2026-01-17T15:00:00+00:00,H,24,0.57,0.5613,0.5088,0.5143,nan,0.5185,1,1122237
E0,epl-che-bre-2026-01-17,2026-01-17T15:00:00+00:00,D,1,0.25,0.239,0.2504,0.2537,nan,0.2553,0,83894
E0,epl-che-bre-2026-01-17,2026-01-17T15:00:00+00:00,D,6,0.25,0.239,0.2504,0.2537,nan,0.2553,0,83894
E0,epl-che-bre-2026-01-17,2026-01-17T15:00:00+00:00,D,24,0.24,0.239,0.2504,0.2537,nan,0.2553,0,83894
E0,epl-che-bre-2026-01-17,2026-01-17T15:00:00+00:00,A,1,0.23,0.1997,0.2408,0.232,nan,0.2263,0,295875
E0,epl-che-bre-2026-01-17,2026-01-17T15:00:00+00:00,A,6,0.24,0.1997,0.2408,0.232,nan,0.2263,0,295875
E0,epl-che-bre-2026-01-17,2026-01-17T15:00:00+00:00,A,24,0.2,0.1997,0.2408,0.232,nan,0.2263,0,295875
E0,epl-lee-ful-2026-01-17,2026-01-17T15:00:00+00:00,H,1,0.43,0.4371,0.4104,0.4041,nan,0.407,1,196955
E0,epl-lee-ful-2026-01-17,2026-01-17T15:00:00+00:00,H,6,0.45,0.4371,0.4104,0.4041,nan,0.407,1,196955
E0,epl-lee-ful-2026-01-17,2026-01-17T15:00:00+00:00,H,24,0.45,0.4371,0.4104,0.4041,nan,0.407,1,196955
E0,epl-lee-ful-2026-01-17,2026-01-17T15:00:00+00:00,D,1,0.28,0.2848,0.2838,0.2793,nan,0.2921,0,89572
E0,epl-lee-ful-2026-01-17,2026-01-17T15:00:00+00:00,D,6,0.29,0.2848,0.2838,0.2793,nan,0.2921,0,89572
E0,epl-lee-ful-2026-01-17,2026-01-17T15:00:00+00:00,D,24,0.29,0.2848,0.2838,0.2793,nan,0.2921,0,89572
E0,epl-lee-ful-2026-01-17,2026-01-17T15:00:00+00:00,A,1,0.29,0.2781,0.3058,0.3166,nan,0.3009,0,206113
E0,epl-lee-ful-2026-01-17,2026-01-17T15:00:00+00:00,A,6,0.28,0.2781,0.3058,0.3166,nan,0.3009,0,206113
E0,epl-lee-ful-2026-01-17,2026-01-17T15:00:00+00:00,A,24,0.27,0.2781,0.3058,0.3166,nan,0.3009,0,206113
E0,epl-not-ars-2026-01-17,2026-01-17T17:30:00+00:00,H,1,0.15,0.1556,0.1635,0.1723,nan,0.1455,0,481300
E0,epl-not-ars-2026-01-17,2026-01-17T17:30:00+00:00,H,6,0.15,0.1556,0.1635,0.1723,nan,0.1455,0,481300
E0,epl-not-ars-2026-01-17,2026-01-17T17:30:00+00:00,H,24,0.15,0.1556,0.1635,0.1723,nan,0.1455,0,481300
E0,epl-not-ars-2026-01-17,2026-01-17T17:30:00+00:00,D,1,0.24,0.2281,0.2447,0.2429,nan,0.2474,1,143331
E0,epl-not-ars-2026-01-17,2026-01-17T17:30:00+00:00,D,6,0.24,0.2281,0.2447,0.2429,nan,0.2474,1,143331
E0,epl-not-ars-2026-01-17,2026-01-17T17:30:00+00:00,D,24,0.22,0.2281,0.2447,0.2429,nan,0.2474,1,143331
E0,epl-not-ars-2026-01-17,2026-01-17T17:30:00+00:00,A,1,0.62,0.6163,0.5918,0.5848,nan,0.6071,0,2584044
E0,epl-not-ars-2026-01-17,2026-01-17T17:30:00+00:00,A,6,0.63,0.6163,0.5918,0.5848,nan,0.6071,0,2584044
E0,epl-not-ars-2026-01-17,2026-01-17T17:30:00+00:00,A,24,0.64,0.6163,0.5918,0.5848,nan,0.6071,0,2584044
E0,epl-wol-new-2026-01-18,2026-01-18T14:00:00+00:00,H,1,0.19,0.2057,0.2107,0.2096,nan,0.1988,0,367387
E0,epl-wol-new-2026-01-18,2026-01-18T14:00:00+00:00,H,6,0.2,0.2057,0.2107,0.2096,nan,0.1988,0,367387
E0,epl-wol-new-2026-01-18,2026-01-18T14:00:00+00:00,H,24,0.22,0.2057,0.2107,0.2096,nan,0.1988,0,367387
E0,epl-wol-new-2026-01-18,2026-01-18T14:00:00+00:00,D,1,0.24,0.2377,0.2382,0.2357,nan,0.2366,1,248167
E0,epl-wol-new-2026-01-18,2026-01-18T14:00:00+00:00,D,6,0.24,0.2377,0.2382,0.2357,nan,0.2366,1,248167
E0,epl-wol-new-2026-01-18,2026-01-18T14:00:00+00:00,D,24,0.25,0.2377,0.2382,0.2357,nan,0.2366,1,248167
E0,epl-wol-new-2026-01-18,2026-01-18T14:00:00+00:00,A,1,0.57,0.5566,0.5512,0.5547,nan,0.5646,0,721170
E0,epl-wol-new-2026-01-18,2026-01-18T14:00:00+00:00,A,6,0.56,0.5566,0.5512,0.5547,nan,0.5646,0,721170
E0,epl-wol-new-2026-01-18,2026-01-18T14:00:00+00:00,A,24,0.55,0.5566,0.5512,0.5547,nan,0.5646,0,721170
E0,epl-ast-eve-2026-01-18,2026-01-18T16:30:00+00:00,H,1,0.61,0.5698,0.594,0.5892,nan,0.6081,0,8195507
E0,epl-ast-eve-2026-01-18,2026-01-18T16:30:00+00:00,H,6,0.6,0.5698,0.594,0.5892,nan,0.6081,0,8195507
E0,epl-ast-eve-2026-01-18,2026-01-18T16:30:00+00:00,H,24,0.57,0.5698,0.594,0.5892,nan,0.6081,0,8195507
E0,epl-ast-eve-2026-01-18,2026-01-18T16:30:00+00:00,D,1,0.24,0.2444,0.2412,0.2448,nan,0.2417,0,177211
E0,epl-ast-eve-2026-01-18,2026-01-18T16:30:00+00:00,D,6,0.25,0.2444,0.2412,0.2448,nan,0.2417,0,177211
E0,epl-ast-eve-2026-01-18,2026-01-18T16:30:00+00:00,D,24,0.26,0.2444,0.2412,0.2448,nan,0.2417,0,177211
E0,epl-ast-eve-2026-01-18,2026-01-18T16:30:00+00:00,A,1,0.16,0.1858,0.1647,0.166,nan,0.1502,1,396684
E0,epl-ast-eve-2026-01-18,2026-01-18T16:30:00+00:00,A,6,0.16,0.1858,0.1647,0.166,nan,0.1502,1,396684
E0,epl-ast-eve-2026-01-18,2026-01-18T16:30:00+00:00,A,24,0.18,0.1858,0.1647,0.166,nan,0.1502,1,396684
E0,epl-bri-bou-2026-01-19,2026-01-19T20:00:00+00:00,H,1,0.49,0.5088,0.4833,0.4885,nan,0.4968,0,611116
E0,epl-bri-bou-2026-01-19,2026-01-19T20:00:00+00:00,H,6,0.53,0.5088,0.4833,0.4885,nan,0.4968,0,611116
E0,epl-bri-bou-2026-01-19,2026-01-19T20:00:00+00:00,H,24,0.52,0.5088,0.4833,0.4885,nan,0.4968,0,611116
E0,epl-bri-bou-2026-01-19,2026-01-19T20:00:00+00:00,D,1,0.26,0.2401,0.2499,0.254,nan,0.2548,1,493515
E0,epl-bri-bou-2026-01-19,2026-01-19T20:00:00+00:00,D,6,0.24,0.2401,0.2499,0.254,nan,0.2548,1,493515
E0,epl-bri-bou-2026-01-19,2026-01-19T20:00:00+00:00,D,24,0.24,0.2401,0.2499,0.254,nan,0.2548,1,493515
E0,epl-bri-bou-2026-01-19,2026-01-19T20:00:00+00:00,A,1,0.26,0.251,0.2668,0.2575,nan,0.2484,0,541326
E0,epl-bri-bou-2026-01-19,2026-01-19T20:00:00+00:00,A,6,0.25,0.251,0.2668,0.2575,nan,0.2484,0,541326
E0,epl-bri-bou-2026-01-19,2026-01-19T20:00:00+00:00,A,24,0.25,0.251,0.2668,0.2575,nan,0.2484,0,541326
E0,epl-wes-sun-2026-01-24,2026-01-24T12:30:00+00:00,H,1,0.42,0.3766,0.4275,0.4267,nan,0.4261,1,684902
E0,epl-wes-sun-2026-01-24,2026-01-24T12:30:00+00:00,H,6,0.4,0.3766,0.4275,0.4267,nan,0.4261,1,684902
E0,epl-wes-sun-2026-01-24,2026-01-24T12:30:00+00:00,H,24,0.39,0.3766,0.4275,0.4267,nan,0.4261,1,684902
E0,epl-wes-sun-2026-01-24,2026-01-24T12:30:00+00:00,D,1,0.29,0.2917,0.2845,0.2845,nan,0.289,0,119112
E0,epl-wes-sun-2026-01-24,2026-01-24T12:30:00+00:00,D,6,0.3,0.2917,0.2845,0.2845,nan,0.289,0,119112
E0,epl-wes-sun-2026-01-24,2026-01-24T12:30:00+00:00,D,24,0.3,0.2917,0.2845,0.2845,nan,0.289,0,119112
E0,epl-wes-sun-2026-01-24,2026-01-24T12:30:00+00:00,A,1,0.29,0.3317,0.288,0.2888,nan,0.2849,0,395431
E0,epl-wes-sun-2026-01-24,2026-01-24T12:30:00+00:00,A,6,0.32,0.3317,0.288,0.2888,nan,0.2849,0,395431
E0,epl-wes-sun-2026-01-24,2026-01-24T12:30:00+00:00,A,24,0.32,0.3317,0.288,0.2888,nan,0.2849,0,395431
E0,epl-bur-tot-2026-01-24,2026-01-24T15:00:00+00:00,H,1,0.25,0.2598,0.2456,0.2441,nan,0.2425,0,474752
E0,epl-bur-tot-2026-01-24,2026-01-24T15:00:00+00:00,H,6,0.26,0.2598,0.2456,0.2441,nan,0.2425,0,474752
E0,epl-bur-tot-2026-01-24,2026-01-24T15:00:00+00:00,H,24,0.25,0.2598,0.2456,0.2441,nan,0.2425,0,474752
E0,epl-bur-tot-2026-01-24,2026-01-24T15:00:00+00:00,D,1,0.29,0.2789,0.284,0.28,nan,0.2841,1,113688
E0,epl-bur-tot-2026-01-24,2026-01-24T15:00:00+00:00,D,6,0.29,0.2789,0.284,0.28,nan,0.2841,1,113688
E0,epl-bur-tot-2026-01-24,2026-01-24T15:00:00+00:00,D,24,0.28,0.2789,0.284,0.28,nan,0.2841,1,113688
E0,epl-bur-tot-2026-01-24,2026-01-24T15:00:00+00:00,A,1,0.47,0.4613,0.4704,0.476,nan,0.4734,0,620426
E0,epl-bur-tot-2026-01-24,2026-01-24T15:00:00+00:00,A,6,0.46,0.4613,0.4704,0.476,nan,0.4734,0,620426
E0,epl-bur-tot-2026-01-24,2026-01-24T15:00:00+00:00,A,24,0.47,0.4613,0.4704,0.476,nan,0.4734,0,620426
E0,epl-ful-bri-2026-01-24,2026-01-24T15:00:00+00:00,H,1,0.3606,0.3731,0.3684,0.3704,nan,0.3711,1,231920
E0,epl-ful-bri-2026-01-24,2026-01-24T15:00:00+00:00,H,6,0.38,0.3731,0.3684,0.3704,nan,0.3711,1,231920
E0,epl-ful-bri-2026-01-24,2026-01-24T15:00:00+00:00,H,24,0.38,0.3731,0.3684,0.3704,nan,0.3711,1,231920
E0,epl-ful-bri-2026-01-24,2026-01-24T15:00:00+00:00,D,1,0.29,0.2771,0.2886,0.2862,nan,0.2883,0,129717
E0,epl-ful-bri-2026-01-24,2026-01-24T15:00:00+00:00,D,6,0.28,0.2771,0.2886,0.2862,nan,0.2883,0,129717
E0,epl-ful-bri-2026-01-24,2026-01-24T15:00:00+00:00,D,24,0.2854,0.2771,0.2886,0.2862,nan,0.2883,0,129717
E0,epl-ful-bri-2026-01-24,2026-01-24T15:00:00+00:00,A,1,0.34,0.3497,0.343,0.3434,nan,0.3406,0,83975
E0,epl-ful-bri-2026-01-24,2026-01-24T15:00:00+00:00,A,6,0.35,0.3497,0.343,0.3434,nan,0.3406,0,83975
E0,epl-ful-bri-2026-01-24,2026-01-24T15:00:00+00:00,A,24,0.35,0.3497,0.343,0.3434,nan,0.3406,0,83975
E0,epl-bou-liv-2026-01-24,2026-01-24T17:30:00+00:00,H,1,0.23,0.254,0.2254,0.2247,nan,0.2115,1,442683
E0,epl-bou-liv-2026-01-24,2026-01-24T17:30:00+00:00,H,6,0.24,0.254,0.2254,0.2247,nan,0.2115,1,442683
E0,epl-bou-liv-2026-01-24,2026-01-24T17:30:00+00:00,H,24,0.25,0.254,0.2254,0.2247,nan,0.2115,1,442683
E0,epl-bou-liv-2026-01-24,2026-01-24T17:30:00+00:00,D,1,0.24,0.2448,0.2384,0.236,nan,0.2424,0,316815
E0,epl-bou-liv-2026-01-24,2026-01-24T17:30:00+00:00,D,6,0.25,0.2448,0.2384,0.236,nan,0.2424,0,316815
E0,epl-bou-liv-2026-01-24,2026-01-24T17:30:00+00:00,D,24,0.25,0.2448,0.2384,0.236,nan,0.2424,0,316815
E0,epl-bou-liv-2026-01-24,2026-01-24T17:30:00+00:00,A,1,0.53,0.5012,0.5361,0.5393,nan,0.5461,0,6555920
E0,epl-bou-liv-2026-01-24,2026-01-24T17:30:00+00:00,A,6,0.53,0.5012,0.5361,0.5393,nan,0.5461,0,6555920
E0,epl-bou-liv-2026-01-24,2026-01-24T17:30:00+00:00,A,24,0.51,0.5012,0.5361,0.5393,nan,0.5461,0,6555920
E0,epl-new-ast-2026-01-25,2026-01-25T14:00:00+00:00,H,1,0.44,0.4761,0.4408,0.4447,nan,0.4527,0,3161542
E0,epl-new-ast-2026-01-25,2026-01-25T14:00:00+00:00,H,6,0.48,0.4761,0.4408,0.4447,nan,0.4527,0,3161542
E0,epl-new-ast-2026-01-25,2026-01-25T14:00:00+00:00,H,24,0.47,0.4761,0.4408,0.4447,nan,0.4527,0,3161542
E0,epl-new-ast-2026-01-25,2026-01-25T14:00:00+00:00,D,1,0.27,0.2576,0.2685,0.2656,nan,0.2587,0,176662
E0,epl-new-ast-2026-01-25,2026-01-25T14:00:00+00:00,D,6,0.27,0.2576,0.2685,0.2656,nan,0.2587,0,176662
E0,epl-new-ast-2026-01-25,2026-01-25T14:00:00+00:00,D,24,0.27,0.2576,0.2685,0.2656,nan,0.2587,0,176662
E0,epl-new-ast-2026-01-25,2026-01-25T14:00:00+00:00,A,1,0.29,0.2663,0.2907,0.2897,nan,0.2887,1,646451
E0,epl-new-ast-2026-01-25,2026-01-25T14:00:00+00:00,A,6,0.28,0.2663,0.2907,0.2897,nan,0.2887,1,646451
E0,epl-new-ast-2026-01-25,2026-01-25T14:00:00+00:00,A,24,0.27,0.2663,0.2907,0.2897,nan,0.2887,1,646451
E0,epl-cry-che-2026-01-25,2026-01-25T14:00:00+00:00,H,1,0.27,0.2698,0.2793,0.2785,nan,0.271,0,179274
E0,epl-cry-che-2026-01-25,2026-01-25T14:00:00+00:00,H,6,0.28,0.2698,0.2793,0.2785,nan,0.271,0,179274
E0,epl-cry-che-2026-01-25,2026-01-25T14:00:00+00:00,H,24,0.27,0.2698,0.2793,0.2785,nan,0.271,0,179274
E0,epl-cry-che-2026-01-25,2026-01-25T14:00:00+00:00,D,1,0.27,0.258,0.272,0.2706,nan,0.271,0,58778
E0,epl-cry-che-2026-01-25,2026-01-25T14:00:00+00:00,D,6,0.26,0.258,0.272,0.2706,nan,0.271,0,58778
E0,epl-cry-che-2026-01-25,2026-01-25T14:00:00+00:00,D,24,0.26,0.258,0.272,0.2706,nan,0.271,0,58778
E0,epl-cry-che-2026-01-25,2026-01-25T14:00:00+00:00,A,1,0.45,0.4722,0.4487,0.4509,nan,0.458,1,1476311
E0,epl-cry-che-2026-01-25,2026-01-25T14:00:00+00:00,A,6,0.47,0.4722,0.4487,0.4509,nan,0.458,1,1476311
E0,epl-cry-che-2026-01-25,2026-01-25T14:00:00+00:00,A,24,0.49,0.4722,0.4487,0.4509,nan,0.458,1,1476311
E0,epl-mac-wol-2026-01-24,2026-01-24T15:00:00+00:00,H,1,0.74,0.78,0.7311,0.7296,nan,0.7502,1,2012407
E0,epl-mac-wol-2026-01-24,2026-01-24T15:00:00+00:00,H,6,0.78,0.78,0.7311,0.7296,nan,0.7502,1,2012407
E0,epl-mac-wol-2026-01-24,2026-01-24T15:00:00+00:00,H,24,0.8,0.78,0.7311,0.7296,nan,0.7502,1,2012407
E0,epl-mac-wol-2026-01-24,2026-01-24T15:00:00+00:00,D,1,0.17,0.1413,0.1688,0.165,nan,0.1597,0,94809
E0,epl-mac-wol-2026-01-24,2026-01-24T15:00:00+00:00,D,6,0.14,0.1413,0.1688,0.165,nan,0.1597,0,94809
E0,epl-mac-wol-2026-01-24,2026-01-24T15:00:00+00:00,D,24,0.14,0.1413,0.1688,0.165,nan,0.1597,0,94809
E0,epl-mac-wol-2026-01-24,2026-01-24T15:00:00+00:00,A,1,0.09,0.0787,0.1,0.1054,nan,0.09,0,272240
E0,epl-mac-wol-2026-01-24,2026-01-24T15:00:00+00:00,A,6,0.07,0.0787,0.1,0.1054,nan,0.09,0,272240
E0,epl-mac-wol-2026-01-24,2026-01-24T15:00:00+00:00,A,24,0.08,0.0787,0.1,0.1054,nan,0.09,0,272240
E0,epl-bre-not-2026-01-25,2026-01-25T14:00:00+00:00,H,1,0.52,0.4958,0.5139,0.5152,nan,0.5205,0,369030
E0,epl-bre-not-2026-01-25,2026-01-25T14:00:00+00:00,H,6,0.52,0.4958,0.5139,0.5152,nan,0.5205,0,369030
E0,epl-bre-not-2026-01-25,2026-01-25T14:00:00+00:00,H,24,0.53,0.4958,0.5139,0.5152,nan,0.5205,0,369030
E0,epl-bre-not-2026-01-25,2026-01-25T14:00:00+00:00,D,1,0.27,0.2699,0.2702,0.2647,nan,0.2724,0,71928
E0,epl-bre-not-2026-01-25,2026-01-25T14:00:00+00:00,D,6,0.27,0.2699,0.2702,0.2647,nan,0.2724,0,71928
E0,epl-bre-not-2026-01-25,2026-01-25T14:00:00+00:00,D,24,0.27,0.2699,0.2702,0.2647,nan,0.2724,0,71928
E0,epl-bre-not-2026-01-25,2026-01-25T14:00:00+00:00,A,1,0.21,0.2343,0.2159,0.2201,nan,0.2071,1,182860
E0,epl-bre-not-2026-01-25,2026-01-25T14:00:00+00:00,A,6,0.22,0.2343,0.2159,0.2201,nan,0.2071,1,182860
E0,epl-bre-not-2026-01-25,2026-01-25T14:00:00+00:00,A,24,0.22,0.2343,0.2159,0.2201,nan,0.2071,1,182860
E0,epl-ars-mun-2026-01-25,2026-01-25T16:30:00+00:00,H,1,0.63,0.6086,0.6146,0.6226,nan,0.63,0,1549882
E0,epl-ars-mun-2026-01-25,2026-01-25T16:30:00+00:00,H,6,0.62,0.6086,0.6146,0.6226,nan,0.63,0,1549882
E0,epl-ars-mun-2026-01-25,2026-01-25T16:30:00+00:00,H,24,0.62,0.6086,0.6146,0.6226,nan,0.63,0,1549882
E0,epl-ars-mun-2026-01-25,2026-01-25T16:30:00+00:00,D,1,0.22,0.2312,0.2191,0.2117,nan,0.2105,0,220220
E0,epl-ars-mun-2026-01-25,2026-01-25T16:30:00+00:00,D,6,0.21,0.2312,0.2191,0.2117,nan,0.2105,0,220220
E0,epl-ars-mun-2026-01-25,2026-01-25T16:30:00+00:00,D,24,0.23,0.2312,0.2191,0.2117,nan,0.2105,0,220220
E0,epl-ars-mun-2026-01-25,2026-01-25T16:30:00+00:00,A,1,0.17,0.1602,0.1663,0.1657,nan,0.1595,1,1761170
E0,epl-ars-mun-2026-01-25,2026-01-25T16:30:00+00:00,A,6,0.17,0.1602,0.1663,0.1657,nan,0.1595,1,1761170
E0,epl-ars-mun-2026-01-25,2026-01-25T16:30:00+00:00,A,24,0.17,0.1602,0.1663,0.1657,nan,0.1595,1,1761170
E0,epl-eve-lee-2026-01-26,2026-01-26T20:00:00+00:00,H,1,0.38,0.3793,0.3798,0.3783,nan,0.3774,0,666760
E0,epl-eve-lee-2026-01-26,2026-01-26T20:00:00+00:00,H,6,0.38,0.3793,0.3798,0.3783,nan,0.3774,0,666760
E0,epl-eve-lee-2026-01-26,2026-01-26T20:00:00+00:00,H,24,0.39,0.3793,0.3798,0.3783,nan,0.3774,0,666760
E0,epl-eve-lee-2026-01-26,2026-01-26T20:00:00+00:00,D,1,0.31,0.2986,0.3081,0.2956,nan,0.3113,1,182060
E0,epl-eve-lee-2026-01-26,2026-01-26T20:00:00+00:00,D,6,0.3,0.2986,0.3081,0.2956,nan,0.3113,1,182060
E0,epl-eve-lee-2026-01-26,2026-01-26T20:00:00+00:00,D,24,0.31,0.2986,0.3081,0.2956,nan,0.3113,1,182060
E0,epl-eve-lee-2026-01-26,2026-01-26T20:00:00+00:00,A,1,0.32,0.3221,0.3121,0.3261,nan,0.3113,0,1378850
E0,epl-eve-lee-2026-01-26,2026-01-26T20:00:00+00:00,A,6,0.32,0.3221,0.3121,0.3261,nan,0.3113,0,1378850
E0,epl-eve-lee-2026-01-26,2026-01-26T20:00:00+00:00,A,24,0.32,0.3221,0.3121,0.3261,nan,0.3113,0,1378850
E0,epl-lee-ars-2026-01-31,2026-01-31T15:00:00+00:00,H,1,0.14,0.1538,0.161,0.172,nan,0.1458,0,393704
E0,epl-lee-ars-2026-01-31,2026-01-31T15:00:00+00:00,H,6,0.14,0.1538,0.161,0.172,nan,0.1458,0,393704
E0,epl-lee-ars-2026-01-31,2026-01-31T15:00:00+00:00,H,24,0.14,0.1538,0.161,0.172,nan,0.1458,0,393704
E0,epl-lee-ars-2026-01-31,2026-01-31T15:00:00+00:00,D,1,0.23,0.2311,0.2369,0.2253,nan,0.2306,0,105963
E0,epl-lee-ars-2026-01-31,2026-01-31T15:00:00+00:00,D,6,0.23,0.2311,0.2369,0.2253,nan,0.2306,0,105963
E0,epl-lee-ars-2026-01-31,2026-01-31T15:00:00+00:00,D,24,0.23,0.2311,0.2369,0.2253,nan,0.2306,0,105963
E0,epl-lee-ars-2026-01-31,2026-01-31T15:00:00+00:00,A,1,0.62,0.6152,0.6021,0.6027,nan,0.6236,1,2238720
E0,epl-lee-ars-2026-01-31,2026-01-31T15:00:00+00:00,A,6,0.64,0.6152,0.6021,0.6027,nan,0.6236,1,2238720
E0,epl-lee-ars-2026-01-31,2026-01-31T15:00:00+00:00,A,24,0.64,0.6152,0.6021,0.6027,nan,0.6236,1,2238720
E0,epl-wol-bou-2026-01-31,2026-01-31T15:00:00+00:00,H,1,0.32,0.3205,0.3223,0.3398,nan,0.3202,0,301378
E0,epl-wol-bou-2026-01-31,2026-01-31T15:00:00+00:00,H,6,0.32,0.3205,0.3223,0.3398,nan,0.3202,0,301378
E0,epl-wol-bou-2026-01-31,2026-01-31T15:00:00+00:00,H,24,0.32,0.3205,0.3223,0.3398,nan,0.3202,0,301378
E0,epl-wol-bou-2026-01-31,2026-01-31T15:00:00+00:00,D,1,0.29,0.2702,0.2779,0.2718,nan,0.2796,0,132115
E0,epl-wol-bou-2026-01-31,2026-01-31T15:00:00+00:00,D,6,0.28,0.2702,0.2779,0.2718,nan,0.2796,0,132115
E0,epl-wol-bou-2026-01-31,2026-01-31T15:00:00+00:00,D,24,0.26,0.2702,0.2779,0.2718,nan,0.2796,0,132115
E0,epl-wol-bou-2026-01-31,2026-01-31T15:00:00+00:00,A,1,0.4,0.4093,0.3998,0.3883,nan,0.4002,1,608391
E0,epl-wol-bou-2026-01-31,2026-01-31T15:00:00+00:00,A,6,0.42,0.4093,0.3998,0.3883,nan,0.4002,1,608391
E0,epl-wol-bou-2026-01-31,2026-01-31T15:00:00+00:00,A,24,0.42,0.4093,0.3998,0.3883,nan,0.4002,1,608391
E0,epl-che-wes-2026-01-31,2026-01-31T17:30:00+00:00,H,1,0.61,0.6348,0.5961,0.5889,nan,0.6029,1,6112738
E0,epl-che-wes-2026-01-31,2026-01-31T17:30:00+00:00,H,6,0.63,0.6348,0.5961,0.5889,nan,0.6029,1,6112738
E0,epl-che-wes-2026-01-31,2026-01-31T17:30:00+00:00,H,24,0.65,0.6348,0.5961,0.5889,nan,0.6029,1,6112738
E0,epl-che-wes-2026-01-31,2026-01-31T17:30:00+00:00,D,1,0.22,0.2088,0.2184,0.2203,nan,0.2163,0,162169
E0,epl-che-wes-2026-01-31,2026-01-31T17:30:00+00:00,D,6,0.2,0.2088,0.2184,0.2203,nan,0.2163,0,162169
E0,epl-che-wes-2026-01-31,2026-01-31T17:30:00+00:00,D,24,0.21,0.2088,0.2184,0.2203,nan,0.2163,0,162169
E0,epl-che-wes-2026-01-31,2026-01-31T17:30:00+00:00,A,1,0.18,0.1563,0.1855,0.1908,nan,0.1809,0,576055
E0,epl-che-wes-2026-01-31,2026-01-31T17:30:00+00:00,A,6,0.16,0.1563,0.1855,0.1908,nan,0.1809,0,576055
E0,epl-che-wes-2026-01-31,2026-01-31T17:30:00+00:00,A,24,0.16,0.1563,0.1855,0.1908,nan,0.1809,0,576055
E0,epl-liv-new-2026-01-31,2026-01-31T20:00:00+00:00,H,1,0.59,0.5338,0.5775,0.583,nan,0.5921,1,10673407
E0,epl-liv-new-2026-01-31,2026-01-31T20:00:00+00:00,H,6,0.56,0.5338,0.5775,0.583,nan,0.5921,1,10673407
E0,epl-liv-new-2026-01-31,2026-01-31T20:00:00+00:00,H,24,0.54,0.5338,0.5775,0.583,nan,0.5921,1,10673407
E0,epl-liv-new-2026-01-31,2026-01-31T20:00:00+00:00,D,1,0.23,0.2368,0.2244,0.2181,nan,0.2247,0,156342
E0,epl-liv-new-2026-01-31,2026-01-31T20:00:00+00:00,D,6,0.24,0.2368,0.2244,0.2181,nan,0.2247,0,156342
E0,epl-liv-new-2026-01-31,2026-01-31T20:00:00+00:00,D,24,0.2423,0.2368,0.2244,0.2181,nan,0.2247,0,156342
E0,epl-liv-new-2026-01-31,2026-01-31T20:00:00+00:00,A,1,0.18,0.2293,0.1981,0.1988,nan,0.1831,0,300035
E0,epl-liv-new-2026-01-31,2026-01-31T20:00:00+00:00,A,6,0.21,0.2293,0.1981,0.1988,nan,0.1831,0,300035
E0,epl-liv-new-2026-01-31,2026-01-31T20:00:00+00:00,A,24,0.23,0.2293,0.1981,0.1988,nan,0.1831,0,300035
E0,epl-bri-eve-2026-01-31,2026-01-31T15:00:00+00:00,H,1,0.51,0.5084,0.4954,0.4943,nan,0.505,0,276280
E0,epl-bri-eve-2026-01-31,2026-01-31T15:00:00+00:00,H,6,0.52,0.5084,0.4954,0.4943,nan,0.505,0,276280
E0,epl-bri-eve-2026-01-31,2026-01-31T15:00:00+00:00,H,24,0.51,0.5084,0.4954,0.4943,nan,0.505,0,276280
E0,epl-bri-eve-2026-01-31,2026-01-31T15:00:00+00:00,D,1,0.27,0.2627,0.2727,0.2697,nan,0.2689,1,87872
E0,epl-bri-eve-2026-01-31,2026-01-31T15:00:00+00:00,D,6,0.27,0.2627,0.2727,0.2697,nan,0.2689,1,87872
E0,epl-bri-eve-2026-01-31,2026-01-31T15:00:00+00:00,D,24,0.27,0.2627,0.2727,0.2697,nan,0.2689,1,87872
E0,epl-bri-eve-2026-01-31,2026-01-31T15:00:00+00:00,A,1,0.23,0.229,0.2319,0.236,nan,0.2261,0,157690
E0,epl-bri-eve-2026-01-31,2026-01-31T15:00:00+00:00,A,6,0.22,0.229,0.2319,0.236,nan,0.2261,0,157690
E0,epl-bri-eve-2026-01-31,2026-01-31T15:00:00+00:00,A,24,0.23,0.229,0.2319,0.236,nan,0.2261,0,157690
E0,epl-not-cry-2026-02-01,2026-02-01T14:00:00+00:00,H,1,0.47,0.4847,0.4526,0.4505,nan,0.4597,0,707206
E0,epl-not-cry-2026-02-01,2026-02-01T14:00:00+00:00,H,6,0.48,0.4847,0.4526,0.4505,nan,0.4597,0,707206
E0,epl-not-cry-2026-02-01,2026-02-01T14:00:00+00:00,H,24,0.49,0.4847,0.4526,0.4505,nan,0.4597,0,707206
E0,epl-not-cry-2026-02-01,2026-02-01T14:00:00+00:00,D,1,0.3,0.2716,0.2938,0.2867,nan,0.292,1,72674
E0,epl-not-cry-2026-02-01,2026-02-01T14:00:00+00:00,D,6,0.29,0.2716,0.2938,0.2867,nan,0.292,1,72674
E0,epl-not-cry-2026-02-01,2026-02-01T14:00:00+00:00,D,24,0.28,0.2716,0.2938,0.2867,nan,0.292,1,72674
E0,epl-not-cry-2026-02-01,2026-02-01T14:00:00+00:00,A,1,0.25,0.2436,0.2536,0.2628,nan,0.2482,0,189961
E0,epl-not-cry-2026-02-01,2026-02-01T14:00:00+00:00,A,6,0.24,0.2436,0.2536,0.2628,nan,0.2482,0,189961
E0,epl-not-cry-2026-02-01,2026-02-01T14:00:00+00:00,A,24,0.25,0.2436,0.2536,0.2628,nan,0.2482,0,189961
E0,epl-ast-bre-2026-02-01,2026-02-01T14:00:00+00:00,H,1,0.43,0.4544,0.4119,0.4011,nan,0.4184,0,1360450
E0,epl-ast-bre-2026-02-01,2026-02-01T14:00:00+00:00,H,6,0.45,0.4544,0.4119,0.4011,nan,0.4184,0,1360450
E0,epl-ast-bre-2026-02-01,2026-02-01T14:00:00+00:00,H,24,0.47,0.4544,0.4119,0.4011,nan,0.4184,0,1360450
E0,epl-ast-bre-2026-02-01,2026-02-01T14:00:00+00:00,D,1,0.29,0.2724,0.2854,0.2807,nan,0.2887,0,96797
E0,epl-ast-bre-2026-02-01,2026-02-01T14:00:00+00:00,D,6,0.28,0.2724,0.2854,0.2807,nan,0.2887,0,96797
E0,epl-ast-bre-2026-02-01,2026-02-01T14:00:00+00:00,D,24,0.27,0.2724,0.2854,0.2807,nan,0.2887,0,96797
E0,epl-ast-bre-2026-02-01,2026-02-01T14:00:00+00:00,A,1,0.28,0.2732,0.3027,0.3182,nan,0.2929,1,442091
E0,epl-ast-bre-2026-02-01,2026-02-01T14:00:00+00:00,A,6,0.29,0.2732,0.3027,0.3182,nan,0.2929,1,442091
E0,epl-ast-bre-2026-02-01,2026-02-01T14:00:00+00:00,A,24,0.27,0.2732,0.3027,0.3182,nan,0.2929,1,442091
E0,epl-tot-mac-2026-02-01,2026-02-01T16:30:00+00:00,H,1,0.19,0.2144,0.1901,0.1999,nan,0.1843,0,535236
E0,epl-tot-mac-2026-02-01,2026-02-01T16:30:00+00:00,H,6,0.2,0.2144,0.1901,0.1999,nan,0.1843,0,535236
E0,epl-tot-mac-2026-02-01,2026-02-01T16:30:00+00:00,H,24,0.21,0.2144,0.1901,0.1999,nan,0.1843,0,535236
E0,epl-tot-mac-2026-02-01,2026-02-01T16:30:00+00:00,D,1,0.23,0.2328,0.2361,0.2316,nan,0.237,1,261779
E0,epl-tot-mac-2026-02-01,2026-02-01T16:30:00+00:00,D,6,0.24,0.2328,0.2361,0.2316,nan,0.237,1,261779
E0,epl-tot-mac-2026-02-01,2026-02-01T16:30:00+00:00,D,24,0.24,0.2328,0.2361,0.2316,nan,0.237,1,261779
E0,epl-tot-mac-2026-02-01,2026-02-01T16:30:00+00:00,A,1,0.57,0.5528,0.5738,0.5685,nan,0.5787,0,1640007
E0,epl-tot-mac-2026-02-01,2026-02-01T16:30:00+00:00,A,6,0.57,0.5528,0.5738,0.5685,nan,0.5787,0,1640007
E0,epl-tot-mac-2026-02-01,2026-02-01T16:30:00+00:00,A,24,0.56,0.5528,0.5738,0.5685,nan,0.5787,0,1640007
E0,epl-mun-ful-2026-02-01,2026-02-01T14:00:00+00:00,H,1,0.63,0.599,0.6226,0.6198,nan,0.6355,1,1343952
E0,epl-mun-ful-2026-02-01,2026-02-01T14:00:00+00:00,H,6,0.63,0.599,0.6226,0.6198,nan,0.6355,1,1343952
E0,epl-mun-ful-2026-02-01,2026-02-01T14:00:00+00:00,H,24,0.63,0.599,0.6226,0.6198,nan,0.6355,1,1343952
E0,epl-mun-ful-2026-02-01,2026-02-01T14:00:00+00:00,D,1,0.21,0.2191,0.2044,0.1996,nan,0.2036,0,194956
E0,epl-mun-ful-2026-02-01,2026-02-01T14:00:00+00:00,D,6,0.21,0.2191,0.2044,0.1996,nan,0.2036,0,194956
E0,epl-mun-ful-2026-02-01,2026-02-01T14:00:00+00:00,D,24,0.21,0.2191,0.2044,0.1996,nan,0.2036,0,194956
E0,epl-mun-ful-2026-02-01,2026-02-01T14:00:00+00:00,A,1,0.17,0.182,0.173,0.1806,nan,0.1609,0,361435
E0,epl-mun-ful-2026-02-01,2026-02-01T14:00:00+00:00,A,6,0.17,0.182,0.173,0.1806,nan,0.1609,0,361435
E0,epl-mun-ful-2026-02-01,2026-02-01T14:00:00+00:00,A,24,0.17,0.182,0.173,0.1806,nan,0.1609,0,361435
E0,epl-sun-bur-2026-02-02,2026-02-02T20:00:00+00:00,H,1,0.52,0.5244,0.4952,0.4951,nan,0.4964,1,865477
E0,epl-sun-bur-2026-02-02,2026-02-02T20:00:00+00:00,H,6,0.53,0.5244,0.4952,0.4951,nan,0.4964,1,865477
E0,epl-sun-bur-2026-02-02,2026-02-02T20:00:00+00:00,H,24,0.56,0.5244,0.4952,0.4951,nan,0.4964,1,865477
E0,epl-sun-bur-2026-02-02,2026-02-02T20:00:00+00:00,D,1,0.28,0.276,0.2928,0.2865,nan,0.2878,0,165532
E0,epl-sun-bur-2026-02-02,2026-02-02T20:00:00+00:00,D,6,0.28,0.276,0.2928,0.2865,nan,0.2878,0,165532
E0,epl-sun-bur-2026-02-02,2026-02-02T20:00:00+00:00,D,24,0.27,0.276,0.2928,0.2865,nan,0.2878,0,165532
E0,epl-sun-bur-2026-02-02,2026-02-02T20:00:00+00:00,A,1,0.2,0.1996,0.212,0.2184,nan,0.2158,0,363456
E0,epl-sun-bur-2026-02-02,2026-02-02T20:00:00+00:00,A,6,0.18,0.1996,0.212,0.2184,nan,0.2158,0,363456
E0,epl-sun-bur-2026-02-02,2026-02-02T20:00:00+00:00,A,24,0.18,0.1996,0.212,0.2184,nan,0.2158,0,363456
E0,epl-lee-not-2026-02-06,2026-02-06T20:00:00+00:00,H,1,0.45,0.4285,0.4416,0.4509,nan,0.4438,1,850011
E0,epl-lee-not-2026-02-06,2026-02-06T20:00:00+00:00,H,6,0.44,0.4285,0.4416,0.4509,nan,0.4438,1,850011
E0,epl-lee-not-2026-02-06,2026-02-06T20:00:00+00:00,H,24,0.44,0.4285,0.4416,0.4509,nan,0.4438,1,850011
E0,epl-lee-not-2026-02-06,2026-02-06T20:00:00+00:00,D,1,0.28,0.2905,0.2804,0.2785,nan,0.28,0,226971
E0,epl-lee-not-2026-02-06,2026-02-06T20:00:00+00:00,D,6,0.3,0.2905,0.2804,0.2785,nan,0.28,0,226971
E0,epl-lee-not-2026-02-06,2026-02-06T20:00:00+00:00,D,24,0.3,0.2905,0.2804,0.2785,nan,0.28,0,226971
E0,epl-lee-not-2026-02-06,2026-02-06T20:00:00+00:00,A,1,0.28,0.281,0.278,0.2706,nan,0.2761,0,172905
E0,epl-lee-not-2026-02-06,2026-02-06T20:00:00+00:00,A,6,0.28,0.281,0.278,0.2706,nan,0.2761,0,172905
E0,epl-lee-not-2026-02-06,2026-02-06T20:00:00+00:00,A,24,0.27,0.281,0.278,0.2706,nan,0.2761,0,172905
E0,epl-bur-wes-2026-02-07,2026-02-07T15:00:00+00:00,H,1,0.3,0.2882,0.3041,0.2982,nan,0.2963,0,106771
E0,epl-bur-wes-2026-02-07,2026-02-07T15:00:00+00:00,H,6,0.31,0.2882,0.3041,0.2982,nan,0.2963,0,106771
E0,epl-bur-wes-2026-02-07,2026-02-07T15:00:00+00:00,H,24,0.29,0.2882,0.3041,0.2982,nan,0.2963,0,106771
E0,epl-bur-wes-2026-02-07,2026-02-07T15:00:00+00:00,D,1,0.28,0.2701,0.2641,0.2579,nan,0.2683,0,37174
E0,epl-bur-wes-2026-02-07,2026-02-07T15:00:00+00:00,D,6,0.27,0.2701,0.2641,0.2579,nan,0.2683,0,37174
E0,epl-bur-wes-2026-02-07,2026-02-07T15:00:00+00:00,D,24,0.28,0.2701,0.2641,0.2579,nan,0.2683,0,37174
E0,epl-bur-wes-2026-02-07,2026-02-07T15:00:00+00:00,A,1,0.43,0.4417,0.4318,0.4439,nan,0.4354,1,376596
E0,epl-bur-wes-2026-02-07,2026-02-07T15:00:00+00:00,A,6,0.42,0.4417,0.4318,0.4439,nan,0.4354,1,376596
E0,epl-bur-wes-2026-02-07,2026-02-07T15:00:00+00:00,A,24,0.45,0.4417,0.4318,0.4439,nan,0.4354,1,376596
E0,epl-mun-tot-2026-02-07,2026-02-07T12:30:00+00:00,H,1,0.62,0.6018,0.5937,0.5909,nan,0.6096,1,1242791
E0,epl-mun-tot-2026-02-07,2026-02-07T12:30:00+00:00,H,6,0.61,0.6018,0.5937,0.5909,nan,0.6096,1,1242791
E0,epl-mun-tot-2026-02-07,2026-02-07T12:30:00+00:00,H,24,0.61,0.6018,0.5937,0.5909,nan,0.6096,1,1242791
E0,epl-mun-tot-2026-02-07,2026-02-07T12:30:00+00:00,D,1,0.22,0.2081,0.2155,0.2101,nan,0.216,0,184482
E0,epl-mun-tot-2026-02-07,2026-02-07T12:30:00+00:00,D,6,0.21,0.2081,0.2155,0.2101,nan,0.216,0,184482
E0,epl-mun-tot-2026-02-07,2026-02-07T12:30:00+00:00,D,24,0.21,0.2081,0.2155,0.2101,nan,0.216,0,184482
E0,epl-mun-tot-2026-02-07,2026-02-07T12:30:00+00:00,A,1,0.18,0.1901,0.1907,0.199,nan,0.1743,0,513737
E0,epl-mun-tot-2026-02-07,2026-02-07T12:30:00+00:00,A,6,0.18,0.1901,0.1907,0.199,nan,0.1743,0,513737
E0,epl-mun-tot-2026-02-07,2026-02-07T12:30:00+00:00,A,24,0.19,0.1901,0.1907,0.199,nan,0.1743,0,513737
E0,epl-ars-sun-2026-02-07,2026-02-07T15:00:00+00:00,H,1,0.77,0.7812,0.7532,0.7564,nan,0.773,1,1217816
E0,epl-ars-sun-2026-02-07,2026-02-07T15:00:00+00:00,H,6,0.77,0.7812,0.7532,0.7564,nan,0.773,1,1217816
E0,epl-ars-sun-2026-02-07,2026-02-07T15:00:00+00:00,H,24,0.8,0.7812,0.7532,0.7564,nan,0.773,1,1217816
E0,epl-ars-sun-2026-02-07,2026-02-07T15:00:00+00:00,D,1,0.16,0.1517,0.168,0.1576,nan,0.1558,0,111929
E0,epl-ars-sun-2026-02-07,2026-02-07T15:00:00+00:00,D,6,0.16,0.1517,0.168,0.1576,nan,0.1558,0,111929
E0,epl-ars-sun-2026-02-07,2026-02-07T15:00:00+00:00,D,24,0.14,0.1517,0.168,0.1576,nan,0.1558,0,111929
E0,epl-ars-sun-2026-02-07,2026-02-07T15:00:00+00:00,A,1,0.08,0.0671,0.0788,0.086,nan,0.0712,0,300582
E0,epl-ars-sun-2026-02-07,2026-02-07T15:00:00+00:00,A,6,0.08,0.0671,0.0788,0.086,nan,0.0712,0,300582
E0,epl-ars-sun-2026-02-07,2026-02-07T15:00:00+00:00,A,24,0.05,0.0671,0.0788,0.086,nan,0.0712,0,300582
E0,epl-ful-eve-2026-02-07,2026-02-07T15:00:00+00:00,H,1,0.44,0.4506,0.4442,0.4509,nan,0.4435,0,95027
E0,epl-ful-eve-2026-02-07,2026-02-07T15:00:00+00:00,H,6,0.45,0.4506,0.4442,0.4509,nan,0.4435,0,95027
E0,epl-ful-eve-2026-02-07,2026-02-07T15:00:00+00:00,H,24,0.46,0.4506,0.4442,0.4509,nan,0.4435,0,95027
E0,epl-ful-eve-2026-02-07,2026-02-07T15:00:00+00:00,D,1,0.29,0.2894,0.2775,0.2785,nan,0.288,0,52951
E0,epl-ful-eve-2026-02-07,2026-02-07T15:00:00+00:00,D,6,0.3,0.2894,0.2775,0.2785,nan,0.288,0,52951
E0,epl-ful-eve-2026-02-07,2026-02-07T15:00:00+00:00,D,24,0.3,0.2894,0.2775,0.2785,nan,0.288,0,52951
E0,epl-ful-eve-2026-02-07,2026-02-07T15:00:00+00:00,A,1,0.28,0.26,0.2783,0.2706,nan,0.2685,1,136841
E0,epl-ful-eve-2026-02-07,2026-02-07T15:00:00+00:00,A,6,0.27,0.26,0.2783,0.2706,nan,0.2685,1,136841
E0,epl-ful-eve-2026-02-07,2026-02-07T15:00:00+00:00,A,24,0.26,0.26,0.2783,0.2706,nan,0.2685,1,136841
E0,epl-bou-ast-2026-02-07,2026-02-07T15:00:00+00:00,H,1,0.35,0.3529,0.3331,0.3396,nan,0.3327,0,159686
E0,epl-bou-ast-2026-02-07,2026-02-07T15:00:00+00:00,H,6,0.35,0.3529,0.3331,0.3396,nan,0.3327,0,159686
E0,epl-bou-ast-2026-02-07,2026-02-07T15:00:00+00:00,H,24,0.35,0.3529,0.3331,0.3396,nan,0.3327,0,159686
E0,epl-bou-ast-2026-02-07,2026-02-07T15:00:00+00:00,D,1,0.27,0.2627,0.2643,0.2642,nan,0.2644,1,67416
E0,epl-bou-ast-2026-02-07,2026-02-07T15:00:00+00:00,D,6,0.27,0.2627,0.2643,0.2642,nan,0.2644,1,67416
E0,epl-bou-ast-2026-02-07,2026-02-07T15:00:00+00:00,D,24,0.27,0.2627,0.2643,0.2642,nan,0.2644,1,67416
E0,epl-bou-ast-2026-02-07,2026-02-07T15:00:00+00:00,A,1,0.39,0.3844,0.4026,0.3962,nan,0.403,0,633143
E0,epl-bou-ast-2026-02-07,2026-02-07T15:00:00+00:00,A,6,0.39,0.3844,0.4026,0.3962,nan,0.403,0,633143
E0,epl-bou-ast-2026-02-07,2026-02-07T15:00:00+00:00,A,24,0.38,0.3844,0.4026,0.3962,nan,0.403,0,633143
E0,epl-wol-che-2026-02-07,2026-02-07T15:00:00+00:00,H,1,0.16,0.1931,0.1777,0.1881,nan,0.1661,0,285692
E0,epl-wol-che-2026-02-07,2026-02-07T15:00:00+00:00,H,6,0.17,0.1931,0.1777,0.1881,nan,0.1661,0,285692
E0,epl-wol-che-2026-02-07,2026-02-07T15:00:00+00:00,H,24,0.18,0.1931,0.1777,0.1881,nan,0.1661,0,285692
E0,epl-wol-che-2026-02-07,2026-02-07T15:00:00+00:00,D,1,0.23,0.2336,0.2252,0.224,nan,0.2264,0,95848
E0,epl-wol-che-2026-02-07,2026-02-07T15:00:00+00:00,D,6,0.23,0.2336,0.2252,0.224,nan,0.2264,0,95848
E0,epl-wol-che-2026-02-07,2026-02-07T15:00:00+00:00,D,24,0.23,0.2336,0.2252,0.224,nan,0.2264,0,95848
E0,epl-wol-che-2026-02-07,2026-02-07T15:00:00+00:00,A,1,0.62,0.5733,0.5971,0.5879,nan,0.6075,1,2097162
E0,epl-wol-che-2026-02-07,2026-02-07T15:00:00+00:00,A,6,0.6,0.5733,0.5971,0.5879,nan,0.6075,1,2097162
E0,epl-wol-che-2026-02-07,2026-02-07T15:00:00+00:00,A,24,0.6,0.5733,0.5971,0.5879,nan,0.6075,1,2097162
E0,epl-new-bre-2026-02-07,2026-02-07T17:30:00+00:00,H,1,0.46,0.4619,0.493,0.4954,nan,0.4952,0,1139068
E0,epl-new-bre-2026-02-07,2026-02-07T17:30:00+00:00,H,6,0.46,0.4619,0.493,0.4954,nan,0.4952,0,1139068
E0,epl-new-bre-2026-02-07,2026-02-07T17:30:00+00:00,H,24,0.47,0.4619,0.493,0.4954,nan,0.4952,0,1139068
E0,epl-new-bre-2026-02-07,2026-02-07T17:30:00+00:00,D,1,0.27,0.2683,0.2559,0.2523,nan,0.2572,0,145809
E0,epl-new-bre-2026-02-07,2026-02-07T17:30:00+00:00,D,6,0.26,0.2683,0.2559,0.2523,nan,0.2572,0,145809
E0,epl-new-bre-2026-02-07,2026-02-07T17:30:00+00:00,D,24,0.27,0.2683,0.2559,0.2523,nan,0.2572,0,145809
E0,epl-new-bre-2026-02-07,2026-02-07T17:30:00+00:00,A,1,0.28,0.2698,0.2511,0.2523,nan,0.2476,1,310178
E0,epl-new-bre-2026-02-07,2026-02-07T17:30:00+00:00,A,6,0.27,0.2698,0.2511,0.2523,nan,0.2476,1,310178
E0,epl-new-bre-2026-02-07,2026-02-07T17:30:00+00:00,A,24,0.27,0.2698,0.2511,0.2523,nan,0.2476,1,310178
E0,epl-bri-cry-2026-02-08,2026-02-08T14:00:00+00:00,H,1,0.44,0.4804,0.4318,0.4322,nan,0.4319,0,408511
E0,epl-bri-cry-2026-02-08,2026-02-08T14:00:00+00:00,H,6,0.49,0.4804,0.4318,0.4322,nan,0.4319,0,408511
E0,epl-bri-cry-2026-02-08,2026-02-08T14:00:00+00:00,H,24,0.48,0.4804,0.4318,0.4322,nan,0.4319,0,408511
E0,epl-bri-cry-2026-02-08,2026-02-08T14:00:00+00:00,D,1,0.3,0.2637,0.2892,0.2881,nan,0.2922,0,120085
E0,epl-bri-cry-2026-02-08,2026-02-08T14:00:00+00:00,D,6,0.27,0.2637,0.2892,0.2881,nan,0.2922,0,120085
E0,epl-bri-cry-2026-02-08,2026-02-08T14:00:00+00:00,D,24,0.27,0.2637,0.2892,0.2881,nan,0.2922,0,120085
E0,epl-bri-cry-2026-02-08,2026-02-08T14:00:00+00:00,A,1,0.28,0.2559,0.279,0.2797,nan,0.2759,1,190107
E0,epl-bri-cry-2026-02-08,2026-02-08T14:00:00+00:00,A,6,0.24,0.2559,0.279,0.2797,nan,0.2759,1,190107
E0,epl-bri-cry-2026-02-08,2026-02-08T14:00:00+00:00,A,24,0.25,0.2559,0.279,0.2797,nan,0.2759,1,190107
E0,epl-liv-mac-2026-02-08,2026-02-08T16:30:00+00:00,H,1,0.44,0.4026,0.4397,0.4467,nan,0.4425,0,4068671
E0,epl-liv-mac-2026-02-08,2026-02-08T16:30:00+00:00,H,6,0.42,0.4026,0.4397,0.4467,nan,0.4425,0,4068671
E0,epl-liv-mac-2026-02-08,2026-02-08T16:30:00+00:00,H,24,0.42,0.4026,0.4397,0.4467,nan,0.4425,0,4068671
E0,epl-liv-mac-2026-02-08,2026-02-08T16:30:00+00:00,D,1,0.25,0.256,0.2462,0.2405,nan,0.2478,0,339606
E0,epl-liv-mac-2026-02-08,2026-02-08T16:30:00+00:00,D,6,0.26,0.256,0.2462,0.2405,nan,0.2478,0,339606
E0,epl-liv-mac-2026-02-08,2026-02-08T16:30:00+00:00,D,24,0.26,0.256,0.2462,0.2405,nan,0.2478,0,339606
E0,epl-liv-mac-2026-02-08,2026-02-08T16:30:00+00:00,A,1,0.32,0.3414,0.3141,0.3127,nan,0.3097,1,2255930
E0,epl-liv-mac-2026-02-08,2026-02-08T16:30:00+00:00,A,6,0.33,0.3414,0.3141,0.3127,nan,0.3097,1,2255930
E0,epl-liv-mac-2026-02-08,2026-02-08T16:30:00+00:00,A,24,0.34,0.3414,0.3141,0.3127,nan,0.3097,1,2255930
E0,epl-tot-new-2026-02-10,2026-02-10T19:30:00+00:00,H,1,0.3,0.2977,0.3158,0.3181,nan,0.3161,0,454497
E0,epl-tot-new-2026-02-10,2026-02-10T19:30:00+00:00,H,6,0.29,0.2977,0.3158,0.3181,nan,0.3161,0,454497
E0,epl-tot-new-2026-02-10,2026-02-10T19:30:00+00:00,H,24,0.32,0.2977,0.3158,0.3181,nan,0.3161,0,454497
E0,epl-tot-new-2026-02-10,2026-02-10T19:30:00+00:00,D,1,0.26,0.272,0.2632,0.2579,nan,0.262,0,158255
E0,epl-tot-new-2026-02-10,2026-02-10T19:30:00+00:00,D,6,0.26,0.272,0.2632,0.2579,nan,0.262,0,158255
E0,epl-tot-new-2026-02-10,2026-02-10T19:30:00+00:00,D,24,0.28,0.272,0.2632,0.2579,nan,0.262,0,158255
E0,epl-tot-new-2026-02-10,2026-02-10T19:30:00+00:00,A,1,0.44,0.4303,0.4211,0.4241,nan,0.4219,1,346207
E0,epl-tot-new-2026-02-10,2026-02-10T19:30:00+00:00,A,6,0.46,0.4303,0.4211,0.4241,nan,0.4219,1,346207
E0,epl-tot-new-2026-02-10,2026-02-10T19:30:00+00:00,A,24,0.42,0.4303,0.4211,0.4241,nan,0.4219,1,346207
E0,epl-eve-bou-2026-02-10,2026-02-10T19:30:00+00:00,H,1,0.4,0.3925,0.4076,0.4126,nan,0.4118,0,207156
E0,epl-eve-bou-2026-02-10,2026-02-10T19:30:00+00:00,H,6,0.39,0.3925,0.4076,0.4126,nan,0.4118,0,207156
E0,epl-eve-bou-2026-02-10,2026-02-10T19:30:00+00:00,H,24,0.4,0.3925,0.4076,0.4126,nan,0.4118,0,207156
E0,epl-eve-bou-2026-02-10,2026-02-10T19:30:00+00:00,D,1,0.29,0.2824,0.2773,0.2711,nan,0.2768,0,182479
E0,epl-eve-bou-2026-02-10,2026-02-10T19:30:00+00:00,D,6,0.29,0.2824,0.2773,0.2711,nan,0.2768,0,182479
E0,epl-eve-bou-2026-02-10,2026-02-10T19:30:00+00:00,D,24,0.29,0.2824,0.2773,0.2711,nan,0.2768,0,182479
E0,epl-eve-bou-2026-02-10,2026-02-10T19:30:00+00:00,A,1,0.32,0.3251,0.3152,0.3163,nan,0.3114,1,288343
E0,epl-eve-bou-2026-02-10,2026-02-10T19:30:00+00:00,A,6,0.33,0.3251,0.3152,0.3163,nan,0.3114,1,288343
E0,epl-eve-bou-2026-02-10,2026-02-10T19:30:00+00:00,A,24,0.32,0.3251,0.3152,0.3163,nan,0.3114,1,288343
E0,epl-che-lee-2026-02-10,2026-02-10T19:30:00+00:00,H,1,0.65,0.6112,0.6275,0.6175,nan,0.6405,0,2542028
E0,epl-che-lee-2026-02-10,2026-02-10T19:30:00+00:00,H,6,0.63,0.6112,0.6275,0.6175,nan,0.6405,0,2542028
E0,epl-che-lee-2026-02-10,2026-02-10T19:30:00+00:00,H,24,0.64,0.6112,0.6275,0.6175,nan,0.6405,0,2542028
E0,epl-che-lee-2026-02-10,2026-02-10T19:30:00+00:00,D,1,0.2,0.2214,0.2154,0.2182,nan,0.2126,1,185068
E0,epl-che-lee-2026-02-10,2026-02-10T19:30:00+00:00,D,6,0.22,0.2214,0.2154,0.2182,nan,0.2126,1,185068
E0,epl-che-lee-2026-02-10,2026-02-10T19:30:00+00:00,D,24,0.22,0.2214,0.2154,0.2182,nan,0.2126,1,185068
E0,epl-che-lee-2026-02-10,2026-02-10T19:30:00+00:00,A,1,0.14,0.1674,0.1571,0.1643,nan,0.1469,0,359125
E0,epl-che-lee-2026-02-10,2026-02-10T19:30:00+00:00,A,6,0.16,0.1674,0.1571,0.1643,nan,0.1469,0,359125
E0,epl-che-lee-2026-02-10,2026-02-10T19:30:00+00:00,A,24,0.16,0.1674,0.1571,0.1643,nan,0.1469,0,359125
E0,epl-wes-mun-2026-02-10,2026-02-10T20:15:00+00:00,H,1,0.21,0.2176,0.2118,0.2199,nan,0.2107,0,465405
E0,epl-wes-mun-2026-02-10,2026-02-10T20:15:00+00:00,H,6,0.2,0.2176,0.2118,0.2199,nan,0.2107,0,465405
E0,epl-wes-mun-2026-02-10,2026-02-10T20:15:00+00:00,H,24,0.23,0.2176,0.2118,0.2199,nan,0.2107,0,465405
E0,epl-wes-mun-2026-02-10,2026-02-10T20:15:00+00:00,D,1,0.23,0.2243,0.2281,0.2199,nan,0.2201,1,264242
E0,epl-wes-mun-2026-02-10,2026-02-10T20:15:00+00:00,D,6,0.22,0.2243,0.2281,0.2199,nan,0.2201,1,264242
E0,epl-wes-mun-2026-02-10,2026-02-10T20:15:00+00:00,D,24,0.23,0.2243,0.2281,0.2199,nan,0.2201,1,264242
E0,epl-wes-mun-2026-02-10,2026-02-10T20:15:00+00:00,A,1,0.57,0.5581,0.5601,0.5602,nan,0.5692,0,2359937
E0,epl-wes-mun-2026-02-10,2026-02-10T20:15:00+00:00,A,6,0.58,0.5581,0.5601,0.5602,nan,0.5692,0,2359937
E0,epl-wes-mun-2026-02-10,2026-02-10T20:15:00+00:00,A,24,0.56,0.5581,0.5601,0.5602,nan,0.5692,0,2359937
E0,epl-cry-bur-2026-02-11,2026-02-11T19:30:00+00:00,H,1,0.66,0.6097,0.6495,0.6539,nan,0.6496,0,550050
E0,epl-cry-bur-2026-02-11,2026-02-11T19:30:00+00:00,H,6,0.64,0.6097,0.6495,0.6539,nan,0.6496,0,550050
E0,epl-cry-bur-2026-02-11,2026-02-11T19:30:00+00:00,H,24,0.65,0.6097,0.6495,0.6539,nan,0.6496,0,550050
E0,epl-cry-bur-2026-02-11,2026-02-11T19:30:00+00:00,D,1,0.21,0.2374,0.2131,0.2107,nan,0.2161,0,127106
E0,epl-cry-bur-2026-02-11,2026-02-11T19:30:00+00:00,D,6,0.23,0.2374,0.2131,0.2107,nan,0.2161,0,127106
E0,epl-cry-bur-2026-02-11,2026-02-11T19:30:00+00:00,D,24,0.23,0.2374,0.2131,0.2107,nan,0.2161,0,127106
E0,epl-cry-bur-2026-02-11,2026-02-11T19:30:00+00:00,A,1,0.13,0.1529,0.1374,0.1354,nan,0.1343,1,121434
E0,epl-cry-bur-2026-02-11,2026-02-11T19:30:00+00:00,A,6,0.13,0.1529,0.1374,0.1354,nan,0.1343,1,121434
E0,epl-cry-bur-2026-02-11,2026-02-11T19:30:00+00:00,A,24,0.14,0.1529,0.1374,0.1354,nan,0.1343,1,121434
E0,epl-ast-bri-2026-02-11,2026-02-11T19:30:00+00:00,H,1,0.47,0.4927,0.4598,0.4533,nan,0.4671,1,922306
E0,epl-ast-bri-2026-02-11,2026-02-11T19:30:00+00:00,H,6,0.48,0.4927,0.4598,0.4533,nan,0.4671,1,922306
E0,epl-ast-bri-2026-02-11,2026-02-11T19:30:00+00:00,H,24,0.48,0.4927,0.4598,0.4533,nan,0.4671,1,922306
E0,epl-ast-bri-2026-02-11,2026-02-11T19:30:00+00:00,D,1,0.26,0.2577,0.2567,0.2538,nan,0.2539,0,129903
E0,epl-ast-bri-2026-02-11,2026-02-11T19:30:00+00:00,D,6,0.26,0.2577,0.2567,0.2538,nan,0.2539,0,129903
E0,epl-ast-bri-2026-02-11,2026-02-11T19:30:00+00:00,D,24,0.27,0.2577,0.2567,0.2538,nan,0.2539,0,129903
E0,epl-ast-bri-2026-02-11,2026-02-11T19:30:00+00:00,A,1,0.28,0.2496,0.2836,0.2929,nan,0.279,0,260353
E0,epl-ast-bri-2026-02-11,2026-02-11T19:30:00+00:00,A,6,0.27,0.2496,0.2836,0.2929,nan,0.279,0,260353
E0,epl-ast-bri-2026-02-11,2026-02-11T19:30:00+00:00,A,24,0.25,0.2496,0.2836,0.2929,nan,0.279,0,260353
E0,epl-not-wol-2026-02-11,2026-02-11T19:30:00+00:00,H,1,0.56,0.5598,0.5471,0.5397,nan,0.5458,0,900812
E0,epl-not-wol-2026-02-11,2026-02-11T19:30:00+00:00,H,6,0.57,0.5598,0.5471,0.5397,nan,0.5458,0,900812
E0,epl-not-wol-2026-02-11,2026-02-11T19:30:00+00:00,H,24,0.58,0.5598,0.5471,0.5397,nan,0.5458,0,900812
E0,epl-not-wol-2026-02-11,2026-02-11T19:30:00+00:00,D,1,0.25,0.2543,0.2497,0.2422,nan,0.2515,1,79145
E0,epl-not-wol-2026-02-11,2026-02-11T19:30:00+00:00,D,6,0.25,0.2543,0.2497,0.2422,nan,0.2515,1,79145
E0,epl-not-wol-2026-02-11,2026-02-11T19:30:00+00:00,D,24,0.25,0.2543,0.2497,0.2422,nan,0.2515,1,79145
E0,epl-not-wol-2026-02-11,2026-02-11T19:30:00+00:00,A,1,0.19,0.1859,0.2031,0.2181,nan,0.2027,0,134358
E0,epl-not-wol-2026-02-11,2026-02-11T19:30:00+00:00,A,6,0.18,0.1859,0.2031,0.2181,nan,0.2027,0,134358
E0,epl-not-wol-2026-02-11,2026-02-11T19:30:00+00:00,A,24,0.18,0.1859,0.2031,0.2181,nan,0.2027,0,134358
E0,epl-mac-ful-2026-02-11,2026-02-11T19:30:00+00:00,H,1,0.72,0.7056,0.6908,0.7,nan,0.7066,1,2035897
E0,epl-mac-ful-2026-02-11,2026-02-11T19:30:00+00:00,H,6,0.71,0.7056,0.6908,0.7,nan,0.7066,1,2035897
E0,epl-mac-ful-2026-02-11,2026-02-11T19:30:00+00:00,H,24,0.73,0.7056,0.6908,0.7,nan,0.7066,1,2035897
E0,epl-mac-ful-2026-02-11,2026-02-11T19:30:00+00:00,D,1,0.16,0.1774,0.181,0.1731,nan,0.1748,0,175300
E0,epl-mac-ful-2026-02-11,2026-02-11T19:30:00+00:00,D,6,0.18,0.1774,0.181,0.1731,nan,0.1748,0,175300
E0,epl-mac-ful-2026-02-11,2026-02-11T19:30:00+00:00,D,24,0.17,0.1774,0.181,0.1731,nan,0.1748,0,175300
E0,epl-mac-ful-2026-02-11,2026-02-11T19:30:00+00:00,A,1,0.11,0.117,0.1282,0.1269,nan,0.1186,0,643798
E0,epl-mac-ful-2026-02-11,2026-02-11T19:30:00+00:00,A,6,0.11,0.117,0.1282,0.1269,nan,0.1186,0,643798
E0,epl-mac-ful-2026-02-11,2026-02-11T19:30:00+00:00,A,24,0.1,0.117,0.1282,0.1269,nan,0.1186,0,643798
E0,epl-sun-liv-2026-02-11,2026-02-11T20:15:00+00:00,H,1,0.21,0.2034,0.2126,0.2167,nan,0.2074,0,326153
E0,epl-sun-liv-2026-02-11,2026-02-11T20:15:00+00:00,H,6,0.21,0.2034,0.2126,0.2167,nan,0.2074,0,326153
E0,epl-sun-liv-2026-02-11,2026-02-11T20:15:00+00:00,H,24,0.2,0.2034,0.2126,0.2167,nan,0.2074,0,326153
E0,epl-sun-liv-2026-02-11,2026-02-11T20:15:00+00:00,D,1,0.25,0.2469,0.247,0.247,nan,0.2428,0,146323
E0,epl-sun-liv-2026-02-11,2026-02-11T20:15:00+00:00,D,6,0.25,0.2469,0.247,0.247,nan,0.2428,0,146323
E0,epl-sun-liv-2026-02-11,2026-02-11T20:15:00+00:00,D,24,0.25,0.2469,0.247,0.247,nan,0.2428,0,146323
E0,epl-sun-liv-2026-02-11,2026-02-11T20:15:00+00:00,A,1,0.56,0.5498,0.5405,0.5363,nan,0.5499,1,1752042
E0,epl-sun-liv-2026-02-11,2026-02-11T20:15:00+00:00,A,6,0.55,0.5498,0.5405,0.5363,nan,0.5499,1,1752042
E0,epl-sun-liv-2026-02-11,2026-02-11T20:15:00+00:00,A,24,0.56,0.5498,0.5405,0.5363,nan,0.5499,1,1752042
E0,epl-bre-ars-2026-02-12,2026-02-12T20:00:00+00:00,H,1,0.18,0.1957,0.1862,0.1877,nan,0.1779,0,593032
E0,epl-bre-ars-2026-02-12,2026-02-12T20:00:00+00:00,H,6,0.16,0.1957,0.1862,0.1877,nan,0.1779,0,593032
E0,epl-bre-ars-2026-02-12,2026-02-12T20:00:00+00:00,H,24,0.17,0.1957,0.1862,0.1877,nan,0.1779,0,593032
E0,epl-bre-ars-2026-02-12,2026-02-12T20:00:00+00:00,D,1,0.25,0.2449,0.2509,0.2503,nan,0.243,1,426254
E0,epl-bre-ars-2026-02-12,2026-02-12T20:00:00+00:00,D,6,0.25,0.2449,0.2509,0.2503,nan,0.243,1,426254
E0,epl-bre-ars-2026-02-12,2026-02-12T20:00:00+00:00,D,24,0.23,0.2449,0.2509,0.2503,nan,0.243,1,426254
E0,epl-bre-ars-2026-02-12,2026-02-12T20:00:00+00:00,A,1,0.57,0.5594,0.563,0.562,nan,0.5792,0,2759315
E0,epl-bre-ars-2026-02-12,2026-02-12T20:00:00+00:00,A,6,0.59,0.5594,0.563,0.562,nan,0.5792,0,2759315
E0,epl-bre-ars-2026-02-12,2026-02-12T20:00:00+00:00,A,24,0.59,0.5594,0.563,0.562,nan,0.5792,0,2759315
E0,epl-bre-bri-2026-02-21,2026-02-21T15:00:00+00:00,H,1,0.43,0.4704,0.4197,0.4135,nan,0.4183,0,828783
E0,epl-bre-bri-2026-02-21,2026-02-21T15:00:00+00:00,H,6,0.47,0.4704,0.4197,0.4135,nan,0.4183,0,828783
E0,epl-bre-bri-2026-02-21,2026-02-21T15:00:00+00:00,H,24,0.48,0.4704,0.4197,0.4135,nan,0.4183,0,828783
E0,epl-bre-bri-2026-02-21,2026-02-21T15:00:00+00:00,D,1,0.28,0.2555,0.2786,0.2797,nan,0.2845,0,106385
E0,epl-bre-bri-2026-02-21,2026-02-21T15:00:00+00:00,D,6,0.26,0.2555,0.2786,0.2797,nan,0.2845,0,106385
E0,epl-bre-bri-2026-02-21,2026-02-21T15:00:00+00:00,D,24,0.26,0.2555,0.2786,0.2797,nan,0.2845,0,106385
E0,epl-bre-bri-2026-02-21,2026-02-21T15:00:00+00:00,A,1,0.3,0.2741,0.3017,0.3068,nan,0.2972,1,391348
E0,epl-bre-bri-2026-02-21,2026-02-21T15:00:00+00:00,A,6,0.28,0.2741,0.3017,0.3068,nan,0.2972,1,391348
E0,epl-bre-bri-2026-02-21,2026-02-21T15:00:00+00:00,A,24,0.28,0.2741,0.3017,0.3068,nan,0.2972,1,391348
E0,epl-wol-ars-2026-02-18,2026-02-18T20:00:00+00:00,H,1,0.07,0.0866,0.0767,0.0789,nan,0.071,0,520090
E0,epl-wol-ars-2026-02-18,2026-02-18T20:00:00+00:00,H,6,0.07,0.0866,0.0767,0.0789,nan,0.071,0,520090
E0,epl-wol-ars-2026-02-18,2026-02-18T20:00:00+00:00,H,24,0.07,0.0866,0.0767,0.0789,nan,0.071,0,520090
E0,epl-wol-ars-2026-02-18,2026-02-18T20:00:00+00:00,D,1,0.16,0.1729,0.1597,0.1456,nan,0.1462,1,203919
E0,epl-wol-ars-2026-02-18,2026-02-18T20:00:00+00:00,D,6,0.17,0.1729,0.1597,0.1456,nan,0.1462,1,203919
E0,epl-wol-ars-2026-02-18,2026-02-18T20:00:00+00:00,D,24,0.16,0.1729,0.1597,0.1456,nan,0.1462,1,203919
E0,epl-wol-ars-2026-02-18,2026-02-18T20:00:00+00:00,A,1,0.78,0.7404,0.7636,0.7756,nan,0.7828,0,4067893
E0,epl-wol-ars-2026-02-18,2026-02-18T20:00:00+00:00,A,6,0.77,0.7404,0.7636,0.7756,nan,0.7828,0,4067893
E0,epl-wol-ars-2026-02-18,2026-02-18T20:00:00+00:00,A,24,0.77,0.7404,0.7636,0.7756,nan,0.7828,0,4067893
E0,epl-che-bur-2026-02-21,2026-02-21T15:00:00+00:00,H,1,0.8,0.786,0.7687,0.7612,nan,0.7976,0,909038
E0,epl-che-bur-2026-02-21,2026-02-21T15:00:00+00:00,H,6,0.8,0.786,0.7687,0.7612,nan,0.7976,0,909038
E0,epl-che-bur-2026-02-21,2026-02-21T15:00:00+00:00,H,24,0.82,0.786,0.7687,0.7612,nan,0.7976,0,909038
E0,epl-che-bur-2026-02-21,2026-02-21T15:00:00+00:00,D,1,0.14,0.1408,0.1498,0.1522,nan,0.1312,1,105541
E0,epl-che-bur-2026-02-21,2026-02-21T15:00:00+00:00,D,6,0.14,0.1408,0.1498,0.1522,nan,0.1312,1,105541
E0,epl-che-bur-2026-02-21,2026-02-21T15:00:00+00:00,D,24,0.13,0.1408,0.1498,0.1522,nan,0.1312,1,105541
E0,epl-che-bur-2026-02-21,2026-02-21T15:00:00+00:00,A,1,0.06,0.0732,0.0815,0.0865,nan,0.0712,0,247976
E0,epl-che-bur-2026-02-21,2026-02-21T15:00:00+00:00,A,6,0.07,0.0732,0.0815,0.0865,nan,0.0712,0,247976
E0,epl-che-bur-2026-02-21,2026-02-21T15:00:00+00:00,A,24,0.07,0.0732,0.0815,0.0865,nan,0.0712,0,247976
E0,epl-ast-lee-2026-02-21,2026-02-21T15:00:00+00:00,H,1,0.53,0.5149,0.5181,0.5179,nan,0.5245,0,1481582
E0,epl-ast-lee-2026-02-21,2026-02-21T15:00:00+00:00,H,6,0.53,0.5149,0.5181,0.5179,nan,0.5245,0,1481582
E0,epl-ast-lee-2026-02-21,2026-02-21T15:00:00+00:00,H,24,0.53,0.5149,0.5181,0.5179,nan,0.5245,0,1481582
E0,epl-ast-lee-2026-02-21,2026-02-21T15:00:00+00:00,D,1,0.26,0.2617,0.2563,0.2633,nan,0.2588,1,84768
E0,epl-ast-lee-2026-02-21,2026-02-21T15:00:00+00:00,D,6,0.26,0.2617,0.2563,0.2633,nan,0.2588,1,84768
E0,epl-ast-lee-2026-02-21,2026-02-21T15:00:00+00:00,D,24,0.27,0.2617,0.2563,0.2633,nan,0.2588,1,84768
E0,epl-ast-lee-2026-02-21,2026-02-21T15:00:00+00:00,A,1,0.21,0.2234,0.2256,0.2189,nan,0.2166,0,264183
E0,epl-ast-lee-2026-02-21,2026-02-21T15:00:00+00:00,A,6,0.21,0.2234,0.2256,0.2189,nan,0.2166,0,264183
E0,epl-ast-lee-2026-02-21,2026-02-21T15:00:00+00:00,A,24,0.22,0.2234,0.2256,0.2189,nan,0.2166,0,264183
E0,epl-wes-bou-2026-02-21,2026-02-21T17:30:00+00:00,H,1,0.35,0.3922,0.3551,0.3465,nan,0.3486,0,268599
E0,epl-wes-bou-2026-02-21,2026-02-21T17:30:00+00:00,H,6,0.37,0.3922,0.3551,0.3465,nan,0.3486,0,268599
E0,epl-wes-bou-2026-02-21,2026-02-21T17:30:00+00:00,H,24,0.38,0.3922,0.3551,0.3465,nan,0.3486,0,268599
E0,epl-wes-bou-2026-02-21,2026-02-21T17:30:00+00:00,D,1,0.27,0.259,0.2609,0.2647,nan,0.2589,1,53488
E0,epl-wes-bou-2026-02-21,2026-02-21T17:30:00+00:00,D,6,0.27,0.259,0.2609,0.2647,nan,0.2589,1,53488
E0,epl-wes-bou-2026-02-21,2026-02-21T17:30:00+00:00,D,24,0.26,0.259,0.2609,0.2647,nan,0.2589,1,53488
E0,epl-wes-bou-2026-02-21,2026-02-21T17:30:00+00:00,A,1,0.39,0.3488,0.384,0.3889,nan,0.3925,0,689041
E0,epl-wes-bou-2026-02-21,2026-02-21T17:30:00+00:00,A,6,0.37,0.3488,0.384,0.3889,nan,0.3925,0,689041
E0,epl-wes-bou-2026-02-21,2026-02-21T17:30:00+00:00,A,24,0.36,0.3488,0.384,0.3889,nan,0.3925,0,689041
E0,epl-mac-new-2026-02-21,2026-02-21T20:00:00+00:00,H,1,0.65,0.6462,0.6163,0.6081,nan,0.6321,1,6779394
E0,epl-mac-new-2026-02-21,2026-02-21T20:00:00+00:00,H,6,0.65,0.6462,0.6163,0.6081,nan,0.6321,1,6779394
E0,epl-mac-new-2026-02-21,2026-02-21T20:00:00+00:00,H,24,0.65,0.6462,0.6163,0.6081,nan,0.6321,1,6779394
E0,epl-mac-new-2026-02-21,2026-02-21T20:00:00+00:00,D,1,0.2,0.1917,0.205,0.201,nan,0.2025,0,375146
E0,epl-mac-new-2026-02-21,2026-02-21T20:00:00+00:00,D,6,0.2,0.1917,0.205,0.201,nan,0.2025,0,375146
E0,epl-mac-new-2026-02-21,2026-02-21T20:00:00+00:00,D,24,0.19,0.1917,0.205,0.201,nan,0.2025,0,375146
E0,epl-mac-new-2026-02-21,2026-02-21T20:00:00+00:00,A,1,0.16,0.1621,0.1787,0.1909,nan,0.1654,0,356905
E0,epl-mac-new-2026-02-21,2026-02-21T20:00:00+00:00,A,6,0.16,0.1621,0.1787,0.1909,nan,0.1654,0,356905
E0,epl-mac-new-2026-02-21,2026-02-21T20:00:00+00:00,A,24,0.16,0.1621,0.1787,0.1909,nan,0.1654,0,356905
E0,epl-not-liv-2026-02-22,2026-02-22T14:00:00+00:00,H,1,0.24,0.2316,0.2462,0.2626,nan,0.2484,0,356305
E0,epl-not-liv-2026-02-22,2026-02-22T14:00:00+00:00,H,6,0.25,0.2316,0.2462,0.2626,nan,0.2484,0,356305
E0,epl-not-liv-2026-02-22,2026-02-22T14:00:00+00:00,H,24,0.228,0.2316,0.2462,0.2626,nan,0.2484,0,356305
E0,epl-not-liv-2026-02-22,2026-02-22T14:00:00+00:00,D,1,0.26,0.2435,0.2495,0.2424,nan,0.2548,0,110836
E0,epl-not-liv-2026-02-22,2026-02-22T14:00:00+00:00,D,6,0.25,0.2435,0.2495,0.2424,nan,0.2548,0,110836
E0,epl-not-liv-2026-02-22,2026-02-22T14:00:00+00:00,D,24,0.25,0.2435,0.2495,0.2424,nan,0.2548,0,110836
E0,epl-not-liv-2026-02-22,2026-02-22T14:00:00+00:00,A,1,0.51,0.5249,0.5043,0.495,nan,0.4968,1,1757861
E0,epl-not-liv-2026-02-22,2026-02-22T14:00:00+00:00,A,6,0.5,0.5249,0.5043,0.495,nan,0.4968,1,1757861
E0,epl-not-liv-2026-02-22,2026-02-22T14:00:00+00:00,A,24,0.53,0.5249,0.5043,0.495,nan,0.4968,1,1757861
E0,epl-sun-ful-2026-02-22,2026-02-22T14:00:00+00:00,H,1,0.34,0.3568,0.3318,0.3291,nan,0.3212,0,111415
E0,epl-sun-ful-2026-02-22,2026-02-22T14:00:00+00:00,H,6,0.35,0.3568,0.3318,0.3291,nan,0.3212,0,111415
E0,epl-sun-ful-2026-02-22,2026-02-22T14:00:00+00:00,H,24,0.36,0.3568,0.3318,0.3291,nan,0.3212,0,111415
E0,epl-sun-ful-2026-02-22,2026-02-22T14:00:00+00:00,D,1,0.31,0.2891,0.2974,0.2917,nan,0.3017,0,308624
E0,epl-sun-ful-2026-02-22,2026-02-22T14:00:00+00:00,D,6,0.3024,0.2891,0.2974,0.2917,nan,0.3017,0,308624
E0,epl-sun-ful-2026-02-22,2026-02-22T14:00:00+00:00,D,24,0.3,0.2891,0.2974,0.2917,nan,0.3017,0,308624
E0,epl-sun-ful-2026-02-22,2026-02-22T14:00:00+00:00,A,1,0.36,0.3541,0.3708,0.3792,nan,0.3771,1,220633
E0,epl-sun-ful-2026-02-22,2026-02-22T14:00:00+00:00,A,6,0.35,0.3541,0.3708,0.3792,nan,0.3771,1,220633
E0,epl-sun-ful-2026-02-22,2026-02-22T14:00:00+00:00,A,24,0.35,0.3541,0.3708,0.3792,nan,0.3771,1,220633
E0,epl-cry-wol-2026-02-22,2026-02-22T14:00:00+00:00,H,1,0.54,0.5834,0.5331,0.5363,nan,0.5353,1,653768
E0,epl-cry-wol-2026-02-22,2026-02-22T14:00:00+00:00,H,6,0.55,0.5834,0.5331,0.5363,nan,0.5353,1,653768
E0,epl-cry-wol-2026-02-22,2026-02-22T14:00:00+00:00,H,24,0.58,0.5834,0.5331,0.5363,nan,0.5353,1,653768
E0,epl-cry-wol-2026-02-22,2026-02-22T14:00:00+00:00,D,1,0.26,0.2369,0.2543,0.247,nan,0.2539,0,341604
E0,epl-cry-wol-2026-02-22,2026-02-22T14:00:00+00:00,D,6,0.25,0.2369,0.2543,0.247,nan,0.2539,0,341604
E0,epl-cry-wol-2026-02-22,2026-02-22T14:00:00+00:00,D,24,0.23,0.2369,0.2543,0.247,nan,0.2539,0,341604
E0,epl-cry-wol-2026-02-22,2026-02-22T14:00:00+00:00,A,1,0.21,0.1797,0.2125,0.2167,nan,0.2107,0,408425
E0,epl-cry-wol-2026-02-22,2026-02-22T14:00:00+00:00,A,6,0.2,0.1797,0.2125,0.2167,nan,0.2107,0,408425
E0,epl-cry-wol-2026-02-22,2026-02-22T14:00:00+00:00,A,24,0.18,0.1797,0.2125,0.2167,nan,0.2107,0,408425
E0,epl-tot-ars-2026-02-22,2026-02-22T16:30:00+00:00,H,1,0.13,0.1612,0.1312,0.1246,nan,0.124,0,1051782
E0,epl-tot-ars-2026-02-22,2026-02-22T16:30:00+00:00,H,6,0.14,0.1612,0.1312,0.1246,nan,0.124,0,1051782
E0,epl-tot-ars-2026-02-22,2026-02-22T16:30:00+00:00,H,24,0.15,0.1612,0.1312,0.1246,nan,0.124,0,1051782
E0,epl-tot-ars-2026-02-22,2026-02-22T16:30:00+00:00,D,1,0.21,0.2362,0.2172,0.2077,nan,0.1872,0,193745
E0,epl-tot-ars-2026-02-22,2026-02-22T16:30:00+00:00,D,6,0.22,0.2362,0.2172,0.2077,nan,0.1872,0,193745
E0,epl-tot-ars-2026-02-22,2026-02-22T16:30:00+00:00,D,24,0.24,0.2362,0.2172,0.2077,nan,0.1872,0,193745
E0,epl-tot-ars-2026-02-22,2026-02-22T16:30:00+00:00,A,1,0.66,0.6026,0.6516,0.6677,nan,0.6888,1,8645680
E0,epl-tot-ars-2026-02-22,2026-02-22T16:30:00+00:00,A,6,0.66,0.6026,0.6516,0.6677,nan,0.6888,1,8645680
E0,epl-tot-ars-2026-02-22,2026-02-22T16:30:00+00:00,A,24,0.62,0.6026,0.6516,0.6677,nan,0.6888,1,8645680
E0,epl-eve-mun-2026-02-23,2026-02-23T20:00:00+00:00,H,1,0.27,0.2633,0.2673,0.2704,nan,0.2686,0,1235121
E0,epl-eve-mun-2026-02-23,2026-02-23T20:00:00+00:00,H,6,0.25,0.2633,0.2673,0.2704,nan,0.2686,0,1235121
E0,epl-eve-mun-2026-02-23,2026-02-23T20:00:00+00:00,H,24,0.25,0.2633,0.2673,0.2704,nan,0.2686,0,1235121
E0,epl-eve-mun-2026-02-23,2026-02-23T20:00:00+00:00,D,1,0.27,0.252,0.2599,0.2624,nan,0.2581,0,433149
E0,epl-eve-mun-2026-02-23,2026-02-23T20:00:00+00:00,D,6,0.26,0.252,0.2599,0.2624,nan,0.2581,0,433149
E0,epl-eve-mun-2026-02-23,2026-02-23T20:00:00+00:00,D,24,0.25,0.252,0.2599,0.2624,nan,0.2581,0,433149
E0,epl-eve-mun-2026-02-23,2026-02-23T20:00:00+00:00,A,1,0.48,0.4846,0.4728,0.4672,nan,0.4733,1,3465585
E0,epl-eve-mun-2026-02-23,2026-02-23T20:00:00+00:00,A,6,0.51,0.4846,0.4728,0.4672,nan,0.4733,1,3465585
E0,epl-eve-mun-2026-02-23,2026-02-23T20:00:00+00:00,A,24,0.51,0.4846,0.4728,0.4672,nan,0.4733,1,3465585
E0,epl-wol-ast-2026-02-27,2026-02-27T20:00:00+00:00,H,1,0.21,0.2267,0.2052,0.2001,nan,0.1915,1,541665
E0,epl-wol-ast-2026-02-27,2026-02-27T20:00:00+00:00,H,6,0.22,0.2267,0.2052,0.2001,nan,0.1915,1,541665
E0,epl-wol-ast-2026-02-27,2026-02-27T20:00:00+00:00,H,24,0.22,0.2267,0.2052,0.2001,nan,0.1915,1,541665
E0,epl-wol-ast-2026-02-27,2026-02-27T20:00:00+00:00,D,1,0.26,0.2597,0.2524,0.2569,nan,0.2521,0,258186
E0,epl-wol-ast-2026-02-27,2026-02-27T20:00:00+00:00,D,6,0.26,0.2597,0.2524,0.2569,nan,0.2521,0,258186
E0,epl-wol-ast-2026-02-27,2026-02-27T20:00:00+00:00,D,24,0.25,0.2597,0.2524,0.2569,nan,0.2521,0,258186
E0,epl-wol-ast-2026-02-27,2026-02-27T20:00:00+00:00,A,1,0.55,0.5137,0.5424,0.5431,nan,0.5564,0,4851469
E0,epl-wol-ast-2026-02-27,2026-02-27T20:00:00+00:00,A,6,0.54,0.5137,0.5424,0.5431,nan,0.5564,0,4851469
E0,epl-wol-ast-2026-02-27,2026-02-27T20:00:00+00:00,A,24,0.52,0.5137,0.5424,0.5431,nan,0.5564,0,4851469
E0,epl-bou-sun-2026-02-28,2026-02-28T12:30:00+00:00,H,1,0.55,0.5337,0.5234,0.5179,nan,0.5313,0,1152474
E0,epl-bou-sun-2026-02-28,2026-02-28T12:30:00+00:00,H,6,0.55,0.5337,0.5234,0.5179,nan,0.5313,0,1152474
E0,epl-bou-sun-2026-02-28,2026-02-28T12:30:00+00:00,H,24,0.55,0.5337,0.5234,0.5179,nan,0.5313,0,1152474
E0,epl-bou-sun-2026-02-28,2026-02-28T12:30:00+00:00,D,1,0.25,0.2486,0.256,0.2633,nan,0.2561,1,128763
E0,epl-bou-sun-2026-02-28,2026-02-28T12:30:00+00:00,D,6,0.25,0.2486,0.256,0.2633,nan,0.2561,1,128763
E0,epl-bou-sun-2026-02-28,2026-02-28T12:30:00+00:00,D,24,0.25,0.2486,0.256,0.2633,nan,0.2561,1,128763
E0,epl-bou-sun-2026-02-28,2026-02-28T12:30:00+00:00,A,1,0.2,0.2177,0.2206,0.2189,nan,0.2125,0,226149
E0,epl-bou-sun-2026-02-28,2026-02-28T12:30:00+00:00,A,6,0.2,0.2177,0.2206,0.2189,nan,0.2125,0,226149
E0,epl-bou-sun-2026-02-28,2026-02-28T12:30:00+00:00,A,24,0.21,0.2177,0.2206,0.2189,nan,0.2125,0,226149
E0,epl-liv-wes-2026-02-28,2026-02-28T15:00:00+00:00,H,1,0.68,0.6703,0.6694,0.6757,nan,0.6888,1,1038369
E0,epl-liv-wes-2026-02-28,2026-02-28T15:00:00+00:00,H,6,0.68,0.6703,0.6694,0.6757,nan,0.6888,1,1038369
E0,epl-liv-wes-2026-02-28,2026-02-28T15:00:00+00:00,H,24,0.69,0.6703,0.6694,0.6757,nan,0.6888,1,1038369
E0,epl-liv-wes-2026-02-28,2026-02-28T15:00:00+00:00,D,1,0.19,0.1883,0.1895,0.1892,nan,0.1771,0,54608
E0,epl-liv-wes-2026-02-28,2026-02-28T15:00:00+00:00,D,6,0.19,0.1883,0.1895,0.1892,nan,0.1771,0,54608
E0,epl-liv-wes-2026-02-28,2026-02-28T15:00:00+00:00,D,24,0.18,0.1883,0.1895,0.1892,nan,0.1771,0,54608
E0,epl-liv-wes-2026-02-28,2026-02-28T15:00:00+00:00,A,1,0.13,0.1415,0.1411,0.1351,nan,0.134,0,429804
E0,epl-liv-wes-2026-02-28,2026-02-28T15:00:00+00:00,A,6,0.13,0.1415,0.1411,0.1351,nan,0.134,0,429804
E0,epl-liv-wes-2026-02-28,2026-02-28T15:00:00+00:00,A,24,0.13,0.1415,0.1411,0.1351,nan,0.134,0,429804
E0,epl-new-eve-2026-02-28,2026-02-28T15:00:00+00:00,H,1,0.54,0.5577,0.5298,0.5363,nan,0.5344,0,3455088
E0,epl-new-eve-2026-02-28,2026-02-28T15:00:00+00:00,H,6,0.54,0.5577,0.5298,0.5363,nan,0.5344,0,3455088
E0,epl-new-eve-2026-02-28,2026-02-28T15:00:00+00:00,H,24,0.57,0.5577,0.5298,0.5363,nan,0.5344,0,3455088
E0,epl-new-eve-2026-02-28,2026-02-28T15:00:00+00:00,D,1,0.26,0.2404,0.2528,0.247,nan,0.253,0,91118
E0,epl-new-eve-2026-02-28,2026-02-28T15:00:00+00:00,D,6,0.25,0.2404,0.2528,0.247,nan,0.253,0,91118
E0,epl-new-eve-2026-02-28,2026-02-28T15:00:00+00:00,D,24,0.24,0.2404,0.2528,0.247,nan,0.253,0,91118
E0,epl-new-eve-2026-02-28,2026-02-28T15:00:00+00:00,A,1,0.21,0.2018,0.2173,0.2167,nan,0.2126,1,222805
E0,epl-new-eve-2026-02-28,2026-02-28T15:00:00+00:00,A,6,0.2,0.2018,0.2173,0.2167,nan,0.2126,1,222805
E0,epl-new-eve-2026-02-28,2026-02-28T15:00:00+00:00,A,24,0.2,0.2018,0.2173,0.2167,nan,0.2126,1,222805
E0,epl-bur-bre-2026-02-28,2026-02-28T15:00:00+00:00,H,1,0.2,0.2062,0.2175,0.2181,nan,0.2114,0,406270
E0,epl-bur-bre-2026-02-28,2026-02-28T15:00:00+00:00,H,6,0.21,0.2062,0.2175,0.2181,nan,0.2114,0,406270
E0,epl-bur-bre-2026-02-28,2026-02-28T15:00:00+00:00,H,24,0.2,0.2062,0.2175,0.2181,nan,0.2114,0,406270
E0,epl-bur-bre-2026-02-28,2026-02-28T15:00:00+00:00,D,1,0.24,0.2479,0.2491,0.2422,nan,0.2484,0,339846
E0,epl-bur-bre-2026-02-28,2026-02-28T15:00:00+00:00,D,6,0.25,0.2479,0.2491,0.2422,nan,0.2484,0,339846
E0,epl-bur-bre-2026-02-28,2026-02-28T15:00:00+00:00,D,24,0.25,0.2479,0.2491,0.2422,nan,0.2484,0,339846
E0,epl-bur-bre-2026-02-28,2026-02-28T15:00:00+00:00,A,1,0.54,0.5459,0.5334,0.5397,nan,0.5401,1,1137110
E0,epl-bur-bre-2026-02-28,2026-02-28T15:00:00+00:00,A,6,0.54,0.5459,0.5334,0.5397,nan,0.5401,1,1137110
E0,epl-bur-bre-2026-02-28,2026-02-28T15:00:00+00:00,A,24,0.57,0.5459,0.5334,0.5397,nan,0.5401,1,1137110
E0,epl-ful-tot-2026-03-01,2026-03-01T14:00:00+00:00,H,1,0.49,0.4519,0.4679,0.464,nan,0.4693,1,5133841
E0,epl-ful-tot-2026-03-01,2026-03-01T14:00:00+00:00,H,6,0.51,0.4519,0.4679,0.464,nan,0.4693,1,5133841
E0,epl-ful-tot-2026-03-01,2026-03-01T14:00:00+00:00,H,24,0.48,0.4519,0.4679,0.464,nan,0.4693,1,5133841
E0,epl-ful-tot-2026-03-01,2026-03-01T14:00:00+00:00,D,1,0.26,0.2633,0.2582,0.2642,nan,0.2618,0,107575
E0,epl-ful-tot-2026-03-01,2026-03-01T14:00:00+00:00,D,6,0.26,0.2633,0.2582,0.2642,nan,0.2618,0,107575
E0,epl-ful-tot-2026-03-01,2026-03-01T14:00:00+00:00,D,24,0.26,0.2633,0.2582,0.2642,nan,0.2618,0,107575
E0,epl-ful-tot-2026-03-01,2026-03-01T14:00:00+00:00,A,1,0.27,0.2848,0.2739,0.2718,nan,0.2689,0,469115
E0,epl-ful-tot-2026-03-01,2026-03-01T14:00:00+00:00,A,6,0.26,0.2848,0.2739,0.2718,nan,0.2689,0,469115
E0,epl-ful-tot-2026-03-01,2026-03-01T14:00:00+00:00,A,24,0.27,0.2848,0.2739,0.2718,nan,0.2689,0,469115
E0,epl-lee-mac-2026-02-28,2026-02-28T17:30:00+00:00,H,1,0.19,0.1886,0.1983,0.1995,nan,0.1913,0,510313
E0,epl-lee-mac-2026-02-28,2026-02-28T17:30:00+00:00,H,6,0.18,0.1886,0.1983,0.1995,nan,0.1913,0,510313
E0,epl-lee-mac-2026-02-28,2026-02-28T17:30:00+00:00,H,24,0.18,0.1886,0.1983,0.1995,nan,0.1913,0,510313
E0,epl-lee-mac-2026-02-28,2026-02-28T17:30:00+00:00,D,1,0.25,0.2219,0.2419,0.243,nan,0.2369,0,123394
E0,epl-lee-mac-2026-02-28,2026-02-28T17:30:00+00:00,D,6,0.24,0.2219,0.2419,0.243,nan,0.2369,0,123394
E0,epl-lee-mac-2026-02-28,2026-02-28T17:30:00+00:00,D,24,0.22,0.2219,0.2419,0.243,nan,0.2369,0,123394
E0,epl-lee-mac-2026-02-28,2026-02-28T17:30:00+00:00,A,1,0.56,0.5895,0.5597,0.5575,nan,0.5718,1,4746988
E0,epl-lee-mac-2026-02-28,2026-02-28T17:30:00+00:00,A,6,0.59,0.5895,0.5597,0.5575,nan,0.5718,1,4746988
E0,epl-lee-mac-2026-02-28,2026-02-28T17:30:00+00:00,A,24,0.6,0.5895,0.5597,0.5575,nan,0.5718,1,4746988
E0,epl-mun-cry-2026-03-01,2026-03-01T14:00:00+00:00,H,1,0.65,0.6144,0.6246,0.6175,nan,0.6332,1,4147271
E0,epl-mun-cry-2026-03-01,2026-03-01T14:00:00+00:00,H,6,0.63,0.6144,0.6246,0.6175,nan,0.6332,1,4147271
E0,epl-mun-cry-2026-03-01,2026-03-01T14:00:00+00:00,H,24,0.65,0.6144,0.6246,0.6175,nan,0.6332,1,4147271
E0,epl-mun-cry-2026-03-01,2026-03-01T14:00:00+00:00,D,1,0.21,0.2181,0.2168,0.2182,nan,0.2161,0,279156
E0,epl-mun-cry-2026-03-01,2026-03-01T14:00:00+00:00,D,6,0.22,0.2181,0.2168,0.2182,nan,0.2161,0,279156
E0,epl-mun-cry-2026-03-01,2026-03-01T14:00:00+00:00,D,24,0.2,0.2181,0.2168,0.2182,nan,0.2161,0,279156
E0,epl-mun-cry-2026-03-01,2026-03-01T14:00:00+00:00,A,1,0.16,0.1676,0.1585,0.1643,nan,0.1506,0,739418
E0,epl-mun-cry-2026-03-01,2026-03-01T14:00:00+00:00,A,6,0.14,0.1676,0.1585,0.1643,nan,0.1506,0,739418
E0,epl-mun-cry-2026-03-01,2026-03-01T14:00:00+00:00,A,24,0.15,0.1676,0.1585,0.1643,nan,0.1506,0,739418
E0,epl-bri-not-2026-03-01,2026-03-01T14:00:00+00:00,H,1,0.45,0.459,0.451,0.4545,nan,0.4555,1,641804
E0,epl-bri-not-2026-03-01,2026-03-01T14:00:00+00:00,H,6,0.47,0.459,0.451,0.4545,nan,0.4555,1,641804
E0,epl-bri-not-2026-03-01,2026-03-01T14:00:00+00:00,H,24,0.47,0.459,0.451,0.4545,nan,0.4555,1,641804
E0,epl-bri-not-2026-03-01,2026-03-01T14:00:00+00:00,D,1,0.29,0.2658,0.2781,0.2727,nan,0.2797,0,112216
E0,epl-bri-not-2026-03-01,2026-03-01T14:00:00+00:00,D,6,0.28,0.2658,0.2781,0.2727,nan,0.2797,0,112216
E0,epl-bri-not-2026-03-01,2026-03-01T14:00:00+00:00,D,24,0.28,0.2658,0.2781,0.2727,nan,0.2797,0,112216
E0,epl-bri-not-2026-03-01,2026-03-01T14:00:00+00:00,A,1,0.27,0.2751,0.2709,0.2727,nan,0.2648,0,241199
E0,epl-bri-not-2026-03-01,2026-03-01T14:00:00+00:00,A,6,0.27,0.2751,0.2709,0.2727,nan,0.2648,0,241199
E0,epl-bri-not-2026-03-01,2026-03-01T14:00:00+00:00,A,24,0.26,0.2751,0.2709,0.2727,nan,0.2648,0,241199
E0,epl-eve-bur-2026-03-03,2026-03-03T19:30:00+00:00,H,1,0.61,0.6056,0.5859,0.5855,nan,0.5958,1,1029245
E0,epl-eve-bur-2026-03-03,2026-03-03T19:30:00+00:00,H,6,0.61,0.6056,0.5859,0.5855,nan,0.5958,1,1029245
E0,epl-eve-bur-2026-03-03,2026-03-03T19:30:00+00:00,H,24,0.61,0.6056,0.5859,0.5855,nan,0.5958,1,1029245
E0,epl-eve-bur-2026-03-03,2026-03-03T19:30:00+00:00,D,1,0.25,0.2386,0.2495,0.2496,nan,0.2487,0,43518
E0,epl-eve-bur-2026-03-03,2026-03-03T19:30:00+00:00,D,6,0.24,0.2386,0.2495,0.2496,nan,0.2487,0,43518
E0,epl-eve-bur-2026-03-03,2026-03-03T19:30:00+00:00,D,24,0.24,0.2386,0.2495,0.2496,nan,0.2487,0,43518
E0,epl-eve-bur-2026-03-03,2026-03-03T19:30:00+00:00,A,1,0.15,0.1559,0.1646,0.1649,nan,0.1555,0,243380
E0,epl-eve-bur-2026-03-03,2026-03-03T19:30:00+00:00,A,6,0.15,0.1559,0.1646,0.1649,nan,0.1555,0,243380
E0,epl-eve-bur-2026-03-03,2026-03-03T19:30:00+00:00,A,24,0.15,0.1559,0.1646,0.1649,nan,0.1555,0,243380
E0,epl-ars-che-2026-03-01,2026-03-01T16:30:00+00:00,H,1,0.64,0.5865,0.6282,0.6176,nan,0.642,1,10093607
E0,epl-ars-che-2026-03-01,2026-03-01T16:30:00+00:00,H,6,0.63,0.5865,0.6282,0.6176,nan,0.642,1,10093607
E0,epl-ars-che-2026-03-01,2026-03-01T16:30:00+00:00,H,24,0.62,0.5865,0.6282,0.6176,nan,0.642,1,10093607
E0,epl-ars-che-2026-03-01,2026-03-01T16:30:00+00:00,D,1,0.22,0.2358,0.2161,0.225,nan,0.2117,0,594704
E0,epl-ars-che-2026-03-01,2026-03-01T16:30:00+00:00,D,6,0.23,0.2358,0.2161,0.225,nan,0.2117,0,594704
E0,epl-ars-che-2026-03-01,2026-03-01T16:30:00+00:00,D,24,0.23,0.2358,0.2161,0.225,nan,0.2117,0,594704
E0,epl-ars-che-2026-03-01,2026-03-01T16:30:00+00:00,A,1,0.16,0.1777,0.1557,0.1575,nan,0.1463,0,1263313
E0,epl-ars-che-2026-03-01,2026-03-01T16:30:00+00:00,A,6,0.16,0.1777,0.1557,0.1575,nan,0.1463,0,1263313
E0,epl-ars-che-2026-03-01,2026-03-01T16:30:00+00:00,A,24,0.17,0.1777,0.1557,0.1575,nan,0.1463,0,1263313
E0,epl-lee-sun-2026-03-03,2026-03-03T19:30:00+00:00,H,1,0.54,0.5066,0.5216,0.5224,nan,0.5318,0,1133160
E0,epl-lee-sun-2026-03-03,2026-03-03T19:30:00+00:00,H,6,0.51,0.5066,0.5216,0.5224,nan,0.5318,0,1133160
E0,epl-lee-sun-2026-03-03,2026-03-03T19:30:00+00:00,H,24,0.5,0.5066,0.5216,0.5224,nan,0.5318,0,1133160
E0,epl-lee-sun-2026-03-03,2026-03-03T19:30:00+00:00,D,1,0.27,0.2747,0.269,0.2687,nan,0.2652,0,193379
E0,epl-lee-sun-2026-03-03,2026-03-03T19:30:00+00:00,D,6,0.28,0.2747,0.269,0.2687,nan,0.2652,0,193379
E0,epl-lee-sun-2026-03-03,2026-03-03T19:30:00+00:00,D,24,0.28,0.2747,0.269,0.2687,nan,0.2652,0,193379
E0,epl-lee-sun-2026-03-03,2026-03-03T19:30:00+00:00,A,1,0.19,0.2186,0.2094,0.209,nan,0.203,1,289897
E0,epl-lee-sun-2026-03-03,2026-03-03T19:30:00+00:00,A,6,0.22,0.2186,0.2094,0.209,nan,0.203,1,289897
E0,epl-lee-sun-2026-03-03,2026-03-03T19:30:00+00:00,A,24,0.23,0.2186,0.2094,0.209,nan,0.203,1,289897
E0,epl-bou-bre-2026-03-03,2026-03-03T19:30:00+00:00,H,1,0.38,0.3807,0.378,0.3816,nan,0.3859,0,284741
E0,epl-bou-bre-2026-03-03,2026-03-03T19:30:00+00:00,H,6,0.38,0.3807,0.378,0.3816,nan,0.3859,0,284741
E0,epl-bou-bre-2026-03-03,2026-03-03T19:30:00+00:00,H,24,0.39,0.3807,0.378,0.3816,nan,0.3859,0,284741
E0,epl-bou-bre-2026-03-03,2026-03-03T19:30:00+00:00,D,1,0.27,0.263,0.2654,0.265,nan,0.2586,1,147634
E0,epl-bou-bre-2026-03-03,2026-03-03T19:30:00+00:00,D,6,0.27,0.263,0.2654,0.265,nan,0.2586,1,147634
E0,epl-bou-bre-2026-03-03,2026-03-03T19:30:00+00:00,D,24,0.27,0.263,0.2654,0.265,nan,0.2586,1,147634
E0,epl-bou-bre-2026-03-03,2026-03-03T19:30:00+00:00,A,1,0.37,0.3563,0.3566,0.3534,nan,0.3555,0,232379
E0,epl-bou-bre-2026-03-03,2026-03-03T19:30:00+00:00,A,6,0.36,0.3563,0.3566,0.3534,nan,0.3555,0,232379
E0,epl-bou-bre-2026-03-03,2026-03-03T19:30:00+00:00,A,24,0.36,0.3563,0.3566,0.3534,nan,0.3555,0,232379
E0,epl-wol-liv-2026-03-03,2026-03-03T20:15:00+00:00,H,1,0.14,0.1556,0.138,0.144,nan,0.1216,1,915811
E0,epl-wol-liv-2026-03-03,2026-03-03T20:15:00+00:00,H,6,0.14,0.1556,0.138,0.144,nan,0.1216,1,915811
E0,epl-wol-liv-2026-03-03,2026-03-03T20:15:00+00:00,H,24,0.15,0.1556,0.138,0.144,nan,0.1216,1,915811
E0,epl-wol-liv-2026-03-03,2026-03-03T20:15:00+00:00,D,1,0.19,0.2052,0.2008,0.197,nan,0.1955,0,865156
E0,epl-wol-liv-2026-03-03,2026-03-03T20:15:00+00:00,D,6,0.21,0.2052,0.2008,0.197,nan,0.1955,0,865156
E0,epl-wol-liv-2026-03-03,2026-03-03T20:15:00+00:00,D,24,0.2,0.2052,0.2008,0.197,nan,0.1955,0,865156
E0,epl-wol-liv-2026-03-03,2026-03-03T20:15:00+00:00,A,1,0.66,0.6392,0.6612,0.659,nan,0.6829,0,11995661
E0,epl-wol-liv-2026-03-03,2026-03-03T20:15:00+00:00,A,6,0.65,0.6392,0.6612,0.659,nan,0.6829,0,11995661
E0,epl-wol-liv-2026-03-03,2026-03-03T20:15:00+00:00,A,24,0.67,0.6392,0.6612,0.659,nan,0.6829,0,11995661
E0,epl-ast-che-2026-03-04,2026-03-04T19:30:00+00:00,H,1,0.37,0.3529,0.3574,0.3565,nan,0.354,0,0
E0,epl-ast-che-2026-03-04,2026-03-04T19:30:00+00:00,H,6,0.34,0.3529,0.3574,0.3565,nan,0.354,0,0
E0,epl-ast-che-2026-03-04,2026-03-04T19:30:00+00:00,H,24,0.35,0.3529,0.3574,0.3565,nan,0.354,0,0
E0,epl-ast-che-2026-03-04,2026-03-04T19:30:00+00:00,D,1,0.27,0.264,0.2711,0.2758,nan,0.2735,0,0
E0,epl-ast-che-2026-03-04,2026-03-04T19:30:00+00:00,D,6,0.28,0.264,0.2711,0.2758,nan,0.2735,0,0
E0,epl-ast-che-2026-03-04,2026-03-04T19:30:00+00:00,D,24,0.27,0.264,0.2711,0.2758,nan,0.2735,0,0
E0,epl-ast-che-2026-03-04,2026-03-04T19:30:00+00:00,A,1,0.37,0.3831,0.3715,0.3677,nan,0.3725,1,0
E0,epl-ast-che-2026-03-04,2026-03-04T19:30:00+00:00,A,6,0.4,0.3831,0.3715,0.3677,nan,0.3725,1,0
E0,epl-ast-che-2026-03-04,2026-03-04T19:30:00+00:00,A,24,0.39,0.3831,0.3715,0.3677,nan,0.3725,1,0
E0,epl-bri-ars-2026-03-04,2026-03-04T19:30:00+00:00,H,1,0.18,0.1869,0.1879,0.1883,nan,0.1845,0,0
E0,epl-bri-ars-2026-03-04,2026-03-04T19:30:00+00:00,H,6,0.18,0.1869,0.1879,0.1883,nan,0.1845,0,0
E0,epl-bri-ars-2026-03-04,2026-03-04T19:30:00+00:00,H,24,0.17,0.1869,0.1879,0.1883,nan,0.1845,0,0
E0,epl-bri-ars-2026-03-04,2026-03-04T19:30:00+00:00,D,1,0.25,0.2398,0.2461,0.2478,nan,0.243,0,0
E0,epl-bri-ars-2026-03-04,2026-03-04T19:30:00+00:00,D,6,0.24,0.2398,0.2461,0.2478,nan,0.243,0,0
E0,epl-bri-ars-2026-03-04,2026-03-04T19:30:00+00:00,D,24,0.24,0.2398,0.2461,0.2478,nan,0.243,0,0
E0,epl-bri-ars-2026-03-04,2026-03-04T19:30:00+00:00,A,1,0.58,0.5733,0.566,0.5639,nan,0.5725,1,0
E0,epl-bri-ars-2026-03-04,2026-03-04T19:30:00+00:00,A,6,0.58,0.5733,0.566,0.5639,nan,0.5725,1,0
E0,epl-bri-ars-2026-03-04,2026-03-04T19:30:00+00:00,A,24,0.59,0.5733,0.566,0.5639,nan,0.5725,1,0
E0,epl-ful-wes-2026-03-04,2026-03-04T19:30:00+00:00,H,1,0.43,0.4658,0.4292,0.4277,nan,0.4335,0,0
E0,epl-ful-wes-2026-03-04,2026-03-04T19:30:00+00:00,H,6,0.46,0.4658,0.4292,0.4277,nan,0.4335,0,0
E0,epl-ful-wes-2026-03-04,2026-03-04T19:30:00+00:00,H,24,0.47,0.4658,0.4292,0.4277,nan,0.4335,0,0
E0,epl-ful-wes-2026-03-04,2026-03-04T19:30:00+00:00,D,1,0.28,0.2656,0.269,0.2688,nan,0.2732,0,0
E0,epl-ful-wes-2026-03-04,2026-03-04T19:30:00+00:00,D,6,0.27,0.2656,0.269,0.2688,nan,0.2732,0,0
E0,epl-ful-wes-2026-03-04,2026-03-04T19:30:00+00:00,D,24,0.27,0.2656,0.269,0.2688,nan,0.2732,0,0
E0,epl-ful-wes-2026-03-04,2026-03-04T19:30:00+00:00,A,1,0.3,0.2686,0.3017,0.3035,nan,0.2933,1,0
E0,epl-ful-wes-2026-03-04,2026-03-04T19:30:00+00:00,A,6,0.27,0.2686,0.3017,0.3035,nan,0.2933,1,0
E0,epl-ful-wes-2026-03-04,2026-03-04T19:30:00+00:00,A,24,0.27,0.2686,0.3017,0.3035,nan,0.2933,1,0
E0,epl-new-mun-2026-03-04,2026-03-04T20:15:00+00:00,H,1,0.36,0.3688,0.3672,0.3673,nan,0.3702,1,0
E0,epl-new-mun-2026-03-04,2026-03-04T20:15:00+00:00,H,6,0.36,0.3688,0.3672,0.3673,nan,0.3702,1,0
E0,epl-new-mun-2026-03-04,2026-03-04T20:15:00+00:00,H,24,0.36,0.3688,0.3672,0.3673,nan,0.3702,1,0
E0,epl-new-mun-2026-03-04,2026-03-04T20:15:00+00:00,D,1,0.26,0.258,0.2597,0.2653,nan,0.2596,0,0
E0,epl-new-mun-2026-03-04,2026-03-04T20:15:00+00:00,D,6,0.26,0.258,0.2597,0.2653,nan,0.2596,0,0
E0,epl-new-mun-2026-03-04,2026-03-04T20:15:00+00:00,D,24,0.26,0.258,0.2597,0.2653,nan,0.2596,0,0
E0,epl-new-mun-2026-03-04,2026-03-04T20:15:00+00:00,A,1,0.38,0.3732,0.3731,0.3673,nan,0.3702,0,0
E0,epl-new-mun-2026-03-04,2026-03-04T20:15:00+00:00,A,6,0.38,0.3732,0.3731,0.3673,nan,0.3702,0,0
E0,epl-new-mun-2026-03-04,2026-03-04T20:15:00+00:00,A,24,0.39,0.3732,0.3731,0.3673,nan,0.3702,0,0
E0,epl-mac-not-2026-03-04,2026-03-04T19:30:00+00:00,H,1,0.7,0.6869,0.6802,0.6904,nan,0.7006,0,0
E0,epl-mac-not-2026-03-04,2026-03-04T19:30:00+00:00,H,6,0.68,0.6869,0.6802,0.6904,nan,0.7006,0,0
E0,epl-mac-not-2026-03-04,2026-03-04T19:30:00+00:00,H,24,0.7,0.6869,0.6802,0.6904,nan,0.7006,0,0
E0,epl-mac-not-2026-03-04,2026-03-04T19:30:00+00:00,D,1,0.19,0.1901,0.1957,0.1905,nan,0.1913,1,0
E0,epl-mac-not-2026-03-04,2026-03-04T19:30:00+00:00,D,6,0.2,0.1901,0.1957,0.1905,nan,0.1913,1,0
E0,epl-mac-not-2026-03-04,2026-03-04T19:30:00+00:00,D,24,0.18,0.1901,0.1957,0.1905,nan,0.1913,1,0
E0,epl-mac-not-2026-03-04,2026-03-04T19:30:00+00:00,A,1,0.12,0.123,0.1241,0.1191,nan,0.1081,0,0
E0,epl-mac-not-2026-03-04,2026-03-04T19:30:00+00:00,A,6,0.12,0.123,0.1241,0.1191,nan,0.1081,0,0
E0,epl-mac-not-2026-03-04,2026-03-04T19:30:00+00:00,A,24,0.12,0.123,0.1241,0.1191,nan,0.1081,0,0
E0,epl-tot-cry-2026-03-05,2026-03-05T20:00:00+00:00,H,1,0.38,0.4012,0.3867,0.3856,nan,0.3869,0,0
E0,epl-tot-cry-2026-03-05,2026-03-05T20:00:00+00:00,H,6,0.4,0.4012,0.3867,0.3856,nan,0.3869,0,0
E0,epl-tot-cry-2026-03-05,2026-03-05T20:00:00+00:00,H,24,0.41,0.4012,0.3867,0.3856,nan,0.3869,0,0
E0,epl-tot-cry-2026-03-05,2026-03-05T20:00:00+00:00,D,1,0.29,0.2828,0.28,0.2863,nan,0.283,0,0
E0,epl-tot-cry-2026-03-05,2026-03-05T20:00:00+00:00,D,6,0.29,0.2828,0.28,0.2863,nan,0.283,0,0
E0,epl-tot-cry-2026-03-05,2026-03-05T20:00:00+00:00,D,24,0.29,0.2828,0.28,0.2863,nan,0.283,0,0
E0,epl-tot-cry-2026-03-05,2026-03-05T20:00:00+00:00,A,1,0.32,0.3161,0.3334,0.3281,nan,0.3301,1,0
E0,epl-tot-cry-2026-03-05,2026-03-05T20:00:00+00:00,A,6,0.32,0.3161,0.3334,0.3281,nan,0.3301,1,0
E0,epl-tot-cry-2026-03-05,2026-03-05T20:00:00+00:00,A,24,0.3,0.3161,0.3334,0.3281,nan,0.3301,1,0
E0,epl-bur-bou-2026-03-14,2026-03-14T15:00:00+00:00,H,1,0.23,0.2348,0.2409,0.2435,nan,0.2313,0,0
E0,epl-bur-bou-2026-03-14,2026-03-14T15:00:00+00:00,H,6,0.23,0.2348,0.2409,0.2435,nan,0.2313,0,0
E0,epl-bur-bou-2026-03-14,2026-03-14T15:00:00+00:00,H,24,0.23,0.2348,0.2409,0.2435,nan,0.2313,0,0
E0,epl-bur-bou-2026-03-14,2026-03-14T15:00:00+00:00,D,1,0.24,0.2465,0.2403,0.2374,nan,0.2368,1,0
E0,epl-bur-bou-2026-03-14,2026-03-14T15:00:00+00:00,D,6,0.25,0.2465,0.2403,0.2374,nan,0.2368,1,0
E0,epl-bur-bou-2026-03-14,2026-03-14T15:00:00+00:00,D,24,0.25,0.2465,0.2403,0.2374,nan,0.2368,1,0
E0,epl-bur-bou-2026-03-14,2026-03-14T15:00:00+00:00,A,1,0.54,0.5187,0.5188,0.519,nan,0.5319,0,0
E0,epl-bur-bou-2026-03-14,2026-03-14T15:00:00+00:00,A,6,0.54,0.5187,0.5188,0.519,nan,0.5319,0,0
E0,epl-bur-bou-2026-03-14,2026-03-14T15:00:00+00:00,A,24,0.54,0.5187,0.5188,0.519,nan,0.5319,0,0
E0,epl-sun-bri-2026-03-14,2026-03-14T15:00:00+00:00,H,1,0.26,0.2891,0.2589,0.2632,nan,0.2547,0,0
E0,epl-sun-bri-2026-03-14,2026-03-14T15:00:00+00:00,H,6,0.26,0.2891,0.2589,0.2632,nan,0.2547,0,0
E0,epl-sun-bri-2026-03-14,2026-03-14T15:00:00+00:00,H,24,0.29,0.2891,0.2589,0.2632,nan,0.2547,0,0
E0,epl-sun-bri-2026-03-14,2026-03-14T15:00:00+00:00,D,1,0.28,0.2882,0.2723,0.2632,nan,0.2722,0,0
E0,epl-sun-bri-2026-03-14,2026-03-14T15:00:00+00:00,D,6,0.29,0.2882,0.2723,0.2632,nan,0.2722,0,0
E0,epl-sun-bri-2026-03-14,2026-03-14T15:00:00+00:00,D,24,0.29,0.2882,0.2723,0.2632,nan,0.2722,0,0
E0,epl-sun-bri-2026-03-14,2026-03-14T15:00:00+00:00,A,1,0.48,0.4227,0.4688,0.4737,nan,0.4731,1,0
E0,epl-sun-bri-2026-03-14,2026-03-14T15:00:00+00:00,A,6,0.45,0.4227,0.4688,0.4737,nan,0.4731,1,0
E0,epl-sun-bri-2026-03-14,2026-03-14T15:00:00+00:00,A,24,0.44,0.4227,0.4688,0.4737,nan,0.4731,1,0
E0,epl-ars-eve-2026-03-14,2026-03-14T17:30:00+00:00,H,1,0.71,0.687,0.6876,0.6881,nan,0.7096,1,0
E0,epl-ars-eve-2026-03-14,2026-03-14T17:30:00+00:00,H,6,0.71,0.687,0.6876,0.6881,nan,0.7096,1,0
E0,epl-ars-eve-2026-03-14,2026-03-14T17:30:00+00:00,H,24,0.7,0.687,0.6876,0.6881,nan,0.7096,1,0
E0,epl-ars-eve-2026-03-14,2026-03-14T17:30:00+00:00,D,1,0.19,0.2064,0.2026,0.208,nan,0.191,0,0
E0,epl-ars-eve-2026-03-14,2026-03-14T17:30:00+00:00,D,6,0.2,0.2064,0.2026,0.208,nan,0.191,0,0
E0,epl-ars-eve-2026-03-14,2026-03-14T17:30:00+00:00,D,24,0.19,0.2064,0.2026,0.208,nan,0.191,0,0
E0,epl-ars-eve-2026-03-14,2026-03-14T17:30:00+00:00,A,1,0.1,0.1066,0.1098,0.104,nan,0.0993,0,0
E0,epl-ars-eve-2026-03-14,2026-03-14T17:30:00+00:00,A,6,0.1,0.1066,0.1098,0.104,nan,0.0993,0,0
E0,epl-ars-eve-2026-03-14,2026-03-14T17:30:00+00:00,A,24,0.09,0.1066,0.1098,0.104,nan,0.0993,0,0
E0,epl-che-new-2026-03-14,2026-03-14T17:30:00+00:00,H,1,0.56,0.5268,0.5582,0.5645,nan,0.5664,0,0
E0,epl-che-new-2026-03-14,2026-03-14T17:30:00+00:00,H,6,0.53,0.5268,0.5582,0.5645,nan,0.5664,0,0
E0,epl-che-new-2026-03-14,2026-03-14T17:30:00+00:00,H,24,0.53,0.5268,0.5582,0.5645,nan,0.5664,0,0
E0,epl-che-new-2026-03-14,2026-03-14T17:30:00+00:00,D,1,0.22,0.2289,0.2225,0.2177,nan,0.2215,0,0
E0,epl-che-new-2026-03-14,2026-03-14T17:30:00+00:00,D,6,0.24,0.2289,0.2225,0.2177,nan,0.2215,0,0
E0,epl-che-new-2026-03-14,2026-03-14T17:30:00+00:00,D,24,0.23,0.2289,0.2225,0.2177,nan,0.2215,0,0
E0,epl-che-new-2026-03-14,2026-03-14T17:30:00+00:00,A,1,0.22,0.2443,0.2194,0.2177,nan,0.2121,1,0
E0,epl-che-new-2026-03-14,2026-03-14T17:30:00+00:00,A,6,0.25,0.2443,0.2194,0.2177,nan,0.2121,1,0
E0,epl-che-new-2026-03-14,2026-03-14T17:30:00+00:00,A,24,0.24,0.2443,0.2194,0.2177,nan,0.2121,1,0
E0,epl-wes-mac-2026-03-14,2026-03-14T20:00:00+00:00,H,1,0.19,0.2133,0.1958,0.201,nan,0.1804,0,0
E0,epl-wes-mac-2026-03-14,2026-03-14T20:00:00+00:00,H,6,0.2,0.2133,0.1958,0.201,nan,0.1804,0,0
E0,epl-wes-mac-2026-03-14,2026-03-14T20:00:00+00:00,H,24,0.21,0.2133,0.1958,0.201,nan,0.1804,0,0
E0,epl-wes-mac-2026-03-14,2026-03-14T20:00:00+00:00,D,1,0.23,0.2277,0.2264,0.2205,nan,0.2255,1,0
E0,epl-wes-mac-2026-03-14,2026-03-14T20:00:00+00:00,D,6,0.22,0.2277,0.2264,0.2205,nan,0.2255,1,0
E0,epl-wes-mac-2026-03-14,2026-03-14T20:00:00+00:00,D,24,0.23,0.2277,0.2264,0.2205,nan,0.2255,1,0
E0,epl-wes-mac-2026-03-14,2026-03-14T20:00:00+00:00,A,1,0.6,0.5591,0.5778,0.5786,nan,0.5941,0,0
E0,epl-wes-mac-2026-03-14,2026-03-14T20:00:00+00:00,A,6,0.59,0.5591,0.5778,0.5786,nan,0.5941,0,0
E0,epl-wes-mac-2026-03-14,2026-03-14T20:00:00+00:00,A,24,0.58,0.5591,0.5778,0.5786,nan,0.5941,0,0
E0,epl-mun-ast-2026-03-15,2026-03-15T14:00:00+00:00,H,1,0.57,0.5507,0.5577,0.5579,nan,0.5646,1,0
E0,epl-mun-ast-2026-03-15,2026-03-15T14:00:00+00:00,H,6,0.57,0.5507,0.5577,0.5579,nan,0.5646,1,0
E0,epl-mun-ast-2026-03-15,2026-03-15T14:00:00+00:00,H,24,0.58,0.5507,0.5577,0.5579,nan,0.5646,1,0
E0,epl-mun-ast-2026-03-15,2026-03-15T14:00:00+00:00,D,1,0.24,0.2343,0.2356,0.2313,nan,0.2366,0,0
E0,epl-mun-ast-2026-03-15,2026-03-15T14:00:00+00:00,D,6,0.23,0.2343,0.2356,0.2313,nan,0.2366,0,0
E0,epl-mun-ast-2026-03-15,2026-03-15T14:00:00+00:00,D,24,0.23,0.2343,0.2356,0.2313,nan,0.2366,0,0
E0,epl-mun-ast-2026-03-15,2026-03-15T14:00:00+00:00,A,1,0.2,0.215,0.2067,0.2108,nan,0.1988,0,0
E0,epl-mun-ast-2026-03-15,2026-03-15T14:00:00+00:00,A,6,0.2,0.215,0.2067,0.2108,nan,0.1988,0,0
E0,epl-mun-ast-2026-03-15,2026-03-15T14:00:00+00:00,A,24,0.21,0.215,0.2067,0.2108,nan,0.1988,0,0
E0,epl-not-ful-2026-03-15,2026-03-15T14:00:00+00:00,H,1,0.42,0.431,0.4126,0.414,nan,0.4166,0,0
E0,epl-not-ful-2026-03-15,2026-03-15T14:00:00+00:00,H,6,0.42,0.431,0.4126,0.414,nan,0.4166,0,0
E0,epl-not-ful-2026-03-15,2026-03-15T14:00:00+00:00,H,24,0.43,0.431,0.4126,0.414,nan,0.4166,0,0
E0,epl-not-ful-2026-03-15,2026-03-15T14:00:00+00:00,D,1,0.29,0.2776,0.2855,0.2885,nan,0.2874,1,0
E0,epl-not-ful-2026-03-15,2026-03-15T14:00:00+00:00,D,6,0.29,0.2776,0.2855,0.2885,nan,0.2874,1,0
E0,epl-not-ful-2026-03-15,2026-03-15T14:00:00+00:00,D,24,0.29,0.2776,0.2855,0.2885,nan,0.2874,1,0
E0,epl-not-ful-2026-03-15,2026-03-15T14:00:00+00:00,A,1,0.3,0.2913,0.3019,0.2975,nan,0.296,0,0
E0,epl-not-ful-2026-03-15,2026-03-15T14:00:00+00:00,A,6,0.31,0.2913,0.3019,0.2975,nan,0.296,0,0
E0,epl-not-ful-2026-03-15,2026-03-15T14:00:00+00:00,A,24,0.31,0.2913,0.3019,0.2975,nan,0.296,0,0
E0,epl-cry-lee-2026-03-15,2026-03-15T14:00:00+00:00,H,1,0.35,0.3785,0.3556,0.3555,nan,0.3455,0,0
E0,epl-cry-lee-2026-03-15,2026-03-15T14:00:00+00:00,H,6,0.39,0.3785,0.3556,0.3555,nan,0.3455,0,0
E0,epl-cry-lee-2026-03-15,2026-03-15T14:00:00+00:00,H,24,0.39,0.3785,0.3556,0.3555,nan,0.3455,0,0
E0,epl-cry-lee-2026-03-15,2026-03-15T14:00:00+00:00,D,1,0.3,0.2909,0.2928,0.2954,nan,0.3016,1,0
E0,epl-cry-lee-2026-03-15,2026-03-15T14:00:00+00:00,D,6,0.3,0.2909,0.2928,0.2954,nan,0.3016,1,0
E0,epl-cry-lee-2026-03-15,2026-03-15T14:00:00+00:00,D,24,0.3,0.2909,0.2928,0.2954,nan,0.3016,1,0
E0,epl-cry-lee-2026-03-15,2026-03-15T14:00:00+00:00,A,1,0.35,0.3307,0.3516,0.3491,nan,0.3529,0,0
E0,epl-cry-lee-2026-03-15,2026-03-15T14:00:00+00:00,A,6,0.33,0.3307,0.3516,0.3491,nan,0.3529,0,0
E0,epl-cry-lee-2026-03-15,2026-03-15T14:00:00+00:00,A,24,0.31,0.3307,0.3516,0.3491,nan,0.3529,0,0
E0,epl-liv-tot-2026-03-15,2026-03-15T16:30:00+00:00,H,1,0.75,0.7295,0.725,0.7301,nan,0.7397,0,0
E0,epl-liv-tot-2026-03-15,2026-03-15T16:30:00+00:00,H,6,0.75,0.7295,0.725,0.7301,nan,0.7397,0,0
E0,epl-liv-tot-2026-03-15,2026-03-15T16:30:00+00:00,H,24,0.75,0.7295,0.725,0.7301,nan,0.7397,0,0
E0,epl-liv-tot-2026-03-15,2026-03-15T16:30:00+00:00,D,1,0.16,0.1625,0.1606,0.1582,nan,0.1549,1,0
E0,epl-liv-tot-2026-03-15,2026-03-15T16:30:00+00:00,D,6,0.15,0.1625,0.1606,0.1582,nan,0.1549,1,0
E0,epl-liv-tot-2026-03-15,2026-03-15T16:30:00+00:00,D,24,0.15,0.1625,0.1606,0.1582,nan,0.1549,1,0
E0,epl-liv-tot-2026-03-15,2026-03-15T16:30:00+00:00,A,1,0.11,0.1079,0.1144,0.1117,nan,0.1054,0,0
E0,epl-liv-tot-2026-03-15,2026-03-15T16:30:00+00:00,A,6,0.1,0.1079,0.1144,0.1117,nan,0.1054,0,0
E0,epl-liv-tot-2026-03-15,2026-03-15T16:30:00+00:00,A,24,0.1,0.1079,0.1144,0.1117,nan,0.1054,0,0
E0,epl-bre-wol-2026-03-16,2026-03-16T20:00:00+00:00,H,1,0.62,0.6089,0.6168,0.6175,nan,0.6391,0,0
E0,epl-bre-wol-2026-03-16,2026-03-16T20:00:00+00:00,H,6,0.62,0.6089,0.6168,0.6175,nan,0.6391,0,0
E0,epl-bre-wol-2026-03-16,2026-03-16T20:00:00+00:00,H,24,0.62,0.6089,0.6168,0.6175,nan,0.6391,0,0
E0,epl-bre-wol-2026-03-16,2026-03-16T20:00:00+00:00,D,1,0.22,0.226,0.22,0.2182,nan,0.2108,1,0
E0,epl-bre-wol-2026-03-16,2026-03-16T20:00:00+00:00,D,6,0.23,0.226,0.22,0.2182,nan,0.2108,1,0
E0,epl-bre-wol-2026-03-16,2026-03-16T20:00:00+00:00,D,24,0.23,0.226,0.22,0.2182,nan,0.2108,1,0
E0,epl-bre-wol-2026-03-16,2026-03-16T20:00:00+00:00,A,1,0.16,0.1651,0.1633,0.1643,nan,0.1501,0,0
E0,epl-bre-wol-2026-03-16,2026-03-16T20:00:00+00:00,A,6,0.17,0.1651,0.1633,0.1643,nan,0.1501,0,0
E0,epl-bre-wol-2026-03-16,2026-03-16T20:00:00+00:00,A,24,0.17,0.1651,0.1633,0.1643,nan,0.1501,0,0
E0,epl-bri-liv-2026-03-21,2026-03-21T12:30:00+00:00,H,1,0.29,0.3114,0.3091,0.3058,nan,0.3004,1,0
E0,epl-bri-liv-2026-03-21,2026-03-21T12:30:00+00:00,H,6,0.3,0.3114,0.3091,0.3058,nan,0.3004,1,0
E0,epl-bri-liv-2026-03-21,2026-03-21T12:30:00+00:00,H,24,0.31,0.3114,0.3091,0.3058,nan,0.3004,1,0
E0,epl-bri-liv-2026-03-21,2026-03-21T12:30:00+00:00,D,1,0.26,0.2649,0.2604,0.2633,nan,0.2609,0,0
E0,epl-bri-liv-2026-03-21,2026-03-21T12:30:00+00:00,D,6,0.26,0.2649,0.2604,0.2633,nan,0.2609,0,0
E0,epl-bri-liv-2026-03-21,2026-03-21T12:30:00+00:00,D,24,0.27,0.2649,0.2604,0.2633,nan,0.2609,0,0
E0,epl-bri-liv-2026-03-21,2026-03-21T12:30:00+00:00,A,1,0.45,0.4236,0.4305,0.4309,nan,0.4387,0,0
E0,epl-bri-liv-2026-03-21,2026-03-21T12:30:00+00:00,A,6,0.45,0.4236,0.4305,0.4309,nan,0.4387,0,0
E0,epl-bri-liv-2026-03-21,2026-03-21T12:30:00+00:00,A,24,0.43,0.4236,0.4305,0.4309,nan,0.4387,0,0
E0,epl-mac-cry-2026-03-21,2026-05-13T19:00:00+00:00,H,1,0.74,0.792,0.7244,0.7301,nan,0.7458,1,8098203
E0,epl-mac-cry-2026-03-21,2026-05-13T19:00:00+00:00,H,6,0.81,0.792,0.7244,0.7301,nan,0.7458,1,8098203
E0,epl-mac-cry-2026-03-21,2026-05-13T19:00:00+00:00,H,24,0.82,0.792,0.7244,0.7301,nan,0.7458,1,8098203
E0,epl-mac-cry-2026-03-21,2026-05-13T19:00:00+00:00,D,1,0.157,0.1341,0.1652,0.1582,nan,0.155,0,242525
E0,epl-mac-cry-2026-03-21,2026-05-13T19:00:00+00:00,D,6,0.118,0.1341,0.1652,0.1582,nan,0.155,0,242525
E0,epl-mac-cry-2026-03-21,2026-05-13T19:00:00+00:00,D,24,0.125,0.1341,0.1652,0.1582,nan,0.155,0,242525
E0,epl-mac-cry-2026-03-21,2026-05-13T19:00:00+00:00,A,1,0.102,0.0739,0.1104,0.1117,nan,0.0992,0,551783
E0,epl-mac-cry-2026-03-21,2026-05-13T19:00:00+00:00,A,6,0.071,0.0739,0.1104,0.1117,nan,0.0992,0,551783
E0,epl-mac-cry-2026-03-21,2026-05-13T19:00:00+00:00,A,24,0.06,0.0739,0.1104,0.1117,nan,0.0992,0,551783
E0,epl-ful-bur-2026-03-21,2026-03-21T15:00:00+00:00,H,1,0.64,0.6173,0.6207,0.6144,nan,0.6303,1,0
E0,epl-ful-bur-2026-03-21,2026-03-21T15:00:00+00:00,H,6,0.64,0.6173,0.6207,0.6144,nan,0.6303,1,0
E0,epl-ful-bur-2026-03-21,2026-03-21T15:00:00+00:00,H,24,0.63,0.6173,0.6207,0.6144,nan,0.6303,1,0
E0,epl-ful-bur-2026-03-21,2026-03-21T15:00:00+00:00,D,1,0.21,0.2309,0.2199,0.2199,nan,0.2151,0,0
E0,epl-ful-bur-2026-03-21,2026-03-21T15:00:00+00:00,D,6,0.22,0.2309,0.2199,0.2199,nan,0.2151,0,0
E0,epl-ful-bur-2026-03-21,2026-03-21T15:00:00+00:00,D,24,0.23,0.2309,0.2199,0.2199,nan,0.2151,0,0
E0,epl-ful-bur-2026-03-21,2026-03-21T15:00:00+00:00,A,1,0.14,0.1518,0.1594,0.1656,nan,0.1546,0,0
E0,epl-ful-bur-2026-03-21,2026-03-21T15:00:00+00:00,A,6,0.15,0.1518,0.1594,0.1656,nan,0.1546,0,0
E0,epl-ful-bur-2026-03-21,2026-03-21T15:00:00+00:00,A,24,0.15,0.1518,0.1594,0.1656,nan,0.1546,0,0
E0,epl-eve-che-2026-03-21,2026-03-21T17:30:00+00:00,H,1,0.29,0.2785,0.2996,0.2973,nan,0.3017,1,604381
E0,epl-eve-che-2026-03-21,2026-03-21T17:30:00+00:00,H,6,0.28,0.2785,0.2996,0.2973,nan,0.3017,1,604381
E0,epl-eve-che-2026-03-21,2026-03-21T17:30:00+00:00,H,24,0.28,0.2785,0.2996,0.2973,nan,0.3017,1,604381
E0,epl-eve-che-2026-03-21,2026-03-21T17:30:00+00:00,D,1,0.27,0.2689,0.2752,0.2798,nan,0.2728,0,0
E0,epl-eve-che-2026-03-21,2026-03-21T17:30:00+00:00,D,6,0.28,0.2689,0.2752,0.2798,nan,0.2728,0,0
E0,epl-eve-che-2026-03-21,2026-03-21T17:30:00+00:00,D,24,0.27,0.2689,0.2752,0.2798,nan,0.2728,0,0
E0,epl-eve-che-2026-03-21,2026-03-21T17:30:00+00:00,A,1,0.43,0.4526,0.4252,0.4229,nan,0.4255,0,0
E0,epl-eve-che-2026-03-21,2026-03-21T17:30:00+00:00,A,6,0.44,0.4526,0.4252,0.4229,nan,0.4255,0,0
E0,epl-eve-che-2026-03-21,2026-03-21T17:30:00+00:00,A,24,0.46,0.4526,0.4252,0.4229,nan,0.4255,0,0
E0,epl-bou-mun-2026-03-20,2026-03-20T20:00:00+00:00,H,1,0.31,0.2931,0.3074,0.3059,nan,0.3014,0,0
E0,epl-bou-mun-2026-03-20,2026-03-20T20:00:00+00:00,H,6,0.3,0.2931,0.3074,0.3059,nan,0.3014,0,0
E0,epl-bou-mun-2026-03-20,2026-03-20T20:00:00+00:00,H,24,0.3,0.2931,0.3074,0.3059,nan,0.3014,0,0
E0,epl-bou-mun-2026-03-20,2026-03-20T20:00:00+00:00,D,1,0.26,0.251,0.2537,0.2529,nan,0.2584,1,0
E0,epl-bou-mun-2026-03-20,2026-03-20T20:00:00+00:00,D,6,0.26,0.251,0.2537,0.2529,nan,0.2584,1,0
E0,epl-bou-mun-2026-03-20,2026-03-20T20:00:00+00:00,D,24,0.26,0.251,0.2537,0.2529,nan,0.2584,1,0
E0,epl-bou-mun-2026-03-20,2026-03-20T20:00:00+00:00,A,1,0.44,0.4559,0.4389,0.4411,nan,0.4402,0,0
E0,epl-bou-mun-2026-03-20,2026-03-20T20:00:00+00:00,A,6,0.47,0.4559,0.4389,0.4411,nan,0.4402,0,0
E0,epl-bou-mun-2026-03-20,2026-03-20T20:00:00+00:00,A,24,0.46,0.4559,0.4389,0.4411,nan,0.4402,0,0
E0,epl-lee-bre-2026-03-21,2026-03-21T20:00:00+00:00,H,1,0.4,0.3835,0.4023,0.4043,nan,0.4007,0,0
E0,epl-lee-bre-2026-03-21,2026-03-21T20:00:00+00:00,H,6,0.4,0.3835,0.4023,0.4043,nan,0.4007,0,0
E0,epl-lee-bre-2026-03-21,2026-03-21T20:00:00+00:00,H,24,0.39,0.3835,0.4023,0.4043,nan,0.4007,0,0
E0,epl-lee-bre-2026-03-21,2026-03-21T20:00:00+00:00,D,1,0.28,0.2759,0.2772,0.2749,nan,0.2839,1,0
E0,epl-lee-bre-2026-03-21,2026-03-21T20:00:00+00:00,D,6,0.29,0.2759,0.2772,0.2749,nan,0.2839,1,0
E0,epl-lee-bre-2026-03-21,2026-03-21T20:00:00+00:00,D,24,0.28,0.2759,0.2772,0.2749,nan,0.2839,1,0
E0,epl-lee-bre-2026-03-21,2026-03-21T20:00:00+00:00,A,1,0.31,0.3406,0.3205,0.3208,nan,0.3154,0,0
E0,epl-lee-bre-2026-03-21,2026-03-21T20:00:00+00:00,A,6,0.34,0.3406,0.3205,0.3208,nan,0.3154,0,0
E0,epl-lee-bre-2026-03-21,2026-03-21T20:00:00+00:00,A,24,0.34,0.3406,0.3205,0.3208,nan,0.3154,0,0
E0,epl-new-sun-2026-03-22,2026-03-22T12:00:00+00:00,H,1,0.62,0.5709,0.6147,0.6103,nan,0.6287,0,0
E0,epl-new-sun-2026-03-22,2026-03-22T12:00:00+00:00,H,6,0.58,0.5709,0.6147,0.6103,nan,0.6287,0,0
E0,epl-new-sun-2026-03-22,2026-03-22T12:00:00+00:00,H,24,0.58,0.5709,0.6147,0.6103,nan,0.6287,0,0
E0,epl-new-sun-2026-03-22,2026-03-22T12:00:00+00:00,D,1,0.23,0.2422,0.2239,0.2252,nan,0.2208,0,0
E0,epl-new-sun-2026-03-22,2026-03-22T12:00:00+00:00,D,6,0.24,0.2422,0.2239,0.2252,nan,0.2208,0,0
E0,epl-new-sun-2026-03-22,2026-03-22T12:00:00+00:00,D,24,0.25,0.2422,0.2239,0.2252,nan,0.2208,0,0
E0,epl-new-sun-2026-03-22,2026-03-22T12:00:00+00:00,A,1,0.16,0.1869,0.1613,0.1645,nan,0.1505,1,0
E0,epl-new-sun-2026-03-22,2026-03-22T12:00:00+00:00,A,6,0.18,0.1869,0.1613,0.1645,nan,0.1505,1,0
E0,epl-new-sun-2026-03-22,2026-03-22T12:00:00+00:00,A,24,0.17,0.1869,0.1613,0.1645,nan,0.1505,1,0
E0,epl-ast-wes-2026-03-22,2026-03-22T14:15:00+00:00,H,1,0.56,0.482,0.5445,0.5407,nan,0.5525,1,0
E0,epl-ast-wes-2026-03-22,2026-03-22T14:15:00+00:00,H,6,0.57,0.482,0.5445,0.5407,nan,0.5525,1,0
E0,epl-ast-wes-2026-03-22,2026-03-22T14:15:00+00:00,H,24,0.51,0.482,0.5445,0.5407,nan,0.5525,1,0
E0,epl-ast-wes-2026-03-22,2026-03-22T14:15:00+00:00,D,1,0.25,0.264,0.2485,0.249,nan,0.2486,0,0
E0,epl-ast-wes-2026-03-22,2026-03-22T14:15:00+00:00,D,6,0.25,0.264,0.2485,0.249,nan,0.2486,0,0
E0,epl-ast-wes-2026-03-22,2026-03-22T14:15:00+00:00,D,24,0.27,0.264,0.2485,0.249,nan,0.2486,0,0
E0,epl-ast-wes-2026-03-22,2026-03-22T14:15:00+00:00,A,1,0.19,0.254,0.207,0.2103,nan,0.1989,0,0
E0,epl-ast-wes-2026-03-22,2026-03-22T14:15:00+00:00,A,6,0.2,0.254,0.207,0.2103,nan,0.1989,0,0
E0,epl-ast-wes-2026-03-22,2026-03-22T14:15:00+00:00,A,24,0.24,0.254,0.207,0.2103,nan,0.1989,0,0
E0,epl-tot-not-2026-03-22,2026-03-22T14:15:00+00:00,H,1,0.4,0.42,0.3983,0.4041,nan,0.3991,0,0
E0,epl-tot-not-2026-03-22,2026-03-22T14:15:00+00:00,H,6,0.39,0.42,0.3983,0.4041,nan,0.3991,0,0
E0,epl-tot-not-2026-03-22,2026-03-22T14:15:00+00:00,H,24,0.43,0.42,0.3983,0.4041,nan,0.3991,0,0
E0,epl-tot-not-2026-03-22,2026-03-22T14:15:00+00:00,D,1,0.29,0.2775,0.287,0.2793,nan,0.2892,0,0
E0,epl-tot-not-2026-03-22,2026-03-22T14:15:00+00:00,D,6,0.29,0.2775,0.287,0.2793,nan,0.2892,0,0
E0,epl-tot-not-2026-03-22,2026-03-22T14:15:00+00:00,D,24,0.29,0.2775,0.287,0.2793,nan,0.2892,0,0
E0,epl-tot-not-2026-03-22,2026-03-22T14:15:00+00:00,A,1,0.32,0.3025,0.3147,0.3166,nan,0.3118,1,0
E0,epl-tot-not-2026-03-22,2026-03-22T14:15:00+00:00,A,6,0.32,0.3025,0.3147,0.3166,nan,0.3118,1,0
E0,epl-tot-not-2026-03-22,2026-03-22T14:15:00+00:00,A,24,0.31,0.3025,0.3147,0.3166,nan,0.3118,1,0
E0,epl-wes-wol-2026-04-10,2026-04-10T19:00:00+00:00,H,1,0.55,0.5302,0.5327,0.5407,nan,0.5364,1,437931
E0,epl-wes-wol-2026-04-10,2026-04-10T19:00:00+00:00,H,6,0.54,0.5302,0.5327,0.5407,nan,0.5364,1,437931
E0,epl-wes-wol-2026-04-10,2026-04-10T19:00:00+00:00,H,24,0.52,0.5302,0.5327,0.5407,nan,0.5364,1,437931
E0,epl-wes-wol-2026-04-10,2026-04-10T19:00:00+00:00,D,1,0.25,0.2523,0.2521,0.249,nan,0.2558,0,159148
E0,epl-wes-wol-2026-04-10,2026-04-10T19:00:00+00:00,D,6,0.26,0.2523,0.2521,0.249,nan,0.2558,0,159148
E0,epl-wes-wol-2026-04-10,2026-04-10T19:00:00+00:00,D,24,0.25,0.2523,0.2521,0.249,nan,0.2558,0,159148
E0,epl-wes-wol-2026-04-10,2026-04-10T19:00:00+00:00,A,1,0.21,0.2175,0.2153,0.2103,nan,0.2078,0,96422
E0,epl-wes-wol-2026-04-10,2026-04-10T19:00:00+00:00,A,6,0.22,0.2175,0.2153,0.2103,nan,0.2078,0,96422
E0,epl-wes-wol-2026-04-10,2026-04-10T19:00:00+00:00,A,24,0.23,0.2175,0.2153,0.2103,nan,0.2078,0,96422
E0,epl-ars-bou-2026-04-11,2026-04-11T11:30:00+00:00,H,1,0.66,0.6593,0.6416,0.6501,nan,0.6613,0,7772043
E0,epl-ars-bou-2026-04-11,2026-04-11T11:30:00+00:00,H,6,0.68,0.6593,0.6416,0.6501,nan,0.6613,0,7772043
E0,epl-ars-bou-2026-04-11,2026-04-11T11:30:00+00:00,H,24,0.69,0.6593,0.6416,0.6501,nan,0.6613,0,7772043
E0,epl-ars-bou-2026-04-11,2026-04-11T11:30:00+00:00,D,1,0.2,0.2072,0.211,0.2162,nan,0.2038,0,227550
E0,epl-ars-bou-2026-04-11,2026-04-11T11:30:00+00:00,D,6,0.2,0.2072,0.211,0.2162,nan,0.2038,0,227550
E0,epl-ars-bou-2026-04-11,2026-04-11T11:30:00+00:00,D,24,0.2,0.2072,0.211,0.2162,nan,0.2038,0,227550
E0,epl-ars-bou-2026-04-11,2026-04-11T11:30:00+00:00,A,1,0.13,0.1335,0.1474,0.1337,nan,0.1349,1,458501
E0,epl-ars-bou-2026-04-11,2026-04-11T11:30:00+00:00,A,6,0.12,0.1335,0.1474,0.1337,nan,0.1349,1,458501
E0,epl-ars-bou-2026-04-11,2026-04-11T11:30:00+00:00,A,24,0.12,0.1335,0.1474,0.1337,nan,0.1349,1,458501
E0,epl-liv-ful-2026-04-11,2026-04-11T16:30:00+00:00,H,1,0.57,0.5804,0.552,0.5424,nan,0.5558,1,3992968
E0,epl-liv-ful-2026-04-11,2026-04-11T16:30:00+00:00,H,6,0.58,0.5804,0.552,0.5424,nan,0.5558,1,3992968
E0,epl-liv-ful-2026-04-11,2026-04-11T16:30:00+00:00,H,24,0.58,0.5804,0.552,0.5424,nan,0.5558,1,3992968
E0,epl-liv-ful-2026-04-11,2026-04-11T16:30:00+00:00,D,1,0.23,0.2249,0.2325,0.2315,nan,0.2369,0,264264
E0,epl-liv-ful-2026-04-11,2026-04-11T16:30:00+00:00,D,6,0.23,0.2249,0.2325,0.2315,nan,0.2369,0,264264
E0,epl-liv-ful-2026-04-11,2026-04-11T16:30:00+00:00,D,24,0.23,0.2249,0.2325,0.2315,nan,0.2369,0,264264
E0,epl-liv-ful-2026-04-11,2026-04-11T16:30:00+00:00,A,1,0.19,0.1947,0.2155,0.226,nan,0.2073,0,429212
E0,epl-liv-ful-2026-04-11,2026-04-11T16:30:00+00:00,A,6,0.2,0.1947,0.2155,0.226,nan,0.2073,0,429212
E0,epl-liv-ful-2026-04-11,2026-04-11T16:30:00+00:00,A,24,0.2,0.1947,0.2155,0.226,nan,0.2073,0,429212
E0,epl-bre-eve-2026-04-11,2026-04-11T14:00:00+00:00,H,1,0.44,0.4423,0.4383,0.4509,nan,0.447,0,1448702
E0,epl-bre-eve-2026-04-11,2026-04-11T14:00:00+00:00,H,6,0.45,0.4423,0.4383,0.4509,nan,0.447,0,1448702
E0,epl-bre-eve-2026-04-11,2026-04-11T14:00:00+00:00,H,24,0.45,0.4423,0.4383,0.4509,nan,0.447,0,1448702
E0,epl-bre-eve-2026-04-11,2026-04-11T14:00:00+00:00,D,1,0.29,0.2846,0.2821,0.2785,nan,0.2919,1,365220
E0,epl-bre-eve-2026-04-11,2026-04-11T14:00:00+00:00,D,6,0.29,0.2846,0.2821,0.2785,nan,0.2919,1,365220
E0,epl-bre-eve-2026-04-11,2026-04-11T14:00:00+00:00,D,24,0.28,0.2846,0.2821,0.2785,nan,0.2919,1,365220
E0,epl-bre-eve-2026-04-11,2026-04-11T14:00:00+00:00,A,1,0.28,0.2731,0.2796,0.2706,nan,0.2611,0,236581
E0,epl-bre-eve-2026-04-11,2026-04-11T14:00:00+00:00,A,6,0.27,0.2731,0.2796,0.2706,nan,0.2611,0,236581
E0,epl-bre-eve-2026-04-11,2026-04-11T14:00:00+00:00,A,24,0.27,0.2731,0.2796,0.2706,nan,0.2611,0,236581
E0,epl-bur-bri-2026-04-11,2026-04-11T14:00:00+00:00,H,1,0.18,0.2108,0.1783,0.1788,nan,0.1721,0,121963
E0,epl-bur-bri-2026-04-11,2026-04-11T14:00:00+00:00,H,6,0.2,0.2108,0.1783,0.1788,nan,0.1721,0,121963
E0,epl-bur-bri-2026-04-11,2026-04-11T14:00:00+00:00,H,24,0.21,0.2108,0.1783,0.1788,nan,0.1721,0,121963
E0,epl-bur-bri-2026-04-11,2026-04-11T14:00:00+00:00,D,1,0.22,0.2403,0.2284,0.2235,nan,0.2268,0,156052
E0,epl-bur-bri-2026-04-11,2026-04-11T14:00:00+00:00,D,6,0.24,0.2403,0.2284,0.2235,nan,0.2268,0,156052
E0,epl-bur-bri-2026-04-11,2026-04-11T14:00:00+00:00,D,24,0.24,0.2403,0.2284,0.2235,nan,0.2268,0,156052
E0,epl-bur-bri-2026-04-11,2026-04-11T14:00:00+00:00,A,1,0.59,0.549,0.5933,0.5978,nan,0.6011,1,1190865
E0,epl-bur-bri-2026-04-11,2026-04-11T14:00:00+00:00,A,6,0.59,0.549,0.5933,0.5978,nan,0.6011,1,1190865
E0,epl-bur-bri-2026-04-11,2026-04-11T14:00:00+00:00,A,24,0.57,0.549,0.5933,0.5978,nan,0.6011,1,1190865
E0,epl-sun-tot-2026-04-12,2026-04-12T13:00:00+00:00,H,1,0.36,0.3596,0.3427,0.3286,nan,0.3381,1,454520
E0,epl-sun-tot-2026-04-12,2026-04-12T13:00:00+00:00,H,6,0.37,0.3596,0.3427,0.3286,nan,0.3381,1,454520
E0,epl-sun-tot-2026-04-12,2026-04-12T13:00:00+00:00,H,24,0.37,0.3596,0.3427,0.3286,nan,0.3381,1,454520
E0,epl-sun-tot-2026-04-12,2026-04-12T13:00:00+00:00,D,1,0.29,0.2821,0.2847,0.2978,nan,0.2881,0,336303
E0,epl-sun-tot-2026-04-12,2026-04-12T13:00:00+00:00,D,6,0.29,0.2821,0.2847,0.2978,nan,0.2881,0,336303
E0,epl-sun-tot-2026-04-12,2026-04-12T13:00:00+00:00,D,24,0.3,0.2821,0.2847,0.2978,nan,0.2881,0,336303
E0,epl-sun-tot-2026-04-12,2026-04-12T13:00:00+00:00,A,1,0.37,0.3583,0.3725,0.3737,nan,0.3737,0,340023
E0,epl-sun-tot-2026-04-12,2026-04-12T13:00:00+00:00,A,6,0.36,0.3583,0.3725,0.3737,nan,0.3737,0,340023
E0,epl-sun-tot-2026-04-12,2026-04-12T13:00:00+00:00,A,24,0.35,0.3583,0.3725,0.3737,nan,0.3737,0,340023
E0,epl-cry-new-2026-04-12,2026-04-12T13:00:00+00:00,H,1,0.33,0.3067,0.3242,0.3165,nan,0.3212,1,376975
E0,epl-cry-new-2026-04-12,2026-04-12T13:00:00+00:00,H,6,0.33,0.3067,0.3242,0.3165,nan,0.3212,1,376975
E0,epl-cry-new-2026-04-12,2026-04-12T13:00:00+00:00,H,24,0.31,0.3067,0.3242,0.3165,nan,0.3212,1,376975
E0,epl-cry-new-2026-04-12,2026-04-12T13:00:00+00:00,D,1,0.29,0.2691,0.2859,0.2878,nan,0.2929,0,366986
E0,epl-cry-new-2026-04-12,2026-04-12T13:00:00+00:00,D,6,0.28,0.2691,0.2859,0.2878,nan,0.2929,0,366986
E0,epl-cry-new-2026-04-12,2026-04-12T13:00:00+00:00,D,24,0.28,0.2691,0.2859,0.2878,nan,0.2929,0,366986
E0,epl-cry-new-2026-04-12,2026-04-12T13:00:00+00:00,A,1,0.4,0.4242,0.3899,0.3957,nan,0.3859,0,658358
E0,epl-cry-new-2026-04-12,2026-04-12T13:00:00+00:00,A,6,0.39,0.4242,0.3899,0.3957,nan,0.3859,0,658358
E0,epl-cry-new-2026-04-12,2026-04-12T13:00:00+00:00,A,24,0.43,0.4242,0.3899,0.3957,nan,0.3859,0,658358
E0,epl-che-mac-2026-04-12,2026-04-12T15:30:00+00:00,H,1,0.26,0.3051,0.2711,0.2626,nan,0.2654,0,930914
E0,epl-che-mac-2026-04-12,2026-04-12T15:30:00+00:00,H,6,0.26,0.3051,0.2711,0.2626,nan,0.2654,0,930914
E0,epl-che-mac-2026-04-12,2026-04-12T15:30:00+00:00,H,24,0.28,0.3051,0.2711,0.2626,nan,0.2654,0,930914
E0,epl-che-mac-2026-04-12,2026-04-12T15:30:00+00:00,D,1,0.24,0.2473,0.2425,0.2424,nan,0.237,0,162698
E0,epl-che-mac-2026-04-12,2026-04-12T15:30:00+00:00,D,6,0.25,0.2473,0.2425,0.2424,nan,0.237,0,162698
E0,epl-che-mac-2026-04-12,2026-04-12T15:30:00+00:00,D,24,0.25,0.2473,0.2425,0.2424,nan,0.237,0,162698
E0,epl-che-mac-2026-04-12,2026-04-12T15:30:00+00:00,A,1,0.5,0.4475,0.4863,0.495,nan,0.4976,1,3669334
E0,epl-che-mac-2026-04-12,2026-04-12T15:30:00+00:00,A,6,0.49,0.4475,0.4863,0.495,nan,0.4976,1,3669334
E0,epl-che-mac-2026-04-12,2026-04-12T15:30:00+00:00,A,24,0.48,0.4475,0.4863,0.495,nan,0.4976,1,3669334
E0,epl-not-ast-2026-04-12,2026-04-12T13:00:00+00:00,H,1,0.37,0.3612,0.401,0.4093,nan,0.401,0,1509549
E0,epl-not-ast-2026-04-12,2026-04-12T13:00:00+00:00,H,6,0.35,0.3612,0.401,0.4093,nan,0.401,0,1509549
E0,epl-not-ast-2026-04-12,2026-04-12T13:00:00+00:00,H,24,0.35,0.3612,0.401,0.4093,nan,0.401,0,1509549
E0,epl-not-ast-2026-04-12,2026-04-12T13:00:00+00:00,D,1,0.3,0.2831,0.2838,0.2769,nan,0.2882,1,447939
E0,epl-not-ast-2026-04-12,2026-04-12T13:00:00+00:00,D,6,0.29,0.2831,0.2838,0.2769,nan,0.2882,1,447939
E0,epl-not-ast-2026-04-12,2026-04-12T13:00:00+00:00,D,24,0.29,0.2831,0.2838,0.2769,nan,0.2882,1,447939
E0,epl-not-ast-2026-04-12,2026-04-12T13:00:00+00:00,A,1,0.35,0.3557,0.3152,0.3138,nan,0.3108,0,1207832
E0,epl-not-ast-2026-04-12,2026-04-12T13:00:00+00:00,A,6,0.36,0.3557,0.3152,0.3138,nan,0.3108,0,1207832
E0,epl-not-ast-2026-04-12,2026-04-12T13:00:00+00:00,A,24,0.37,0.3557,0.3152,0.3138,nan,0.3108,0,1207832
E0,epl-mun-lee-2026-04-13,2026-04-13T19:00:00+00:00,H,1,0.59,0.5915,0.5824,0.587,nan,0.5918,0,3150231
E0,epl-mun-lee-2026-04-13,2026-04-13T19:00:00+00:00,H,6,0.64,0.5915,0.5824,0.587,nan,0.5918,0,3150231
E0,epl-mun-lee-2026-04-13,2026-04-13T19:00:00+00:00,H,24,0.63,0.5915,0.5824,0.587,nan,0.5918,0,3150231
E0,epl-mun-lee-2026-04-13,2026-04-13T19:00:00+00:00,D,1,0.23,0.2311,0.2318,0.2319,nan,0.2367,0,346678
E0,epl-mun-lee-2026-04-13,2026-04-13T19:00:00+00:00,D,6,0.22,0.2311,0.2318,0.2319,nan,0.2367,0,346678
E0,epl-mun-lee-2026-04-13,2026-04-13T19:00:00+00:00,D,24,0.22,0.2311,0.2318,0.2319,nan,0.2367,0,346678
E0,epl-mun-lee-2026-04-13,2026-04-13T19:00:00+00:00,A,1,0.17,0.1774,0.1857,0.1811,nan,0.1714,1,898855
E0,epl-mun-lee-2026-04-13,2026-04-13T19:00:00+00:00,A,6,0.15,0.1774,0.1857,0.1811,nan,0.1714,1,898855
E0,epl-mun-lee-2026-04-13,2026-04-13T19:00:00+00:00,A,24,0.16,0.1774,0.1857,0.1811,nan,0.1714,1,898855
E0,epl-bre-ful-2026-04-18,2026-04-18T11:30:00+00:00,H,1,0.48,0.4511,0.4809,0.4867,nan,0.4853,0,1053878
E0,epl-bre-ful-2026-04-18,2026-04-18T11:30:00+00:00,H,6,0.47,0.4511,0.4809,0.4867,nan,0.4853,0,1053878
E0,epl-bre-ful-2026-04-18,2026-04-18T11:30:00+00:00,H,24,0.47,0.4511,0.4809,0.4867,nan,0.4853,0,1053878
E0,epl-bre-ful-2026-04-18,2026-04-18T11:30:00+00:00,D,1,0.26,0.2597,0.2513,0.2497,nan,0.2507,1,89851
E0,epl-bre-ful-2026-04-18,2026-04-18T11:30:00+00:00,D,6,0.26,0.2597,0.2513,0.2497,nan,0.2507,1,89851
E0,epl-bre-ful-2026-04-18,2026-04-18T11:30:00+00:00,D,24,0.26,0.2597,0.2513,0.2497,nan,0.2507,1,89851
E0,epl-bre-ful-2026-04-18,2026-04-18T11:30:00+00:00,A,1,0.27,0.2892,0.2678,0.2636,nan,0.264,0,196207
E0,epl-bre-ful-2026-04-18,2026-04-18T11:30:00+00:00,A,6,0.29,0.2892,0.2678,0.2636,nan,0.264,0,196207
E0,epl-bre-ful-2026-04-18,2026-04-18T11:30:00+00:00,A,24,0.29,0.2892,0.2678,0.2636,nan,0.264,0,196207
E0,epl-new-bou-2026-04-18,2026-04-18T14:00:00+00:00,H,1,0.43,0.4813,0.4327,0.4296,nan,0.4254,0,308556
E0,epl-new-bou-2026-04-18,2026-04-18T14:00:00+00:00,H,6,0.46,0.4813,0.4327,0.4296,nan,0.4254,0,308556
E0,epl-new-bou-2026-04-18,2026-04-18T14:00:00+00:00,H,24,0.48,0.4813,0.4327,0.4296,nan,0.4254,0,308556
E0,epl-new-bou-2026-04-18,2026-04-18T14:00:00+00:00,D,1,0.26,0.2476,0.257,0.2554,nan,0.2586,0,108450
E0,epl-new-bou-2026-04-18,2026-04-18T14:00:00+00:00,D,6,0.26,0.2476,0.257,0.2554,nan,0.2586,0,108450
E0,epl-new-bou-2026-04-18,2026-04-18T14:00:00+00:00,D,24,0.25,0.2476,0.257,0.2554,nan,0.2586,0,108450
E0,epl-new-bou-2026-04-18,2026-04-18T14:00:00+00:00,A,1,0.31,0.2711,0.3103,0.315,nan,0.316,1,295800
E0,epl-new-bou-2026-04-18,2026-04-18T14:00:00+00:00,A,6,0.3,0.2711,0.3103,0.315,nan,0.316,1,295800
E0,epl-new-bou-2026-04-18,2026-04-18T14:00:00+00:00,A,24,0.29,0.2711,0.3103,0.315,nan,0.316,1,295800
E0,epl-lee-wol-2026-04-18,2026-04-18T14:00:00+00:00,H,1,0.62,0.5889,0.6186,0.6298,nan,0.6403,1,724564
E0,epl-lee-wol-2026-04-18,2026-04-18T14:00:00+00:00,H,6,0.61,0.5889,0.6186,0.6298,nan,0.6403,1,724564
E0,epl-lee-wol-2026-04-18,2026-04-18T14:00:00+00:00,H,24,0.62,0.5889,0.6186,0.6298,nan,0.6403,1,724564
E0,epl-lee-wol-2026-04-18,2026-04-18T14:00:00+00:00,D,1,0.23,0.2398,0.2303,0.2249,nan,0.2256,0,20199
E0,epl-lee-wol-2026-04-18,2026-04-18T14:00:00+00:00,D,6,0.24,0.2398,0.2303,0.2249,nan,0.2256,0,20199
E0,epl-lee-wol-2026-04-18,2026-04-18T14:00:00+00:00,D,24,0.24,0.2398,0.2303,0.2249,nan,0.2256,0,20199
E0,epl-lee-wol-2026-04-18,2026-04-18T14:00:00+00:00,A,1,0.15,0.1713,0.1512,0.1453,nan,0.1341,0,119538
E0,epl-lee-wol-2026-04-18,2026-04-18T14:00:00+00:00,A,6,0.14,0.1713,0.1512,0.1453,nan,0.1341,0,119538
E0,epl-lee-wol-2026-04-18,2026-04-18T14:00:00+00:00,A,24,0.16,0.1713,0.1512,0.1453,nan,0.1341,0,119538
E0,epl-tot-bri-2026-04-18,2026-04-18T16:30:00+00:00,H,1,0.31,0.3513,0.3221,0.316,nan,0.3197,0,901230
E0,epl-tot-bri-2026-04-18,2026-04-18T16:30:00+00:00,H,6,0.32,0.3513,0.3221,0.316,nan,0.3197,0,901230
E0,epl-tot-bri-2026-04-18,2026-04-18T16:30:00+00:00,H,24,0.34,0.3513,0.3221,0.316,nan,0.3197,0,901230
E0,epl-tot-bri-2026-04-18,2026-04-18T16:30:00+00:00,D,1,0.24,0.258,0.251,0.2431,nan,0.2417,1,174649
E0,epl-tot-bri-2026-04-18,2026-04-18T16:30:00+00:00,D,6,0.24,0.258,0.251,0.2431,nan,0.2417,1,174649
E0,epl-tot-bri-2026-04-18,2026-04-18T16:30:00+00:00,D,24,0.26,0.258,0.251,0.2431,nan,0.2417,1,174649
E0,epl-tot-bri-2026-04-18,2026-04-18T16:30:00+00:00,A,1,0.44,0.3907,0.427,0.4409,nan,0.4385,0,1611247
E0,epl-tot-bri-2026-04-18,2026-04-18T16:30:00+00:00,A,6,0.44,0.3907,0.427,0.4409,nan,0.4385,0,1611247
E0,epl-tot-bri-2026-04-18,2026-04-18T16:30:00+00:00,A,24,0.42,0.3907,0.427,0.4409,nan,0.4385,0,1611247
E0,epl-che-mun-2026-04-18,2026-04-18T19:00:00+00:00,H,1,0.46,0.4266,0.4498,0.4587,nan,0.4523,0,1393854
E0,epl-che-mun-2026-04-18,2026-04-18T19:00:00+00:00,H,6,0.46,0.4266,0.4498,0.4587,nan,0.4523,0,1393854
E0,epl-che-mun-2026-04-18,2026-04-18T19:00:00+00:00,H,24,0.46,0.4266,0.4498,0.4587,nan,0.4523,0,1393854
E0,epl-che-mun-2026-04-18,2026-04-18T19:00:00+00:00,D,1,0.26,0.2663,0.256,0.2475,nan,0.2551,0,387789
E0,epl-che-mun-2026-04-18,2026-04-18T19:00:00+00:00,D,6,0.26,0.2663,0.256,0.2475,nan,0.2551,0,387789
E0,epl-che-mun-2026-04-18,2026-04-18T19:00:00+00:00,D,24,0.26,0.2663,0.256,0.2475,nan,0.2551,0,387789
E0,epl-che-mun-2026-04-18,2026-04-18T19:00:00+00:00,A,1,0.29,0.3071,0.2942,0.2939,nan,0.2926,1,765790
E0,epl-che-mun-2026-04-18,2026-04-18T19:00:00+00:00,A,6,0.28,0.3071,0.2942,0.2939,nan,0.2926,1,765790
E0,epl-che-mun-2026-04-18,2026-04-18T19:00:00+00:00,A,24,0.29,0.3071,0.2942,0.2939,nan,0.2926,1,765790
E0,epl-ast-sun-2026-04-19,2026-04-19T13:00:00+00:00,H,1,0.55,0.5712,0.5455,0.5446,nan,0.5534,1,2211976
E0,epl-ast-sun-2026-04-19,2026-04-19T13:00:00+00:00,H,6,0.56,0.5712,0.5455,0.5446,nan,0.5534,1,2211976
E0,epl-ast-sun-2026-04-19,2026-04-19T13:00:00+00:00,H,24,0.56,0.5712,0.5455,0.5446,nan,0.5534,1,2211976
E0,epl-ast-sun-2026-04-19,2026-04-19T13:00:00+00:00,D,1,0.27,0.2493,0.2579,0.2648,nan,0.2587,0,213185
E0,epl-ast-sun-2026-04-19,2026-04-19T13:00:00+00:00,D,6,0.25,0.2493,0.2579,0.2648,nan,0.2587,0,213185
E0,epl-ast-sun-2026-04-19,2026-04-19T13:00:00+00:00,D,24,0.27,0.2493,0.2579,0.2648,nan,0.2587,0,213185
E0,epl-ast-sun-2026-04-19,2026-04-19T13:00:00+00:00,A,1,0.19,0.1795,0.1966,0.1906,nan,0.1879,0,289966
E0,epl-ast-sun-2026-04-19,2026-04-19T13:00:00+00:00,A,6,0.19,0.1795,0.1966,0.1906,nan,0.1879,0,289966
E0,epl-ast-sun-2026-04-19,2026-04-19T13:00:00+00:00,A,24,0.19,0.1795,0.1966,0.1906,nan,0.1879,0,289966
E0,epl-not-bur-2026-04-19,2026-04-19T13:00:00+00:00,H,1,0.67,0.6304,0.6468,0.6539,nan,0.6616,1,578991
E0,epl-not-bur-2026-04-19,2026-04-19T13:00:00+00:00,H,6,0.65,0.6304,0.6468,0.6539,nan,0.6616,1,578991
E0,epl-not-bur-2026-04-19,2026-04-19T13:00:00+00:00,H,24,0.66,0.6304,0.6468,0.6539,nan,0.6616,1,578991
E0,epl-not-bur-2026-04-19,2026-04-19T13:00:00+00:00,D,1,0.21,0.221,0.2151,0.2107,nan,0.2112,0,32606
E0,epl-not-bur-2026-04-19,2026-04-19T13:00:00+00:00,D,6,0.22,0.221,0.2151,0.2107,nan,0.2112,0,32606
E0,epl-not-bur-2026-04-19,2026-04-19T13:00:00+00:00,D,24,0.22,0.221,0.2151,0.2107,nan,0.2112,0,32606
E0,epl-not-bur-2026-04-19,2026-04-19T13:00:00+00:00,A,1,0.13,0.1486,0.1381,0.1354,nan,0.1272,0,118677
E0,epl-not-bur-2026-04-19,2026-04-19T13:00:00+00:00,A,6,0.13,0.1486,0.1381,0.1354,nan,0.1272,0,118677
E0,epl-not-bur-2026-04-19,2026-04-19T13:00:00+00:00,A,24,0.14,0.1486,0.1381,0.1354,nan,0.1272,0,118677
E0,epl-eve-liv-2026-04-19,2026-04-19T13:00:00+00:00,H,1,0.28,0.3023,0.295,0.2973,nan,0.2798,0,514800
E0,epl-eve-liv-2026-04-19,2026-04-19T13:00:00+00:00,H,6,0.3,0.3023,0.295,0.2973,nan,0.2798,0,514800
E0,epl-eve-liv-2026-04-19,2026-04-19T13:00:00+00:00,H,24,0.31,0.3023,0.295,0.2973,nan,0.2798,0,514800
E0,epl-eve-liv-2026-04-19,2026-04-19T13:00:00+00:00,D,1,0.29,0.2798,0.2835,0.2798,nan,0.2921,0,329839
E0,epl-eve-liv-2026-04-19,2026-04-19T13:00:00+00:00,D,6,0.27,0.2798,0.2835,0.2798,nan,0.2921,0,329839
E0,epl-eve-liv-2026-04-19,2026-04-19T13:00:00+00:00,D,24,0.3,0.2798,0.2835,0.2798,nan,0.2921,0,329839
E0,epl-eve-liv-2026-04-19,2026-04-19T13:00:00+00:00,A,1,0.43,0.4179,0.4215,0.4229,nan,0.4281,1,3121561
E0,epl-eve-liv-2026-04-19,2026-04-19T13:00:00+00:00,A,6,0.43,0.4179,0.4215,0.4229,nan,0.4281,1,3121561
E0,epl-eve-liv-2026-04-19,2026-04-19T13:00:00+00:00,A,24,0.41,0.4179,0.4215,0.4229,nan,0.4281,1,3121561
E0,epl-mac-ars-2026-04-19,2026-04-19T15:30:00+00:00,H,1,0.53,0.5171,0.5132,0.5125,nan,0.522,1,3353504
E0,epl-mac-ars-2026-04-19,2026-04-19T15:30:00+00:00,H,6,0.51,0.5171,0.5132,0.5125,nan,0.522,1,3353504
E0,epl-mac-ars-2026-04-19,2026-04-19T15:30:00+00:00,H,24,0.53,0.5171,0.5132,0.5125,nan,0.522,1,3353504
E0,epl-mac-ars-2026-04-19,2026-04-19T15:30:00+00:00,D,1,0.26,0.2614,0.263,0.2562,nan,0.2659,0,412757
E0,epl-mac-ars-2026-04-19,2026-04-19T15:30:00+00:00,D,6,0.27,0.2614,0.263,0.2562,nan,0.2659,0,412757
E0,epl-mac-ars-2026-04-19,2026-04-19T15:30:00+00:00,D,24,0.26,0.2614,0.263,0.2562,nan,0.2659,0,412757
E0,epl-mac-ars-2026-04-19,2026-04-19T15:30:00+00:00,A,1,0.23,0.2214,0.2238,0.2313,nan,0.2121,0,1587143
E0,epl-mac-ars-2026-04-19,2026-04-19T15:30:00+00:00,A,6,0.23,0.2214,0.2238,0.2313,nan,0.2121,0,1587143
E0,epl-mac-ars-2026-04-19,2026-04-19T15:30:00+00:00,A,24,0.23,0.2214,0.2238,0.2313,nan,0.2121,0,1587143
E0,epl-cry-wes-2026-04-20,2026-04-20T19:00:00+00:00,H,1,0.38,0.4061,0.3736,0.3593,nan,nan,0,971945
E0,epl-cry-wes-2026-04-20,2026-04-20T19:00:00+00:00,H,6,0.38,0.4061,0.3736,0.3593,nan,nan,0,971945
E0,epl-cry-wes-2026-04-20,2026-04-20T19:00:00+00:00,H,24,0.41,0.4061,0.3736,0.3593,nan,nan,0,971945
E0,epl-cry-wes-2026-04-20,2026-04-20T19:00:00+00:00,D,1,0.29,0.2922,0.2839,0.2907,nan,nan,1,444377
E0,epl-cry-wes-2026-04-20,2026-04-20T19:00:00+00:00,D,6,0.28,0.2922,0.2839,0.2907,nan,nan,1,444377
E0,epl-cry-wes-2026-04-20,2026-04-20T19:00:00+00:00,D,24,0.28,0.2922,0.2839,0.2907,nan,nan,1,444377
E0,epl-cry-wes-2026-04-20,2026-04-20T19:00:00+00:00,A,1,0.34,0.3016,0.3425,0.35,nan,nan,0,460820
E0,epl-cry-wes-2026-04-20,2026-04-20T19:00:00+00:00,A,6,0.33,0.3016,0.3425,0.35,nan,nan,0,460820
E0,epl-cry-wes-2026-04-20,2026-04-20T19:00:00+00:00,A,24,0.32,0.3016,0.3425,0.35,nan,nan,0,460820
E0,epl-bri-che-2026-04-21,2026-04-21T19:00:00+00:00,H,1,0.42,0.3859,0.4128,0.4211,nan,nan,1,1069950
E0,epl-bri-che-2026-04-21,2026-04-21T19:00:00+00:00,H,6,0.4,0.3859,0.4128,0.4211,nan,nan,1,1069950
E0,epl-bri-che-2026-04-21,2026-04-21T19:00:00+00:00,H,24,0.4,0.3859,0.4128,0.4211,nan,nan,1,1069950
E0,epl-bri-che-2026-04-21,2026-04-21T19:00:00+00:00,D,1,0.27,0.2601,0.2744,0.2632,nan,nan,0,149154
E0,epl-bri-che-2026-04-21,2026-04-21T19:00:00+00:00,D,6,0.26,0.2601,0.2744,0.2632,nan,nan,0,149154
E0,epl-bri-che-2026-04-21,2026-04-21T19:00:00+00:00,D,24,0.25,0.2601,0.2744,0.2632,nan,nan,0,149154
E0,epl-bri-che-2026-04-21,2026-04-21T19:00:00+00:00,A,1,0.32,0.354,0.3127,0.3158,nan,nan,0,851593
E0,epl-bri-che-2026-04-21,2026-04-21T19:00:00+00:00,A,6,0.34,0.354,0.3127,0.3158,nan,nan,0,851593
E0,epl-bri-che-2026-04-21,2026-04-21T19:00:00+00:00,A,24,0.36,0.354,0.3127,0.3158,nan,nan,0,851593
E0,epl-bou-lee-2026-04-22,2026-04-22T19:00:00+00:00,H,1,0.5,0.467,0.5156,0.5262,nan,nan,0,1229958
E0,epl-bou-lee-2026-04-22,2026-04-22T19:00:00+00:00,H,6,0.49,0.467,0.5156,0.5262,nan,nan,0,1229958
E0,epl-bou-lee-2026-04-22,2026-04-22T19:00:00+00:00,H,24,0.48,0.467,0.5156,0.5262,nan,nan,0,1229958
E0,epl-bou-lee-2026-04-22,2026-04-22T19:00:00+00:00,D,1,0.26,0.2688,0.2496,0.2428,nan,nan,1,386911
E0,epl-bou-lee-2026-04-22,2026-04-22T19:00:00+00:00,D,6,0.26,0.2688,0.2496,0.2428,nan,nan,1,386911
E0,epl-bou-lee-2026-04-22,2026-04-22T19:00:00+00:00,D,24,0.27,0.2688,0.2496,0.2428,nan,nan,1,386911
E0,epl-bou-lee-2026-04-22,2026-04-22T19:00:00+00:00,A,1,0.24,0.2642,0.2347,0.231,nan,nan,0,155857
E0,epl-bou-lee-2026-04-22,2026-04-22T19:00:00+00:00,A,6,0.26,0.2642,0.2347,0.231,nan,nan,0,155857
E0,epl-bou-lee-2026-04-22,2026-04-22T19:00:00+00:00,A,24,0.2557,0.2642,0.2347,0.231,nan,nan,0,155857
E0,epl-bur-mac-2026-04-22,2026-04-22T19:00:00+00:00,H,1,0.05,0.0572,0.06,0.0628,nan,nan,0,313407
E0,epl-bur-mac-2026-04-22,2026-04-22T19:00:00+00:00,H,6,0.06,0.0572,0.06,0.0628,nan,nan,0,313407
E0,epl-bur-mac-2026-04-22,2026-04-22T19:00:00+00:00,H,24,0.05,0.0572,0.06,0.0628,nan,nan,0,313407
E0,epl-bur-mac-2026-04-22,2026-04-22T19:00:00+00:00,D,1,0.1,0.1139,0.1169,0.1108,nan,nan,0,87584
E0,epl-bur-mac-2026-04-22,2026-04-22T19:00:00+00:00,D,6,0.11,0.1139,0.1169,0.1108,nan,nan,0,87584
E0,epl-bur-mac-2026-04-22,2026-04-22T19:00:00+00:00,D,24,0.1,0.1139,0.1169,0.1108,nan,nan,0,87584
E0,epl-bur-mac-2026-04-22,2026-04-22T19:00:00+00:00,A,1,0.86,0.829,0.8231,0.8264,nan,nan,1,1579960
E0,epl-bur-mac-2026-04-22,2026-04-22T19:00:00+00:00,A,6,0.85,0.829,0.8231,0.8264,nan,nan,1,1579960
E0,epl-bur-mac-2026-04-22,2026-04-22T19:00:00+00:00,A,24,0.87,0.829,0.8231,0.8264,nan,nan,1,1579960
E0,epl-sun-not-2026-04-24,2026-04-24T19:00:00+00:00,H,1,0.34,0.3517,0.3539,0.3587,nan,nan,0,382810
E0,epl-sun-not-2026-04-24,2026-04-24T19:00:00+00:00,H,6,0.36,0.3517,0.3539,0.3587,nan,nan,0,382810
E0,epl-sun-not-2026-04-24,2026-04-24T19:00:00+00:00,H,24,0.35,0.3517,0.3539,0.3587,nan,nan,0,382810
E0,epl-sun-not-2026-04-24,2026-04-24T19:00:00+00:00,D,1,0.31,0.2953,0.3037,0.3043,nan,nan,0,241617
E0,epl-sun-not-2026-04-24,2026-04-24T19:00:00+00:00,D,6,0.3,0.2953,0.3037,0.3043,nan,nan,0,241617
E0,epl-sun-not-2026-04-24,2026-04-24T19:00:00+00:00,D,24,0.31,0.2953,0.3037,0.3043,nan,nan,0,241617
E0,epl-sun-not-2026-04-24,2026-04-24T19:00:00+00:00,A,1,0.34,0.353,0.3424,0.3369,nan,nan,1,224026
E0,epl-sun-not-2026-04-24,2026-04-24T19:00:00+00:00,A,6,0.35,0.353,0.3424,0.3369,nan,nan,1,224026
E0,epl-sun-not-2026-04-24,2026-04-24T19:00:00+00:00,A,24,0.35,0.353,0.3424,0.3369,nan,nan,1,224026
E0,epl-ful-ast-2026-04-25,2026-04-25T11:30:00+00:00,H,1,0.37,0.3516,0.3869,0.3889,nan,nan,1,343504
E0,epl-ful-ast-2026-04-25,2026-04-25T11:30:00+00:00,H,6,0.36,0.3516,0.3869,0.3889,nan,nan,1,343504
E0,epl-ful-ast-2026-04-25,2026-04-25T11:30:00+00:00,H,24,0.34,0.3516,0.3869,0.3889,nan,nan,1,343504
E0,epl-ful-ast-2026-04-25,2026-04-25T11:30:00+00:00,D,1,0.26,0.2683,0.2649,0.2647,nan,nan,0,196339
E0,epl-ful-ast-2026-04-25,2026-04-25T11:30:00+00:00,D,6,0.27,0.2683,0.2649,0.2647,nan,nan,0,196339
E0,epl-ful-ast-2026-04-25,2026-04-25T11:30:00+00:00,D,24,0.26,0.2683,0.2649,0.2647,nan,nan,0,196339
E0,epl-ful-ast-2026-04-25,2026-04-25T11:30:00+00:00,A,1,0.36,0.3801,0.3482,0.3465,nan,nan,0,965094
E0,epl-ful-ast-2026-04-25,2026-04-25T11:30:00+00:00,A,6,0.38,0.3801,0.3482,0.3465,nan,nan,0,965094
E0,epl-ful-ast-2026-04-25,2026-04-25T11:30:00+00:00,A,24,0.4,0.3801,0.3482,0.3465,nan,nan,0,965094
E0,epl-liv-cry-2026-04-25,2026-04-25T14:00:00+00:00,H,1,0.63,0.6533,0.6037,0.5968,nan,nan,1,1206335
E0,epl-liv-cry-2026-04-25,2026-04-25T14:00:00+00:00,H,6,0.63,0.6533,0.6037,0.5968,nan,nan,1,1206335
E0,epl-liv-cry-2026-04-25,2026-04-25T14:00:00+00:00,H,24,0.66,0.6533,0.6037,0.5968,nan,nan,1,1206335
E0,epl-liv-cry-2026-04-25,2026-04-25T14:00:00+00:00,D,1,0.21,0.1976,0.2155,0.2122,nan,nan,0,202996
E0,epl-liv-cry-2026-04-25,2026-04-25T14:00:00+00:00,D,6,0.21,0.1976,0.2155,0.2122,nan,nan,0,202996
E0,epl-liv-cry-2026-04-25,2026-04-25T14:00:00+00:00,D,24,0.19,0.1976,0.2155,0.2122,nan,nan,0,202996
E0,epl-liv-cry-2026-04-25,2026-04-25T14:00:00+00:00,A,1,0.18,0.1491,0.1808,0.191,nan,nan,0,220619
E0,epl-liv-cry-2026-04-25,2026-04-25T14:00:00+00:00,A,6,0.17,0.1491,0.1808,0.191,nan,nan,0,220619
E0,epl-liv-cry-2026-04-25,2026-04-25T14:00:00+00:00,A,24,0.15,0.1491,0.1808,0.191,nan,nan,0,220619
E0,epl-wes-eve-2026-04-25,2026-04-25T14:00:00+00:00,H,1,0.4,0.3947,0.3885,0.3902,nan,nan,1,218854
E0,epl-wes-eve-2026-04-25,2026-04-25T14:00:00+00:00,H,6,0.41,0.3947,0.3885,0.3902,nan,nan,1,218854
E0,epl-wes-eve-2026-04-25,2026-04-25T14:00:00+00:00,H,24,0.41,0.3947,0.3885,0.3902,nan,nan,1,218854
E0,epl-wes-eve-2026-04-25,2026-04-25T14:00:00+00:00,D,1,0.27,0.2813,0.2781,0.2754,nan,nan,0,273725
E0,epl-wes-eve-2026-04-25,2026-04-25T14:00:00+00:00,D,6,0.29,0.2813,0.2781,0.2754,nan,nan,0,273725
E0,epl-wes-eve-2026-04-25,2026-04-25T14:00:00+00:00,D,24,0.29,0.2813,0.2781,0.2754,nan,nan,0,273725
E0,epl-wes-eve-2026-04-25,2026-04-25T14:00:00+00:00,A,1,0.33,0.324,0.3334,0.3344,nan,nan,0,364338
E0,epl-wes-eve-2026-04-25,2026-04-25T14:00:00+00:00,A,6,0.33,0.324,0.3334,0.3344,nan,nan,0,364338
E0,epl-wes-eve-2026-04-25,2026-04-25T14:00:00+00:00,A,24,0.31,0.324,0.3334,0.3344,nan,nan,0,364338
E0,epl-wol-tot-2026-04-25,2026-04-25T14:00:00+00:00,H,1,0.19,0.2102,0.203,0.2112,nan,nan,0,324863
E0,epl-wol-tot-2026-04-25,2026-04-25T14:00:00+00:00,H,6,0.21,0.2102,0.203,0.2112,nan,nan,0,324863
E0,epl-wol-tot-2026-04-25,2026-04-25T14:00:00+00:00,H,24,0.21,0.2102,0.203,0.2112,nan,nan,0,324863
E0,epl-wol-tot-2026-04-25,2026-04-25T14:00:00+00:00,D,1,0.23,0.236,0.225,0.2195,nan,nan,0,302467
E0,epl-wol-tot-2026-04-25,2026-04-25T14:00:00+00:00,D,6,0.23,0.236,0.225,0.2195,nan,nan,0,302467
E0,epl-wol-tot-2026-04-25,2026-04-25T14:00:00+00:00,D,24,0.2101,0.236,0.225,0.2195,nan,nan,0,302467
E0,epl-wol-tot-2026-04-25,2026-04-25T14:00:00+00:00,A,1,0.57,0.5539,0.572,0.5692,nan,nan,1,1576110
E0,epl-wol-tot-2026-04-25,2026-04-25T14:00:00+00:00,A,6,0.58,0.5539,0.572,0.5692,nan,nan,1,1576110
E0,epl-wol-tot-2026-04-25,2026-04-25T14:00:00+00:00,A,24,0.57,0.5539,0.572,0.5692,nan,nan,1,1576110
E0,epl-ars-new-2026-04-25,2026-04-25T16:30:00+00:00,H,1,0.69,0.6476,0.6825,0.6849,nan,nan,1,4358818
E0,epl-ars-new-2026-04-25,2026-04-25T16:30:00+00:00,H,6,0.69,0.6476,0.6825,0.6849,nan,nan,1,4358818
E0,epl-ars-new-2026-04-25,2026-04-25T16:30:00+00:00,H,24,0.67,0.6476,0.6825,0.6849,nan,nan,1,4358818
E0,epl-ars-new-2026-04-25,2026-04-25T16:30:00+00:00,D,1,0.2,0.2015,0.1934,0.189,nan,nan,0,159985
E0,epl-ars-new-2026-04-25,2026-04-25T16:30:00+00:00,D,6,0.2,0.2015,0.1934,0.189,nan,nan,0,159985
E0,epl-ars-new-2026-04-25,2026-04-25T16:30:00+00:00,D,24,0.2,0.2015,0.1934,0.189,nan,nan,0,159985
E0,epl-ars-new-2026-04-25,2026-04-25T16:30:00+00:00,A,1,0.13,0.151,0.1241,0.126,nan,nan,0,598460
E0,epl-ars-new-2026-04-25,2026-04-25T16:30:00+00:00,A,6,0.13,0.151,0.1241,0.126,nan,nan,0,598460
E0,epl-ars-new-2026-04-25,2026-04-25T16:30:00+00:00,A,24,0.15,0.151,0.1241,0.126,nan,nan,0,598460
E0,epl-mun-bre-2026-04-27,2026-04-27T19:00:00+00:00,H,1,0.47,0.51,0.4806,0.485,nan,nan,1,2539214
E0,epl-mun-bre-2026-04-27,2026-04-27T19:00:00+00:00,H,6,0.5,0.51,0.4806,0.485,nan,nan,1,2539214
E0,epl-mun-bre-2026-04-27,2026-04-27T19:00:00+00:00,H,24,0.52,0.51,0.4806,0.485,nan,nan,1,2539214
E0,epl-mun-bre-2026-04-27,2026-04-27T19:00:00+00:00,D,1,0.26,0.2456,0.2525,0.2522,nan,nan,0,202439
E0,epl-mun-bre-2026-04-27,2026-04-27T19:00:00+00:00,D,6,0.26,0.2456,0.2525,0.2522,nan,nan,0,202439
E0,epl-mun-bre-2026-04-27,2026-04-27T19:00:00+00:00,D,24,0.25,0.2456,0.2525,0.2522,nan,nan,0,202439
E0,epl-mun-bre-2026-04-27,2026-04-27T19:00:00+00:00,A,1,0.26,0.2444,0.2669,0.2627,nan,nan,0,587051
E0,epl-mun-bre-2026-04-27,2026-04-27T19:00:00+00:00,A,6,0.24,0.2444,0.2669,0.2627,nan,nan,0,587051
E0,epl-mun-bre-2026-04-27,2026-04-27T19:00:00+00:00,A,24,0.24,0.2444,0.2669,0.2627,nan,nan,0,587051
E0,epl-lee-bur-2026-05-01,2026-05-01T19:00:00+00:00,H,1,0.69,0.7044,0.6968,0.6983,nan,nan,1,3818185
E0,epl-lee-bur-2026-05-01,2026-05-01T19:00:00+00:00,H,6,0.71,0.7044,0.6968,0.6983,nan,nan,1,3818185
E0,epl-lee-bur-2026-05-01,2026-05-01T19:00:00+00:00,H,24,0.7,0.7044,0.6968,0.6983,nan,nan,1,3818185
E0,epl-lee-bur-2026-05-01,2026-05-01T19:00:00+00:00,D,1,0.19,0.1854,0.1922,0.1899,nan,nan,0,169597
E0,epl-lee-bur-2026-05-01,2026-05-01T19:00:00+00:00,D,6,0.2,0.1854,0.1922,0.1899,nan,nan,0,169597
E0,epl-lee-bur-2026-05-01,2026-05-01T19:00:00+00:00,D,24,0.19,0.1854,0.1922,0.1899,nan,nan,0,169597
E0,epl-lee-bur-2026-05-01,2026-05-01T19:00:00+00:00,A,1,0.11,0.1101,0.111,0.1117,nan,nan,0,382378
E0,epl-lee-bur-2026-05-01,2026-05-01T19:00:00+00:00,A,6,0.11,0.1101,0.111,0.1117,nan,nan,0,382378
E0,epl-lee-bur-2026-05-01,2026-05-01T19:00:00+00:00,A,24,0.11,0.1101,0.111,0.1117,nan,nan,0,382378
E0,epl-new-bri-2026-05-02,2026-05-02T14:00:00+00:00,H,1,0.36,0.3765,0.3546,0.3506,nan,nan,1,298902
E0,epl-new-bri-2026-05-02,2026-05-02T14:00:00+00:00,H,6,0.38,0.3765,0.3546,0.3506,nan,nan,1,298902
E0,epl-new-bri-2026-05-02,2026-05-02T14:00:00+00:00,H,24,0.38,0.3765,0.3546,0.3506,nan,nan,1,298902
E0,epl-new-bri-2026-05-02,2026-05-02T14:00:00+00:00,D,1,0.26,0.2615,0.262,0.263,nan,nan,0,62238
E0,epl-new-bri-2026-05-02,2026-05-02T14:00:00+00:00,D,6,0.26,0.2615,0.262,0.263,nan,nan,0,62238
E0,epl-new-bri-2026-05-02,2026-05-02T14:00:00+00:00,D,24,0.25,0.2615,0.262,0.263,nan,nan,0,62238
E0,epl-new-bri-2026-05-02,2026-05-02T14:00:00+00:00,A,1,0.38,0.362,0.3834,0.3864,nan,nan,0,295005
E0,epl-new-bri-2026-05-02,2026-05-02T14:00:00+00:00,A,6,0.37,0.362,0.3834,0.3864,nan,nan,0,295005
E0,epl-new-bri-2026-05-02,2026-05-02T14:00:00+00:00,A,24,0.37,0.362,0.3834,0.3864,nan,nan,0,295005
E0,epl-wol-sun-2026-05-02,2026-05-02T14:00:00+00:00,H,1,0.25,0.2896,0.2567,0.2612,nan,nan,0,130394
E0,epl-wol-sun-2026-05-02,2026-05-02T14:00:00+00:00,H,6,0.26,0.2896,0.2567,0.2612,nan,nan,0,130394
E0,epl-wol-sun-2026-05-02,2026-05-02T14:00:00+00:00,H,24,0.29,0.2896,0.2567,0.2612,nan,nan,0,130394
E0,epl-wol-sun-2026-05-02,2026-05-02T14:00:00+00:00,D,1,0.27,0.2801,0.2676,0.2687,nan,nan,1,92317
E0,epl-wol-sun-2026-05-02,2026-05-02T14:00:00+00:00,D,6,0.27,0.2801,0.2676,0.2687,nan,nan,1,92317
E0,epl-wol-sun-2026-05-02,2026-05-02T14:00:00+00:00,D,24,0.29,0.2801,0.2676,0.2687,nan,nan,1,92317
E0,epl-wol-sun-2026-05-02,2026-05-02T14:00:00+00:00,A,1,0.49,0.4304,0.4757,0.4701,nan,nan,0,1086519
E0,epl-wol-sun-2026-05-02,2026-05-02T14:00:00+00:00,A,6,0.49,0.4304,0.4757,0.4701,nan,nan,0,1086519
E0,epl-wol-sun-2026-05-02,2026-05-02T14:00:00+00:00,A,24,0.44,0.4304,0.4757,0.4701,nan,nan,0,1086519
E0,epl-bre-wes-2026-05-02,2026-05-02T14:00:00+00:00,H,1,0.51,0.4916,0.5073,0.5067,nan,nan,1,1017110
E0,epl-bre-wes-2026-05-02,2026-05-02T14:00:00+00:00,H,6,0.54,0.4916,0.5073,0.5067,nan,nan,1,1017110
E0,epl-bre-wes-2026-05-02,2026-05-02T14:00:00+00:00,H,24,0.51,0.4916,0.5073,0.5067,nan,nan,1,1017110
E0,epl-bre-wes-2026-05-02,2026-05-02T14:00:00+00:00,D,1,0.25,0.249,0.2444,0.2467,nan,nan,0,52850
E0,epl-bre-wes-2026-05-02,2026-05-02T14:00:00+00:00,D,6,0.24,0.249,0.2444,0.2467,nan,nan,0,52850
E0,epl-bre-wes-2026-05-02,2026-05-02T14:00:00+00:00,D,24,0.25,0.249,0.2444,0.2467,nan,nan,0,52850
E0,epl-bre-wes-2026-05-02,2026-05-02T14:00:00+00:00,A,1,0.24,0.2594,0.2483,0.2467,nan,nan,0,151914
E0,epl-bre-wes-2026-05-02,2026-05-02T14:00:00+00:00,A,6,0.24,0.2594,0.2483,0.2467,nan,nan,0,151914
E0,epl-bre-wes-2026-05-02,2026-05-02T14:00:00+00:00,A,24,0.26,0.2594,0.2483,0.2467,nan,nan,0,151914
E0,epl-ars-ful-2026-05-02,2026-05-02T16:30:00+00:00,H,1,0.67,0.652,0.6516,0.6539,nan,nan,1,2801432
E0,epl-ars-ful-2026-05-02,2026-05-02T16:30:00+00:00,H,6,0.67,0.652,0.6516,0.6539,nan,nan,1,2801432
E0,epl-ars-ful-2026-05-02,2026-05-02T16:30:00+00:00,H,24,0.68,0.652,0.6516,0.6539,nan,nan,1,2801432
E0,epl-ars-ful-2026-05-02,2026-05-02T16:30:00+00:00,D,1,0.21,0.2139,0.2138,0.2107,nan,nan,0,102692
E0,epl-ars-ful-2026-05-02,2026-05-02T16:30:00+00:00,D,6,0.2,0.2139,0.2138,0.2107,nan,nan,0,102692
E0,epl-ars-ful-2026-05-02,2026-05-02T16:30:00+00:00,D,24,0.21,0.2139,0.2138,0.2107,nan,nan,0,102692
E0,epl-ars-ful-2026-05-02,2026-05-02T16:30:00+00:00,A,1,0.12,0.1341,0.1346,0.1354,nan,nan,0,316108
E0,epl-ars-ful-2026-05-02,2026-05-02T16:30:00+00:00,A,6,0.12,0.1341,0.1346,0.1354,nan,nan,0,316108
E0,epl-ars-ful-2026-05-02,2026-05-02T16:30:00+00:00,A,24,0.13,0.1341,0.1346,0.1354,nan,nan,0,316108
E0,epl-bou-cry-2026-05-03,2026-05-03T13:00:00+00:00,H,1,0.62,0.5939,0.6025,0.6049,nan,nan,1,454023
E0,epl-bou-cry-2026-05-03,2026-05-03T13:00:00+00:00,H,6,0.6,0.5939,0.6025,0.6049,nan,nan,1,454023
E0,epl-bou-cry-2026-05-03,2026-05-03T13:00:00+00:00,H,24,0.59,0.5939,0.6025,0.6049,nan,nan,1,454023
E0,epl-bou-cry-2026-05-03,2026-05-03T13:00:00+00:00,D,1,0.23,0.2256,0.2222,0.2165,nan,nan,0,85169
E0,epl-bou-cry-2026-05-03,2026-05-03T13:00:00+00:00,D,6,0.23,0.2256,0.2222,0.2165,nan,nan,0,85169
E0,epl-bou-cry-2026-05-03,2026-05-03T13:00:00+00:00,D,24,0.24,0.2256,0.2222,0.2165,nan,nan,0,85169
E0,epl-bou-cry-2026-05-03,2026-05-03T13:00:00+00:00,A,1,0.17,0.1805,0.1753,0.1786,nan,nan,0,116880
E0,epl-bou-cry-2026-05-03,2026-05-03T13:00:00+00:00,A,6,0.18,0.1805,0.1753,0.1786,nan,nan,0,116880
E0,epl-bou-cry-2026-05-03,2026-05-03T13:00:00+00:00,A,24,0.18,0.1805,0.1753,0.1786,nan,nan,0,116880
E0,epl-che-not-2026-05-04,2026-05-04T14:00:00+00:00,H,1,0.6579,0.559,0.6697,0.6659,nan,nan,0,8679950
E0,epl-che-not-2026-05-04,2026-05-04T14:00:00+00:00,H,6,0.57,0.559,0.6697,0.6659,nan,nan,0,8679950
E0,epl-che-not-2026-05-04,2026-05-04T14:00:00+00:00,H,24,0.59,0.559,0.6697,0.6659,nan,nan,0,8679950
E0,epl-che-not-2026-05-04,2026-05-04T14:00:00+00:00,D,1,0.2,0.239,0.1975,0.1991,nan,nan,0,393498
E0,epl-che-not-2026-05-04,2026-05-04T14:00:00+00:00,D,6,0.23,0.239,0.1975,0.1991,nan,nan,0,393498
E0,epl-che-not-2026-05-04,2026-05-04T14:00:00+00:00,D,24,0.24,0.239,0.1975,0.1991,nan,nan,0,393498
E0,epl-che-not-2026-05-04,2026-05-04T14:00:00+00:00,A,1,0.1432,0.202,0.1328,0.1351,nan,nan,1,1726416
E0,epl-che-not-2026-05-04,2026-05-04T14:00:00+00:00,A,6,0.2,0.202,0.1328,0.1351,nan,nan,1,1726416
E0,epl-che-not-2026-05-04,2026-05-04T14:00:00+00:00,A,24,0.19,0.202,0.1328,0.1351,nan,nan,1,1726416
E0,epl-mun-liv-2026-05-03,2026-05-03T14:30:00+00:00,H,1,0.4,0.4092,0.4014,0.4055,nan,nan,1,5205603
E0,epl-mun-liv-2026-05-03,2026-05-03T14:30:00+00:00,H,6,0.42,0.4092,0.4014,0.4055,nan,nan,1,5205603
E0,epl-mun-liv-2026-05-03,2026-05-03T14:30:00+00:00,H,24,0.43,0.4092,0.4014,0.4055,nan,nan,1,5205603
E0,epl-mun-liv-2026-05-03,2026-05-03T14:30:00+00:00,D,1,0.26,0.2512,0.2543,0.2541,nan,nan,0,409679
E0,epl-mun-liv-2026-05-03,2026-05-03T14:30:00+00:00,D,6,0.25,0.2512,0.2543,0.2541,nan,nan,0,409679
E0,epl-mun-liv-2026-05-03,2026-05-03T14:30:00+00:00,D,24,0.25,0.2512,0.2543,0.2541,nan,nan,0,409679
E0,epl-mun-liv-2026-05-03,2026-05-03T14:30:00+00:00,A,1,0.35,0.3395,0.3443,0.3403,nan,nan,0,3427553
E0,epl-mun-liv-2026-05-03,2026-05-03T14:30:00+00:00,A,6,0.33,0.3395,0.3443,0.3403,nan,nan,0,3427553
E0,epl-mun-liv-2026-05-03,2026-05-03T14:30:00+00:00,A,24,0.33,0.3395,0.3443,0.3403,nan,nan,0,3427553
E0,epl-ast-tot-2026-05-03,2026-05-03T18:00:00+00:00,H,1,0.42,0.4466,0.4198,0.4211,nan,nan,0,1967348
E0,epl-ast-tot-2026-05-03,2026-05-03T18:00:00+00:00,H,6,0.46,0.4466,0.4198,0.4211,nan,nan,0,1967348
E0,epl-ast-tot-2026-05-03,2026-05-03T18:00:00+00:00,H,24,0.43,0.4466,0.4198,0.4211,nan,nan,0,1967348
E0,epl-ast-tot-2026-05-03,2026-05-03T18:00:00+00:00,D,1,0.26,0.2612,0.2657,0.2632,nan,nan,0,260239
E0,epl-ast-tot-2026-05-03,2026-05-03T18:00:00+00:00,D,6,0.27,0.2612,0.2657,0.2632,nan,nan,0,260239
E0,epl-ast-tot-2026-05-03,2026-05-03T18:00:00+00:00,D,24,0.27,0.2612,0.2657,0.2632,nan,nan,0,260239
E0,epl-ast-tot-2026-05-03,2026-05-03T18:00:00+00:00,A,1,0.31,0.2922,0.3145,0.3158,nan,nan,1,617585
E0,epl-ast-tot-2026-05-03,2026-05-03T18:00:00+00:00,A,6,0.29,0.2922,0.3145,0.3158,nan,nan,1,617585
E0,epl-ast-tot-2026-05-03,2026-05-03T18:00:00+00:00,A,24,0.29,0.2922,0.3145,0.3158,nan,nan,1,617585
E0,epl-eve-mac-2026-05-04,2026-05-04T19:00:00+00:00,H,1,0.13,0.1469,0.1409,0.1453,nan,nan,0,916442
E0,epl-eve-mac-2026-05-04,2026-05-04T19:00:00+00:00,H,6,0.14,0.1469,0.1409,0.1453,nan,nan,0,916442
E0,epl-eve-mac-2026-05-04,2026-05-04T19:00:00+00:00,H,24,0.15,0.1469,0.1409,0.1453,nan,nan,0,916442
E0,epl-eve-mac-2026-05-04,2026-05-04T19:00:00+00:00,D,1,0.19,0.2024,0.2045,0.1988,nan,nan,1,280307
E0,epl-eve-mac-2026-05-04,2026-05-04T19:00:00+00:00,D,6,0.21,0.2024,0.2045,0.1988,nan,nan,1,280307
E0,epl-eve-mac-2026-05-04,2026-05-04T19:00:00+00:00,D,24,0.2,0.2024,0.2045,0.1988,nan,nan,1,280307
E0,epl-eve-mac-2026-05-04,2026-05-04T19:00:00+00:00,A,1,0.67,0.6507,0.6546,0.6559,nan,nan,0,4777911
E0,epl-eve-mac-2026-05-04,2026-05-04T19:00:00+00:00,A,6,0.66,0.6507,0.6546,0.6559,nan,nan,0,4777911
E0,epl-eve-mac-2026-05-04,2026-05-04T19:00:00+00:00,A,24,0.66,0.6507,0.6546,0.6559,nan,nan,0,4777911
E0,epl-liv-che-2026-05-09,2026-05-09T11:30:00+00:00,H,1,0.49,0.5159,0.4737,0.4713,nan,nan,0,3138232
E0,epl-liv-che-2026-05-09,2026-05-09T11:30:00+00:00,H,6,0.49,0.5159,0.4737,0.4713,nan,nan,0,3138232
E0,epl-liv-che-2026-05-09,2026-05-09T11:30:00+00:00,H,24,0.53,0.5159,0.4737,0.4713,nan,nan,0,3138232
E0,epl-liv-che-2026-05-09,2026-05-09T11:30:00+00:00,D,1,0.24,0.2377,0.2555,0.2514,nan,nan,1,633148
E0,epl-liv-che-2026-05-09,2026-05-09T11:30:00+00:00,D,6,0.25,0.2377,0.2555,0.2514,nan,nan,1,633148
E0,epl-liv-che-2026-05-09,2026-05-09T11:30:00+00:00,D,24,0.24,0.2377,0.2555,0.2514,nan,nan,1,633148
E0,epl-liv-che-2026-05-09,2026-05-09T11:30:00+00:00,A,1,0.25,0.2464,0.2709,0.2773,nan,nan,0,538132
E0,epl-liv-che-2026-05-09,2026-05-09T11:30:00+00:00,A,6,0.26,0.2464,0.2709,0.2773,nan,nan,0,538132
E0,epl-liv-che-2026-05-09,2026-05-09T11:30:00+00:00,A,24,0.24,0.2464,0.2709,0.2773,nan,nan,0,538132
E0,epl-ful-bou-2026-05-09,2026-05-09T14:00:00+00:00,H,1,0.36,0.3504,0.3577,0.3506,nan,0.3478,0,324493
E0,epl-ful-bou-2026-05-09,2026-05-09T14:00:00+00:00,H,6,0.36,0.3504,0.3577,0.3506,nan,0.3478,0,324493
E0,epl-ful-bou-2026-05-09,2026-05-09T14:00:00+00:00,H,24,0.35,0.3504,0.3577,0.3506,nan,0.3478,0,324493
E0,epl-ful-bou-2026-05-09,2026-05-09T14:00:00+00:00,D,1,0.27,0.2566,0.2613,0.263,nan,0.2725,0,188601
E0,epl-ful-bou-2026-05-09,2026-05-09T14:00:00+00:00,D,6,0.26,0.2566,0.2613,0.263,nan,0.2725,0,188601
E0,epl-ful-bou-2026-05-09,2026-05-09T14:00:00+00:00,D,24,0.26,0.2566,0.2613,0.263,nan,0.2725,0,188601
E0,epl-ful-bou-2026-05-09,2026-05-09T14:00:00+00:00,A,1,0.39,0.393,0.3809,0.3864,nan,0.3797,1,576025
E0,epl-ful-bou-2026-05-09,2026-05-09T14:00:00+00:00,A,6,0.39,0.393,0.3809,0.3864,nan,0.3797,1,576025
E0,epl-ful-bou-2026-05-09,2026-05-09T14:00:00+00:00,A,24,0.41,0.393,0.3809,0.3864,nan,0.3797,1,576025
E0,epl-sun-mun-2026-05-09,2026-05-09T14:00:00+00:00,H,1,0.28,0.2395,0.2935,0.2961,nan,0.288,0,368342
E0,epl-sun-mun-2026-05-09,2026-05-09T14:00:00+00:00,H,6,0.24,0.2395,0.2935,0.2961,nan,0.288,0,368342
E0,epl-sun-mun-2026-05-09,2026-05-09T14:00:00+00:00,H,24,0.22,0.2395,0.2935,0.2961,nan,0.288,0,368342
E0,epl-sun-mun-2026-05-09,2026-05-09T14:00:00+00:00,D,1,0.28,0.2544,0.2684,0.2632,nan,0.2723,1,234384
E0,epl-sun-mun-2026-05-09,2026-05-09T14:00:00+00:00,D,6,0.26,0.2544,0.2684,0.2632,nan,0.2723,1,234384
E0,epl-sun-mun-2026-05-09,2026-05-09T14:00:00+00:00,D,24,0.26,0.2544,0.2684,0.2632,nan,0.2723,1,234384
E0,epl-sun-mun-2026-05-09,2026-05-09T14:00:00+00:00,A,1,0.46,0.5061,0.4382,0.4407,nan,0.4397,0,1665723
E0,epl-sun-mun-2026-05-09,2026-05-09T14:00:00+00:00,A,6,0.5,0.5061,0.4382,0.4407,nan,0.4397,0,1665723
E0,epl-sun-mun-2026-05-09,2026-05-09T14:00:00+00:00,A,24,0.52,0.5061,0.4382,0.4407,nan,0.4397,0,1665723
E0,epl-bri-wol-2026-05-09,2026-05-09T14:00:00+00:00,H,1,0.77,0.7445,0.7455,0.7362,nan,0.7611,1,402420
E0,epl-bri-wol-2026-05-09,2026-05-09T14:00:00+00:00,H,6,0.78,0.7445,0.7455,0.7362,nan,0.7611,1,402420
E0,epl-bri-wol-2026-05-09,2026-05-09T14:00:00+00:00,H,24,0.77,0.7445,0.7455,0.7362,nan,0.7611,1,402420
E0,epl-bri-wol-2026-05-09,2026-05-09T14:00:00+00:00,D,1,0.15,0.1608,0.1591,0.1583,nan,0.1558,0,41238
E0,epl-bri-wol-2026-05-09,2026-05-09T14:00:00+00:00,D,6,0.14,0.1608,0.1591,0.1583,nan,0.1558,0,41238
E0,epl-bri-wol-2026-05-09,2026-05-09T14:00:00+00:00,D,24,0.15,0.1608,0.1591,0.1583,nan,0.1558,0,41238
E0,epl-bri-wol-2026-05-09,2026-05-09T14:00:00+00:00,A,1,0.08,0.0947,0.0953,0.1055,nan,0.0831,0,153770
E0,epl-bri-wol-2026-05-09,2026-05-09T14:00:00+00:00,A,6,0.08,0.0947,0.0953,0.1055,nan,0.0831,0,153770
E0,epl-bri-wol-2026-05-09,2026-05-09T14:00:00+00:00,A,24,0.08,0.0947,0.0953,0.1055,nan,0.0831,0,153770
E0,epl-mac-bre-2026-05-09,2026-05-09T16:30:00+00:00,H,1,0.71,0.6985,0.7024,0.6937,nan,0.7229,1,5429195
E0,epl-mac-bre-2026-05-09,2026-05-09T16:30:00+00:00,H,6,0.72,0.6985,0.7024,0.6937,nan,0.7229,1,5429195
E0,epl-mac-bre-2026-05-09,2026-05-09T16:30:00+00:00,H,24,0.71,0.6985,0.7024,0.6937,nan,0.7229,1,5429195
E0,epl-mac-bre-2026-05-09,2026-05-09T16:30:00+00:00,D,1,0.18,0.1711,0.169,0.1715,nan,0.1663,0,108090
E0,epl-mac-bre-2026-05-09,2026-05-09T16:30:00+00:00,D,6,0.17,0.1711,0.169,0.1715,nan,0.1663,0,108090
E0,epl-mac-bre-2026-05-09,2026-05-09T16:30:00+00:00,D,24,0.16,0.1711,0.169,0.1715,nan,0.1663,0,108090
E0,epl-mac-bre-2026-05-09,2026-05-09T16:30:00+00:00,A,1,0.12,0.1304,0.1286,0.1348,nan,0.1108,0,387299
E0,epl-mac-bre-2026-05-09,2026-05-09T16:30:00+00:00,A,6,0.11,0.1304,0.1286,0.1348,nan,0.1108,0,387299
E0,epl-mac-bre-2026-05-09,2026-05-09T16:30:00+00:00,A,24,0.12,0.1304,0.1286,0.1348,nan,0.1108,0,387299
E0,epl-bur-ast-2026-05-10,2026-05-10T13:00:00+00:00,H,1,0.14,0.1759,0.1488,0.1512,nan,0.1464,0,192151
E0,epl-bur-ast-2026-05-10,2026-05-10T13:00:00+00:00,H,6,0.16,0.1759,0.1488,0.1512,nan,0.1464,0,192151
E0,epl-bur-ast-2026-05-10,2026-05-10T13:00:00+00:00,H,24,0.18,0.1759,0.1488,0.1512,nan,0.1464,0,192151
E0,epl-bur-ast-2026-05-10,2026-05-10T13:00:00+00:00,D,1,0.21,0.2296,0.2135,0.2101,nan,0.2073,1,193111
E0,epl-bur-ast-2026-05-10,2026-05-10T13:00:00+00:00,D,6,0.23,0.2296,0.2135,0.2101,nan,0.2073,1,193111
E0,epl-bur-ast-2026-05-10,2026-05-10T13:00:00+00:00,D,24,0.22,0.2296,0.2135,0.2101,nan,0.2073,1,193111
E0,epl-bur-ast-2026-05-10,2026-05-10T13:00:00+00:00,A,1,0.64,0.5945,0.6376,0.6387,nan,0.6463,0,1505664
E0,epl-bur-ast-2026-05-10,2026-05-10T13:00:00+00:00,A,6,0.61,0.5945,0.6376,0.6387,nan,0.6463,0,1505664
E0,epl-bur-ast-2026-05-10,2026-05-10T13:00:00+00:00,A,24,0.59,0.5945,0.6376,0.6387,nan,0.6463,0,1505664
E0,epl-not-new-2026-05-10,2026-05-10T13:00:00+00:00,H,1,0.32,0.3637,0.2881,0.2706,nan,0.2723,0,1390945
E0,epl-not-new-2026-05-10,2026-05-10T13:00:00+00:00,H,6,0.35,0.3637,0.2881,0.2706,nan,0.2723,0,1390945
E0,epl-not-new-2026-05-10,2026-05-10T13:00:00+00:00,H,24,0.36,0.3637,0.2881,0.2706,nan,0.2723,0,1390945
E0,epl-not-new-2026-05-10,2026-05-10T13:00:00+00:00,D,1,0.27,0.2697,0.2738,0.2785,nan,0.276,1,418946
E0,epl-not-new-2026-05-10,2026-05-10T13:00:00+00:00,D,6,0.27,0.2697,0.2738,0.2785,nan,0.276,1,418946
E0,epl-not-new-2026-05-10,2026-05-10T13:00:00+00:00,D,24,0.27,0.2697,0.2738,0.2785,nan,0.276,1,418946
E0,epl-not-new-2026-05-10,2026-05-10T13:00:00+00:00,A,1,0.42,0.3666,0.4381,0.4509,nan,0.4517,0,4085233
E0,epl-not-new-2026-05-10,2026-05-10T13:00:00+00:00,A,6,0.39,0.3666,0.4381,0.4509,nan,0.4517,0,4085233
E0,epl-not-new-2026-05-10,2026-05-10T13:00:00+00:00,A,24,0.38,0.3666,0.4381,0.4509,nan,0.4517,0,4085233
E0,epl-cry-eve-2026-05-10,2026-05-10T13:00:00+00:00,H,1,0.33,0.346,0.339,0.3434,nan,0.3317,0,273451
E0,epl-cry-eve-2026-05-10,2026-05-10T13:00:00+00:00,H,6,0.31,0.346,0.339,0.3434,nan,0.3317,0,273451
E0,epl-cry-eve-2026-05-10,2026-05-10T13:00:00+00:00,H,24,0.34,0.346,0.339,0.3434,nan,0.3317,0,273451
E0,epl-cry-eve-2026-05-10,2026-05-10T13:00:00+00:00,D,1,0.3,0.2877,0.29,0.2862,nan,0.297,1,111062
E0,epl-cry-eve-2026-05-10,2026-05-10T13:00:00+00:00,D,6,0.29,0.2877,0.29,0.2862,nan,0.297,1,111062
E0,epl-cry-eve-2026-05-10,2026-05-10T13:00:00+00:00,D,24,0.29,0.2877,0.29,0.2862,nan,0.297,1,111062
E0,epl-cry-eve-2026-05-10,2026-05-10T13:00:00+00:00,A,1,0.36,0.3663,0.371,0.3704,nan,0.3713,0,359453
E0,epl-cry-eve-2026-05-10,2026-05-10T13:00:00+00:00,A,6,0.41,0.3663,0.371,0.3704,nan,0.3713,0,359453
E0,epl-cry-eve-2026-05-10,2026-05-10T13:00:00+00:00,A,24,0.39,0.3663,0.371,0.3704,nan,0.3713,0,359453
E0,epl-wes-ars-2026-05-10,2026-05-10T15:30:00+00:00,H,1,0.14,0.1773,0.1614,0.1587,nan,0.1509,0,786646
E0,epl-wes-ars-2026-05-10,2026-05-10T15:30:00+00:00,H,6,0.17,0.1773,0.1614,0.1587,nan,0.1509,0,786646
E0,epl-wes-ars-2026-05-10,2026-05-10T15:30:00+00:00,H,24,0.16,0.1773,0.1614,0.1587,nan,0.1509,0,786646
E0,epl-wes-ars-2026-05-10,2026-05-10T15:30:00+00:00,D,1,0.22,0.2293,0.2274,0.2268,nan,0.2264,0,336760
E0,epl-wes-ars-2026-05-10,2026-05-10T15:30:00+00:00,D,6,0.23,0.2293,0.2274,0.2268,nan,0.2264,0,336760
E0,epl-wes-ars-2026-05-10,2026-05-10T15:30:00+00:00,D,24,0.23,0.2293,0.2274,0.2268,nan,0.2264,0,336760
E0,epl-wes-ars-2026-05-10,2026-05-10T15:30:00+00:00,A,1,0.64,0.5935,0.6112,0.6145,nan,0.6226,1,8733708
E0,epl-wes-ars-2026-05-10,2026-05-10T15:30:00+00:00,A,6,0.63,0.5935,0.6112,0.6145,nan,0.6226,1,8733708
E0,epl-wes-ars-2026-05-10,2026-05-10T15:30:00+00:00,A,24,0.62,0.5935,0.6112,0.6145,nan,0.6226,1,8733708
E0,epl-tot-lee-2026-05-11,2026-05-11T19:00:00+00:00,H,1,0.55,0.5153,0.5205,0.5181,nan,0.5289,0,1790634
E0,epl-tot-lee-2026-05-11,2026-05-11T19:00:00+00:00,H,6,0.55,0.5153,0.5205,0.5181,nan,0.5289,0,1790634
E0,epl-tot-lee-2026-05-11,2026-05-11T19:00:00+00:00,H,24,0.55,0.5153,0.5205,0.5181,nan,0.5289,0,1790634
E0,epl-tot-lee-2026-05-11,2026-05-11T19:00:00+00:00,D,1,0.24,0.2455,0.2526,0.2562,nan,0.255,1,761911
E0,epl-tot-lee-2026-05-11,2026-05-11T19:00:00+00:00,D,6,0.25,0.2455,0.2526,0.2562,nan,0.255,1,761911
E0,epl-tot-lee-2026-05-11,2026-05-11T19:00:00+00:00,D,24,0.24,0.2455,0.2526,0.2562,nan,0.255,1,761911
E0,epl-tot-lee-2026-05-11,2026-05-11T19:00:00+00:00,A,1,0.21,0.2392,0.227,0.2257,nan,0.2162,0,597496
E0,epl-tot-lee-2026-05-11,2026-05-11T19:00:00+00:00,A,6,0.21,0.2392,0.227,0.2257,nan,0.2162,0,597496
E0,epl-tot-lee-2026-05-11,2026-05-11T19:00:00+00:00,A,24,0.23,0.2392,0.227,0.2257,nan,0.2162,0,597496
E0,epl-ast-liv-2026-05-17,2026-05-15T19:00:00+00:00,H,1,0.34,0.3404,0.3502,0.3505,nan,0.3497,1,1221502
E0,epl-ast-liv-2026-05-17,2026-05-15T19:00:00+00:00,H,6,0.32,0.3404,0.3502,0.3505,nan,0.3497,1,1221502
E0,epl-ast-liv-2026-05-17,2026-05-15T19:00:00+00:00,H,24,0.34,0.3404,0.3502,0.3505,nan,0.3497,1,1221502
E0,epl-ast-liv-2026-05-17,2026-05-15T19:00:00+00:00,D,1,0.28,0.2731,0.2744,0.2784,nan,0.2797,0,481903
E0,epl-ast-liv-2026-05-17,2026-05-15T19:00:00+00:00,D,6,0.28,0.2731,0.2744,0.2784,nan,0.2797,0,481903
E0,epl-ast-liv-2026-05-17,2026-05-15T19:00:00+00:00,D,24,0.26,0.2731,0.2744,0.2784,nan,0.2797,0,481903
E0,epl-ast-liv-2026-05-17,2026-05-15T19:00:00+00:00,A,1,0.38,0.3866,0.3754,0.3711,nan,0.3706,0,4959142
E0,epl-ast-liv-2026-05-17,2026-05-15T19:00:00+00:00,A,6,0.4,0.3866,0.3754,0.3711,nan,0.3706,0,4959142
E0,epl-ast-liv-2026-05-17,2026-05-15T19:00:00+00:00,A,24,0.39,0.3866,0.3754,0.3711,nan,0.3706,0,4959142
E0,epl-mun-not-2026-05-17,2026-05-17T11:30:00+00:00,H,1,0.62,0.5905,0.6033,0.6099,nan,0.6237,1,6500430
E0,epl-mun-not-2026-05-17,2026-05-17T11:30:00+00:00,H,6,0.61,0.5905,0.6033,0.6099,nan,0.6237,1,6500430
E0,epl-mun-not-2026-05-17,2026-05-17T11:30:00+00:00,H,24,0.59,0.5905,0.6033,0.6099,nan,0.6237,1,6500430
E0,epl-mun-not-2026-05-17,2026-05-17T11:30:00+00:00,D,1,0.21,0.2206,0.2129,0.2101,nan,0.211,0,367920
E0,epl-mun-not-2026-05-17,2026-05-17T11:30:00+00:00,D,6,0.22,0.2206,0.2129,0.2101,nan,0.211,0,367920
E0,epl-mun-not-2026-05-17,2026-05-17T11:30:00+00:00,D,24,0.22,0.2206,0.2129,0.2101,nan,0.211,0,367920
E0,epl-mun-not-2026-05-17,2026-05-17T11:30:00+00:00,A,1,0.18,0.1889,0.1838,0.1801,nan,0.1653,0,393101
E0,epl-mun-not-2026-05-17,2026-05-17T11:30:00+00:00,A,6,0.19,0.1889,0.1838,0.1801,nan,0.1653,0,393101
E0,epl-mun-not-2026-05-17,2026-05-17T11:30:00+00:00,A,24,0.18,0.1889,0.1838,0.1801,nan,0.1653,0,393101
E0,epl-wol-ful-2026-05-17,2026-05-17T14:00:00+00:00,H,1,0.24,0.2537,0.2325,0.2332,nan,0.2211,0,108482
E0,epl-wol-ful-2026-05-17,2026-05-17T14:00:00+00:00,H,6,0.24,0.2537,0.2325,0.2332,nan,0.2211,0,108482
E0,epl-wol-ful-2026-05-17,2026-05-17T14:00:00+00:00,H,24,0.25,0.2537,0.2325,0.2332,nan,0.2211,0,108482
E0,epl-wol-ful-2026-05-17,2026-05-17T14:00:00+00:00,D,1,0.26,0.247,0.2582,0.2487,nan,0.2551,1,95839
E0,epl-wol-ful-2026-05-17,2026-05-17T14:00:00+00:00,D,6,0.25,0.247,0.2582,0.2487,nan,0.2551,1,95839
E0,epl-wol-ful-2026-05-17,2026-05-17T14:00:00+00:00,D,24,0.25,0.247,0.2582,0.2487,nan,0.2551,1,95839
E0,epl-wol-ful-2026-05-17,2026-05-17T14:00:00+00:00,A,1,0.51,0.4993,0.5093,0.5181,nan,0.5237,0,6553566
E0,epl-wol-ful-2026-05-17,2026-05-17T14:00:00+00:00,A,6,0.5,0.4993,0.5093,0.5181,nan,0.5237,0,6553566
E0,epl-wol-ful-2026-05-17,2026-05-17T14:00:00+00:00,A,24,0.51,0.4993,0.5093,0.5181,nan,0.5237,0,6553566
E0,epl-eve-sun-2026-05-17,2026-05-17T14:00:00+00:00,H,1,0.53,0.5177,0.5103,0.5327,nan,0.5227,0,388445
E0,epl-eve-sun-2026-05-17,2026-05-17T14:00:00+00:00,H,6,0.53,0.5177,0.5103,0.5327,nan,0.5227,0,388445
E0,epl-eve-sun-2026-05-17,2026-05-17T14:00:00+00:00,H,24,0.53,0.5177,0.5103,0.5327,nan,0.5227,0,388445
E0,epl-eve-sun-2026-05-17,2026-05-17T14:00:00+00:00,D,1,0.26,0.2581,0.2623,0.252,nan,0.2614,0,128518
E0,epl-eve-sun-2026-05-17,2026-05-17T14:00:00+00:00,D,6,0.26,0.2581,0.2623,0.252,nan,0.2614,0,128518
E0,epl-eve-sun-2026-05-17,2026-05-17T14:00:00+00:00,D,24,0.26,0.2581,0.2623,0.252,nan,0.2614,0,128518
E0,epl-eve-sun-2026-05-17,2026-05-17T14:00:00+00:00,A,1,0.23,0.2242,0.2274,0.2153,nan,0.2159,1,259465
E0,epl-eve-sun-2026-05-17,2026-05-17T14:00:00+00:00,A,6,0.23,0.2242,0.2274,0.2153,nan,0.2159,1,259465
E0,epl-eve-sun-2026-05-17,2026-05-17T14:00:00+00:00,A,24,0.23,0.2242,0.2274,0.2153,nan,0.2159,1,259465
E0,epl-bre-cry-2026-05-17,2026-05-17T14:00:00+00:00,H,1,0.55,0.547,0.5461,0.5397,nan,0.5513,0,520226
E0,epl-bre-cry-2026-05-17,2026-05-17T14:00:00+00:00,H,6,0.59,0.547,0.5461,0.5397,nan,0.5513,0,520226
E0,epl-bre-cry-2026-05-17,2026-05-17T14:00:00+00:00,H,24,0.59,0.547,0.5461,0.5397,nan,0.5513,0,520226
E0,epl-bre-cry-2026-05-17,2026-05-17T14:00:00+00:00,D,1,0.25,0.2287,0.2409,0.2422,nan,0.242,1,233356
E0,epl-bre-cry-2026-05-17,2026-05-17T14:00:00+00:00,D,6,0.23,0.2287,0.2409,0.2422,nan,0.242,1,233356
E0,epl-bre-cry-2026-05-17,2026-05-17T14:00:00+00:00,D,24,0.23,0.2287,0.2409,0.2422,nan,0.242,1,233356
E0,epl-bre-cry-2026-05-17,2026-05-17T14:00:00+00:00,A,1,0.21,0.2243,0.213,0.2181,nan,0.2067,0,473165
E0,epl-bre-cry-2026-05-17,2026-05-17T14:00:00+00:00,A,6,0.19,0.2243,0.213,0.2181,nan,0.2067,0,473165
E0,epl-bre-cry-2026-05-17,2026-05-17T14:00:00+00:00,A,24,0.19,0.2243,0.213,0.2181,nan,0.2067,0,473165
E0,epl-lee-bri-2026-05-17,2026-05-17T14:00:00+00:00,H,1,0.27,0.3022,0.2727,0.2697,nan,0.2682,1,191467
E0,epl-lee-bri-2026-05-17,2026-05-17T14:00:00+00:00,H,6,0.28,0.3022,0.2727,0.2697,nan,0.2682,1,191467
E0,epl-lee-bri-2026-05-17,2026-05-17T14:00:00+00:00,H,24,0.29,0.3022,0.2727,0.2697,nan,0.2682,1,191467
E0,epl-lee-bri-2026-05-17,2026-05-17T14:00:00+00:00,D,1,0.27,0.2615,0.2688,0.2697,nan,0.2682,0,179527
E0,epl-lee-bri-2026-05-17,2026-05-17T14:00:00+00:00,D,6,0.26,0.2615,0.2688,0.2697,nan,0.2682,0,179527
E0,epl-lee-bri-2026-05-17,2026-05-17T14:00:00+00:00,D,24,0.26,0.2615,0.2688,0.2697,nan,0.2682,0,179527
E0,epl-lee-bri-2026-05-17,2026-05-17T14:00:00+00:00,A,1,0.46,0.4363,0.4585,0.4605,nan,0.4637,0,701915
E0,epl-lee-bri-2026-05-17,2026-05-17T14:00:00+00:00,A,6,0.46,0.4363,0.4585,0.4605,nan,0.4637,0,701915
E0,epl-lee-bri-2026-05-17,2026-05-17T14:00:00+00:00,A,24,0.46,0.4363,0.4585,0.4605,nan,0.4637,0,701915
E0,epl-ars-bur-2026-05-18,2026-05-18T19:00:00+00:00,H,1,0.89,0.8654,0.8652,0.8689,nan,0.8928,1,2671438
E0,epl-ars-bur-2026-05-18,2026-05-18T19:00:00+00:00,H,6,0.9,0.8654,0.8652,0.8689,nan,0.8928,1,2671438
E0,epl-ars-bur-2026-05-18,2026-05-18T19:00:00+00:00,H,24,0.91,0.8654,0.8652,0.8689,nan,0.8928,1,2671438
E0,epl-ars-bur-2026-05-18,2026-05-18T19:00:00+00:00,D,1,0.09,0.0924,0.0933,0.0947,nan,0.0762,0,584278
E0,epl-ars-bur-2026-05-18,2026-05-18T19:00:00+00:00,D,6,0.07,0.0924,0.0933,0.0947,nan,0.0762,0,584278
E0,epl-ars-bur-2026-05-18,2026-05-18T19:00:00+00:00,D,24,0.08,0.0924,0.0933,0.0947,nan,0.0762,0,584278
E0,epl-ars-bur-2026-05-18,2026-05-18T19:00:00+00:00,A,1,0.033,0.0422,0.0416,0.0364,nan,0.031,0,1651446
E0,epl-ars-bur-2026-05-18,2026-05-18T19:00:00+00:00,A,6,0.031,0.0422,0.0416,0.0364,nan,0.031,0,1651446
E0,epl-ars-bur-2026-05-18,2026-05-18T19:00:00+00:00,A,24,0.031,0.0422,0.0416,0.0364,nan,0.031,0,1651446
E0,epl-new-wes-2026-05-17,2026-05-17T16:30:00+00:00,H,1,0.44,0.456,0.4569,0.4616,nan,0.4678,1,6747843
E0,epl-new-wes-2026-05-17,2026-05-17T16:30:00+00:00,H,6,0.44,0.456,0.4569,0.4616,nan,0.4678,1,6747843
E0,epl-new-wes-2026-05-17,2026-05-17T16:30:00+00:00,H,24,0.44,0.456,0.4569,0.4616,nan,0.4678,1,6747843
E0,epl-new-wes-2026-05-17,2026-05-17T16:30:00+00:00,D,1,0.25,0.2473,0.2458,0.2426,nan,0.2361,0,143704
E0,epl-new-wes-2026-05-17,2026-05-17T16:30:00+00:00,D,6,0.25,0.2473,0.2458,0.2426,nan,0.2361,0,143704
E0,epl-new-wes-2026-05-17,2026-05-17T16:30:00+00:00,D,24,0.26,0.2473,0.2458,0.2426,nan,0.2361,0,143704
E0,epl-new-wes-2026-05-17,2026-05-17T16:30:00+00:00,A,1,0.32,0.2967,0.2973,0.2957,nan,0.2961,0,488243
E0,epl-new-wes-2026-05-17,2026-05-17T16:30:00+00:00,A,6,0.32,0.2967,0.2973,0.2957,nan,0.2961,0,488243
E0,epl-new-wes-2026-05-17,2026-05-17T16:30:00+00:00,A,24,0.31,0.2967,0.2973,0.2957,nan,0.2961,0,488243
E0,epl-bou-mac-2026-05-19,2026-05-19T18:30:00+00:00,H,1,0.19,0.2129,0.2031,0.2005,nan,0.1948,0,927234
E0,epl-bou-mac-2026-05-19,2026-05-19T18:30:00+00:00,H,6,0.19,0.2129,0.2031,0.2005,nan,0.1948,0,927234
E0,epl-bou-mac-2026-05-19,2026-05-19T18:30:00+00:00,H,24,0.2,0.2129,0.2031,0.2005,nan,0.1948,0,927234
E0,epl-bou-mac-2026-05-19,2026-05-19T18:30:00+00:00,D,1,0.22,0.2203,0.2213,0.2116,nan,0.2208,1,433551
E0,epl-bou-mac-2026-05-19,2026-05-19T18:30:00+00:00,D,6,0.22,0.2203,0.2213,0.2116,nan,0.2208,1,433551
E0,epl-bou-mac-2026-05-19,2026-05-19T18:30:00+00:00,D,24,0.22,0.2203,0.2213,0.2116,nan,0.2208,1,433551
E0,epl-bou-mac-2026-05-19,2026-05-19T18:30:00+00:00,A,1,0.59,0.5668,0.5756,0.5879,nan,0.5844,0,13065430
E0,epl-bou-mac-2026-05-19,2026-05-19T18:30:00+00:00,A,6,0.61,0.5668,0.5756,0.5879,nan,0.5844,0,13065430
E0,epl-bou-mac-2026-05-19,2026-05-19T18:30:00+00:00,A,24,0.59,0.5668,0.5756,0.5879,nan,0.5844,0,13065430
E0,epl-che-tot-2026-05-19,2026-05-19T19:15:00+00:00,H,1,0.44,0.4933,0.4271,0.4212,nan,0.4221,1,3170440
E0,epl-che-tot-2026-05-19,2026-05-19T19:15:00+00:00,H,6,0.49,0.4933,0.4271,0.4212,nan,0.4221,1,3170440
E0,epl-che-tot-2026-05-19,2026-05-19T19:15:00+00:00,H,24,0.49,0.4933,0.4271,0.4212,nan,0.4221,1,3170440
E0,epl-che-tot-2026-05-19,2026-05-19T19:15:00+00:00,D,1,0.28,0.2575,0.2851,0.2916,nan,0.2973,0,271751
E0,epl-che-tot-2026-05-19,2026-05-19T19:15:00+00:00,D,6,0.26,0.2575,0.2851,0.2916,nan,0.2973,0,271751
E0,epl-che-tot-2026-05-19,2026-05-19T19:15:00+00:00,D,24,0.27,0.2575,0.2851,0.2916,nan,0.2973,0,271751
E0,epl-che-tot-2026-05-19,2026-05-19T19:15:00+00:00,A,1,0.29,0.2493,0.2878,0.2872,nan,0.2806,0,525398
E0,epl-che-tot-2026-05-19,2026-05-19T19:15:00+00:00,A,6,0.25,0.2493,0.2878,0.2872,nan,0.2806,0,525398
E0,epl-che-tot-2026-05-19,2026-05-19T19:15:00+00:00,A,24,0.27,0.2493,0.2878,0.2872,nan,0.2806,0,525398
E0,epl-bri-mun-2026-05-24,2026-05-24T15:00:00+00:00,H,1,0.5,0.5033,0.5015,0.5113,nan,0.5101,0,894786
E0,epl-bri-mun-2026-05-24,2026-05-24T15:00:00+00:00,H,6,0.53,0.5033,0.5015,0.5113,nan,0.5101,0,894786
E0,epl-bri-mun-2026-05-24,2026-05-24T15:00:00+00:00,H,24,0.54,0.5033,0.5015,0.5113,nan,0.5101,0,894786
E0,epl-bri-mun-2026-05-24,2026-05-24T15:00:00+00:00,D,1,0.23,0.2352,0.2298,0.2185,nan,0.221,0,101987
E0,epl-bri-mun-2026-05-24,2026-05-24T15:00:00+00:00,D,6,0.23,0.2352,0.2298,0.2185,nan,0.221,0,101987
E0,epl-bri-mun-2026-05-24,2026-05-24T15:00:00+00:00,D,24,0.23,0.2352,0.2298,0.2185,nan,0.221,0,101987
E0,epl-bri-mun-2026-05-24,2026-05-24T15:00:00+00:00,A,1,0.27,0.2615,0.2687,0.2703,nan,0.2688,1,1377209
E0,epl-bri-mun-2026-05-24,2026-05-24T15:00:00+00:00,A,6,0.25,0.2615,0.2687,0.2703,nan,0.2688,1,1377209
E0,epl-bri-mun-2026-05-24,2026-05-24T15:00:00+00:00,A,24,0.25,0.2615,0.2687,0.2703,nan,0.2688,1,1377209
E0,epl-ful-new-2026-05-24,2026-05-24T15:00:00+00:00,H,1,0.38,0.3319,0.3699,0.3792,nan,0.3717,1,166087
E0,epl-ful-new-2026-05-24,2026-05-24T15:00:00+00:00,H,6,0.36,0.3319,0.3699,0.3792,nan,0.3717,1,166087
E0,epl-ful-new-2026-05-24,2026-05-24T15:00:00+00:00,H,24,0.34,0.3319,0.3699,0.3792,nan,0.3717,1,166087
E0,epl-ful-new-2026-05-24,2026-05-24T15:00:00+00:00,D,1,0.26,0.2557,0.2588,0.2562,nan,0.2621,0,56839
E0,epl-ful-new-2026-05-24,2026-05-24T15:00:00+00:00,D,6,0.27,0.2557,0.2588,0.2562,nan,0.2621,0,56839
E0,epl-ful-new-2026-05-24,2026-05-24T15:00:00+00:00,D,24,0.26,0.2557,0.2588,0.2562,nan,0.2621,0,56839
E0,epl-ful-new-2026-05-24,2026-05-24T15:00:00+00:00,A,1,0.37,0.4123,0.3713,0.3646,nan,0.3662,0,436437
E0,epl-ful-new-2026-05-24,2026-05-24T15:00:00+00:00,A,6,0.39,0.4123,0.3713,0.3646,nan,0.3662,0,436437
E0,epl-ful-new-2026-05-24,2026-05-24T15:00:00+00:00,A,24,0.41,0.4123,0.3713,0.3646,nan,0.3662,0,436437
E0,epl-tot-eve-2026-05-24,2026-05-24T15:00:00+00:00,H,1,0.51,0.4949,0.5016,0.4971,nan,0.5057,1,1090295
E0,epl-tot-eve-2026-05-24,2026-05-24T15:00:00+00:00,H,6,0.52,0.4949,0.5016,0.4971,nan,0.5057,1,1090295
E0,epl-tot-eve-2026-05-24,2026-05-24T15:00:00+00:00,H,24,0.52,0.4949,0.5016,0.4971,nan,0.5057,1,1090295
E0,epl-tot-eve-2026-05-24,2026-05-24T15:00:00+00:00,D,1,0.27,0.2577,0.2696,0.2713,nan,0.2729,0,203651
E0,epl-tot-eve-2026-05-24,2026-05-24T15:00:00+00:00,D,6,0.27,0.2577,0.2696,0.2713,nan,0.2729,0,203651
E0,epl-tot-eve-2026-05-24,2026-05-24T15:00:00+00:00,D,24,0.27,0.2577,0.2696,0.2713,nan,0.2729,0,203651
E0,epl-tot-eve-2026-05-24,2026-05-24T15:00:00+00:00,A,1,0.22,0.2474,0.2288,0.2316,nan,0.2214,0,280879
E0,epl-tot-eve-2026-05-24,2026-05-24T15:00:00+00:00,A,6,0.23,0.2474,0.2288,0.2316,nan,0.2214,0,280879
E0,epl-tot-eve-2026-05-24,2026-05-24T15:00:00+00:00,A,24,0.22,0.2474,0.2288,0.2316,nan,0.2214,0,280879
E0,epl-cry-ars-2026-05-24,2026-05-24T15:00:00+00:00,H,1,0.23,0.2264,0.237,0.2296,nan,0.2315,0,342959
E0,epl-cry-ars-2026-05-24,2026-05-24T15:00:00+00:00,H,6,0.26,0.2264,0.237,0.2296,nan,0.2315,0,342959
E0,epl-cry-ars-2026-05-24,2026-05-24T15:00:00+00:00,H,24,0.22,0.2264,0.237,0.2296,nan,0.2315,0,342959
E0,epl-cry-ars-2026-05-24,2026-05-24T15:00:00+00:00,D,1,0.27,0.2423,0.2571,0.2615,nan,0.2553,0,143164
E0,epl-cry-ars-2026-05-24,2026-05-24T15:00:00+00:00,D,6,0.27,0.2423,0.2571,0.2615,nan,0.2553,0,143164
E0,epl-cry-ars-2026-05-24,2026-05-24T15:00:00+00:00,D,24,0.23,0.2423,0.2571,0.2615,nan,0.2553,0,143164
E0,epl-cry-ars-2026-05-24,2026-05-24T15:00:00+00:00,A,1,0.51,0.5313,0.5059,0.5089,nan,0.5132,1,5445730
E0,epl-cry-ars-2026-05-24,2026-05-24T15:00:00+00:00,A,6,0.48,0.5313,0.5059,0.5089,nan,0.5132,1,5445730
E0,epl-cry-ars-2026-05-24,2026-05-24T15:00:00+00:00,A,24,0.55,0.5313,0.5059,0.5089,nan,0.5132,1,5445730
E0,epl-mac-ast-2026-05-24,2026-05-24T15:00:00+00:00,H,1,0.68,0.7308,0.677,0.6656,nan,0.6853,0,1578212
E0,epl-mac-ast-2026-05-24,2026-05-24T15:00:00+00:00,H,6,0.75,0.7308,0.677,0.6656,nan,0.6853,0,1578212
E0,epl-mac-ast-2026-05-24,2026-05-24T15:00:00+00:00,H,24,0.76,0.7308,0.677,0.6656,nan,0.6853,0,1578212
E0,epl-mac-ast-2026-05-24,2026-05-24T15:00:00+00:00,D,1,0.18,0.1577,0.1827,0.189,nan,0.184,0,318562
E0,epl-mac-ast-2026-05-24,2026-05-24T15:00:00+00:00,D,6,0.16,0.1577,0.1827,0.189,nan,0.184,0,318562
E0,epl-mac-ast-2026-05-24,2026-05-24T15:00:00+00:00,D,24,0.15,0.1577,0.1827,0.189,nan,0.184,0,318562
E0,epl-mac-ast-2026-05-24,2026-05-24T15:00:00+00:00,A,1,0.13,0.1115,0.1402,0.1454,nan,0.1307,1,614297
E0,epl-mac-ast-2026-05-24,2026-05-24T15:00:00+00:00,A,6,0.11,0.1115,0.1402,0.1454,nan,0.1307,1,614297
E0,epl-mac-ast-2026-05-24,2026-05-24T15:00:00+00:00,A,24,0.1,0.1115,0.1402,0.1454,nan,0.1307,1,614297
E0,epl-not-bou-2026-05-24,2026-05-24T15:00:00+00:00,H,1,0.28,0.2929,0.2658,0.2557,nan,0.2618,0,153526
E0,epl-not-bou-2026-05-24,2026-05-24T15:00:00+00:00,H,6,0.27,0.2929,0.2658,0.2557,nan,0.2618,0,153526
E0,epl-not-bou-2026-05-24,2026-05-24T15:00:00+00:00,H,24,0.27,0.2929,0.2658,0.2557,nan,0.2618,0,153526
E0,epl-not-bou-2026-05-24,2026-05-24T15:00:00+00:00,D,1,0.26,0.2512,0.2543,0.249,nan,0.2551,1,113784
E0,epl-not-bou-2026-05-24,2026-05-24T15:00:00+00:00,D,6,0.26,0.2512,0.2543,0.249,nan,0.2551,1,113784
E0,epl-not-bou-2026-05-24,2026-05-24T15:00:00+00:00,D,24,0.26,0.2512,0.2543,0.249,nan,0.2551,1,113784
E0,epl-not-bou-2026-05-24,2026-05-24T15:00:00+00:00,A,1,0.45,0.4558,0.48,0.4953,nan,0.483,0,539863
E0,epl-not-bou-2026-05-24,2026-05-24T15:00:00+00:00,A,6,0.49,0.4558,0.48,0.4953,nan,0.483,0,539863
E0,epl-not-bou-2026-05-24,2026-05-24T15:00:00+00:00,A,24,0.48,0.4558,0.48,0.4953,nan,0.483,0,539863
E0,epl-sun-che-2026-05-24,2026-05-24T15:00:00+00:00,H,1,0.28,0.2695,0.2779,0.2875,nan,0.2836,1,1463827
E0,epl-sun-che-2026-05-24,2026-05-24T15:00:00+00:00,H,6,0.28,0.2695,0.2779,0.2875,nan,0.2836,1,1463827
E0,epl-sun-che-2026-05-24,2026-05-24T15:00:00+00:00,H,24,0.28,0.2695,0.2779,0.2875,nan,0.2836,1,1463827
E0,epl-sun-che-2026-05-24,2026-05-24T15:00:00+00:00,D,1,0.26,0.2605,0.2581,0.2497,nan,0.2482,0,90355
E0,epl-sun-che-2026-05-24,2026-05-24T15:00:00+00:00,D,6,0.26,0.2605,0.2581,0.2497,nan,0.2482,0,90355
E0,epl-sun-che-2026-05-24,2026-05-24T15:00:00+00:00,D,24,0.26,0.2605,0.2581,0.2497,nan,0.2482,0,90355
E0,epl-sun-che-2026-05-24,2026-05-24T15:00:00+00:00,A,1,0.48,0.47,0.464,0.4628,nan,0.4682,0,382042
E0,epl-sun-che-2026-05-24,2026-05-24T15:00:00+00:00,A,6,0.47,0.47,0.464,0.4628,nan,0.4682,0,382042
E0,epl-sun-che-2026-05-24,2026-05-24T15:00:00+00:00,A,24,0.49,0.47,0.464,0.4628,nan,0.4682,0,382042
E0,epl-liv-bre-2026-05-24,2026-05-24T15:00:00+00:00,H,1,0.51,0.5201,0.5311,0.5263,nan,0.5332,0,1886941
E0,epl-liv-bre-2026-05-24,2026-05-24T15:00:00+00:00,H,6,0.51,0.5201,0.5311,0.5263,nan,0.5332,0,1886941
E0,epl-liv-bre-2026-05-24,2026-05-24T15:00:00+00:00,H,24,0.53,0.5201,0.5311,0.5263,nan,0.5332,0,1886941
E0,epl-liv-bre-2026-05-24,2026-05-24T15:00:00+00:00,D,1,0.24,0.2289,0.2315,0.2368,nan,0.2361,1,184700
E0,epl-liv-bre-2026-05-24,2026-05-24T15:00:00+00:00,D,6,0.24,0.2289,0.2315,0.2368,nan,0.2361,1,184700
E0,epl-liv-bre-2026-05-24,2026-05-24T15:00:00+00:00,D,24,0.23,0.2289,0.2315,0.2368,nan,0.2361,1,184700
E0,epl-liv-bre-2026-05-24,2026-05-24T15:00:00+00:00,A,1,0.25,0.251,0.2374,0.2368,nan,0.2306,0,191426
E0,epl-liv-bre-2026-05-24,2026-05-24T15:00:00+00:00,A,6,0.25,0.251,0.2374,0.2368,nan,0.2306,0,191426
E0,epl-liv-bre-2026-05-24,2026-05-24T15:00:00+00:00,A,24,0.25,0.251,0.2374,0.2368,nan,0.2306,0,191426
E0,epl-bur-wol-2026-05-24,2026-05-24T15:00:00+00:00,H,1,0.39,0.3958,0.3927,0.3998,nan,0.3943,0,96304
E0,epl-bur-wol-2026-05-24,2026-05-24T15:00:00+00:00,H,6,0.39,0.3958,0.3927,0.3998,nan,0.3943,0,96304
E0,epl-bur-wol-2026-05-24,2026-05-24T15:00:00+00:00,H,24,0.41,0.3958,0.3927,0.3998,nan,0.3943,0,96304
E0,epl-bur-wol-2026-05-24,2026-05-24T15:00:00+00:00,D,1,0.28,0.2669,0.2744,0.2763,nan,0.2799,1,91835
E0,epl-bur-wol-2026-05-24,2026-05-24T15:00:00+00:00,D,6,0.27,0.2669,0.2744,0.2763,nan,0.2799,1,91835
E0,epl-bur-wol-2026-05-24,2026-05-24T15:00:00+00:00,D,24,0.27,0.2669,0.2744,0.2763,nan,0.2799,1,91835
E0,epl-bur-wol-2026-05-24,2026-05-24T15:00:00+00:00,A,1,0.35,0.3373,0.3328,0.3239,nan,0.3258,0,342339
E0,epl-bur-wol-2026-05-24,2026-05-24T15:00:00+00:00,A,6,0.34,0.3373,0.3328,0.3239,nan,0.3258,0,342339
E0,epl-bur-wol-2026-05-24,2026-05-24T15:00:00+00:00,A,24,0.33,0.3373,0.3328,0.3239,nan,0.3258,0,342339
E0,epl-wes-lee-2026-05-24,2026-05-24T15:00:00+00:00,H,1,0.58,0.5123,0.5542,0.5579,nan,0.5698,1,7217129
E0,epl-wes-lee-2026-05-24,2026-05-24T15:00:00+00:00,H,6,0.56,0.5123,0.5542,0.5579,nan,0.5698,1,7217129
E0,epl-wes-lee-2026-05-24,2026-05-24T15:00:00+00:00,H,24,0.55,0.5123,0.5542,0.5579,nan,0.5698,1,7217129
E0,epl-wes-lee-2026-05-24,2026-05-24T15:00:00+00:00,D,1,0.23,0.2391,0.2292,0.2313,nan,0.2266,0,141564
E0,epl-wes-lee-2026-05-24,2026-05-24T15:00:00+00:00,D,6,0.24,0.2391,0.2292,0.2313,nan,0.2266,0,141564
E0,epl-wes-lee-2026-05-24,2026-05-24T15:00:00+00:00,D,24,0.23,0.2391,0.2292,0.2313,nan,0.2266,0,141564
E0,epl-wes-lee-2026-05-24,2026-05-24T15:00:00+00:00,A,1,0.19,0.2486,0.2166,0.2108,nan,0.2035,0,196817
E0,epl-wes-lee-2026-05-24,2026-05-24T15:00:00+00:00,A,6,0.21,0.2486,0.2166,0.2108,nan,0.2035,0,196817
E0,epl-wes-lee-2026-05-24,2026-05-24T15:00:00+00:00,A,24,0.23,0.2486,0.2166,0.2108,nan,0.2035,0,196817
E0,epl-ars-cov-2026-08-21,2026-08-21T19:00:00+00:00,H,1,0.81,0.7939,0.791,0.8012,nan,0.81,1,2342006
E0,epl-ars-cov-2026-08-21,2026-08-21T19:00:00+00:00,H,6,0.82,0.7939,0.791,0.8012,nan,0.81,1,2342006
E0,epl-ars-cov-2026-08-21,2026-08-21T19:00:00+00:00,H,24,0.82,0.7939,0.791,0.8012,nan,0.81,1,2342006
E0,epl-ars-cov-2026-08-21,2026-08-21T19:00:00+00:00,D,1,0.14,0.1395,0.1412,0.1261,nan,0.1346,0,535328
E0,epl-ars-cov-2026-08-21,2026-08-21T19:00:00+00:00,D,6,0.12,0.1395,0.1412,0.1261,nan,0.1346,0,535328
E0,epl-ars-cov-2026-08-21,2026-08-21T19:00:00+00:00,D,24,0.12,0.1395,0.1412,0.1261,nan,0.1346,0,535328
E0,epl-ars-cov-2026-08-21,2026-08-21T19:00:00+00:00,A,1,0.05,0.0666,0.0678,0.0727,nan,0.0554,0,1333130
E0,epl-ars-cov-2026-08-21,2026-08-21T19:00:00+00:00,A,6,0.06,0.0666,0.0678,0.0727,nan,0.0554,0,1333130
E0,epl-ars-cov-2026-08-21,2026-08-21T19:00:00+00:00,A,24,0.05,0.0666,0.0678,0.0727,nan,0.0554,0,1333130
E0,epl-ips-sun-2026-08-22,2026-08-22T14:00:00+00:00,H,1,0.35,0.3506,0.3331,0.3216,nan,0.3317,1,174996
E0,epl-ips-sun-2026-08-22,2026-08-22T14:00:00+00:00,H,6,0.34,0.3506,0.3331,0.3216,nan,0.3317,1,174996
E0,epl-ips-sun-2026-08-22,2026-08-22T14:00:00+00:00,H,24,0.34,0.3506,0.3331,0.3216,nan,0.3317,1,174996
E0,epl-ips-sun-2026-08-22,2026-08-22T14:00:00+00:00,D,1,0.3,0.2867,0.2928,0.2924,nan,0.297,0,126053
E0,epl-ips-sun-2026-08-22,2026-08-22T14:00:00+00:00,D,6,0.29,0.2867,0.2928,0.2924,nan,0.297,0,126053
E0,epl-ips-sun-2026-08-22,2026-08-22T14:00:00+00:00,D,24,0.3,0.2867,0.2928,0.2924,nan,0.297,0,126053
E0,epl-ips-sun-2026-08-22,2026-08-22T14:00:00+00:00,A,1,0.35,0.3627,0.3741,0.386,nan,0.3713,0,725974
E0,epl-ips-sun-2026-08-22,2026-08-22T14:00:00+00:00,A,6,0.37,0.3627,0.3741,0.386,nan,0.3713,0,725974
E0,epl-ips-sun-2026-08-22,2026-08-22T14:00:00+00:00,A,24,0.37,0.3627,0.3741,0.386,nan,0.3713,0,725974
E0,epl-hul-mun-2026-08-22,2026-08-22T11:30:00+00:00,H,1,0.09,0.113,0.1111,0.1045,nan,0.1033,1,726542
E0,epl-hul-mun-2026-08-22,2026-08-22T11:30:00+00:00,H,6,0.1,0.113,0.1111,0.1045,nan,0.1033,1,726542
E0,epl-hul-mun-2026-08-22,2026-08-22T11:30:00+00:00,H,24,0.1,0.113,0.1111,0.1045,nan,0.1033,1,726542
E0,epl-hul-mun-2026-08-22,2026-08-22T11:30:00+00:00,D,1,0.18,0.1918,0.1847,0.1881,nan,0.1836,0,244574
E0,epl-hul-mun-2026-08-22,2026-08-22T11:30:00+00:00,D,6,0.19,0.1918,0.1847,0.1881,nan,0.1836,0,244574
E0,epl-hul-mun-2026-08-22,2026-08-22T11:30:00+00:00,D,24,0.19,0.1918,0.1847,0.1881,nan,0.1836,0,244574
E0,epl-hul-mun-2026-08-22,2026-08-22T11:30:00+00:00,A,1,0.73,0.6952,0.7042,0.7073,nan,0.7132,0,1115239
E0,epl-hul-mun-2026-08-22,2026-08-22T11:30:00+00:00,A,6,0.72,0.6952,0.7042,0.7073,nan,0.7132,0,1115239
E0,epl-hul-mun-2026-08-22,2026-08-22T11:30:00+00:00,A,24,0.72,0.6952,0.7042,0.7073,nan,0.7132,0,1115239
E0,epl-eve-cry-2026-08-22,2026-08-22T14:00:00+00:00,H,1,0.43,0.4266,0.408,0.4011,nan,0.4088,1,620843
E0,epl-eve-cry-2026-08-22,2026-08-22T14:00:00+00:00,H,6,0.43,0.4266,0.408,0.4011,nan,0.4088,1,620843
E0,epl-eve-cry-2026-08-22,2026-08-22T14:00:00+00:00,H,24,0.44,0.4266,0.408,0.4011,nan,0.4088,1,620843
E0,epl-eve-cry-2026-08-22,2026-08-22T14:00:00+00:00,D,1,0.29,0.2798,0.2817,0.2807,nan,0.2868,0,72194
E0,epl-eve-cry-2026-08-22,2026-08-22T14:00:00+00:00,D,6,0.28,0.2798,0.2817,0.2807,nan,0.2868,0,72194
E0,epl-eve-cry-2026-08-22,2026-08-22T14:00:00+00:00,D,24,0.28,0.2798,0.2817,0.2807,nan,0.2868,0,72194
E0,epl-eve-cry-2026-08-22,2026-08-22T14:00:00+00:00,A,1,0.29,0.2936,0.3103,0.3182,nan,0.3044,0,433779
E0,epl-eve-cry-2026-08-22,2026-08-22T14:00:00+00:00,A,6,0.3,0.2936,0.3103,0.3182,nan,0.3044,0,433779
E0,epl-eve-cry-2026-08-22,2026-08-22T14:00:00+00:00,A,24,0.28,0.2936,0.3103,0.3182,nan,0.3044,0,433779
E0,epl-not-lee-2026-08-22,2026-08-22T14:00:00+00:00,H,1,0.4,0.415,0.3848,0.3783,nan,0.3827,0,367248
E0,epl-not-lee-2026-08-22,2026-08-22T14:00:00+00:00,H,6,0.42,0.415,0.3848,0.3783,nan,0.3827,0,367248
E0,epl-not-lee-2026-08-22,2026-08-22T14:00:00+00:00,H,24,0.42,0.415,0.3848,0.3783,nan,0.3827,0,367248
E0,epl-not-lee-2026-08-22,2026-08-22T14:00:00+00:00,D,1,0.3,0.2812,0.2946,0.2956,nan,0.3015,0,69645
E0,epl-not-lee-2026-08-22,2026-08-22T14:00:00+00:00,D,6,0.29,0.2812,0.2946,0.2956,nan,0.3015,0,69645
E0,epl-not-lee-2026-08-22,2026-08-22T14:00:00+00:00,D,24,0.29,0.2812,0.2946,0.2956,nan,0.3015,0,69645
E0,epl-not-lee-2026-08-22,2026-08-22T14:00:00+00:00,A,1,0.32,0.3039,0.3206,0.3261,nan,0.3158,1,281304
E0,epl-not-lee-2026-08-22,2026-08-22T14:00:00+00:00,A,6,0.3,0.3039,0.3206,0.3261,nan,0.3158,1,281304
E0,epl-not-lee-2026-08-22,2026-08-22T14:00:00+00:00,A,24,0.31,0.3039,0.3206,0.3261,nan,0.3158,1,281304
E0,epl-bre-tot-2026-08-22,2026-08-22T16:30:00+00:00,H,1,0.44,0.3825,0.4709,0.4861,nan,0.4725,1,4310424
E0,epl-bre-tot-2026-08-22,2026-08-22T16:30:00+00:00,H,6,0.46,0.3825,0.4709,0.4861,nan,0.4725,1,4310424
E0,epl-bre-tot-2026-08-22,2026-08-22T16:30:00+00:00,H,24,0.42,0.3825,0.4709,0.4861,nan,0.4725,1,4310424
E0,epl-bre-tot-2026-08-22,2026-08-22T16:30:00+00:00,D,1,0.26,0.2649,0.2526,0.2431,nan,0.248,0,103116
E0,epl-bre-tot-2026-08-22,2026-08-22T16:30:00+00:00,D,6,0.26,0.2649,0.2526,0.2431,nan,0.248,0,103116
E0,epl-bre-tot-2026-08-22,2026-08-22T16:30:00+00:00,D,24,0.26,0.2649,0.2526,0.2431,nan,0.248,0,103116
E0,epl-bre-tot-2026-08-22,2026-08-22T16:30:00+00:00,A,1,0.3,0.3526,0.2765,0.2708,nan,0.2795,0,752680
E0,epl-bre-tot-2026-08-22,2026-08-22T16:30:00+00:00,A,6,0.28,0.3526,0.2765,0.2708,nan,0.2795,0,752680
E0,epl-bre-tot-2026-08-22,2026-08-22T16:30:00+00:00,A,24,0.35,0.3526,0.2765,0.2708,nan,0.2795,0,752680
E0,epl-mac-bou-2026-08-23,2026-08-23T13:00:00+00:00,H,1,0.66,0.6444,0.6546,0.6539,nan,0.6615,1,2003897
E0,epl-mac-bou-2026-08-23,2026-08-23T13:00:00+00:00,H,6,0.66,0.6444,0.6546,0.6539,nan,0.6615,1,2003897
E0,epl-mac-bou-2026-08-23,2026-08-23T13:00:00+00:00,H,24,0.65,0.6444,0.6546,0.6539,nan,0.6615,1,2003897
E0,epl-mac-bou-2026-08-23,2026-08-23T13:00:00+00:00,D,1,0.19,0.198,0.1972,0.2107,nan,0.1958,0,328987
E0,epl-mac-bou-2026-08-23,2026-08-23T13:00:00+00:00,D,6,0.19,0.198,0.1972,0.2107,nan,0.1958,0,328987
E0,epl-mac-bou-2026-08-23,2026-08-23T13:00:00+00:00,D,24,0.2,0.198,0.1972,0.2107,nan,0.1958,0,328987
E0,epl-mac-bou-2026-08-23,2026-08-23T13:00:00+00:00,A,1,0.15,0.1576,0.1482,0.1354,nan,0.1427,0,634149
E0,epl-mac-bou-2026-08-23,2026-08-23T13:00:00+00:00,A,6,0.15,0.1576,0.1482,0.1354,nan,0.1427,0,634149
E0,epl-mac-bou-2026-08-23,2026-08-23T13:00:00+00:00,A,24,0.16,0.1576,0.1482,0.1354,nan,0.1427,0,634149
E0,epl-bri-ast-2026-08-23,2026-08-23T13:00:00+00:00,H,1,0.46,0.4292,0.4556,0.4605,nan,0.4594,1,1996672
E0,epl-bri-ast-2026-08-23,2026-08-23T13:00:00+00:00,H,6,0.45,0.4292,0.4556,0.4605,nan,0.4594,1,1996672
E0,epl-bri-ast-2026-08-23,2026-08-23T13:00:00+00:00,H,24,0.44,0.4292,0.4556,0.4605,nan,0.4594,1,1996672
E0,epl-bri-ast-2026-08-23,2026-08-23T13:00:00+00:00,D,1,0.28,0.2655,0.2765,0.2697,nan,0.2795,0,285216
E0,epl-bri-ast-2026-08-23,2026-08-23T13:00:00+00:00,D,6,0.27,0.2655,0.2765,0.2697,nan,0.2795,0,285216
E0,epl-bri-ast-2026-08-23,2026-08-23T13:00:00+00:00,D,24,0.27,0.2655,0.2765,0.2697,nan,0.2795,0,285216
E0,epl-bri-ast-2026-08-23,2026-08-23T13:00:00+00:00,A,1,0.28,0.3052,0.2679,0.2697,nan,0.2611,0,605860
E0,epl-bri-ast-2026-08-23,2026-08-23T13:00:00+00:00,A,6,0.3,0.3052,0.2679,0.2697,nan,0.2611,0,605860
E0,epl-bri-ast-2026-08-23,2026-08-23T13:00:00+00:00,A,24,0.29,0.3052,0.2679,0.2697,nan,0.2611,0,605860
E0,epl-ful-che-2026-08-24,2026-08-24T19:00:00+00:00,H,1,0.25,0.2558,0.264,0.2642,nan,0.2523,0,864250
E0,epl-ful-che-2026-08-24,2026-08-24T19:00:00+00:00,H,6,0.23,0.2558,0.264,0.2642,nan,0.2523,0,864250
E0,epl-ful-che-2026-08-24,2026-08-24T19:00:00+00:00,H,24,0.23,0.2558,0.264,0.2642,nan,0.2523,0,864250
E0,epl-ful-che-2026-08-24,2026-08-24T19:00:00+00:00,D,1,0.28,0.249,0.2693,0.2718,nan,0.2731,0,534794
E0,epl-ful-che-2026-08-24,2026-08-24T19:00:00+00:00,D,6,0.26,0.249,0.2693,0.2718,nan,0.2731,0,534794
E0,epl-ful-che-2026-08-24,2026-08-24T19:00:00+00:00,D,24,0.25,0.249,0.2693,0.2718,nan,0.2731,0,534794
E0,epl-ful-che-2026-08-24,2026-08-24T19:00:00+00:00,A,1,0.48,0.4953,0.4666,0.464,nan,0.4746,1,4110608
E0,epl-ful-che-2026-08-24,2026-08-24T19:00:00+00:00,A,6,0.51,0.4953,0.4666,0.464,nan,0.4746,1,4110608
E0,epl-ful-che-2026-08-24,2026-08-24T19:00:00+00:00,A,24,0.52,0.4953,0.4666,0.464,nan,0.4746,1,4110608
E0,epl-new-liv-2026-08-23,2026-08-23T15:30:00+00:00,H,1,0.24,0.2641,0.2588,0.2434,nan,0.2423,0,1345425
E0,epl-new-liv-2026-08-23,2026-08-23T15:30:00+00:00,H,6,0.26,0.2641,0.2588,0.2434,nan,0.2423,0,1345425
E0,epl-new-liv-2026-08-23,2026-08-23T15:30:00+00:00,H,24,0.24,0.2641,0.2588,0.2434,nan,0.2423,0,1345425
E0,epl-new-liv-2026-08-23,2026-08-23T15:30:00+00:00,D,1,0.25,0.2449,0.2479,0.2434,nan,0.2483,1,614668
E0,epl-new-liv-2026-08-23,2026-08-23T15:30:00+00:00,D,6,0.24,0.2449,0.2479,0.2434,nan,0.2483,1,614668
E0,epl-new-liv-2026-08-23,2026-08-23T15:30:00+00:00,D,24,0.25,0.2449,0.2479,0.2434,nan,0.2483,1,614668
E0,epl-new-liv-2026-08-23,2026-08-23T15:30:00+00:00,A,1,0.5,0.491,0.4933,0.5132,nan,0.5094,0,2883965
E0,epl-new-liv-2026-08-23,2026-08-23T15:30:00+00:00,A,6,0.5,0.491,0.4933,0.5132,nan,0.5094,0,2883965
E0,epl-new-liv-2026-08-23,2026-08-23T15:30:00+00:00,A,24,0.52,0.491,0.4933,0.5132,nan,0.5094,0,2883965
E0,epl-cry-mac-2026-08-28,2026-08-28T19:00:00+00:00,H,1,0.17,0.1955,0.19,0.1895,nan,0.1807,0,399025
E0,epl-cry-mac-2026-08-28,2026-08-28T19:00:00+00:00,H,6,0.18,0.1955,0.19,0.1895,nan,0.1807,0,399025
E0,epl-cry-mac-2026-08-28,2026-08-28T19:00:00+00:00,H,24,0.19,0.1955,0.19,0.1895,nan,0.1807,0,399025
E0,epl-cry-mac-2026-08-28,2026-08-28T19:00:00+00:00,D,1,0.24,0.2391,0.2282,0.2256,nan,0.2311,0,196514
E0,epl-cry-mac-2026-08-28,2026-08-28T19:00:00+00:00,D,6,0.23,0.2391,0.2282,0.2256,nan,0.2311,0,196514
E0,epl-cry-mac-2026-08-28,2026-08-28T19:00:00+00:00,D,24,0.23,0.2391,0.2282,0.2256,nan,0.2311,0,196514
E0,epl-cry-mac-2026-08-28,2026-08-28T19:00:00+00:00,A,1,0.6,0.5654,0.5818,0.5849,nan,0.5881,1,4170147
E0,epl-cry-mac-2026-08-28,2026-08-28T19:00:00+00:00,A,6,0.58,0.5654,0.5818,0.5849,nan,0.5881,1,4170147
E0,epl-cry-mac-2026-08-28,2026-08-28T19:00:00+00:00,A,24,0.59,0.5654,0.5818,0.5849,nan,0.5881,1,4170147
E0,epl-liv-not-2026-08-29,2026-08-29T11:30:00+00:00,H,1,0.68,0.6092,0.645,0.6347,nan,0.652,0,2860771
E0,epl-liv-not-2026-08-29,2026-08-29T11:30:00+00:00,H,6,0.67,0.6092,0.645,0.6347,nan,0.652,0,2860771
E0,epl-liv-not-2026-08-29,2026-08-29T11:30:00+00:00,H,24,0.63,0.6092,0.645,0.6347,nan,0.652,0,2860771
E0,epl-liv-not-2026-08-29,2026-08-29T11:30:00+00:00,D,1,0.2,0.2179,0.2004,0.2087,nan,0.2023,1,462816
E0,epl-liv-not-2026-08-29,2026-08-29T11:30:00+00:00,D,6,0.2,0.2179,0.2004,0.2087,nan,0.2023,1,462816
E0,epl-liv-not-2026-08-29,2026-08-29T11:30:00+00:00,D,24,0.2,0.2179,0.2004,0.2087,nan,0.2023,1,462816
E0,epl-liv-not-2026-08-29,2026-08-29T11:30:00+00:00,A,1,0.13,0.173,0.1546,0.1566,nan,0.1457,0,1730413
E0,epl-liv-not-2026-08-29,2026-08-29T11:30:00+00:00,A,6,0.15,0.173,0.1546,0.1566,nan,0.1457,0,1730413
E0,epl-liv-not-2026-08-29,2026-08-29T11:30:00+00:00,A,24,0.15,0.173,0.1546,0.1566,nan,0.1457,0,1730413
E0,epl-bou-eve-2026-08-29,2026-08-29T14:00:00+00:00,H,1,0.46,0.4513,0.4342,0.4337,nan,0.432,0,540024
E0,epl-bou-eve-2026-08-29,2026-08-29T14:00:00+00:00,H,6,0.46,0.4513,0.4342,0.4337,nan,0.432,0,540024
E0,epl-bou-eve-2026-08-29,2026-08-29T14:00:00+00:00,H,24,0.47,0.4513,0.4342,0.4337,nan,0.432,0,540024
E0,epl-bou-eve-2026-08-29,2026-08-29T14:00:00+00:00,D,1,0.28,0.2708,0.2736,0.2726,nan,0.2799,1,521932
E0,epl-bou-eve-2026-08-29,2026-08-29T14:00:00+00:00,D,6,0.28,0.2708,0.2736,0.2726,nan,0.2799,1,521932
E0,epl-bou-eve-2026-08-29,2026-08-29T14:00:00+00:00,D,24,0.27,0.2708,0.2736,0.2726,nan,0.2799,1,521932
E0,epl-bou-eve-2026-08-29,2026-08-29T14:00:00+00:00,A,1,0.27,0.2779,0.2922,0.2936,nan,0.288,0,191862
E0,epl-bou-eve-2026-08-29,2026-08-29T14:00:00+00:00,A,6,0.27,0.2779,0.2922,0.2936,nan,0.288,0,191862
E0,epl-bou-eve-2026-08-29,2026-08-29T14:00:00+00:00,A,24,0.27,0.2779,0.2922,0.2936,nan,0.288,0,191862
E0,epl-cov-hul-2026-08-29,2026-08-29T14:00:00+00:00,H,1,0.55,0.5061,0.5511,0.5532,nan,0.5564,0,856914
E0,epl-cov-hul-2026-08-29,2026-08-29T14:00:00+00:00,H,6,0.54,0.5061,0.5511,0.5532,nan,0.5564,0,856914
E0,epl-cov-hul-2026-08-29,2026-08-29T14:00:00+00:00,H,24,0.53,0.5061,0.5511,0.5532,nan,0.5564,0,856914
E0,epl-cov-hul-2026-08-29,2026-08-29T14:00:00+00:00,D,1,0.27,0.2681,0.2481,0.2454,nan,0.2521,0,183018
E0,epl-cov-hul-2026-08-29,2026-08-29T14:00:00+00:00,D,6,0.27,0.2681,0.2481,0.2454,nan,0.2521,0,183018
E0,epl-cov-hul-2026-08-29,2026-08-29T14:00:00+00:00,D,24,0.27,0.2681,0.2481,0.2454,nan,0.2521,0,183018
E0,epl-cov-hul-2026-08-29,2026-08-29T14:00:00+00:00,A,1,0.2,0.2259,0.2008,0.2015,nan,0.1915,1,507105
E0,epl-cov-hul-2026-08-29,2026-08-29T14:00:00+00:00,A,6,0.19,0.2259,0.2008,0.2015,nan,0.1915,1,507105
E0,epl-cov-hul-2026-08-29,2026-08-29T14:00:00+00:00,A,24,0.22,0.2259,0.2008,0.2015,nan,0.1915,1,507105
E0,epl-tot-new-2026-08-29,2026-08-29T16:30:00+00:00,H,1,0.44,0.4171,0.437,0.4411,nan,0.4402,0,1087700
E0,epl-tot-new-2026-08-29,2026-08-29T16:30:00+00:00,H,6,0.43,0.4171,0.437,0.4411,nan,0.4402,0,1087700
E0,epl-tot-new-2026-08-29,2026-08-29T16:30:00+00:00,H,24,0.42,0.4171,0.437,0.4411,nan,0.4402,0,1087700
E0,epl-tot-new-2026-08-29,2026-08-29T16:30:00+00:00,D,1,0.26,0.2571,0.256,0.2529,nan,0.2584,0,478345
E0,epl-tot-new-2026-08-29,2026-08-29T16:30:00+00:00,D,6,0.26,0.2571,0.256,0.2529,nan,0.2584,0,478345
E0,epl-tot-new-2026-08-29,2026-08-29T16:30:00+00:00,D,24,0.25,0.2571,0.256,0.2529,nan,0.2584,0,478345
E0,epl-tot-new-2026-08-29,2026-08-29T16:30:00+00:00,A,1,0.31,0.3258,0.307,0.3059,nan,0.3014,1,833583
E0,epl-tot-new-2026-08-29,2026-08-29T16:30:00+00:00,A,6,0.31,0.3258,0.307,0.3059,nan,0.3014,1,833583
E0,epl-tot-new-2026-08-29,2026-08-29T16:30:00+00:00,A,24,0.33,0.3258,0.307,0.3059,nan,0.3014,1,833583
E0,epl-che-bri-2026-08-30,2026-08-30T13:00:00+00:00,H,1,0.52,0.5166,0.5133,0.5157,nan,0.5178,1,6054195
E0,epl-che-bri-2026-08-30,2026-08-30T13:00:00+00:00,H,6,0.5,0.5166,0.5133,0.5157,nan,0.5178,1,6054195
E0,epl-che-bri-2026-08-30,2026-08-30T13:00:00+00:00,H,24,0.54,0.5166,0.5133,0.5157,nan,0.5178,1,6054195
E0,epl-che-bri-2026-08-30,2026-08-30T13:00:00+00:00,D,1,0.24,0.2442,0.2452,0.2484,nan,0.2498,0,105639
E0,epl-che-bri-2026-08-30,2026-08-30T13:00:00+00:00,D,6,0.25,0.2442,0.2452,0.2484,nan,0.2498,0,105639
E0,epl-che-bri-2026-08-30,2026-08-30T13:00:00+00:00,D,24,0.25,0.2442,0.2452,0.2484,nan,0.2498,0,105639
E0,epl-che-bri-2026-08-30,2026-08-30T13:00:00+00:00,A,1,0.24,0.2392,0.2415,0.2359,nan,0.2324,0,299994
E0,epl-che-bri-2026-08-30,2026-08-30T13:00:00+00:00,A,6,0.25,0.2392,0.2415,0.2359,nan,0.2324,0,299994
E0,epl-che-bri-2026-08-30,2026-08-30T13:00:00+00:00,A,24,0.22,0.2392,0.2415,0.2359,nan,0.2324,0,299994
E0,epl-sun-ful-2026-08-30,2026-08-30T13:00:00+00:00,H,1,0.41,0.3929,0.4252,0.4322,nan,0.4281,1,3246540
E0,epl-sun-ful-2026-08-30,2026-08-30T13:00:00+00:00,H,6,0.39,0.3929,0.4252,0.4322,nan,0.4281,1,3246540
E0,epl-sun-ful-2026-08-30,2026-08-30T13:00:00+00:00,H,24,0.4,0.3929,0.4252,0.4322,nan,0.4281,1,3246540
E0,epl-sun-ful-2026-08-30,2026-08-30T13:00:00+00:00,D,1,0.3,0.2898,0.2869,0.2881,nan,0.2921,0,140175
E0,epl-sun-ful-2026-08-30,2026-08-30T13:00:00+00:00,D,6,0.29,0.2898,0.2869,0.2881,nan,0.2921,0,140175
E0,epl-sun-ful-2026-08-30,2026-08-30T13:00:00+00:00,D,24,0.3,0.2898,0.2869,0.2881,nan,0.2921,0,140175
E0,epl-sun-ful-2026-08-30,2026-08-30T13:00:00+00:00,A,1,0.3,0.3173,0.2878,0.2797,nan,0.2798,0,1093014
E0,epl-sun-ful-2026-08-30,2026-08-30T13:00:00+00:00,A,6,0.32,0.3173,0.2878,0.2797,nan,0.2798,0,1093014
E0,epl-sun-ful-2026-08-30,2026-08-30T13:00:00+00:00,A,24,0.32,0.3173,0.2878,0.2797,nan,0.2798,0,1093014
E0,epl-lee-bre-2026-08-30,2026-08-30T13:00:00+00:00,H,1,0.34,0.3657,0.3436,0.3371,nan,0.3436,0,185319
E0,epl-lee-bre-2026-08-30,2026-08-30T13:00:00+00:00,H,6,0.37,0.3657,0.3436,0.3371,nan,0.3436,0,185319
E0,epl-lee-bre-2026-08-30,2026-08-30T13:00:00+00:00,H,24,0.37,0.3657,0.3436,0.3371,nan,0.3436,0,185319
E0,epl-lee-bre-2026-08-30,2026-08-30T13:00:00+00:00,D,1,0.28,0.2808,0.2769,0.2776,nan,0.2847,1,426944
E0,epl-lee-bre-2026-08-30,2026-08-30T13:00:00+00:00,D,6,0.29,0.2808,0.2769,0.2776,nan,0.2847,1,426944
E0,epl-lee-bre-2026-08-30,2026-08-30T13:00:00+00:00,D,24,0.28,0.2808,0.2769,0.2776,nan,0.2847,1,426944
E0,epl-lee-bre-2026-08-30,2026-08-30T13:00:00+00:00,A,1,0.39,0.3534,0.3796,0.3853,nan,0.3718,0,1988659
E0,epl-lee-bre-2026-08-30,2026-08-30T13:00:00+00:00,A,6,0.36,0.3534,0.3796,0.3853,nan,0.3718,0,1988659
E0,epl-lee-bre-2026-08-30,2026-08-30T13:00:00+00:00,A,24,0.36,0.3534,0.3796,0.3853,nan,0.3718,0,1988659
E0,epl-mun-ips-2026-08-30,2026-08-30T15:30:00+00:00,H,1,0.72,0.6702,0.7027,0.7046,nan,0.7173,1,1294715
E0,epl-mun-ips-2026-08-30,2026-08-30T15:30:00+00:00,H,6,0.71,0.6702,0.7027,0.7046,nan,0.7173,1,1294715
E0,epl-mun-ips-2026-08-30,2026-08-30T15:30:00+00:00,H,24,0.7,0.6702,0.7027,0.7046,nan,0.7173,1,1294715
E0,epl-mun-ips-2026-08-30,2026-08-30T15:30:00+00:00,D,1,0.18,0.1947,0.1747,0.1704,nan,0.1719,0,323226
E0,epl-mun-ips-2026-08-30,2026-08-30T15:30:00+00:00,D,6,0.19,0.1947,0.1747,0.1704,nan,0.1719,0,323226
E0,epl-mun-ips-2026-08-30,2026-08-30T15:30:00+00:00,D,24,0.19,0.1947,0.1747,0.1704,nan,0.1719,0,323226
E0,epl-mun-ips-2026-08-30,2026-08-30T15:30:00+00:00,A,1,0.11,0.1352,0.1226,0.125,nan,0.1108,0,329855
E0,epl-mun-ips-2026-08-30,2026-08-30T15:30:00+00:00,A,6,0.12,0.1352,0.1226,0.125,nan,0.1108,0,329855
E0,epl-mun-ips-2026-08-30,2026-08-30T15:30:00+00:00,A,24,0.13,0.1352,0.1226,0.125,nan,0.1108,0,329855
E0,epl-ast-ars-2026-08-31,2026-08-31T19:00:00+00:00,H,1,0.14,0.1563,0.1443,0.1451,nan,0.1344,0,513702
E0,epl-ast-ars-2026-08-31,2026-08-31T19:00:00+00:00,H,6,0.14,0.1563,0.1443,0.1451,nan,0.1344,0,513702
E0,epl-ast-ars-2026-08-31,2026-08-31T19:00:00+00:00,H,24,0.15,0.1563,0.1443,0.1451,nan,0.1344,0,513702
E0,epl-ast-ars-2026-08-31,2026-08-31T19:00:00+00:00,D,1,0.22,0.2278,0.2139,0.2178,nan,0.2071,0,249755
E0,epl-ast-ars-2026-08-31,2026-08-31T19:00:00+00:00,D,6,0.21,0.2278,0.2139,0.2178,nan,0.2071,0,249755
E0,epl-ast-ars-2026-08-31,2026-08-31T19:00:00+00:00,D,24,0.23,0.2278,0.2139,0.2178,nan,0.2071,0,249755
E0,epl-ast-ars-2026-08-31,2026-08-31T19:00:00+00:00,A,1,0.65,0.6159,0.6418,0.6371,nan,0.6585,1,11578177
E0,epl-ast-ars-2026-08-31,2026-08-31T19:00:00+00:00,A,6,0.64,0.6159,0.6418,0.6371,nan,0.6585,1,11578177
E0,epl-ast-ars-2026-08-31,2026-08-31T19:00:00+00:00,A,24,0.64,0.6159,0.6418,0.6371,nan,0.6585,1,11578177
E0,epl-ips-liv-2026-09-04,2026-09-04T19:00:00+00:00,H,1,0.17,0.1726,0.1953,0.1988,nan,0.184,0,938381
E0,epl-ips-liv-2026-09-04,2026-09-04T19:00:00+00:00,H,6,0.15,0.1726,0.1953,0.1988,nan,0.184,0,938381
E0,epl-ips-liv-2026-09-04,2026-09-04T19:00:00+00:00,H,24,0.16,0.1726,0.1953,0.1988,nan,0.184,0,938381
E0,epl-ips-liv-2026-09-04,2026-09-04T19:00:00+00:00,D,1,0.21,0.197,0.2187,0.2181,nan,0.2209,0,130855
E0,epl-ips-liv-2026-09-04,2026-09-04T19:00:00+00:00,D,6,0.19,0.197,0.2187,0.2181,nan,0.2209,0,130855
E0,epl-ips-liv-2026-09-04,2026-09-04T19:00:00+00:00,D,24,0.19,0.197,0.2187,0.2181,nan,0.2209,0,130855
E0,epl-ips-liv-2026-09-04,2026-09-04T19:00:00+00:00,A,1,0.63,0.6304,0.586,0.583,nan,0.5951,1,1466420
E0,epl-ips-liv-2026-09-04,2026-09-04T19:00:00+00:00,A,6,0.65,0.6304,0.586,0.583,nan,0.5951,1,1466420
E0,epl-ips-liv-2026-09-04,2026-09-04T19:00:00+00:00,A,24,0.64,0.6304,0.586,0.583,nan,0.5951,1,1466420
E0,epl-new-bou-2026-09-05,2026-09-05T11:30:00+00:00,H,1,0.47,0.4474,0.4463,0.4394,nan,0.4511,0,971401
E0,epl-new-bou-2026-09-05,2026-09-05T11:30:00+00:00,H,6,0.46,0.4474,0.4463,0.4394,nan,0.4511,0,971401
E0,epl-new-bou-2026-09-05,2026-09-05T11:30:00+00:00,H,24,0.47,0.4474,0.4463,0.4394,nan,0.4511,0,971401
E0,epl-new-bou-2026-09-05,2026-09-05T11:30:00+00:00,D,1,0.25,0.2581,0.2599,0.2699,nan,0.2612,1,217041
E0,epl-new-bou-2026-09-05,2026-09-05T11:30:00+00:00,D,6,0.25,0.2581,0.2599,0.2699,nan,0.2612,1,217041
E0,epl-new-bou-2026-09-05,2026-09-05T11:30:00+00:00,D,24,0.26,0.2581,0.2599,0.2699,nan,0.2612,1,217041
E0,epl-new-bou-2026-09-05,2026-09-05T11:30:00+00:00,A,1,0.28,0.2945,0.2938,0.2907,nan,0.2877,0,563377
E0,epl-new-bou-2026-09-05,2026-09-05T11:30:00+00:00,A,6,0.28,0.2945,0.2938,0.2907,nan,0.2877,0,563377
E0,epl-new-bou-2026-09-05,2026-09-05T11:30:00+00:00,A,24,0.29,0.2945,0.2938,0.2907,nan,0.2877,0,563377
E0,epl-ful-cry-2026-09-05,2026-09-05T14:00:00+00:00,H,1,0.44,0.4075,0.4382,0.4359,nan,0.4435,0,496800
E0,epl-ful-cry-2026-09-05,2026-09-05T14:00:00+00:00,H,6,0.45,0.4075,0.4382,0.4359,nan,0.4435,0,496800
E0,epl-ful-cry-2026-09-05,2026-09-05T14:00:00+00:00,H,24,0.43,0.4075,0.4382,0.4359,nan,0.4435,0,496800
E0,epl-ful-cry-2026-09-05,2026-09-05T14:00:00+00:00,D,1,0.29,0.2805,0.2792,0.2821,nan,0.288,0,97461
E0,epl-ful-cry-2026-09-05,2026-09-05T14:00:00+00:00,D,6,0.29,0.2805,0.2792,0.2821,nan,0.288,0,97461
E0,epl-ful-cry-2026-09-05,2026-09-05T14:00:00+00:00,D,24,0.29,0.2805,0.2792,0.2821,nan,0.288,0,97461
E0,epl-ful-cry-2026-09-05,2026-09-05T14:00:00+00:00,A,1,0.27,0.312,0.2826,0.2821,nan,0.2685,1,534983
E0,epl-ful-cry-2026-09-05,2026-09-05T14:00:00+00:00,A,6,0.26,0.312,0.2826,0.2821,nan,0.2685,1,534983
E0,epl-ful-cry-2026-09-05,2026-09-05T14:00:00+00:00,A,24,0.31,0.312,0.2826,0.2821,nan,0.2685,1,534983
E0,epl-bre-sun-2026-09-05,2026-09-05T14:00:00+00:00,H,1,0.57,0.5808,0.5622,0.5539,nan,0.5645,0,501381
E0,epl-bre-sun-2026-09-05,2026-09-05T14:00:00+00:00,H,6,0.56,0.5808,0.5622,0.5539,nan,0.5645,0,501381
E0,epl-bre-sun-2026-09-05,2026-09-05T14:00:00+00:00,H,24,0.59,0.5808,0.5622,0.5539,nan,0.5645,0,501381
E0,epl-bre-sun-2026-09-05,2026-09-05T14:00:00+00:00,D,1,0.24,0.2413,0.2447,0.2478,nan,0.2515,1,79076
E0,epl-bre-sun-2026-09-05,2026-09-05T14:00:00+00:00,D,6,0.24,0.2413,0.2447,0.2478,nan,0.2515,1,79076
E0,epl-bre-sun-2026-09-05,2026-09-05T14:00:00+00:00,D,24,0.24,0.2413,0.2447,0.2478,nan,0.2515,1,79076
E0,epl-bre-sun-2026-09-05,2026-09-05T14:00:00+00:00,A,1,0.18,0.1779,0.1931,0.1983,nan,0.184,0,177725
E0,epl-bre-sun-2026-09-05,2026-09-05T14:00:00+00:00,A,6,0.18,0.1779,0.1931,0.1983,nan,0.184,0,177725
E0,epl-bre-sun-2026-09-05,2026-09-05T14:00:00+00:00,A,24,0.17,0.1779,0.1931,0.1983,nan,0.184,0,177725
E0,epl-bri-lee-2026-09-05,2026-09-05T14:00:00+00:00,H,1,0.48,0.4761,0.4867,0.4937,nan,0.4869,0,762755
E0,epl-bri-lee-2026-09-05,2026-09-05T14:00:00+00:00,H,6,0.48,0.4761,0.4867,0.4937,nan,0.4869,0,762755
E0,epl-bri-lee-2026-09-05,2026-09-05T14:00:00+00:00,H,24,0.49,0.4761,0.4867,0.4937,nan,0.4869,0,762755
E0,epl-bri-lee-2026-09-05,2026-09-05T14:00:00+00:00,D,1,0.26,0.2678,0.2601,0.2549,nan,0.2648,1,40003
E0,epl-bri-lee-2026-09-05,2026-09-05T14:00:00+00:00,D,6,0.26,0.2678,0.2601,0.2549,nan,0.2648,1,40003
E0,epl-bri-lee-2026-09-05,2026-09-05T14:00:00+00:00,D,24,0.27,0.2678,0.2601,0.2549,nan,0.2648,1,40003
E0,epl-bri-lee-2026-09-05,2026-09-05T14:00:00+00:00,A,1,0.26,0.2561,0.2531,0.2515,nan,0.2483,0,132263
E0,epl-bri-lee-2026-09-05,2026-09-05T14:00:00+00:00,A,6,0.26,0.2561,0.2531,0.2515,nan,0.2483,0,132263
E0,epl-bri-lee-2026-09-05,2026-09-05T14:00:00+00:00,A,24,0.25,0.2561,0.2531,0.2515,nan,0.2483,0,132263
E0,epl-mac-cov-2026-09-05,2026-09-05T14:00:00+00:00,H,1,0.84,0.808,0.7952,0.8012,nan,0.8205,1,2084879
E0,epl-mac-cov-2026-09-05,2026-09-05T14:00:00+00:00,H,6,0.86,0.808,0.7952,0.8012,nan,0.8205,1,2084879
E0,epl-mac-cov-2026-09-05,2026-09-05T14:00:00+00:00,H,24,0.85,0.808,0.7952,0.8012,nan,0.8205,1,2084879
E0,epl-mac-cov-2026-09-05,2026-09-05T14:00:00+00:00,D,1,0.12,0.1237,0.1318,0.1261,nan,0.1211,0,136518
E0,epl-mac-cov-2026-09-05,2026-09-05T14:00:00+00:00,D,6,0.11,0.1237,0.1318,0.1261,nan,0.1211,0,136518
E0,epl-mac-cov-2026-09-05,2026-09-05T14:00:00+00:00,D,24,0.11,0.1237,0.1318,0.1261,nan,0.1211,0,136518
E0,epl-mac-cov-2026-09-05,2026-09-05T14:00:00+00:00,A,1,0.06,0.0683,0.073,0.0727,nan,0.0584,0,757335
E0,epl-mac-cov-2026-09-05,2026-09-05T14:00:00+00:00,A,6,0.04,0.0683,0.073,0.0727,nan,0.0584,0,757335
E0,epl-mac-cov-2026-09-05,2026-09-05T14:00:00+00:00,A,24,0.05,0.0683,0.073,0.0727,nan,0.0584,0,757335
E0,epl-not-tot-2026-09-05,2026-09-05T14:00:00+00:00,H,1,0.36,0.3916,0.3581,0.3515,nan,0.3521,0,445898
E0,epl-not-tot-2026-09-05,2026-09-05T14:00:00+00:00,H,6,0.4,0.3916,0.3581,0.3515,nan,0.3521,0,445898
E0,epl-not-tot-2026-09-05,2026-09-05T14:00:00+00:00,H,24,0.4,0.3916,0.3581,0.3515,nan,0.3521,0,445898
E0,epl-not-tot-2026-09-05,2026-09-05T14:00:00+00:00,D,1,0.28,0.2797,0.2797,0.2876,nan,0.2857,1,50277
E0,epl-not-tot-2026-09-05,2026-09-05T14:00:00+00:00,D,6,0.28,0.2797,0.2797,0.2876,nan,0.2857,1,50277
E0,epl-not-tot-2026-09-05,2026-09-05T14:00:00+00:00,D,24,0.28,0.2797,0.2797,0.2876,nan,0.2857,1,50277
E0,epl-not-tot-2026-09-05,2026-09-05T14:00:00+00:00,A,1,0.36,0.3286,0.3622,0.3609,nan,0.3623,0,481731
E0,epl-not-tot-2026-09-05,2026-09-05T14:00:00+00:00,A,6,0.33,0.3286,0.3622,0.3609,nan,0.3623,0,481731
E0,epl-not-tot-2026-09-05,2026-09-05T14:00:00+00:00,A,24,0.33,0.3286,0.3622,0.3609,nan,0.3623,0,481731
E0,epl-hul-ast-2026-09-05,2026-09-05T16:30:00+00:00,H,1,0.22,0.2332,0.24,0.2378,nan,0.2322,0,343733
E0,epl-hul-ast-2026-09-05,2026-09-05T16:30:00+00:00,H,6,0.23,0.2332,0.24,0.2378,nan,0.2322,0,343733
E0,epl-hul-ast-2026-09-05,2026-09-05T16:30:00+00:00,H,24,0.23,0.2332,0.24,0.2378,nan,0.2322,0,343733
E0,epl-hul-ast-2026-09-05,2026-09-05T16:30:00+00:00,D,1,0.26,0.2603,0.2621,0.2642,nan,0.2662,1,79503
E0,epl-hul-ast-2026-09-05,2026-09-05T16:30:00+00:00,D,6,0.26,0.2603,0.2621,0.2642,nan,0.2662,1,79503
E0,epl-hul-ast-2026-09-05,2026-09-05T16:30:00+00:00,D,24,0.25,0.2603,0.2621,0.2642,nan,0.2662,1,79503
E0,epl-hul-ast-2026-09-05,2026-09-05T16:30:00+00:00,A,1,0.53,0.5065,0.4979,0.498,nan,0.5016,0,960500
E0,epl-hul-ast-2026-09-05,2026-09-05T16:30:00+00:00,A,6,0.52,0.5065,0.4979,0.498,nan,0.5016,0,960500
E0,epl-hul-ast-2026-09-05,2026-09-05T16:30:00+00:00,A,24,0.52,0.5065,0.4979,0.498,nan,0.5016,0,960500
E0,epl-eve-mun-2026-09-06,2026-09-06T13:00:00+00:00,H,1,0.25,0.2923,0.2586,0.2525,nan,0.254,0,862413
E0,epl-eve-mun-2026-09-06,2026-09-06T13:00:00+00:00,H,6,0.28,0.2923,0.2586,0.2525,nan,0.254,0,862413
E0,epl-eve-mun-2026-09-06,2026-09-06T13:00:00+00:00,H,24,0.29,0.2923,0.2586,0.2525,nan,0.254,0,862413
E0,epl-eve-mun-2026-09-06,2026-09-06T13:00:00+00:00,D,1,0.26,0.2651,0.2471,0.2492,nan,0.2508,1,277086
E0,epl-eve-mun-2026-09-06,2026-09-06T13:00:00+00:00,D,6,0.26,0.2651,0.2471,0.2492,nan,0.2508,1,277086
E0,epl-eve-mun-2026-09-06,2026-09-06T13:00:00+00:00,D,24,0.27,0.2651,0.2471,0.2492,nan,0.2508,1,277086
E0,epl-eve-mun-2026-09-06,2026-09-06T13:00:00+00:00,A,1,0.5,0.4426,0.4942,0.4983,nan,0.4953,0,8513199
E0,epl-eve-mun-2026-09-06,2026-09-06T13:00:00+00:00,A,6,0.46,0.4426,0.4942,0.4983,nan,0.4953,0,8513199
E0,epl-eve-mun-2026-09-06,2026-09-06T13:00:00+00:00,A,24,0.46,0.4426,0.4942,0.4983,nan,0.4953,0,8513199
E0,epl-ars-che-2026-09-06,2026-09-06T15:30:00+00:00,H,1,0.57,0.557,0.5555,0.5575,nan,0.5609,1,1748936
E0,epl-ars-che-2026-09-06,2026-09-06T15:30:00+00:00,H,6,0.56,0.557,0.5555,0.5575,nan,0.5609,1,1748936
E0,epl-ars-che-2026-09-06,2026-09-06T15:30:00+00:00,H,24,0.56,0.557,0.5555,0.5575,nan,0.5609,1,1748936
E0,epl-ars-che-2026-09-06,2026-09-06T15:30:00+00:00,D,1,0.25,0.2477,0.2453,0.243,nan,0.2482,0,235000
E0,epl-ars-che-2026-09-06,2026-09-06T15:30:00+00:00,D,6,0.25,0.2477,0.2453,0.243,nan,0.2482,0,235000
E0,epl-ars-che-2026-09-06,2026-09-06T15:30:00+00:00,D,24,0.24,0.2477,0.2453,0.243,nan,0.2482,0,235000
E0,epl-ars-che-2026-09-06,2026-09-06T15:30:00+00:00,A,1,0.19,0.1953,0.1992,0.1995,nan,0.1909,0,1331028
E0,epl-ars-che-2026-09-06,2026-09-06T15:30:00+00:00,A,6,0.19,0.1953,0.1992,0.1995,nan,0.1909,0,1331028
E0,epl-ars-che-2026-09-06,2026-09-06T15:30:00+00:00,A,24,0.2,0.1953,0.1992,0.1995,nan,0.1909,0,1331028
E0,epl-che-hul-2026-09-12,2026-09-12T14:00:00+00:00,H,1,0.81,0.7766,0.7797,0.7756,nan,0.8008,0,1060720
E0,epl-che-hul-2026-09-12,2026-09-12T14:00:00+00:00,H,6,0.8,0.7766,0.7797,0.7756,nan,0.8008,0,1060720
E0,epl-che-hul-2026-09-12,2026-09-12T14:00:00+00:00,H,24,0.8,0.7766,0.7797,0.7756,nan,0.8008,0,1060720
E0,epl-che-hul-2026-09-12,2026-09-12T14:00:00+00:00,D,1,0.13,0.1446,0.1414,0.1456,nan,0.1307,1,342299
E0,epl-che-hul-2026-09-12,2026-09-12T14:00:00+00:00,D,6,0.14,0.1446,0.1414,0.1456,nan,0.1307,1,342299
E0,epl-che-hul-2026-09-12,2026-09-12T14:00:00+00:00,D,24,0.15,0.1446,0.1414,0.1456,nan,0.1307,1,342299
E0,epl-che-hul-2026-09-12,2026-09-12T14:00:00+00:00,A,1,0.08,0.0788,0.0789,0.0789,nan,0.0685,0,365398
E0,epl-che-hul-2026-09-12,2026-09-12T14:00:00+00:00,A,6,0.08,0.0788,0.0789,0.0789,nan,0.0685,0,365398
E0,epl-che-hul-2026-09-12,2026-09-12T14:00:00+00:00,A,24,0.07,0.0788,0.0789,0.0789,nan,0.0685,0,365398
E0,epl-liv-ful-2026-09-12,2026-09-12T14:00:00+00:00,H,1,0.65,0.6566,0.6294,0.6176,nan,0.6391,0,2170603
E0,epl-liv-ful-2026-09-12,2026-09-12T14:00:00+00:00,H,6,0.65,0.6566,0.6294,0.6176,nan,0.6391,0,2170603
E0,epl-liv-ful-2026-09-12,2026-09-12T14:00:00+00:00,H,24,0.68,0.6566,0.6294,0.6176,nan,0.6391,0,2170603
E0,epl-liv-ful-2026-09-12,2026-09-12T14:00:00+00:00,D,1,0.2,0.195,0.2061,0.2059,nan,0.2108,1,183600
E0,epl-liv-ful-2026-09-12,2026-09-12T14:00:00+00:00,D,6,0.2,0.195,0.2061,0.2059,nan,0.2108,1,183600
E0,epl-liv-ful-2026-09-12,2026-09-12T14:00:00+00:00,D,24,0.18,0.195,0.2061,0.2059,nan,0.2108,1,183600
E0,epl-liv-ful-2026-09-12,2026-09-12T14:00:00+00:00,A,1,0.14,0.1484,0.1645,0.1765,nan,0.1501,0,279900
E0,epl-liv-ful-2026-09-12,2026-09-12T14:00:00+00:00,A,6,0.15,0.1484,0.1645,0.1765,nan,0.1501,0,279900
E0,epl-liv-ful-2026-09-12,2026-09-12T14:00:00+00:00,A,24,0.13,0.1484,0.1645,0.1765,nan,0.1501,0,279900
E0,epl-bou-bre-2026-09-12,2026-09-12T14:00:00+00:00,H,1,0.4,0.3848,0.4124,0.4211,nan,0.4148,0,316467
E0,epl-bou-bre-2026-09-12,2026-09-12T14:00:00+00:00,H,6,0.38,0.3848,0.4124,0.4211,nan,0.4148,0,316467
E0,epl-bou-bre-2026-09-12,2026-09-12T14:00:00+00:00,H,24,0.39,0.3848,0.4124,0.4211,nan,0.4148,0,316467
E0,epl-bou-bre-2026-09-12,2026-09-12T14:00:00+00:00,D,1,0.27,0.2634,0.2631,0.2632,nan,0.2691,1,225835
E0,epl-bou-bre-2026-09-12,2026-09-12T14:00:00+00:00,D,6,0.27,0.2634,0.2631,0.2632,nan,0.2691,1,225835
E0,epl-bou-bre-2026-09-12,2026-09-12T14:00:00+00:00,D,24,0.27,0.2634,0.2631,0.2632,nan,0.2691,1,225835
E0,epl-bou-bre-2026-09-12,2026-09-12T14:00:00+00:00,A,1,0.33,0.3518,0.3245,0.3158,nan,0.3161,0,81180
E0,epl-bou-bre-2026-09-12,2026-09-12T14:00:00+00:00,A,6,0.35,0.3518,0.3245,0.3158,nan,0.3161,0,81180
E0,epl-bou-bre-2026-09-12,2026-09-12T14:00:00+00:00,A,24,0.36,0.3518,0.3245,0.3158,nan,0.3161,0,81180
E0,epl-cry-ips-2026-09-12,2026-09-12T14:00:00+00:00,H,1,0.47,0.5117,0.45,0.4411,nan,0.4397,0,317096
E0,epl-cry-ips-2026-09-12,2026-09-12T14:00:00+00:00,H,6,0.51,0.5117,0.45,0.4411,nan,0.4397,0,317096
E0,epl-cry-ips-2026-09-12,2026-09-12T14:00:00+00:00,H,24,0.52,0.5117,0.45,0.4411,nan,0.4397,0,317096
E0,epl-cry-ips-2026-09-12,2026-09-12T14:00:00+00:00,D,1,0.26,0.2517,0.261,0.2529,nan,0.2723,0,75513
E0,epl-cry-ips-2026-09-12,2026-09-12T14:00:00+00:00,D,6,0.26,0.2517,0.261,0.2529,nan,0.2723,0,75513
E0,epl-cry-ips-2026-09-12,2026-09-12T14:00:00+00:00,D,24,0.26,0.2517,0.261,0.2529,nan,0.2723,0,75513
E0,epl-cry-ips-2026-09-12,2026-09-12T14:00:00+00:00,A,1,0.26,0.2366,0.289,0.3059,nan,0.288,1,165312
E0,epl-cry-ips-2026-09-12,2026-09-12T14:00:00+00:00,A,6,0.23,0.2366,0.289,0.3059,nan,0.288,1,165312
E0,epl-cry-ips-2026-09-12,2026-09-12T14:00:00+00:00,A,24,0.23,0.2366,0.289,0.3059,nan,0.288,1,165312
E0,epl-ast-not-2026-09-12,2026-09-12T14:00:00+00:00,H,1,0.44,0.4246,0.4268,0.4229,nan,0.426,0,682015
E0,epl-ast-not-2026-09-12,2026-09-12T14:00:00+00:00,H,6,0.43,0.4246,0.4268,0.4229,nan,0.426,0,682015
E0,epl-ast-not-2026-09-12,2026-09-12T14:00:00+00:00,H,24,0.42,0.4246,0.4268,0.4229,nan,0.426,0,682015
E0,epl-ast-not-2026-09-12,2026-09-12T14:00:00+00:00,D,1,0.28,0.2781,0.2762,0.2798,nan,0.2808,0,100548
E0,epl-ast-not-2026-09-12,2026-09-12T14:00:00+00:00,D,6,0.28,0.2781,0.2762,0.2798,nan,0.2808,0,100548
E0,epl-ast-not-2026-09-12,2026-09-12T14:00:00+00:00,D,24,0.28,0.2781,0.2762,0.2798,nan,0.2808,0,100548
E0,epl-ast-not-2026-09-12,2026-09-12T14:00:00+00:00,A,1,0.28,0.2974,0.297,0.2973,nan,0.2932,1,240611
E0,epl-ast-not-2026-09-12,2026-09-12T14:00:00+00:00,A,6,0.29,0.2974,0.297,0.2973,nan,0.2932,1,240611
E0,epl-ast-not-2026-09-12,2026-09-12T14:00:00+00:00,A,24,0.3,0.2974,0.297,0.2973,nan,0.2932,1,240611
E0,epl-tot-eve-2026-09-12,2026-09-12T16:30:00+00:00,H,1,0.48,0.467,0.4769,0.4701,nan,0.4774,0,1104428
E0,epl-tot-eve-2026-09-12,2026-09-12T16:30:00+00:00,H,6,0.49,0.467,0.4769,0.4701,nan,0.4774,0,1104428
E0,epl-tot-eve-2026-09-12,2026-09-12T16:30:00+00:00,H,24,0.48,0.467,0.4769,0.4701,nan,0.4774,0,1104428
E0,epl-tot-eve-2026-09-12,2026-09-12T16:30:00+00:00,D,1,0.27,0.2672,0.2601,0.2612,nan,0.2613,1,93634
E0,epl-tot-eve-2026-09-12,2026-09-12T16:30:00+00:00,D,6,0.27,0.2672,0.2601,0.2612,nan,0.2613,1,93634
E0,epl-tot-eve-2026-09-12,2026-09-12T16:30:00+00:00,D,24,0.27,0.2672,0.2601,0.2612,nan,0.2613,1,93634
E0,epl-tot-eve-2026-09-12,2026-09-12T16:30:00+00:00,A,1,0.26,0.2657,0.263,0.2687,nan,0.2613,0,195703
E0,epl-tot-eve-2026-09-12,2026-09-12T16:30:00+00:00,A,6,0.27,0.2657,0.263,0.2687,nan,0.2613,0,195703
E0,epl-tot-eve-2026-09-12,2026-09-12T16:30:00+00:00,A,24,0.26,0.2657,0.263,0.2687,nan,0.2613,0,195703
E0,epl-sun-ars-2026-09-12,2026-09-12T19:00:00+00:00,H,1,0.13,0.1278,0.1608,0.1558,nan,0.1505,0,913504
E0,epl-sun-ars-2026-09-12,2026-09-12T19:00:00+00:00,H,6,0.13,0.1278,0.1608,0.1558,nan,0.1505,0,913504
E0,epl-sun-ars-2026-09-12,2026-09-12T19:00:00+00:00,H,24,0.12,0.1278,0.1608,0.1558,nan,0.1505,0,913504
E0,epl-sun-ars-2026-09-12,2026-09-12T19:00:00+00:00,D,1,0.25,0.2282,0.2546,0.2597,nan,0.2581,0,180828
E0,epl-sun-ars-2026-09-12,2026-09-12T19:00:00+00:00,D,6,0.25,0.2282,0.2546,0.2597,nan,0.2581,0,180828
E0,epl-sun-ars-2026-09-12,2026-09-12T19:00:00+00:00,D,24,0.22,0.2282,0.2546,0.2597,nan,0.2581,0,180828
E0,epl-sun-ars-2026-09-12,2026-09-12T19:00:00+00:00,A,1,0.62,0.644,0.5846,0.5844,nan,0.5914,1,5492118
E0,epl-sun-ars-2026-09-12,2026-09-12T19:00:00+00:00,A,6,0.61,0.644,0.5846,0.5844,nan,0.5914,1,5492118
E0,epl-sun-ars-2026-09-12,2026-09-12T19:00:00+00:00,A,24,0.66,0.644,0.5846,0.5844,nan,0.5914,1,5492118
E0,epl-cov-bri-2026-09-13,2026-09-13T13:00:00+00:00,H,1,0.24,0.2403,0.2548,0.2557,nan,0.2478,0,285169
E0,epl-cov-bri-2026-09-13,2026-09-13T13:00:00+00:00,H,6,0.24,0.2403,0.2548,0.2557,nan,0.2478,0,285169
E0,epl-cov-bri-2026-09-13,2026-09-13T13:00:00+00:00,H,24,0.24,0.2403,0.2548,0.2557,nan,0.2478,0,285169
E0,epl-cov-bri-2026-09-13,2026-09-13T13:00:00+00:00,D,1,0.26,0.2519,0.2501,0.249,nan,0.2541,0,42428
E0,epl-cov-bri-2026-09-13,2026-09-13T13:00:00+00:00,D,6,0.25,0.2519,0.2501,0.249,nan,0.2541,0,42428
E0,epl-cov-bri-2026-09-13,2026-09-13T13:00:00+00:00,D,24,0.26,0.2519,0.2501,0.249,nan,0.2541,0,42428
E0,epl-cov-bri-2026-09-13,2026-09-13T13:00:00+00:00,A,1,0.51,0.5078,0.495,0.4953,nan,0.4981,1,5086613
E0,epl-cov-bri-2026-09-13,2026-09-13T13:00:00+00:00,A,6,0.51,0.5078,0.495,0.4953,nan,0.4981,1,5086613
E0,epl-cov-bri-2026-09-13,2026-09-13T13:00:00+00:00,A,24,0.52,0.5078,0.495,0.4953,nan,0.4981,1,5086613
E0,epl-mun-mac-2026-09-13,2026-09-13T15:30:00+00:00,H,1,0.31,0.3047,0.32,0.3161,nan,0.3114,0,997169
E0,epl-mun-mac-2026-09-13,2026-09-13T15:30:00+00:00,H,6,0.31,0.3047,0.32,0.3161,nan,0.3114,0,997169
E0,epl-mun-mac-2026-09-13,2026-09-13T15:30:00+00:00,H,24,0.3,0.3047,0.32,0.3161,nan,0.3114,0,997169
E0,epl-mun-mac-2026-09-13,2026-09-13T15:30:00+00:00,D,1,0.25,0.2483,0.251,0.2529,nan,0.2555,0,215219
E0,epl-mun-mac-2026-09-13,2026-09-13T15:30:00+00:00,D,6,0.25,0.2483,0.251,0.2529,nan,0.2555,0,215219
E0,epl-mun-mac-2026-09-13,2026-09-13T15:30:00+00:00,D,24,0.25,0.2483,0.251,0.2529,nan,0.2555,0,215219
E0,epl-mun-mac-2026-09-13,2026-09-13T15:30:00+00:00,A,1,0.45,0.447,0.429,0.431,nan,0.4332,1,2887946
E0,epl-mun-mac-2026-09-13,2026-09-13T15:30:00+00:00,A,6,0.45,0.447,0.429,0.431,nan,0.4332,1,2887946
E0,epl-mun-mac-2026-09-13,2026-09-13T15:30:00+00:00,A,24,0.47,0.447,0.429,0.431,nan,0.4332,1,2887946
E0,epl-lee-new-2026-09-14,2026-09-14T19:00:00+00:00,H,1,0.41,0.3942,0.4104,0.4126,nan,0.4078,1,701722
E0,epl-lee-new-2026-09-14,2026-09-14T19:00:00+00:00,H,6,0.42,0.3942,0.4104,0.4126,nan,0.4078,1,701722
E0,epl-lee-new-2026-09-14,2026-09-14T19:00:00+00:00,H,24,0.41,0.3942,0.4104,0.4126,nan,0.4078,1,701722
E0,epl-lee-new-2026-09-14,2026-09-14T19:00:00+00:00,D,1,0.27,0.2719,0.2728,0.2711,nan,0.2764,0,202851
E0,epl-lee-new-2026-09-14,2026-09-14T19:00:00+00:00,D,6,0.28,0.2719,0.2728,0.2711,nan,0.2764,0,202851
E0,epl-lee-new-2026-09-14,2026-09-14T19:00:00+00:00,D,24,0.28,0.2719,0.2728,0.2711,nan,0.2764,0,202851
E0,epl-lee-new-2026-09-14,2026-09-14T19:00:00+00:00,A,1,0.32,0.3339,0.3168,0.3163,nan,0.3159,0,804908
E0,epl-lee-new-2026-09-14,2026-09-14T19:00:00+00:00,A,6,0.3,0.3339,0.3168,0.3163,nan,0.3159,0,804908
E0,epl-lee-new-2026-09-14,2026-09-14T19:00:00+00:00,A,24,0.33,0.3339,0.3168,0.3163,nan,0.3159,0,804908
E0,epl-bre-che-2026-09-18,2026-09-18T19:00:00+00:00,H,1,0.36,0.3617,0.3735,0.3719,nan,0.3721,1,1700940
E0,epl-bre-che-2026-09-18,2026-09-18T19:00:00+00:00,H,6,0.36,0.3617,0.3735,0.3719,nan,0.3721,1,1700940
E0,epl-bre-che-2026-09-18,2026-09-18T19:00:00+00:00,H,24,0.34,0.3617,0.3735,0.3719,nan,0.3721,1,1700940
E0,epl-bre-che-2026-09-18,2026-09-18T19:00:00+00:00,D,1,0.27,0.2561,0.2603,0.2634,nan,0.264,0,207226
E0,epl-bre-che-2026-09-18,2026-09-18T19:00:00+00:00,D,6,0.26,0.2561,0.2603,0.2634,nan,0.264,0,207226
E0,epl-bre-che-2026-09-18,2026-09-18T19:00:00+00:00,D,24,0.26,0.2561,0.2603,0.2634,nan,0.264,0,207226
E0,epl-bre-che-2026-09-18,2026-09-18T19:00:00+00:00,A,1,0.38,0.3821,0.3662,0.3647,nan,0.3639,0,6678023
E0,epl-bre-che-2026-09-18,2026-09-18T19:00:00+00:00,A,6,0.38,0.3821,0.3662,0.3647,nan,0.3639,0,6678023
E0,epl-bre-che-2026-09-18,2026-09-18T19:00:00+00:00,A,24,0.41,0.3821,0.3662,0.3647,nan,0.3639,0,6678023
E0,epl-tot-ast-2026-09-19,2026-09-19T11:30:00+00:00,H,1,0.51,0.4753,0.5007,0.5082,nan,0.5024,0,1056944
E0,epl-tot-ast-2026-09-19,2026-09-19T11:30:00+00:00,H,6,0.49,0.4753,0.5007,0.5082,nan,0.5024,0,1056944
E0,epl-tot-ast-2026-09-19,2026-09-19T11:30:00+00:00,H,24,0.47,0.4753,0.5007,0.5082,nan,0.5024,0,1056944
E0,epl-tot-ast-2026-09-19,2026-09-19T11:30:00+00:00,D,1,0.26,0.2635,0.251,0.2507,nan,0.255,0,266155
E0,epl-tot-ast-2026-09-19,2026-09-19T11:30:00+00:00,D,6,0.27,0.2635,0.251,0.2507,nan,0.255,0,266155
E0,epl-tot-ast-2026-09-19,2026-09-19T11:30:00+00:00,D,24,0.27,0.2635,0.251,0.2507,nan,0.255,0,266155
E0,epl-tot-ast-2026-09-19,2026-09-19T11:30:00+00:00,A,1,0.25,0.2613,0.2484,0.2411,nan,0.2426,1,960269
E0,epl-tot-ast-2026-09-19,2026-09-19T11:30:00+00:00,A,6,0.25,0.2613,0.2484,0.2411,nan,0.2426,1,960269
E0,epl-tot-ast-2026-09-19,2026-09-19T11:30:00+00:00,A,24,0.26,0.2613,0.2484,0.2411,nan,0.2426,1,960269
E0,epl-bri-ars-2026-09-19,2026-09-19T14:00:00+00:00,H,1,0.17,0.1974,0.1919,0.1902,nan,0.1785,1,658516
E0,epl-bri-ars-2026-09-19,2026-09-19T14:00:00+00:00,H,6,0.18,0.1974,0.1919,0.1902,nan,0.1785,1,658516
E0,epl-bri-ars-2026-09-19,2026-09-19T14:00:00+00:00,H,24,0.18,0.1974,0.1919,0.1902,nan,0.1785,1,658516
E0,epl-bri-ars-2026-09-19,2026-09-19T14:00:00+00:00,D,1,0.25,0.2421,0.2459,0.2503,nan,0.2438,0,165486
E0,epl-bri-ars-2026-09-19,2026-09-19T14:00:00+00:00,D,6,0.25,0.2421,0.2459,0.2503,nan,0.2438,0,165486
E0,epl-bri-ars-2026-09-19,2026-09-19T14:00:00+00:00,D,24,0.24,0.2421,0.2459,0.2503,nan,0.2438,0,165486
E0,epl-bri-ars-2026-09-19,2026-09-19T14:00:00+00:00,A,1,0.58,0.5605,0.5621,0.5595,nan,0.5777,0,1898836
E0,epl-bri-ars-2026-09-19,2026-09-19T14:00:00+00:00,A,6,0.57,0.5605,0.5621,0.5595,nan,0.5777,0,1898836
E0,epl-bri-ars-2026-09-19,2026-09-19T14:00:00+00:00,A,24,0.58,0.5605,0.5621,0.5595,nan,0.5777,0,1898836
E0,epl-new-hul-2026-09-19,2026-09-19T14:00:00+00:00,H,1,0.6,0.595,0.5933,0.5968,nan,0.6038,1,1485146
E0,epl-new-hul-2026-09-19,2026-09-19T14:00:00+00:00,H,6,0.61,0.595,0.5933,0.5968,nan,0.6038,1,1485146
E0,epl-new-hul-2026-09-19,2026-09-19T14:00:00+00:00,H,24,0.61,0.595,0.5933,0.5968,nan,0.6038,1,1485146
E0,epl-new-hul-2026-09-19,2026-09-19T14:00:00+00:00,D,1,0.22,0.2207,0.2199,0.2122,nan,0.2214,0,134518
E0,epl-new-hul-2026-09-19,2026-09-19T14:00:00+00:00,D,6,0.22,0.2207,0.2199,0.2122,nan,0.2214,0,134518
E0,epl-new-hul-2026-09-19,2026-09-19T14:00:00+00:00,D,24,0.21,0.2207,0.2199,0.2122,nan,0.2214,0,134518
E0,epl-new-hul-2026-09-19,2026-09-19T14:00:00+00:00,A,1,0.18,0.1843,0.1868,0.191,nan,0.1748,0,245139
E0,epl-new-hul-2026-09-19,2026-09-19T14:00:00+00:00,A,6,0.18,0.1843,0.1868,0.191,nan,0.1748,0,245139
E0,epl-new-hul-2026-09-19,2026-09-19T14:00:00+00:00,A,24,0.19,0.1843,0.1868,0.191,nan,0.1748,0,245139
E0,epl-eve-ips-2026-09-19,2026-09-19T14:00:00+00:00,H,1,0.55,0.5353,0.5421,0.5514,nan,0.5462,1,400910
E0,epl-eve-ips-2026-09-19,2026-09-19T14:00:00+00:00,H,6,0.54,0.5353,0.5421,0.5514,nan,0.5462,1,400910
E0,epl-eve-ips-2026-09-19,2026-09-19T14:00:00+00:00,H,24,0.55,0.5353,0.5421,0.5514,nan,0.5462,1,400910
E0,epl-eve-ips-2026-09-19,2026-09-19T14:00:00+00:00,D,1,0.25,0.2486,0.245,0.2403,nan,0.2499,0,63012
E0,epl-eve-ips-2026-09-19,2026-09-19T14:00:00+00:00,D,6,0.26,0.2486,0.245,0.2403,nan,0.2499,0,63012
E0,epl-eve-ips-2026-09-19,2026-09-19T14:00:00+00:00,D,24,0.26,0.2486,0.245,0.2403,nan,0.2499,0,63012
E0,epl-eve-ips-2026-09-19,2026-09-19T14:00:00+00:00,A,1,0.2,0.2161,0.2129,0.2083,nan,0.204,0,90072
E0,epl-eve-ips-2026-09-19,2026-09-19T14:00:00+00:00,A,6,0.22,0.2161,0.2129,0.2083,nan,0.204,0,90072
E0,epl-eve-ips-2026-09-19,2026-09-19T14:00:00+00:00,A,24,0.2,0.2161,0.2129,0.2083,nan,0.204,0,90072
E0,epl-not-cov-2026-09-19,2026-09-19T16:30:00+00:00,H,1,0.6,0.5959,0.5788,0.5801,nan,0.5918,0,652026
E0,epl-not-cov-2026-09-19,2026-09-19T16:30:00+00:00,H,6,0.6,0.5959,0.5788,0.5801,nan,0.5918,0,652026
E0,epl-not-cov-2026-09-19,2026-09-19T16:30:00+00:00,H,24,0.61,0.5959,0.5788,0.5801,nan,0.5918,0,652026
E0,epl-not-cov-2026-09-19,2026-09-19T16:30:00+00:00,D,1,0.24,0.2342,0.2401,0.2409,nan,0.2425,0,148218
E0,epl-not-cov-2026-09-19,2026-09-19T16:30:00+00:00,D,6,0.24,0.2342,0.2401,0.2409,nan,0.2425,0,148218
E0,epl-not-cov-2026-09-19,2026-09-19T16:30:00+00:00,D,24,0.23,0.2342,0.2401,0.2409,nan,0.2425,0,148218
E0,epl-not-cov-2026-09-19,2026-09-19T16:30:00+00:00,A,1,0.15,0.1699,0.1811,0.179,nan,0.1657,1,399847
E0,epl-not-cov-2026-09-19,2026-09-19T16:30:00+00:00,A,6,0.16,0.1699,0.1811,0.179,nan,0.1657,1,399847
E0,epl-not-cov-2026-09-19,2026-09-19T16:30:00+00:00,A,24,0.15,0.1699,0.1811,0.179,nan,0.1657,1,399847
E0,epl-lee-cry-2026-09-20,2026-09-20T13:00:00+00:00,H,1,0.57,0.5415,0.5692,0.5739,nan,0.5759,0,350729
E0,epl-lee-cry-2026-09-20,2026-09-20T13:00:00+00:00,H,6,0.56,0.5415,0.5692,0.5739,nan,0.5759,0,350729
E0,epl-lee-cry-2026-09-20,2026-09-20T13:00:00+00:00,H,24,0.55,0.5415,0.5692,0.5739,nan,0.5759,0,350729
E0,epl-lee-cry-2026-09-20,2026-09-20T13:00:00+00:00,D,1,0.25,0.2486,0.2392,0.2367,nan,0.243,1,139173
E0,epl-lee-cry-2026-09-20,2026-09-20T13:00:00+00:00,D,6,0.24,0.2486,0.2392,0.2367,nan,0.243,1,139173
E0,epl-lee-cry-2026-09-20,2026-09-20T13:00:00+00:00,D,24,0.25,0.2486,0.2392,0.2367,nan,0.243,1,139173
E0,epl-lee-cry-2026-09-20,2026-09-20T13:00:00+00:00,A,1,0.1961,0.2099,0.1916,0.1894,nan,0.1811,0,181986
E0,epl-lee-cry-2026-09-20,2026-09-20T13:00:00+00:00,A,6,0.19,0.2099,0.1916,0.1894,nan,0.1811,0,181986
E0,epl-lee-cry-2026-09-20,2026-09-20T13:00:00+00:00,A,24,0.19,0.2099,0.1916,0.1894,nan,0.1811,0,181986
E0,epl-bou-liv-2026-09-20,2026-09-20T13:00:00+00:00,H,1,0.31,0.3088,0.3034,0.3058,nan,0.3048,0,458328
E0,epl-bou-liv-2026-09-20,2026-09-20T13:00:00+00:00,H,6,0.31,0.3088,0.3034,0.3058,nan,0.3048,0,458328
E0,epl-bou-liv-2026-09-20,2026-09-20T13:00:00+00:00,H,24,0.3,0.3088,0.3034,0.3058,nan,0.3048,0,458328
E0,epl-bou-liv-2026-09-20,2026-09-20T13:00:00+00:00,D,1,0.25,0.2491,0.2578,0.2633,nan,0.2607,0,648602
E0,epl-bou-liv-2026-09-20,2026-09-20T13:00:00+00:00,D,6,0.26,0.2491,0.2578,0.2633,nan,0.2607,0,648602
E0,epl-bou-liv-2026-09-20,2026-09-20T13:00:00+00:00,D,24,0.26,0.2491,0.2578,0.2633,nan,0.2607,0,648602
E0,epl-bou-liv-2026-09-20,2026-09-20T13:00:00+00:00,A,1,0.44,0.4421,0.4388,0.4309,nan,0.4345,1,976994
E0,epl-bou-liv-2026-09-20,2026-09-20T13:00:00+00:00,A,6,0.45,0.4421,0.4388,0.4309,nan,0.4345,1,976994
E0,epl-bou-liv-2026-09-20,2026-09-20T13:00:00+00:00,A,24,0.45,0.4421,0.4388,0.4309,nan,0.4345,1,976994
SP1,lal-ovi-mal-2025-12-05,2025-12-05T20:00:00+00:00,H,1,0.36,0.3602,0.3623,0.3664,0.37,0.372,0,124207
SP1,lal-ovi-mal-2025-12-05,2025-12-05T20:00:00+00:00,H,6,0.36,0.3602,0.3623,0.3664,0.37,0.372,0,124207
SP1,lal-ovi-mal-2025-12-05,2025-12-05T20:00:00+00:00,H,24,0.35,0.3602,0.3623,0.3664,0.37,0.372,0,124207
SP1,lal-ovi-mal-2025-12-05,2025-12-05T20:00:00+00:00,D,1,0.33,0.3177,0.3204,0.3222,0.3191,0.3165,1,61490
SP1,lal-ovi-mal-2025-12-05,2025-12-05T20:00:00+00:00,D,6,0.32,0.3177,0.3204,0.3222,0.3191,0.3165,1,61490
SP1,lal-ovi-mal-2025-12-05,2025-12-05T20:00:00+00:00,D,24,0.31,0.3177,0.3204,0.3222,0.3191,0.3165,1,61490
SP1,lal-ovi-mal-2025-12-05,2025-12-05T20:00:00+00:00,A,1,0.33,0.3221,0.3172,0.3114,0.3109,0.3115,0,59848
SP1,lal-ovi-mal-2025-12-05,2025-12-05T20:00:00+00:00,A,6,0.32,0.3221,0.3172,0.3114,0.3109,0.3115,0,59848
SP1,lal-ovi-mal-2025-12-05,2025-12-05T20:00:00+00:00,A,24,0.34,0.3221,0.3172,0.3114,0.3109,0.3115,0,59848
E0,epl-ful-mun-2026-09-20,2026-09-20T15:30:00+00:00,H,1,0.27,0.2789,0.2706,0.2669,nan,0.2686,0,359362
E0,epl-ful-mun-2026-09-20,2026-09-20T15:30:00+00:00,H,6,0.28,0.2789,0.2706,0.2669,nan,0.2686,0,359362
E0,epl-ful-mun-2026-09-20,2026-09-20T15:30:00+00:00,H,24,0.28,0.2789,0.2706,0.2669,nan,0.2686,0,359362
E0,epl-ful-mun-2026-09-20,2026-09-20T15:30:00+00:00,D,1,0.26,0.2526,0.2525,0.2528,nan,0.2581,1,217333
E0,epl-ful-mun-2026-09-20,2026-09-20T15:30:00+00:00,D,6,0.25,0.2526,0.2525,0.2528,nan,0.2581,1,217333
E0,epl-ful-mun-2026-09-20,2026-09-20T15:30:00+00:00,D,24,0.25,0.2526,0.2525,0.2528,nan,0.2581,1,217333
E0,epl-ful-mun-2026-09-20,2026-09-20T15:30:00+00:00,A,1,0.49,0.4685,0.4769,0.4803,nan,0.4733,0,916080
E0,epl-ful-mun-2026-09-20,2026-09-20T15:30:00+00:00,A,6,0.48,0.4685,0.4769,0.4803,nan,0.4733,0,916080
E0,epl-ful-mun-2026-09-20,2026-09-20T15:30:00+00:00,A,24,0.48,0.4685,0.4769,0.4803,nan,0.4733,0,916080
SP1,lal-ala-rso-2025-12-06,2025-12-06T15:15:00+00:00,H,1,0.34,0.343,0.3498,0.3445,0.3513,0.3454,1,354106
SP1,lal-ala-rso-2025-12-06,2025-12-06T15:15:00+00:00,H,6,0.34,0.343,0.3498,0.3445,0.3513,0.3454,1,354106
SP1,lal-ala-rso-2025-12-06,2025-12-06T15:15:00+00:00,H,24,0.35,0.343,0.3498,0.3445,0.3513,0.3454,1,354106
SP1,lal-ala-rso-2025-12-06,2025-12-06T15:15:00+00:00,D,1,0.33,0.3165,0.3212,0.3289,0.3222,0.3209,0,6197
SP1,lal-ala-rso-2025-12-06,2025-12-06T15:15:00+00:00,D,6,0.33,0.3165,0.3212,0.3289,0.3222,0.3209,0,6197
SP1,lal-ala-rso-2025-12-06,2025-12-06T15:15:00+00:00,D,24,0.32,0.3165,0.3212,0.3289,0.3222,0.3209,0,6197
SP1,lal-ala-rso-2025-12-06,2025-12-06T15:15:00+00:00,A,1,0.34,0.3405,0.329,0.3266,0.3265,0.3338,0,24200
SP1,lal-ala-rso-2025-12-06,2025-12-06T15:15:00+00:00,A,6,0.35,0.3405,0.329,0.3266,0.3265,0.3338,0,24200
SP1,lal-ala-rso-2025-12-06,2025-12-06T15:15:00+00:00,A,24,0.34,0.3405,0.329,0.3266,0.3265,0.3338,0,24200
SP1,lal-vil-get-2025-12-06,2025-12-06T13:00:00+00:00,H,1,0.6,0.5913,0.5796,0.5835,0.5892,0.5945,1,1244280
SP1,lal-vil-get-2025-12-06,2025-12-06T13:00:00+00:00,H,6,0.59,0.5913,0.5796,0.5835,0.5892,0.5945,1,1244280
SP1,lal-vil-get-2025-12-06,2025-12-06T13:00:00+00:00,H,24,0.61,0.5913,0.5796,0.5835,0.5892,0.5945,1,1244280
SP1,lal-vil-get-2025-12-06,2025-12-06T13:00:00+00:00,D,1,0.26,0.2496,0.2589,0.2521,0.2556,0.2628,0,20364
SP1,lal-vil-get-2025-12-06,2025-12-06T13:00:00+00:00,D,6,0.27,0.2496,0.2589,0.2521,0.2556,0.2628,0,20364
SP1,lal-vil-get-2025-12-06,2025-12-06T13:00:00+00:00,D,24,0.25,0.2496,0.2589,0.2521,0.2556,0.2628,0,20364
SP1,lal-vil-get-2025-12-06,2025-12-06T13:00:00+00:00,A,1,0.1599,0.159,0.1615,0.1644,0.1551,0.1427,0,34298
SP1,lal-vil-get-2025-12-06,2025-12-06T13:00:00+00:00,A,6,0.15,0.159,0.1615,0.1644,0.1551,0.1427,0,34298
SP1,lal-vil-get-2025-12-06,2025-12-06T13:00:00+00:00,A,24,0.14,0.159,0.1615,0.1644,0.1551,0.1427,0,34298
SP1,lal-bet-bar-2025-12-06,2025-12-06T17:30:00+00:00,H,1,0.2302,0.2361,0.2618,0.2522,0.2575,0.2485,0,98782
SP1,lal-bet-bar-2025-12-06,2025-12-06T17:30:00+00:00,H,6,0.24,0.2361,0.2618,0.2522,0.2575,0.2485,0,98782
SP1,lal-bet-bar-2025-12-06,2025-12-06T17:30:00+00:00,H,24,0.24,0.2361,0.2618,0.2522,0.2575,0.2485,0,98782
SP1,lal-bet-bar-2025-12-06,2025-12-06T17:30:00+00:00,D,1,0.23,0.2166,0.23,0.2365,0.2356,0.2366,0,54528
SP1,lal-bet-bar-2025-12-06,2025-12-06T17:30:00+00:00,D,6,0.22,0.2166,0.23,0.2365,0.2356,0.2366,0,54528
SP1,lal-bet-bar-2025-12-06,2025-12-06T17:30:00+00:00,D,24,0.22,0.2166,0.23,0.2365,0.2356,0.2366,0,54528
SP1,lal-bet-bar-2025-12-06,2025-12-06T17:30:00+00:00,A,1,0.53,0.5473,0.5082,0.5113,0.5069,0.5149,1,1276539
SP1,lal-bet-bar-2025-12-06,2025-12-06T17:30:00+00:00,A,6,0.56,0.5473,0.5082,0.5113,0.5069,0.5149,1,1276539
SP1,lal-bet-bar-2025-12-06,2025-12-06T17:30:00+00:00,A,24,0.55,0.5473,0.5082,0.5113,0.5069,0.5149,1,1276539
E0,epl-mac-sun-2026-09-20,2026-09-20T13:00:00+00:00,H,1,0.73,0.7302,0.7063,0.6881,nan,0.7275,1,3497351
E0,epl-mac-sun-2026-09-20,2026-09-20T13:00:00+00:00,H,6,0.75,0.7302,0.7063,0.6881,nan,0.7275,1,3497351
E0,epl-mac-sun-2026-09-20,2026-09-20T13:00:00+00:00,H,24,0.76,0.7302,0.7063,0.6881,nan,0.7275,1,3497351
E0,epl-mac-sun-2026-09-20,2026-09-20T13:00:00+00:00,D,1,0.17,0.1694,0.1824,0.1872,nan,0.1736,0,70197
E0,epl-mac-sun-2026-09-20,2026-09-20T13:00:00+00:00,D,6,0.17,0.1694,0.1824,0.1872,nan,0.1736,0,70197
E0,epl-mac-sun-2026-09-20,2026-09-20T13:00:00+00:00,D,24,0.17,0.1694,0.1824,0.1872,nan,0.1736,0,70197
E0,epl-mac-sun-2026-09-20,2026-09-20T13:00:00+00:00,A,1,0.09,0.1003,0.1113,0.1248,nan,0.0989,0,815246
E0,epl-mac-sun-2026-09-20,2026-09-20T13:00:00+00:00,A,6,0.09,0.1003,0.1113,0.1248,nan,0.0989,0,815246
E0,epl-mac-sun-2026-09-20,2026-09-20T13:00:00+00:00,A,24,0.08,0.1003,0.1113,0.1248,nan,0.0989,0,815246
SP1,lal-elc-gir-2025-12-07,2025-12-07T13:00:00+00:00,H,1,0.45,0.4432,0.4512,0.4637,0.4525,0.4485,1,1229653
SP1,lal-elc-gir-2025-12-07,2025-12-07T13:00:00+00:00,H,6,0.45,0.4432,0.4512,0.4637,0.4525,0.4485,1,1229653
SP1,lal-elc-gir-2025-12-07,2025-12-07T13:00:00+00:00,H,24,0.45,0.4432,0.4512,0.4637,0.4525,0.4485,1,1229653
SP1,lal-elc-gir-2025-12-07,2025-12-07T13:00:00+00:00,D,1,0.29,0.2755,0.2884,0.2925,0.2887,0.2929,0,24476
SP1,lal-elc-gir-2025-12-07,2025-12-07T13:00:00+00:00,D,6,0.29,0.2755,0.2884,0.2925,0.2887,0.2929,0,24476
SP1,lal-elc-gir-2025-12-07,2025-12-07T13:00:00+00:00,D,24,0.27,0.2755,0.2884,0.2925,0.2887,0.2929,0,24476
SP1,lal-elc-gir-2025-12-07,2025-12-07T13:00:00+00:00,A,1,0.26,0.2813,0.2605,0.2438,0.2588,0.2586,0,29620
SP1,lal-elc-gir-2025-12-07,2025-12-07T13:00:00+00:00,A,6,0.27,0.2813,0.2605,0.2438,0.2588,0.2586,0,29620
SP1,lal-elc-gir-2025-12-07,2025-12-07T13:00:00+00:00,A,24,0.27,0.2813,0.2605,0.2438,0.2588,0.2586,0,29620
SP1,lal-bil-mad-2025-12-06,2025-12-06T20:00:00+00:00,H,1,0.33,0.2857,0.328,0.3364,0.3256,0.3311,1,929882
SP1,lal-bil-mad-2025-12-06,2025-12-06T20:00:00+00:00,H,6,0.33,0.2857,0.328,0.3364,0.3256,0.3311,1,929882
SP1,lal-bil-mad-2025-12-06,2025-12-06T20:00:00+00:00,H,24,0.29,0.2857,0.328,0.3364,0.3256,0.3311,1,929882
SP1,lal-bil-mad-2025-12-06,2025-12-06T20:00:00+00:00,D,1,0.3,0.2883,0.2971,0.2943,0.3042,0.301,0,51437
SP1,lal-bil-mad-2025-12-06,2025-12-06T20:00:00+00:00,D,6,0.3,0.2883,0.2971,0.2943,0.3042,0.301,0,51437
SP1,lal-bil-mad-2025-12-06,2025-12-06T20:00:00+00:00,D,24,0.3,0.2883,0.2971,0.2943,0.3042,0.301,0,51437
SP1,lal-bil-mad-2025-12-06,2025-12-06T20:00:00+00:00,A,1,0.37,0.426,0.3749,0.3693,0.3702,0.3679,0,388030
SP1,lal-bil-mad-2025-12-06,2025-12-06T20:00:00+00:00,A,6,0.37,0.426,0.3749,0.3693,0.3702,0.3679,0,388030
SP1,lal-bil-mad-2025-12-06,2025-12-06T20:00:00+00:00,A,24,0.41,0.426,0.3749,0.3693,0.3702,0.3679,0,388030
SP1,lal-val-sev-2025-12-07,2025-12-07T15:15:00+00:00,H,1,0.48,0.4428,0.4743,0.4823,0.4833,0.4786,0,192019
SP1,lal-val-sev-2025-12-07,2025-12-07T15:15:00+00:00,H,6,0.47,0.4428,0.4743,0.4823,0.4833,0.4786,0,192019
SP1,lal-val-sev-2025-12-07,2025-12-07T15:15:00+00:00,H,24,0.46,0.4428,0.4743,0.4823,0.4833,0.4786,0,192019
SP1,lal-val-sev-2025-12-07,2025-12-07T15:15:00+00:00,D,1,0.29,0.2819,0.2843,0.2766,0.2815,0.2844,1,36057
SP1,lal-val-sev-2025-12-07,2025-12-07T15:15:00+00:00,D,6,0.29,0.2819,0.2843,0.2766,0.2815,0.2844,1,36057
SP1,lal-val-sev-2025-12-07,2025-12-07T15:15:00+00:00,D,24,0.27,0.2819,0.2843,0.2766,0.2815,0.2844,1,36057
SP1,lal-val-sev-2025-12-07,2025-12-07T15:15:00+00:00,A,1,0.2303,0.2753,0.2414,0.2411,0.2352,0.237,0,60407
SP1,lal-val-sev-2025-12-07,2025-12-07T15:15:00+00:00,A,6,0.23,0.2753,0.2414,0.2411,0.2352,0.237,0,60407
SP1,lal-val-sev-2025-12-07,2025-12-07T15:15:00+00:00,A,24,0.26,0.2753,0.2414,0.2411,0.2352,0.237,0,60407
SP1,lal-esp-ray-2025-12-07,2025-12-07T17:30:00+00:00,H,1,0.4,0.4144,0.3972,0.3873,0.3956,0.3957,1,1220980
SP1,lal-esp-ray-2025-12-07,2025-12-07T17:30:00+00:00,H,6,0.4,0.4144,0.3972,0.3873,0.3956,0.3957,1,1220980
SP1,lal-esp-ray-2025-12-07,2025-12-07T17:30:00+00:00,H,24,0.42,0.4144,0.3972,0.3873,0.3956,0.3957,1,1220980
SP1,lal-esp-ray-2025-12-07,2025-12-07T17:30:00+00:00,D,1,0.3,0.2923,0.3004,0.2965,0.3032,0.3022,0,36698
SP1,lal-esp-ray-2025-12-07,2025-12-07T17:30:00+00:00,D,6,0.29,0.2923,0.3004,0.2965,0.3032,0.3022,0,36698
SP1,lal-esp-ray-2025-12-07,2025-12-07T17:30:00+00:00,D,24,0.28,0.2923,0.3004,0.2965,0.3032,0.3022,0,36698
SP1,lal-esp-ray-2025-12-07,2025-12-07T17:30:00+00:00,A,1,0.29,0.2932,0.3024,0.3163,0.3013,0.3022,0,19428
SP1,lal-esp-ray-2025-12-07,2025-12-07T17:30:00+00:00,A,6,0.3096,0.2932,0.3024,0.3163,0.3013,0.3022,0,19428
SP1,lal-esp-ray-2025-12-07,2025-12-07T17:30:00+00:00,A,24,0.29,0.2932,0.3024,0.3163,0.3013,0.3022,0,19428
SP1,lal-rea-cel-2025-12-07,2025-12-07T20:00:00+00:00,H,1,0.78,0.7274,0.7508,0.7554,0.7578,0.7634,0,1250469
SP1,lal-rea-cel-2025-12-07,2025-12-07T20:00:00+00:00,H,6,0.77,0.7274,0.7508,0.7554,0.7578,0.7634,0,1250469
SP1,lal-rea-cel-2025-12-07,2025-12-07T20:00:00+00:00,H,24,0.76,0.7274,0.7508,0.7554,0.7578,0.7634,0,1250469
SP1,lal-rea-cel-2025-12-07,2025-12-07T20:00:00+00:00,D,1,0.15,0.1661,0.1528,0.1453,0.154,0.1504,0,63766
SP1,lal-rea-cel-2025-12-07,2025-12-07T20:00:00+00:00,D,6,0.15,0.1661,0.1528,0.1453,0.154,0.1504,0,63766
SP1,lal-rea-cel-2025-12-07,2025-12-07T20:00:00+00:00,D,24,0.15,0.1661,0.1528,0.1453,0.154,0.1504,0,63766
SP1,lal-rea-cel-2025-12-07,2025-12-07T20:00:00+00:00,A,1,0.09,0.1065,0.0964,0.0994,0.0882,0.0863,1,213042
SP1,lal-rea-cel-2025-12-07,2025-12-07T20:00:00+00:00,A,6,0.09,0.1065,0.0964,0.0994,0.0882,0.0863,1,213042
SP1,lal-rea-cel-2025-12-07,2025-12-07T20:00:00+00:00,A,24,0.08,0.1065,0.0964,0.0994,0.0882,0.0863,1,213042
SP1,lal-osa-lev-2025-12-08,2025-12-08T20:00:00+00:00,H,1,0.58,0.5385,0.5611,0.5675,0.5687,0.5691,1,1035076
SP1,lal-osa-lev-2025-12-08,2025-12-08T20:00:00+00:00,H,6,0.57,0.5385,0.5611,0.5675,0.5687,0.5691,1,1035076
SP1,lal-osa-lev-2025-12-08,2025-12-08T20:00:00+00:00,H,24,0.57,0.5385,0.5611,0.5675,0.5687,0.5691,1,1035076
SP1,lal-osa-lev-2025-12-08,2025-12-08T20:00:00+00:00,D,1,0.25,0.2574,0.2461,0.243,0.2417,0.2429,0,13747
SP1,lal-osa-lev-2025-12-08,2025-12-08T20:00:00+00:00,D,6,0.26,0.2574,0.2461,0.243,0.2417,0.2429,0,13747
SP1,lal-osa-lev-2025-12-08,2025-12-08T20:00:00+00:00,D,24,0.25,0.2574,0.2461,0.243,0.2417,0.2429,0,13747
SP1,lal-osa-lev-2025-12-08,2025-12-08T20:00:00+00:00,A,1,0.19,0.2041,0.1928,0.1895,0.1896,0.1879,0,49074
SP1,lal-osa-lev-2025-12-08,2025-12-08T20:00:00+00:00,A,6,0.18,0.2041,0.1928,0.1895,0.1896,0.1879,0,49074
SP1,lal-osa-lev-2025-12-08,2025-12-08T20:00:00+00:00,A,24,0.2,0.2041,0.1928,0.1895,0.1896,0.1879,0,49074
SP1,lal-rso-gir-2025-12-12,2025-12-12T20:00:00+00:00,H,1,0.55,0.548,0.5299,0.5257,0.528,0.535,0,970488
SP1,lal-rso-gir-2025-12-12,2025-12-12T20:00:00+00:00,H,6,0.56,0.548,0.5299,0.5257,0.528,0.535,0,970488
SP1,lal-rso-gir-2025-12-12,2025-12-12T20:00:00+00:00,H,24,0.56,0.548,0.5299,0.5257,0.528,0.535,0,970488
SP1,lal-rso-gir-2025-12-12,2025-12-12T20:00:00+00:00,D,1,0.27,0.2527,0.2605,0.2558,0.2633,0.2619,0,111956
SP1,lal-rso-gir-2025-12-12,2025-12-12T20:00:00+00:00,D,6,0.25,0.2527,0.2605,0.2558,0.2633,0.2619,0,111956
SP1,lal-rso-gir-2025-12-12,2025-12-12T20:00:00+00:00,D,24,0.24,0.2527,0.2605,0.2558,0.2633,0.2619,0,111956
SP1,lal-rso-gir-2025-12-12,2025-12-12T20:00:00+00:00,A,1,0.2,0.1993,0.2096,0.2185,0.2087,0.2031,1,135141
SP1,lal-rso-gir-2025-12-12,2025-12-12T20:00:00+00:00,A,6,0.2,0.1993,0.2096,0.2185,0.2087,0.2031,1,135141
SP1,lal-rso-gir-2025-12-12,2025-12-12T20:00:00+00:00,A,24,0.2,0.1993,0.2096,0.2185,0.2087,0.2031,1,135141
SP1,lal-mad-val-2025-12-13,2025-12-13T13:00:00+00:00,H,1,0.76,0.7302,0.7297,0.7319,0.7254,0.7413,1,915403
SP1,lal-mad-val-2025-12-13,2025-12-13T13:00:00+00:00,H,6,0.76,0.7302,0.7297,0.7319,0.7254,0.7413,1,915403
SP1,lal-mad-val-2025-12-13,2025-12-13T13:00:00+00:00,H,24,0.75,0.7302,0.7297,0.7319,0.7254,0.7413,1,915403
SP1,lal-mad-val-2025-12-13,2025-12-13T13:00:00+00:00,D,1,0.17,0.1808,0.1718,0.173,0.1741,0.1684,0,71699
SP1,lal-mad-val-2025-12-13,2025-12-13T13:00:00+00:00,D,6,0.17,0.1808,0.1718,0.173,0.1741,0.1684,0,71699
SP1,lal-mad-val-2025-12-13,2025-12-13T13:00:00+00:00,D,24,0.18,0.1808,0.1718,0.173,0.1741,0.1684,0,71699
SP1,lal-mad-val-2025-12-13,2025-12-13T13:00:00+00:00,A,1,0.09,0.089,0.0985,0.0951,0.1005,0.0903,0,146291
SP1,lal-mad-val-2025-12-13,2025-12-13T13:00:00+00:00,A,6,0.08,0.089,0.0985,0.0951,0.1005,0.0903,0,146291
SP1,lal-mad-val-2025-12-13,2025-12-13T13:00:00+00:00,A,24,0.07,0.089,0.0985,0.0951,0.1005,0.0903,0,146291
SP1,lal-bar-osa-2025-12-13,2025-12-13T17:30:00+00:00,H,1,0.82,0.7895,0.8011,0.7913,0.8044,0.8229,1,2140137
SP1,lal-bar-osa-2025-12-13,2025-12-13T17:30:00+00:00,H,6,0.82,0.7895,0.8011,0.7913,0.8044,0.8229,1,2140137
SP1,lal-bar-osa-2025-12-13,2025-12-13T17:30:00+00:00,H,24,0.82,0.7895,0.8011,0.7913,0.8044,0.8229,1,2140137
SP1,lal-bar-osa-2025-12-13,2025-12-13T17:30:00+00:00,D,1,0.11,0.1291,0.1257,0.1357,0.1184,0.1185,0,70360
SP1,lal-bar-osa-2025-12-13,2025-12-13T17:30:00+00:00,D,6,0.12,0.1291,0.1257,0.1357,0.1184,0.1185,0,70360
SP1,lal-bar-osa-2025-12-13,2025-12-13T17:30:00+00:00,D,24,0.11,0.1291,0.1257,0.1357,0.1184,0.1185,0,70360
SP1,lal-bar-osa-2025-12-13,2025-12-13T17:30:00+00:00,A,1,0.07,0.0815,0.0732,0.073,0.0772,0.0586,0,255514
SP1,lal-bar-osa-2025-12-13,2025-12-13T17:30:00+00:00,A,6,0.06,0.0815,0.0732,0.073,0.0772,0.0586,0,255514
SP1,lal-bar-osa-2025-12-13,2025-12-13T17:30:00+00:00,A,24,0.06,0.0815,0.0732,0.073,0.0772,0.0586,0,255514
SP1,lal-get-esp-2025-12-13,2025-12-13T20:00:00+00:00,H,1,0.36,0.3736,0.3628,0.3683,0.358,0.3578,0,57308
SP1,lal-get-esp-2025-12-13,2025-12-13T20:00:00+00:00,H,6,0.37,0.3736,0.3628,0.3683,0.358,0.3578,0,57308
SP1,lal-get-esp-2025-12-13,2025-12-13T20:00:00+00:00,H,24,0.36,0.3736,0.3628,0.3683,0.358,0.3578,0,57308
SP1,lal-get-esp-2025-12-13,2025-12-13T20:00:00+00:00,D,1,0.33,0.3303,0.3405,0.3325,0.3478,0.3453,0,101529
SP1,lal-get-esp-2025-12-13,2025-12-13T20:00:00+00:00,D,6,0.33,0.3303,0.3405,0.3325,0.3478,0.3453,0,101529
SP1,lal-get-esp-2025-12-13,2025-12-13T20:00:00+00:00,D,24,0.33,0.3303,0.3405,0.3325,0.3478,0.3453,0,101529
SP1,lal-get-esp-2025-12-13,2025-12-13T20:00:00+00:00,A,1,0.3,0.2961,0.2966,0.2992,0.2942,0.2969,1,90838
SP1,lal-get-esp-2025-12-13,2025-12-13T20:00:00+00:00,A,6,0.31,0.2961,0.2966,0.2992,0.2942,0.2969,1,90838
SP1,lal-get-esp-2025-12-13,2025-12-13T20:00:00+00:00,A,24,0.3,0.2961,0.2966,0.2992,0.2942,0.2969,1,90838
SP1,lal-mal-elc-2025-12-13,2025-12-13T15:15:00+00:00,H,1,0.38,0.3893,0.3765,0.3783,0.3712,0.3719,1,119254
SP1,lal-mal-elc-2025-12-13,2025-12-13T15:15:00+00:00,H,6,0.36,0.3893,0.3765,0.3783,0.3712,0.3719,1,119254
SP1,lal-mal-elc-2025-12-13,2025-12-13T15:15:00+00:00,H,24,0.4,0.3893,0.3765,0.3783,0.3712,0.3719,1,119254
SP1,lal-mal-elc-2025-12-13,2025-12-13T15:15:00+00:00,D,1,0.31,0.3069,0.3159,0.3261,0.322,0.3215,0,24900
SP1,lal-mal-elc-2025-12-13,2025-12-13T15:15:00+00:00,D,6,0.32,0.3069,0.3159,0.3261,0.322,0.3215,0,24900
SP1,lal-mal-elc-2025-12-13,2025-12-13T15:15:00+00:00,D,24,0.32,0.3069,0.3159,0.3261,0.322,0.3215,0,24900
SP1,lal-mal-elc-2025-12-13,2025-12-13T15:15:00+00:00,A,1,0.29,0.3039,0.3076,0.2956,0.3068,0.3066,0,55691
SP1,lal-mal-elc-2025-12-13,2025-12-13T15:15:00+00:00,A,6,0.33,0.3039,0.3076,0.2956,0.3068,0.3066,0,55691
SP1,lal-mal-elc-2025-12-13,2025-12-13T15:15:00+00:00,A,24,0.3,0.3039,0.3076,0.2956,0.3068,0.3066,0,55691
SP1,lal-sev-ovi-2025-12-14,2025-12-14T13:00:00+00:00,H,1,0.46,0.4991,0.4547,0.4512,0.4523,0.4638,1,668167
SP1,lal-sev-ovi-2025-12-14,2025-12-14T13:00:00+00:00,H,6,0.49,0.4991,0.4547,0.4512,0.4523,0.4638,1,668167
SP1,lal-sev-ovi-2025-12-14,2025-12-14T13:00:00+00:00,H,24,0.5,0.4991,0.4547,0.4512,0.4523,0.4638,1,668167
SP1,lal-sev-ovi-2025-12-14,2025-12-14T13:00:00+00:00,D,1,0.3,0.2826,0.3056,0.2961,0.3087,0.3054,0,17941
SP1,lal-sev-ovi-2025-12-14,2025-12-14T13:00:00+00:00,D,6,0.2993,0.2826,0.3056,0.2961,0.3087,0.3054,0,17941
SP1,lal-sev-ovi-2025-12-14,2025-12-14T13:00:00+00:00,D,24,0.28,0.2826,0.3056,0.2961,0.3087,0.3054,0,17941
SP1,lal-sev-ovi-2025-12-14,2025-12-14T13:00:00+00:00,A,1,0.23,0.2182,0.2396,0.2527,0.2389,0.2308,0,72814
SP1,lal-sev-ovi-2025-12-14,2025-12-14T13:00:00+00:00,A,6,0.21,0.2182,0.2396,0.2527,0.2389,0.2308,0,72814
SP1,lal-sev-ovi-2025-12-14,2025-12-14T13:00:00+00:00,A,24,0.2,0.2182,0.2396,0.2527,0.2389,0.2308,0,72814
SP1,lal-cel-bil-2025-12-14,2025-12-14T15:15:00+00:00,H,1,0.33,0.3606,0.3302,0.3301,0.32,0.3226,1,192698
SP1,lal-cel-bil-2025-12-14,2025-12-14T15:15:00+00:00,H,6,0.35,0.3606,0.3302,0.3301,0.32,0.3226,1,192698
SP1,lal-cel-bil-2025-12-14,2025-12-14T15:15:00+00:00,H,24,0.35,0.3606,0.3302,0.3301,0.32,0.3226,1,192698
SP1,lal-cel-bil-2025-12-14,2025-12-14T15:15:00+00:00,D,1,0.31,0.2986,0.3037,0.2971,0.3128,0.3125,0,34917
SP1,lal-cel-bil-2025-12-14,2025-12-14T15:15:00+00:00,D,6,0.31,0.2986,0.3037,0.2971,0.3128,0.3125,0,34917
SP1,lal-cel-bil-2025-12-14,2025-12-14T15:15:00+00:00,D,24,0.31,0.2986,0.3037,0.2971,0.3128,0.3125,0,34917
SP1,lal-cel-bil-2025-12-14,2025-12-14T15:15:00+00:00,A,1,0.37,0.3409,0.3661,0.3728,0.3671,0.3649,0,101271
SP1,lal-cel-bil-2025-12-14,2025-12-14T15:15:00+00:00,A,6,0.36,0.3409,0.3661,0.3728,0.3671,0.3649,0,101271
SP1,lal-cel-bil-2025-12-14,2025-12-14T15:15:00+00:00,A,24,0.36,0.3409,0.3661,0.3728,0.3671,0.3649,0,101271
SP1,lal-ala-rea-2025-12-14,2025-12-14T20:00:00+00:00,H,1,0.16,0.174,0.1643,0.1639,0.1681,0.1553,0,264273
SP1,lal-ala-rea-2025-12-14,2025-12-14T20:00:00+00:00,H,6,0.16,0.174,0.1643,0.1639,0.1681,0.1553,0,264273
SP1,lal-ala-rea-2025-12-14,2025-12-14T20:00:00+00:00,H,24,0.15,0.174,0.1643,0.1639,0.1681,0.1553,0,264273
SP1,lal-ala-rea-2025-12-14,2025-12-14T20:00:00+00:00,D,1,0.22,0.2385,0.2324,0.2357,0.2338,0.2311,0,118210
SP1,lal-ala-rea-2025-12-14,2025-12-14T20:00:00+00:00,D,6,0.24,0.2385,0.2324,0.2357,0.2338,0.2311,0,118210
SP1,lal-ala-rea-2025-12-14,2025-12-14T20:00:00+00:00,D,24,0.24,0.2385,0.2324,0.2357,0.2338,0.2311,0,118210
SP1,lal-ala-rea-2025-12-14,2025-12-14T20:00:00+00:00,A,1,0.63,0.5874,0.6033,0.6004,0.5982,0.6135,1,1559206
SP1,lal-ala-rea-2025-12-14,2025-12-14T20:00:00+00:00,A,6,0.61,0.5874,0.6033,0.6004,0.5982,0.6135,1,1559206
SP1,lal-ala-rea-2025-12-14,2025-12-14T20:00:00+00:00,A,24,0.61,0.5874,0.6033,0.6004,0.5982,0.6135,1,1559206
SP1,lal-ray-bet-2025-12-15,2025-12-15T20:00:00+00:00,H,1,0.36,0.3719,0.3711,0.3737,nan,0.3734,0,218816
SP1,lal-ray-bet-2025-12-15,2025-12-15T20:00:00+00:00,H,6,0.35,0.3719,0.3711,0.3737,nan,0.3734,0,218816
SP1,lal-ray-bet-2025-12-15,2025-12-15T20:00:00+00:00,H,24,0.37,0.3719,0.3711,0.3737,nan,0.3734,0,218816
SP1,lal-ray-bet-2025-12-15,2025-12-15T20:00:00+00:00,D,1,0.28,0.2797,0.3004,0.2978,nan,0.301,1,160551
SP1,lal-ray-bet-2025-12-15,2025-12-15T20:00:00+00:00,D,6,0.29,0.2797,0.3004,0.2978,nan,0.301,1,160551
SP1,lal-ray-bet-2025-12-15,2025-12-15T20:00:00+00:00,D,24,0.28,0.2797,0.3004,0.2978,nan,0.301,1,160551
SP1,lal-ray-bet-2025-12-15,2025-12-15T20:00:00+00:00,A,1,0.36,0.3484,0.3285,0.3286,nan,0.3256,0,283228
SP1,lal-ray-bet-2025-12-15,2025-12-15T20:00:00+00:00,A,6,0.38,0.3484,0.3285,0.3286,nan,0.3256,0,283228
SP1,lal-ray-bet-2025-12-15,2025-12-15T20:00:00+00:00,A,24,0.36,0.3484,0.3285,0.3286,nan,0.3256,0,283228
SP1,lal-ovi-cel-2025-12-20,2025-12-20T13:00:00+00:00,H,1,0.25,0.2552,0.2715,0.2772,0.2705,0.2617,0,664684
SP1,lal-ovi-cel-2025-12-20,2025-12-20T13:00:00+00:00,H,6,0.25,0.2552,0.2715,0.2772,0.2705,0.2617,0,664684
SP1,lal-ovi-cel-2025-12-20,2025-12-20T13:00:00+00:00,H,24,0.25,0.2552,0.2715,0.2772,0.2705,0.2617,0,664684
SP1,lal-ovi-cel-2025-12-20,2025-12-20T13:00:00+00:00,D,1,0.3,0.2887,0.2963,0.2945,0.2987,0.306,1,67556
SP1,lal-ovi-cel-2025-12-20,2025-12-20T13:00:00+00:00,D,6,0.29,0.2887,0.2963,0.2945,0.2987,0.306,1,67556
SP1,lal-ovi-cel-2025-12-20,2025-12-20T13:00:00+00:00,D,24,0.28,0.2887,0.2963,0.2945,0.2987,0.306,1,67556
SP1,lal-ovi-cel-2025-12-20,2025-12-20T13:00:00+00:00,A,1,0.44,0.4561,0.4322,0.4283,0.4308,0.4323,0,579138
SP1,lal-ovi-cel-2025-12-20,2025-12-20T13:00:00+00:00,A,6,0.46,0.4561,0.4322,0.4283,0.4308,0.4323,0,579138
SP1,lal-ovi-cel-2025-12-20,2025-12-20T13:00:00+00:00,A,24,0.47,0.4561,0.4322,0.4283,0.4308,0.4323,0,579138
SP1,lal-val-mal-2025-12-19,2025-12-19T20:00:00+00:00,H,1,0.48,0.4748,0.4645,0.4587,0.4603,0.4638,0,384890
SP1,lal-val-mal-2025-12-19,2025-12-19T20:00:00+00:00,H,6,0.49,0.4748,0.4645,0.4587,0.4603,0.4638,0,384890
SP1,lal-val-mal-2025-12-19,2025-12-19T20:00:00+00:00,H,24,0.49,0.4748,0.4645,0.4587,0.4603,0.4638,0,384890
SP1,lal-val-mal-2025-12-19,2025-12-19T20:00:00+00:00,D,1,0.31,0.2947,0.2974,0.2939,0.3016,0.3054,1,57909
SP1,lal-val-mal-2025-12-19,2025-12-19T20:00:00+00:00,D,6,0.29,0.2947,0.2974,0.2939,0.3016,0.3054,1,57909
SP1,lal-val-mal-2025-12-19,2025-12-19T20:00:00+00:00,D,24,0.29,0.2947,0.2974,0.2939,0.3016,0.3054,1,57909
SP1,lal-val-mal-2025-12-19,2025-12-19T20:00:00+00:00,A,1,0.24,0.2304,0.2381,0.2475,0.2381,0.2308,0,84103
SP1,lal-val-mal-2025-12-19,2025-12-19T20:00:00+00:00,A,6,0.23,0.2304,0.2381,0.2475,0.2381,0.2308,0,84103
SP1,lal-val-mal-2025-12-19,2025-12-19T20:00:00+00:00,A,24,0.24,0.2304,0.2381,0.2475,0.2381,0.2308,0,84103
SP1,lal-lev-rso-2025-12-20,2025-12-20T15:15:00+00:00,H,1,0.3,0.2861,0.3144,0.3155,0.3062,0.3071,0,103047
SP1,lal-lev-rso-2025-12-20,2025-12-20T15:15:00+00:00,H,6,0.3,0.2861,0.3144,0.3155,0.3062,0.3071,0,103047
SP1,lal-lev-rso-2025-12-20,2025-12-20T15:15:00+00:00,H,24,0.27,0.2861,0.3144,0.3155,0.3062,0.3071,0,103047
SP1,lal-lev-rso-2025-12-20,2025-12-20T15:15:00+00:00,D,1,0.29,0.2761,0.2893,0.2868,0.2881,0.2936,1,21016
SP1,lal-lev-rso-2025-12-20,2025-12-20T15:15:00+00:00,D,6,0.3,0.2761,0.2893,0.2868,0.2881,0.2936,1,21016
SP1,lal-lev-rso-2025-12-20,2025-12-20T15:15:00+00:00,D,24,0.27,0.2761,0.2893,0.2868,0.2881,0.2936,1,21016
SP1,lal-lev-rso-2025-12-20,2025-12-20T15:15:00+00:00,A,1,0.4,0.4378,0.3963,0.3977,0.4057,0.3993,0,144472
SP1,lal-lev-rso-2025-12-20,2025-12-20T15:15:00+00:00,A,6,0.42,0.4378,0.3963,0.3977,0.4057,0.3993,0,144472
SP1,lal-lev-rso-2025-12-20,2025-12-20T15:15:00+00:00,A,24,0.46,0.4378,0.3963,0.3977,0.4057,0.3993,0,144472
SP1,lal-osa-ala-2025-12-20,2025-12-20T17:30:00+00:00,H,1,0.43,0.4243,0.4288,0.4322,0.4357,0.4298,1,42499
SP1,lal-osa-ala-2025-12-20,2025-12-20T17:30:00+00:00,H,6,0.43,0.4243,0.4288,0.4322,0.4357,0.4298,1,42499
SP1,lal-osa-ala-2025-12-20,2025-12-20T17:30:00+00:00,H,24,0.44,0.4243,0.4288,0.4322,0.4357,0.4298,1,42499
SP1,lal-osa-ala-2025-12-20,2025-12-20T17:30:00+00:00,D,1,0.32,0.3119,0.3242,0.3301,0.3196,0.327,0,16500
SP1,lal-osa-ala-2025-12-20,2025-12-20T17:30:00+00:00,D,6,0.33,0.3119,0.3242,0.3301,0.3196,0.327,0,16500
SP1,lal-osa-ala-2025-12-20,2025-12-20T17:30:00+00:00,D,24,0.31,0.3119,0.3242,0.3301,0.3196,0.327,0,16500
SP1,lal-osa-ala-2025-12-20,2025-12-20T17:30:00+00:00,A,1,0.25,0.2638,0.247,0.2377,0.2447,0.2432,0,47945
SP1,lal-osa-ala-2025-12-20,2025-12-20T17:30:00+00:00,A,6,0.26,0.2638,0.247,0.2377,0.2447,0.2432,0,47945
SP1,lal-osa-ala-2025-12-20,2025-12-20T17:30:00+00:00,A,24,0.25,0.2638,0.247,0.2377,0.2447,0.2432,0,47945
SP1,lal-rea-sev-2025-12-20,2025-12-20T20:00:00+00:00,H,1,0.82,0.7839,0.7931,0.7985,0.794,0.8153,1,922579
SP1,lal-rea-sev-2025-12-20,2025-12-20T20:00:00+00:00,H,6,0.82,0.7839,0.7931,0.7985,0.794,0.8153,1,922579
SP1,lal-rea-sev-2025-12-20,2025-12-20T20:00:00+00:00,H,24,0.82,0.7839,0.7931,0.7985,0.794,0.8153,1,922579
SP1,lal-rea-sev-2025-12-20,2025-12-20T20:00:00+00:00,D,1,0.12,0.1391,0.1322,0.1278,0.1361,0.1184,0,53783
SP1,lal-rea-sev-2025-12-20,2025-12-20T20:00:00+00:00,D,6,0.12,0.1391,0.1322,0.1278,0.1361,0.1184,0,53783
SP1,lal-rea-sev-2025-12-20,2025-12-20T20:00:00+00:00,D,24,0.13,0.1391,0.1322,0.1278,0.1361,0.1184,0,53783
SP1,lal-rea-sev-2025-12-20,2025-12-20T20:00:00+00:00,A,1,0.05,0.0771,0.0747,0.0737,0.07,0.0663,0,198075
SP1,lal-rea-sev-2025-12-20,2025-12-20T20:00:00+00:00,A,6,0.06,0.0771,0.0747,0.0737,0.07,0.0663,0,198075
SP1,lal-rea-sev-2025-12-20,2025-12-20T20:00:00+00:00,A,24,0.06,0.0771,0.0747,0.0737,0.07,0.0663,0,198075
SP1,lal-gir-mad-2025-12-21,2025-12-21T13:00:00+00:00,H,1,0.18,0.1962,0.198,0.1902,0.1945,0.1812,0,1847230
SP1,lal-gir-mad-2025-12-21,2025-12-21T13:00:00+00:00,H,6,0.175,0.1962,0.198,0.1902,0.1945,0.1812,0,1847230
SP1,lal-gir-mad-2025-12-21,2025-12-21T13:00:00+00:00,H,24,0.19,0.1962,0.198,0.1902,0.1945,0.1812,0,1847230
SP1,lal-gir-mad-2025-12-21,2025-12-21T13:00:00+00:00,D,1,0.24,0.2343,0.2507,0.2503,0.2564,0.2556,0,116267
SP1,lal-gir-mad-2025-12-21,2025-12-21T13:00:00+00:00,D,6,0.24,0.2343,0.2507,0.2503,0.2564,0.2556,0,116267
SP1,lal-gir-mad-2025-12-21,2025-12-21T13:00:00+00:00,D,24,0.24,0.2343,0.2507,0.2503,0.2564,0.2556,0,116267
SP1,lal-gir-mad-2025-12-21,2025-12-21T13:00:00+00:00,A,1,0.58,0.5695,0.5513,0.5595,0.5492,0.5632,1,756156
SP1,lal-gir-mad-2025-12-21,2025-12-21T13:00:00+00:00,A,6,0.59,0.5695,0.5513,0.5595,0.5492,0.5632,1,756156
SP1,lal-gir-mad-2025-12-21,2025-12-21T13:00:00+00:00,A,24,0.58,0.5695,0.5513,0.5595,0.5492,0.5632,1,756156
SP1,lal-vil-bar-2025-12-21,2025-12-21T15:15:00+00:00,H,1,0.24,0.2769,0.2401,0.2455,0.231,0.2316,0,188050
SP1,lal-vil-bar-2025-12-21,2025-12-21T15:15:00+00:00,H,6,0.25,0.2769,0.2401,0.2455,0.231,0.2316,0,188050
SP1,lal-vil-bar-2025-12-21,2025-12-21T15:15:00+00:00,H,24,0.27,0.2769,0.2401,0.2455,0.231,0.2316,0,188050
SP1,lal-vil-bar-2025-12-21,2025-12-21T15:15:00+00:00,D,1,0.22,0.2072,0.2159,0.2154,0.216,0.2213,0,134254
SP1,lal-vil-bar-2025-12-21,2025-12-21T15:15:00+00:00,D,6,0.22,0.2072,0.2159,0.2154,0.216,0.2213,0,134254
SP1,lal-vil-bar-2025-12-21,2025-12-21T15:15:00+00:00,D,24,0.19,0.2072,0.2159,0.2154,0.216,0.2213,0,134254
SP1,lal-vil-bar-2025-12-21,2025-12-21T15:15:00+00:00,A,1,0.56,0.5158,0.544,0.5391,0.553,0.5471,1,1710651
SP1,lal-vil-bar-2025-12-21,2025-12-21T15:15:00+00:00,A,6,0.56,0.5158,0.544,0.5391,0.553,0.5471,1,1710651
SP1,lal-vil-bar-2025-12-21,2025-12-21T15:15:00+00:00,A,24,0.53,0.5158,0.544,0.5391,0.553,0.5471,1,1710651
SP1,lal-elc-ray-2025-12-21,2025-12-21T17:30:00+00:00,H,1,0.39,0.3846,0.3801,0.3783,0.3803,0.3803,1,206677
SP1,lal-elc-ray-2025-12-21,2025-12-21T17:30:00+00:00,H,6,0.4,0.3846,0.3801,0.3783,0.3803,0.3803,1,206677
SP1,lal-elc-ray-2025-12-21,2025-12-21T17:30:00+00:00,H,24,0.41,0.3846,0.3801,0.3783,0.3803,0.3803,1,206677
SP1,lal-elc-ray-2025-12-21,2025-12-21T17:30:00+00:00,D,1,0.32,0.3077,0.3206,0.3261,0.3256,0.3267,0,27998
SP1,lal-elc-ray-2025-12-21,2025-12-21T17:30:00+00:00,D,6,0.32,0.3077,0.3206,0.3261,0.3256,0.3267,0,27998
SP1,lal-elc-ray-2025-12-21,2025-12-21T17:30:00+00:00,D,24,0.32,0.3077,0.3206,0.3261,0.3256,0.3267,0,27998
SP1,lal-elc-ray-2025-12-21,2025-12-21T17:30:00+00:00,A,1,0.3,0.3077,0.2993,0.2956,0.2941,0.293,0,61996
SP1,lal-elc-ray-2025-12-21,2025-12-21T17:30:00+00:00,A,6,0.3,0.3077,0.2993,0.2956,0.2941,0.293,0,61996
SP1,lal-elc-ray-2025-12-21,2025-12-21T17:30:00+00:00,A,24,0.3,0.3077,0.2993,0.2956,0.2941,0.293,0,61996
SP1,lal-ray-get-2026-01-02,2026-01-02T20:00:00+00:00,H,1,0.47,0.4607,0.4598,0.4614,0.4528,0.4532,0,483311
SP1,lal-ray-get-2026-01-02,2026-01-02T20:00:00+00:00,H,6,0.46,0.4607,0.4598,0.4614,0.4528,0.4532,0,483311
SP1,lal-ray-get-2026-01-02,2026-01-02T20:00:00+00:00,H,24,0.45,0.4607,0.4598,0.4614,0.4528,0.4532,0,483311
SP1,lal-ray-get-2026-01-02,2026-01-02T20:00:00+00:00,D,1,0.34,0.3286,0.3331,0.3284,0.3392,0.3391,1,99346
SP1,lal-ray-get-2026-01-02,2026-01-02T20:00:00+00:00,D,6,0.33,0.3286,0.3331,0.3284,0.3392,0.3391,1,99346
SP1,lal-ray-get-2026-01-02,2026-01-02T20:00:00+00:00,D,24,0.32,0.3286,0.3331,0.3284,0.3392,0.3391,1,99346
SP1,lal-ray-get-2026-01-02,2026-01-02T20:00:00+00:00,A,1,0.2,0.2107,0.2072,0.2102,0.208,0.2077,0,137298
SP1,lal-ray-get-2026-01-02,2026-01-02T20:00:00+00:00,A,6,0.21,0.2107,0.2072,0.2102,0.208,0.2077,0,137298
SP1,lal-ray-get-2026-01-02,2026-01-02T20:00:00+00:00,A,24,0.22,0.2107,0.2072,0.2102,0.208,0.2077,0,137298
SP1,lal-bet-get-2025-12-21,2025-12-21T20:00:00+00:00,H,1,0.56,0.5521,0.5443,0.5438,0.5487,0.5591,1,535233
SP1,lal-bet-get-2025-12-21,2025-12-21T20:00:00+00:00,H,6,0.54,0.5521,0.5443,0.5438,0.5487,0.5591,1,535233
SP1,lal-bet-get-2025-12-21,2025-12-21T20:00:00+00:00,H,24,0.56,0.5521,0.5443,0.5438,0.5487,0.5591,1,535233
SP1,lal-bet-get-2025-12-21,2025-12-21T20:00:00+00:00,D,1,0.29,0.2728,0.2845,0.2851,0.2815,0.2804,0,25140
SP1,lal-bet-get-2025-12-21,2025-12-21T20:00:00+00:00,D,6,0.29,0.2728,0.2845,0.2851,0.2815,0.2804,0,25140
SP1,lal-bet-get-2025-12-21,2025-12-21T20:00:00+00:00,D,24,0.28,0.2728,0.2845,0.2851,0.2815,0.2804,0,25140
SP1,lal-bet-get-2025-12-21,2025-12-21T20:00:00+00:00,A,1,0.16,0.1751,0.1712,0.1711,0.1698,0.1605,0,19871
SP1,lal-bet-get-2025-12-21,2025-12-21T20:00:00+00:00,A,6,0.17,0.1751,0.1712,0.1711,0.1698,0.1605,0,19871
SP1,lal-bet-get-2025-12-21,2025-12-21T20:00:00+00:00,A,24,0.17,0.1751,0.1712,0.1711,0.1698,0.1605,0,19871
SP1,lal-bil-esp-2025-12-22,2025-12-22T20:00:00+00:00,H,1,0.51,0.5386,0.5097,0.5128,0.517,0.5128,0,489006
SP1,lal-bil-esp-2025-12-22,2025-12-22T20:00:00+00:00,H,6,0.52,0.5386,0.5097,0.5128,0.517,0.5128,0,489006
SP1,lal-bil-esp-2025-12-22,2025-12-22T20:00:00+00:00,H,24,0.55,0.5386,0.5097,0.5128,0.517,0.5128,0,489006
SP1,lal-bil-esp-2025-12-22,2025-12-22T20:00:00+00:00,D,1,0.29,0.2709,0.2849,0.2875,0.2834,0.2842,0,38430
SP1,lal-bil-esp-2025-12-22,2025-12-22T20:00:00+00:00,D,6,0.29,0.2709,0.2849,0.2875,0.2834,0.2842,0,38430
SP1,lal-bil-esp-2025-12-22,2025-12-22T20:00:00+00:00,D,24,0.29,0.2709,0.2849,0.2875,0.2834,0.2842,0,38430
SP1,lal-bil-esp-2025-12-22,2025-12-22T20:00:00+00:00,A,1,0.2,0.1905,0.2054,0.1997,0.1996,0.203,1,207519
SP1,lal-bil-esp-2025-12-22,2025-12-22T20:00:00+00:00,A,6,0.2,0.1905,0.2054,0.1997,0.1996,0.203,1,207519
SP1,lal-bil-esp-2025-12-22,2025-12-22T20:00:00+00:00,A,24,0.19,0.1905,0.2054,0.1997,0.1996,0.203,1,207519
SP1,lal-cel-val-2026-01-03,2026-01-03T13:00:00+00:00,H,1,0.48,0.4803,0.4733,0.4699,0.4714,0.4753,1,778744
SP1,lal-cel-val-2026-01-03,2026-01-03T13:00:00+00:00,H,6,0.49,0.4803,0.4733,0.4699,0.4714,0.4753,1,778744
SP1,lal-cel-val-2026-01-03,2026-01-03T13:00:00+00:00,H,24,0.5,0.4803,0.4733,0.4699,0.4714,0.4753,1,778744
SP1,lal-cel-val-2026-01-03,2026-01-03T13:00:00+00:00,D,1,0.3,0.2844,0.2907,0.2892,0.2952,0.2979,0,55317
SP1,lal-cel-val-2026-01-03,2026-01-03T13:00:00+00:00,D,6,0.29,0.2844,0.2907,0.2892,0.2952,0.2979,0,55317
SP1,lal-cel-val-2026-01-03,2026-01-03T13:00:00+00:00,D,24,0.29,0.2844,0.2907,0.2892,0.2952,0.2979,0,55317
SP1,lal-cel-val-2026-01-03,2026-01-03T13:00:00+00:00,A,1,0.22,0.2353,0.236,0.241,0.2334,0.2268,0,57878
SP1,lal-cel-val-2026-01-03,2026-01-03T13:00:00+00:00,A,6,0.23,0.2353,0.236,0.241,0.2334,0.2268,0,57878
SP1,lal-cel-val-2026-01-03,2026-01-03T13:00:00+00:00,A,24,0.23,0.2353,0.236,0.241,0.2334,0.2268,0,57878
SP1,lal-osa-bil-2026-01-03,2026-01-03T15:15:00+00:00,H,1,0.31,0.3102,0.3159,0.3059,0.3141,0.3117,0,135308
SP1,lal-osa-bil-2026-01-03,2026-01-03T15:15:00+00:00,H,6,0.3,0.3102,0.3159,0.3059,0.3141,0.3117,0,135308
SP1,lal-osa-bil-2026-01-03,2026-01-03T15:15:00+00:00,H,24,0.31,0.3102,0.3159,0.3059,0.3141,0.3117,0,135308
SP1,lal-osa-bil-2026-01-03,2026-01-03T15:15:00+00:00,D,1,0.33,0.3197,0.3191,0.3293,0.3225,0.327,1,177997
SP1,lal-osa-bil-2026-01-03,2026-01-03T15:15:00+00:00,D,6,0.32,0.3197,0.3191,0.3293,0.3225,0.327,1,177997
SP1,lal-osa-bil-2026-01-03,2026-01-03T15:15:00+00:00,D,24,0.32,0.3197,0.3191,0.3293,0.3225,0.327,1,177997
SP1,lal-osa-bil-2026-01-03,2026-01-03T15:15:00+00:00,A,1,0.38,0.3701,0.3649,0.3648,0.3634,0.3613,0,102301
SP1,lal-osa-bil-2026-01-03,2026-01-03T15:15:00+00:00,A,6,0.38,0.3701,0.3649,0.3648,0.3634,0.3613,0,102301
SP1,lal-osa-bil-2026-01-03,2026-01-03T15:15:00+00:00,A,24,0.37,0.3701,0.3649,0.3648,0.3634,0.3613,0,102301
SP1,lal-esp-bar-2026-01-03,2026-01-03T20:00:00+00:00,H,1,0.16,0.1762,0.1619,0.1636,0.1624,0.1508,0,182617
SP1,lal-esp-bar-2026-01-03,2026-01-03T20:00:00+00:00,H,6,0.14,0.1762,0.1619,0.1636,0.1624,0.1508,0,182617
SP1,lal-esp-bar-2026-01-03,2026-01-03T20:00:00+00:00,H,24,0.17,0.1762,0.1619,0.1636,0.1624,0.1508,0,182617
SP1,lal-esp-bar-2026-01-03,2026-01-03T20:00:00+00:00,D,1,0.2,0.1997,0.2027,0.2091,0.2031,0.2031,0,256146
SP1,lal-esp-bar-2026-01-03,2026-01-03T20:00:00+00:00,D,6,0.1996,0.1997,0.2027,0.2091,0.2031,0.2031,0,256146
SP1,lal-esp-bar-2026-01-03,2026-01-03T20:00:00+00:00,D,24,0.2,0.1997,0.2027,0.2091,0.2031,0.2031,0,256146
SP1,lal-esp-bar-2026-01-03,2026-01-03T20:00:00+00:00,A,1,0.66,0.6242,0.6354,0.6273,0.6346,0.6462,1,1836005
SP1,lal-esp-bar-2026-01-03,2026-01-03T20:00:00+00:00,A,6,0.67,0.6242,0.6354,0.6273,0.6346,0.6462,1,1836005
SP1,lal-esp-bar-2026-01-03,2026-01-03T20:00:00+00:00,A,24,0.65,0.6242,0.6354,0.6273,0.6346,0.6462,1,1836005
SP1,lal-elc-vil-2026-01-03,2026-01-03T17:30:00+00:00,H,1,0.29,0.2961,0.3051,0.304,0.3004,0.2963,0,103122
SP1,lal-elc-vil-2026-01-03,2026-01-03T17:30:00+00:00,H,6,0.29,0.2961,0.3051,0.304,0.3004,0.2963,0,103122
SP1,lal-elc-vil-2026-01-03,2026-01-03T17:30:00+00:00,H,24,0.3,0.2961,0.3051,0.304,0.3004,0.2963,0,103122
SP1,lal-elc-vil-2026-01-03,2026-01-03T17:30:00+00:00,D,1,0.2896,0.2706,0.274,0.2772,0.2765,0.2796,0,39881
SP1,lal-elc-vil-2026-01-03,2026-01-03T17:30:00+00:00,D,6,0.28,0.2706,0.274,0.2772,0.2765,0.2796,0,39881
SP1,lal-elc-vil-2026-01-03,2026-01-03T17:30:00+00:00,D,24,0.28,0.2706,0.274,0.2772,0.2765,0.2796,0,39881
SP1,lal-elc-vil-2026-01-03,2026-01-03T17:30:00+00:00,A,1,0.43,0.4333,0.4209,0.4188,0.4231,0.4241,1,2060593
SP1,lal-elc-vil-2026-01-03,2026-01-03T17:30:00+00:00,A,6,0.44,0.4333,0.4209,0.4188,0.4231,0.4241,1,2060593
SP1,lal-elc-vil-2026-01-03,2026-01-03T17:30:00+00:00,A,24,0.44,0.4333,0.4209,0.4188,0.4231,0.4241,1,2060593
SP1,lal-sev-lev-2026-01-04,2026-01-04T13:00:00+00:00,H,1,0.56,0.53,0.5406,0.5436,0.5425,0.5501,0,281393
SP1,lal-sev-lev-2026-01-04,2026-01-04T13:00:00+00:00,H,6,0.56,0.53,0.5406,0.5436,0.5425,0.5501,0,281393
SP1,lal-sev-lev-2026-01-04,2026-01-04T13:00:00+00:00,H,24,0.55,0.53,0.5406,0.5436,0.5425,0.5501,0,281393
SP1,lal-sev-lev-2026-01-04,2026-01-04T13:00:00+00:00,D,1,0.26,0.2606,0.2549,0.2475,0.266,0.262,0,31292
SP1,lal-sev-lev-2026-01-04,2026-01-04T13:00:00+00:00,D,6,0.25,0.2606,0.2549,0.2475,0.266,0.262,0,31292
SP1,lal-sev-lev-2026-01-04,2026-01-04T13:00:00+00:00,D,24,0.25,0.2606,0.2549,0.2475,0.266,0.262,0,31292
SP1,lal-sev-lev-2026-01-04,2026-01-04T13:00:00+00:00,A,1,0.18,0.2094,0.2045,0.209,0.1915,0.1879,1,70274
SP1,lal-sev-lev-2026-01-04,2026-01-04T13:00:00+00:00,A,6,0.19,0.2094,0.2045,0.209,0.1915,0.1879,1,70274
SP1,lal-sev-lev-2026-01-04,2026-01-04T13:00:00+00:00,A,24,0.2,0.2094,0.2045,0.209,0.1915,0.1879,1,70274
SP1,lal-rea-bet-2026-01-04,2026-01-04T15:15:00+00:00,H,1,0.65,0.6425,0.6381,0.6345,0.6429,0.6417,1,2322983
SP1,lal-rea-bet-2026-01-04,2026-01-04T15:15:00+00:00,H,6,0.66,0.6425,0.6381,0.6345,0.6429,0.6417,1,2322983
SP1,lal-rea-bet-2026-01-04,2026-01-04T15:15:00+00:00,H,24,0.66,0.6425,0.6381,0.6345,0.6429,0.6417,1,2322983
SP1,lal-rea-bet-2026-01-04,2026-01-04T15:15:00+00:00,D,1,0.21,0.2009,0.2058,0.2069,0.2133,0.2162,0,58252
SP1,lal-rea-bet-2026-01-04,2026-01-04T15:15:00+00:00,D,6,0.19,0.2009,0.2058,0.2069,0.2133,0.2162,0,58252
SP1,lal-rea-bet-2026-01-04,2026-01-04T15:15:00+00:00,D,24,0.2,0.2009,0.2058,0.2069,0.2133,0.2162,0,58252
SP1,lal-rea-bet-2026-01-04,2026-01-04T15:15:00+00:00,A,1,0.16,0.1566,0.1561,0.1586,0.1438,0.1421,0,180905
SP1,lal-rea-bet-2026-01-04,2026-01-04T15:15:00+00:00,A,6,0.15,0.1566,0.1561,0.1586,0.1438,0.1421,0,180905
SP1,lal-rea-bet-2026-01-04,2026-01-04T15:15:00+00:00,A,24,0.14,0.1566,0.1561,0.1586,0.1438,0.1421,0,180905
SP1,lal-ala-ovi-2026-01-04,2026-01-04T17:30:00+00:00,H,1,0.52,0.5092,0.4901,0.4773,0.5027,0.5063,0,111267
SP1,lal-ala-ovi-2026-01-04,2026-01-04T17:30:00+00:00,H,6,0.51,0.5092,0.4901,0.4773,0.5027,0.5063,0,111267
SP1,lal-ala-ovi-2026-01-04,2026-01-04T17:30:00+00:00,H,24,0.52,0.5092,0.4901,0.4773,0.5027,0.5063,0,111267
SP1,lal-ala-ovi-2026-01-04,2026-01-04T17:30:00+00:00,D,1,0.31,0.3042,0.3268,0.3409,0.3202,0.3217,1,24088
SP1,lal-ala-ovi-2026-01-04,2026-01-04T17:30:00+00:00,D,6,0.32,0.3042,0.3268,0.3409,0.3202,0.3217,1,24088
SP1,lal-ala-ovi-2026-01-04,2026-01-04T17:30:00+00:00,D,24,0.32,0.3042,0.3268,0.3409,0.3202,0.3217,1,24088
SP1,lal-ala-ovi-2026-01-04,2026-01-04T17:30:00+00:00,A,1,0.16,0.1866,0.1831,0.1818,0.1771,0.172,0,34160
SP1,lal-ala-ovi-2026-01-04,2026-01-04T17:30:00+00:00,A,6,0.17,0.1866,0.1831,0.1818,0.1771,0.172,0,34160
SP1,lal-ala-ovi-2026-01-04,2026-01-04T17:30:00+00:00,A,24,0.18,0.1866,0.1831,0.1818,0.1771,0.172,0,34160
SP1,lal-mal-gir-2026-01-04,2026-01-04T17:30:00+00:00,H,1,0.44,0.4187,0.4174,0.4135,0.4323,0.4318,0,94057
SP1,lal-mal-gir-2026-01-04,2026-01-04T17:30:00+00:00,H,6,0.43,0.4187,0.4174,0.4135,0.4323,0.4318,0,94057
SP1,lal-mal-gir-2026-01-04,2026-01-04T17:30:00+00:00,H,24,0.43,0.4187,0.4174,0.4135,0.4323,0.4318,0,94057
SP1,lal-mal-gir-2026-01-04,2026-01-04T17:30:00+00:00,D,1,0.31,0.3006,0.3043,0.3068,0.3069,0.3103,0,33962
SP1,lal-mal-gir-2026-01-04,2026-01-04T17:30:00+00:00,D,6,0.31,0.3006,0.3043,0.3068,0.3069,0.3103,0,33962
SP1,lal-mal-gir-2026-01-04,2026-01-04T17:30:00+00:00,D,24,0.3,0.3006,0.3043,0.3068,0.3069,0.3103,0,33962
SP1,lal-mal-gir-2026-01-04,2026-01-04T17:30:00+00:00,A,1,0.25,0.2808,0.2783,0.2797,0.2608,0.2579,1,53915
SP1,lal-mal-gir-2026-01-04,2026-01-04T17:30:00+00:00,A,6,0.26,0.2808,0.2783,0.2797,0.2608,0.2579,1,53915
SP1,lal-mal-gir-2026-01-04,2026-01-04T17:30:00+00:00,A,24,0.26,0.2808,0.2783,0.2797,0.2608,0.2579,1,53915
SP1,lal-rso-mad-2026-01-04,2026-01-04T20:00:00+00:00,H,1,0.23,0.2452,0.2409,0.2609,0.2285,0.2315,0,146551
SP1,lal-rso-mad-2026-01-04,2026-01-04T20:00:00+00:00,H,6,0.25,0.2452,0.2409,0.2609,0.2285,0.2315,0,146551
SP1,lal-rso-mad-2026-01-04,2026-01-04T20:00:00+00:00,H,24,0.23,0.2452,0.2409,0.2609,0.2285,0.2315,0,146551
SP1,lal-rso-mad-2026-01-04,2026-01-04T20:00:00+00:00,D,1,0.26,0.2669,0.2581,0.2472,0.2549,0.2553,1,59644
SP1,lal-rso-mad-2026-01-04,2026-01-04T20:00:00+00:00,D,6,0.26,0.2669,0.2581,0.2472,0.2549,0.2553,1,59644
SP1,lal-rso-mad-2026-01-04,2026-01-04T20:00:00+00:00,D,24,0.27,0.2669,0.2581,0.2472,0.2549,0.2553,1,59644
SP1,lal-rso-mad-2026-01-04,2026-01-04T20:00:00+00:00,A,1,0.51,0.4879,0.501,0.4918,0.5166,0.5132,0,683902
SP1,lal-rso-mad-2026-01-04,2026-01-04T20:00:00+00:00,A,6,0.5,0.4879,0.501,0.4918,0.5166,0.5132,0,683902
SP1,lal-rso-mad-2026-01-04,2026-01-04T20:00:00+00:00,A,24,0.51,0.4879,0.501,0.4918,0.5166,0.5132,0,683902
SP1,lal-vil-ala-2026-01-10,2026-01-10T15:15:00+00:00,H,1,0.67,0.6461,0.6544,0.6539,0.6496,0.6599,1,636175
SP1,lal-vil-ala-2026-01-10,2026-01-10T15:15:00+00:00,H,6,0.66,0.6461,0.6544,0.6539,0.6496,0.6599,1,636175
SP1,lal-vil-ala-2026-01-10,2026-01-10T15:15:00+00:00,H,24,0.67,0.6461,0.6544,0.6539,0.6496,0.6599,1,636175
SP1,lal-vil-ala-2026-01-10,2026-01-10T15:15:00+00:00,D,1,0.22,0.2184,0.2156,0.2107,0.2256,0.225,0,36304
SP1,lal-vil-ala-2026-01-10,2026-01-10T15:15:00+00:00,D,6,0.22,0.2184,0.2156,0.2107,0.2256,0.225,0,36304
SP1,lal-vil-ala-2026-01-10,2026-01-10T15:15:00+00:00,D,24,0.21,0.2184,0.2156,0.2107,0.2256,0.225,0,36304
SP1,lal-vil-ala-2026-01-10,2026-01-10T15:15:00+00:00,A,1,0.12,0.1355,0.13,0.1354,0.1247,0.1151,0,101670
SP1,lal-vil-ala-2026-01-10,2026-01-10T15:15:00+00:00,A,6,0.12,0.1355,0.13,0.1354,0.1247,0.1151,0,101670
SP1,lal-vil-ala-2026-01-10,2026-01-10T15:15:00+00:00,A,24,0.12,0.1355,0.13,0.1354,0.1247,0.1151,0,101670
SP1,lal-ovi-bet-2026-01-10,2026-01-10T13:00:00+00:00,H,1,0.22,0.2282,0.2445,0.2459,0.249,0.2469,0,263065
SP1,lal-ovi-bet-2026-01-10,2026-01-10T13:00:00+00:00,H,6,0.23,0.2282,0.2445,0.2459,0.249,0.2469,0,263065
SP1,lal-ovi-bet-2026-01-10,2026-01-10T13:00:00+00:00,H,24,0.22,0.2282,0.2445,0.2459,0.249,0.2469,0,263065
SP1,lal-ovi-bet-2026-01-10,2026-01-10T13:00:00+00:00,D,1,0.2878,0.2756,0.2801,0.2749,0.2784,0.2782,1,147373
SP1,lal-ovi-bet-2026-01-10,2026-01-10T13:00:00+00:00,D,6,0.29,0.2756,0.2801,0.2749,0.2784,0.2782,1,147373
SP1,lal-ovi-bet-2026-01-10,2026-01-10T13:00:00+00:00,D,24,0.28,0.2756,0.2801,0.2749,0.2784,0.2782,1,147373
SP1,lal-ovi-bet-2026-01-10,2026-01-10T13:00:00+00:00,A,1,0.49,0.4961,0.4754,0.4792,0.4726,0.4749,0,924015
SP1,lal-ovi-bet-2026-01-10,2026-01-10T13:00:00+00:00,A,6,0.5,0.4961,0.4754,0.4792,0.4726,0.4749,0,924015
SP1,lal-ovi-bet-2026-01-10,2026-01-10T13:00:00+00:00,A,24,0.5,0.4961,0.4754,0.4792,0.4726,0.4749,0,924015
SP1,lal-get-rso-2026-01-09,2026-01-09T20:00:00+00:00,H,1,0.27,0.2789,0.2746,0.2711,0.2674,0.2649,0,147574
SP1,lal-get-rso-2026-01-09,2026-01-09T20:00:00+00:00,H,6,0.27,0.2789,0.2746,0.2711,0.2674,0.2649,0,147574
SP1,lal-get-rso-2026-01-09,2026-01-09T20:00:00+00:00,H,24,0.28,0.2789,0.2746,0.2711,0.2674,0.2649,0,147574
SP1,lal-get-rso-2026-01-09,2026-01-09T20:00:00+00:00,D,1,0.3209,0.3331,0.3268,0.3163,0.3255,0.3312,0,126925
SP1,lal-get-rso-2026-01-09,2026-01-09T20:00:00+00:00,D,6,0.34,0.3331,0.3268,0.3163,0.3255,0.3312,0,126925
SP1,lal-get-rso-2026-01-09,2026-01-09T20:00:00+00:00,D,24,0.34,0.3331,0.3268,0.3163,0.3255,0.3312,0,126925
SP1,lal-get-rso-2026-01-09,2026-01-09T20:00:00+00:00,A,1,0.41,0.388,0.3986,0.4126,0.4072,0.4039,1,255965
SP1,lal-get-rso-2026-01-09,2026-01-09T20:00:00+00:00,A,6,0.4,0.388,0.3986,0.4126,0.4072,0.4039,1,255965
SP1,lal-get-rso-2026-01-09,2026-01-09T20:00:00+00:00,A,24,0.4,0.388,0.3986,0.4126,0.4072,0.4039,1,255965
SP1,lal-gir-osa-2026-01-10,2026-01-10T17:30:00+00:00,H,1,0.39,0.399,0.3782,0.3783,0.3729,0.3737,1,225904
SP1,lal-gir-osa-2026-01-10,2026-01-10T17:30:00+00:00,H,6,0.41,0.399,0.3782,0.3783,0.3729,0.3737,1,225904
SP1,lal-gir-osa-2026-01-10,2026-01-10T17:30:00+00:00,H,24,0.4,0.399,0.3782,0.3783,0.3729,0.3737,1,225904
SP1,lal-gir-osa-2026-01-10,2026-01-10T17:30:00+00:00,D,1,0.29,0.2943,0.3048,0.2956,0.31,0.3107,0,45113
SP1,lal-gir-osa-2026-01-10,2026-01-10T17:30:00+00:00,D,6,0.3,0.2943,0.3048,0.2956,0.31,0.3107,0,45113
SP1,lal-gir-osa-2026-01-10,2026-01-10T17:30:00+00:00,D,24,0.3,0.2943,0.3048,0.2956,0.31,0.3107,0,45113
SP1,lal-gir-osa-2026-01-10,2026-01-10T17:30:00+00:00,A,1,0.31,0.3067,0.3171,0.3261,0.3171,0.3156,0,112678
SP1,lal-gir-osa-2026-01-10,2026-01-10T17:30:00+00:00,A,6,0.29,0.3067,0.3171,0.3261,0.3171,0.3156,0,112678
SP1,lal-gir-osa-2026-01-10,2026-01-10T17:30:00+00:00,A,24,0.31,0.3067,0.3171,0.3261,0.3171,0.3156,0,112678
SP1,lal-ray-mal-2026-01-11,2026-01-11T13:00:00+00:00,H,1,0.5,0.4991,0.4991,0.5016,0.5037,0.503,1,888941
SP1,lal-ray-mal-2026-01-11,2026-01-11T13:00:00+00:00,H,6,0.51,0.4991,0.4991,0.5016,0.5037,0.503,1,888941
SP1,lal-ray-mal-2026-01-11,2026-01-11T13:00:00+00:00,H,24,0.51,0.4991,0.4991,0.5016,0.5037,0.503,1,888941
SP1,lal-ray-mal-2026-01-11,2026-01-11T13:00:00+00:00,D,1,0.3,0.2905,0.2976,0.2978,0.2991,0.3018,0,42408
SP1,lal-ray-mal-2026-01-11,2026-01-11T13:00:00+00:00,D,6,0.3,0.2905,0.2976,0.2978,0.2991,0.3018,0,42408
SP1,lal-ray-mal-2026-01-11,2026-01-11T13:00:00+00:00,D,24,0.29,0.2905,0.2976,0.2978,0.2991,0.3018,0,42408
SP1,lal-ray-mal-2026-01-11,2026-01-11T13:00:00+00:00,A,1,0.2,0.2104,0.2033,0.2006,0.1972,0.1953,0,111275
SP1,lal-ray-mal-2026-01-11,2026-01-11T13:00:00+00:00,A,6,0.21,0.2104,0.2033,0.2006,0.1972,0.1953,0,111275
SP1,lal-ray-mal-2026-01-11,2026-01-11T13:00:00+00:00,A,24,0.19,0.2104,0.2033,0.2006,0.1972,0.1953,0,111275
SP1,lal-val-elc-2026-01-10,2026-01-10T20:00:00+00:00,H,1,0.46,0.4325,0.4663,0.4733,0.4762,0.4766,0,928712
SP1,lal-val-elc-2026-01-10,2026-01-10T20:00:00+00:00,H,6,0.46,0.4325,0.4663,0.4733,0.4762,0.4766,0,928712
SP1,lal-val-elc-2026-01-10,2026-01-10T20:00:00+00:00,H,24,0.44,0.4325,0.4663,0.4733,0.4762,0.4766,0,928712
SP1,lal-val-elc-2026-01-10,2026-01-10T20:00:00+00:00,D,1,0.3,0.2965,0.2953,0.2958,0.2891,0.2873,1,77698
SP1,lal-val-elc-2026-01-10,2026-01-10T20:00:00+00:00,D,6,0.3,0.2965,0.2953,0.2958,0.2891,0.2873,1,77698
SP1,lal-val-elc-2026-01-10,2026-01-10T20:00:00+00:00,D,24,0.31,0.2965,0.2953,0.2958,0.2891,0.2873,1,77698
SP1,lal-val-elc-2026-01-10,2026-01-10T20:00:00+00:00,A,1,0.26,0.271,0.2385,0.2309,0.2347,0.236,0,166382
SP1,lal-val-elc-2026-01-10,2026-01-10T20:00:00+00:00,A,6,0.25,0.271,0.2385,0.2309,0.2347,0.236,0,166382
SP1,lal-val-elc-2026-01-10,2026-01-10T20:00:00+00:00,A,24,0.25,0.271,0.2385,0.2309,0.2347,0.236,0,166382
SP1,lal-lev-esp-2026-01-11,2026-01-11T15:15:00+00:00,H,1,0.3,0.3077,0.3023,0.2948,0.3022,0.2965,0,132798
SP1,lal-lev-esp-2026-01-11,2026-01-11T15:15:00+00:00,H,6,0.3,0.3077,0.3023,0.2948,0.3022,0.2965,0,132798
SP1,lal-lev-esp-2026-01-11,2026-01-11T15:15:00+00:00,H,24,0.3,0.3077,0.3023,0.2948,0.3022,0.2965,0,132798
SP1,lal-lev-esp-2026-01-11,2026-01-11T15:15:00+00:00,D,1,0.3,0.2861,0.2911,0.2859,0.294,0.2965,1,64823
SP1,lal-lev-esp-2026-01-11,2026-01-11T15:15:00+00:00,D,6,0.29,0.2861,0.2911,0.2859,0.294,0.2965,1,64823
SP1,lal-lev-esp-2026-01-11,2026-01-11T15:15:00+00:00,D,24,0.29,0.2861,0.2911,0.2859,0.294,0.2965,1,64823
SP1,lal-lev-esp-2026-01-11,2026-01-11T15:15:00+00:00,A,1,0.41,0.4062,0.4066,0.4193,0.4038,0.407,0,278701
SP1,lal-lev-esp-2026-01-11,2026-01-11T15:15:00+00:00,A,6,0.42,0.4062,0.4066,0.4193,0.4038,0.407,0,278701
SP1,lal-lev-esp-2026-01-11,2026-01-11T15:15:00+00:00,A,24,0.42,0.4062,0.4066,0.4193,0.4038,0.407,0,278701
SP1,lal-sev-cel-2026-01-12,2026-01-12T20:00:00+00:00,H,1,0.37,0.3685,0.3548,0.3527,0.3662,0.3519,0,281864
SP1,lal-sev-cel-2026-01-12,2026-01-12T20:00:00+00:00,H,6,0.36,0.3685,0.3548,0.3527,0.3662,0.3519,0,281864
SP1,lal-sev-cel-2026-01-12,2026-01-12T20:00:00+00:00,H,24,0.35,0.3685,0.3548,0.3527,0.3662,0.3519,0,281864
SP1,lal-sev-cel-2026-01-12,2026-01-12T20:00:00+00:00,D,1,0.31,0.2862,0.3094,0.3072,0.3092,0.3151,0,146390
SP1,lal-sev-cel-2026-01-12,2026-01-12T20:00:00+00:00,D,6,0.31,0.2862,0.3094,0.3072,0.3092,0.3151,0,146390
SP1,lal-sev-cel-2026-01-12,2026-01-12T20:00:00+00:00,D,24,0.3,0.2862,0.3094,0.3072,0.3092,0.3151,0,146390
SP1,lal-sev-cel-2026-01-12,2026-01-12T20:00:00+00:00,A,1,0.33,0.3453,0.3358,0.3401,0.3247,0.333,1,651295
SP1,lal-sev-cel-2026-01-12,2026-01-12T20:00:00+00:00,A,6,0.33,0.3453,0.3358,0.3401,0.3247,0.333,1,651295
SP1,lal-sev-cel-2026-01-12,2026-01-12T20:00:00+00:00,A,24,0.36,0.3453,0.3358,0.3401,0.3247,0.333,1,651295
SP1,lal-esp-gir-2026-01-16,2026-01-16T20:00:00+00:00,H,1,0.53,0.504,0.5094,0.5006,nan,0.5124,0,319656
SP1,lal-esp-gir-2026-01-16,2026-01-16T20:00:00+00:00,H,6,0.52,0.504,0.5094,0.5006,nan,0.5124,0,319656
SP1,lal-esp-gir-2026-01-16,2026-01-16T20:00:00+00:00,H,24,0.52,0.504,0.5094,0.5006,nan,0.5124,0,319656
SP1,lal-esp-gir-2026-01-16,2026-01-16T20:00:00+00:00,D,1,0.28,0.2748,0.2764,0.2797,nan,0.2761,0,60395
SP1,lal-esp-gir-2026-01-16,2026-01-16T20:00:00+00:00,D,6,0.28,0.2748,0.2764,0.2797,nan,0.2761,0,60395
SP1,lal-esp-gir-2026-01-16,2026-01-16T20:00:00+00:00,D,24,0.2871,0.2748,0.2764,0.2797,nan,0.2761,0,60395
SP1,lal-esp-gir-2026-01-16,2026-01-16T20:00:00+00:00,A,1,0.21,0.2212,0.2142,0.2197,nan,0.2115,1,215528
SP1,lal-esp-gir-2026-01-16,2026-01-16T20:00:00+00:00,A,6,0.22,0.2212,0.2142,0.2197,nan,0.2115,1,215528
SP1,lal-esp-gir-2026-01-16,2026-01-16T20:00:00+00:00,A,24,0.22,0.2212,0.2142,0.2197,nan,0.2115,1,215528
SP1,lal-rea-lev-2026-01-17,2026-01-17T13:00:00+00:00,H,1,0.85,0.8166,0.8277,0.8327,nan,0.8485,1,1432762
SP1,lal-rea-lev-2026-01-17,2026-01-17T13:00:00+00:00,H,6,0.85,0.8166,0.8277,0.8327,nan,0.8485,1,1432762
SP1,lal-rea-lev-2026-01-17,2026-01-17T13:00:00+00:00,H,24,0.86,0.8166,0.8277,0.8327,nan,0.8485,1,1432762
SP1,lal-rea-lev-2026-01-17,2026-01-17T13:00:00+00:00,D,1,0.11,0.1165,0.1102,0.1046,nan,0.0993,0,65777
SP1,lal-rea-lev-2026-01-17,2026-01-17T13:00:00+00:00,D,6,0.11,0.1165,0.1102,0.1046,nan,0.0993,0,65777
SP1,lal-rea-lev-2026-01-17,2026-01-17T13:00:00+00:00,D,24,0.1,0.1165,0.1102,0.1046,nan,0.0993,0,65777
SP1,lal-rea-lev-2026-01-17,2026-01-17T13:00:00+00:00,A,1,0.05,0.0669,0.0621,0.0627,nan,0.0522,0,319345
SP1,lal-rea-lev-2026-01-17,2026-01-17T13:00:00+00:00,A,6,0.07,0.0669,0.0621,0.0627,nan,0.0522,0,319345
SP1,lal-rea-lev-2026-01-17,2026-01-17T13:00:00+00:00,A,24,0.05,0.0669,0.0621,0.0627,nan,0.0522,0,319345
SP1,lal-mal-bil-2026-01-17,2026-01-17T15:15:00+00:00,H,1,0.26,0.2607,0.2583,0.2479,nan,0.2557,1,79125
SP1,lal-mal-bil-2026-01-17,2026-01-17T15:15:00+00:00,H,6,0.25,0.2607,0.2583,0.2479,nan,0.2557,1,79125
SP1,lal-mal-bil-2026-01-17,2026-01-17T15:15:00+00:00,H,24,0.25,0.2607,0.2583,0.2479,nan,0.2557,1,79125
SP1,lal-mal-bil-2026-01-17,2026-01-17T15:15:00+00:00,D,1,0.31,0.3104,0.3043,0.314,nan,0.3069,0,28336
SP1,lal-mal-bil-2026-01-17,2026-01-17T15:15:00+00:00,D,6,0.31,0.3104,0.3043,0.314,nan,0.3069,0,28336
SP1,lal-mal-bil-2026-01-17,2026-01-17T15:15:00+00:00,D,24,0.32,0.3104,0.3043,0.314,nan,0.3069,0,28336
SP1,lal-mal-bil-2026-01-17,2026-01-17T15:15:00+00:00,A,1,0.44,0.4289,0.4374,0.4381,nan,0.4374,0,268479
SP1,lal-mal-bil-2026-01-17,2026-01-17T15:15:00+00:00,A,6,0.44,0.4289,0.4374,0.4381,nan,0.4374,0,268479
SP1,lal-mal-bil-2026-01-17,2026-01-17T15:15:00+00:00,A,24,0.43,0.4289,0.4374,0.4381,nan,0.4374,0,268479
SP1,lal-osa-ovi-2026-01-17,2026-01-17T17:30:00+00:00,H,1,0.55,0.5328,0.5469,0.5363,nan,0.5575,1,143664
SP1,lal-osa-ovi-2026-01-17,2026-01-17T17:30:00+00:00,H,6,0.54,0.5328,0.5469,0.5363,nan,0.5575,1,143664
SP1,lal-osa-ovi-2026-01-17,2026-01-17T17:30:00+00:00,H,24,0.54,0.5328,0.5469,0.5363,nan,0.5575,1,143664
SP1,lal-osa-ovi-2026-01-17,2026-01-17T17:30:00+00:00,D,1,0.2871,0.2782,0.2719,0.276,nan,0.2734,0,17442
SP1,lal-osa-ovi-2026-01-17,2026-01-17T17:30:00+00:00,D,6,0.28,0.2782,0.2719,0.276,nan,0.2734,0,17442
SP1,lal-osa-ovi-2026-01-17,2026-01-17T17:30:00+00:00,D,24,0.28,0.2782,0.2719,0.276,nan,0.2734,0,17442
SP1,lal-osa-ovi-2026-01-17,2026-01-17T17:30:00+00:00,A,1,0.18,0.189,0.1812,0.1877,nan,0.1691,0,115820
SP1,lal-osa-ovi-2026-01-17,2026-01-17T17:30:00+00:00,A,6,0.19,0.189,0.1812,0.1877,nan,0.1691,0,115820
SP1,lal-osa-ovi-2026-01-17,2026-01-17T17:30:00+00:00,A,24,0.19,0.189,0.1812,0.1877,nan,0.1691,0,115820
SP1,lal-bet-vil-2026-01-17,2026-01-17T20:00:00+00:00,H,1,0.34,0.3727,0.3697,0.3741,nan,0.3684,1,279320
SP1,lal-bet-vil-2026-01-17,2026-01-17T20:00:00+00:00,H,6,0.35,0.3727,0.3697,0.3741,nan,0.3684,1,279320
SP1,lal-bet-vil-2026-01-17,2026-01-17T20:00:00+00:00,H,24,0.35,0.3727,0.3697,0.3741,nan,0.3684,1,279320
SP1,lal-bet-vil-2026-01-17,2026-01-17T20:00:00+00:00,D,1,0.28,0.2687,0.2732,0.2726,nan,0.2763,0,81260
SP1,lal-bet-vil-2026-01-17,2026-01-17T20:00:00+00:00,D,6,0.28,0.2687,0.2732,0.2726,nan,0.2763,0,81260
SP1,lal-bet-vil-2026-01-17,2026-01-17T20:00:00+00:00,D,24,0.28,0.2687,0.2732,0.2726,nan,0.2763,0,81260
SP1,lal-bet-vil-2026-01-17,2026-01-17T20:00:00+00:00,A,1,0.38,0.3586,0.3571,0.3533,nan,0.3553,0,213985
SP1,lal-bet-vil-2026-01-17,2026-01-17T20:00:00+00:00,A,6,0.38,0.3586,0.3571,0.3533,nan,0.3553,0,213985
SP1,lal-bet-vil-2026-01-17,2026-01-17T20:00:00+00:00,A,24,0.38,0.3586,0.3571,0.3533,nan,0.3553,0,213985
SP1,lal-mad-ala-2026-01-18,2026-01-18T15:15:00+00:00,H,1,0.72,0.7228,0.6985,0.6883,nan,0.7249,1,2909130
SP1,lal-mad-ala-2026-01-18,2026-01-18T15:15:00+00:00,H,6,0.72,0.7228,0.6985,0.6883,nan,0.7249,1,2909130
SP1,lal-mad-ala-2026-01-18,2026-01-18T15:15:00+00:00,H,24,0.73,0.7228,0.6985,0.6883,nan,0.7249,1,2909130
SP1,lal-mad-ala-2026-01-18,2026-01-18T15:15:00+00:00,D,1,0.18,0.1835,0.1965,0.2,nan,0.1806,0,91068
SP1,lal-mad-ala-2026-01-18,2026-01-18T15:15:00+00:00,D,6,0.19,0.1835,0.1965,0.2,nan,0.1806,0,91068
SP1,lal-mad-ala-2026-01-18,2026-01-18T15:15:00+00:00,D,24,0.19,0.1835,0.1965,0.2,nan,0.1806,0,91068
SP1,lal-mad-ala-2026-01-18,2026-01-18T15:15:00+00:00,A,1,0.09,0.0937,0.105,0.1117,nan,0.0946,0,225928
SP1,lal-mad-ala-2026-01-18,2026-01-18T15:15:00+00:00,A,6,0.1,0.0937,0.105,0.1117,nan,0.0946,0,225928
SP1,lal-mad-ala-2026-01-18,2026-01-18T15:15:00+00:00,A,24,0.09,0.0937,0.105,0.1117,nan,0.0946,0,225928
SP1,lal-get-val-2026-01-18,2026-01-18T13:00:00+00:00,H,1,0.38,0.3737,0.3813,0.3889,nan,0.3792,0,507548
SP1,lal-get-val-2026-01-18,2026-01-18T13:00:00+00:00,H,6,0.36,0.3737,0.3813,0.3889,nan,0.3792,0,507548
SP1,lal-get-val-2026-01-18,2026-01-18T13:00:00+00:00,H,24,0.3708,0.3737,0.3813,0.3889,nan,0.3792,0,507548
SP1,lal-get-val-2026-01-18,2026-01-18T13:00:00+00:00,D,1,0.36,0.3386,0.345,0.3465,nan,0.3523,0,70704
SP1,lal-get-val-2026-01-18,2026-01-18T13:00:00+00:00,D,6,0.36,0.3386,0.345,0.3465,nan,0.3523,0,70704
SP1,lal-get-val-2026-01-18,2026-01-18T13:00:00+00:00,D,24,0.36,0.3386,0.345,0.3465,nan,0.3523,0,70704
SP1,lal-get-val-2026-01-18,2026-01-18T13:00:00+00:00,A,1,0.27,0.2877,0.2738,0.2647,nan,0.2685,1,170317
SP1,lal-get-val-2026-01-18,2026-01-18T13:00:00+00:00,A,6,0.29,0.2877,0.2738,0.2647,nan,0.2685,1,170317
SP1,lal-get-val-2026-01-18,2026-01-18T13:00:00+00:00,A,24,0.28,0.2877,0.2738,0.2647,nan,0.2685,1,170317
SP1,lal-cel-ray-2026-01-18,2026-01-18T17:30:00+00:00,H,1,0.51,0.462,0.4966,0.5061,nan,0.508,1,712831
SP1,lal-cel-ray-2026-01-18,2026-01-18T17:30:00+00:00,H,6,0.53,0.462,0.4966,0.5061,nan,0.508,1,712831
SP1,lal-cel-ray-2026-01-18,2026-01-18T17:30:00+00:00,H,24,0.49,0.462,0.4966,0.5061,nan,0.508,1,712831
SP1,lal-cel-ray-2026-01-18,2026-01-18T17:30:00+00:00,D,1,0.28,0.295,0.2885,0.2914,nan,0.2845,0,52377
SP1,lal-cel-ray-2026-01-18,2026-01-18T17:30:00+00:00,D,6,0.28,0.295,0.2885,0.2914,nan,0.2845,0,52377
SP1,lal-cel-ray-2026-01-18,2026-01-18T17:30:00+00:00,D,24,0.29,0.295,0.2885,0.2914,nan,0.2845,0,52377
SP1,lal-cel-ray-2026-01-18,2026-01-18T17:30:00+00:00,A,1,0.21,0.243,0.2149,0.2025,nan,0.2075,0,109940
SP1,lal-cel-ray-2026-01-18,2026-01-18T17:30:00+00:00,A,6,0.2,0.243,0.2149,0.2025,nan,0.2075,0,109940
SP1,lal-cel-ray-2026-01-18,2026-01-18T17:30:00+00:00,A,24,0.22,0.243,0.2149,0.2025,nan,0.2075,0,109940
SP1,lal-elc-sev-2026-01-19,2026-01-19T20:00:00+00:00,H,1,0.4,0.4199,0.3944,0.4,nan,0.401,0,314125
SP1,lal-elc-sev-2026-01-19,2026-01-19T20:00:00+00:00,H,6,0.42,0.4199,0.3944,0.4,nan,0.401,0,314125
SP1,lal-elc-sev-2026-01-19,2026-01-19T20:00:00+00:00,H,24,0.43,0.4199,0.3944,0.4,nan,0.401,0,314125
SP1,lal-elc-sev-2026-01-19,2026-01-19T20:00:00+00:00,D,1,0.32,0.2838,0.3101,0.3071,nan,0.3108,1,155427
SP1,lal-elc-sev-2026-01-19,2026-01-19T20:00:00+00:00,D,6,0.3,0.2838,0.3101,0.3071,nan,0.3108,1,155427
SP1,lal-elc-sev-2026-01-19,2026-01-19T20:00:00+00:00,D,24,0.29,0.2838,0.3101,0.3071,nan,0.3108,1,155427
SP1,lal-elc-sev-2026-01-19,2026-01-19T20:00:00+00:00,A,1,0.3,0.2963,0.2955,0.2929,nan,0.2882,0,114937
SP1,lal-elc-sev-2026-01-19,2026-01-19T20:00:00+00:00,A,6,0.28,0.2963,0.2955,0.2929,nan,0.2882,0,114937
SP1,lal-elc-sev-2026-01-19,2026-01-19T20:00:00+00:00,A,24,0.29,0.2963,0.2955,0.2929,nan,0.2882,0,114937
SP1,lal-lev-elc-2026-01-23,2026-01-23T20:00:00+00:00,H,1,0.42,0.4196,0.4218,0.4267,nan,0.4281,1,213988
SP1,lal-lev-elc-2026-01-23,2026-01-23T20:00:00+00:00,H,6,0.42,0.4196,0.4218,0.4267,nan,0.4281,1,213988
SP1,lal-lev-elc-2026-01-23,2026-01-23T20:00:00+00:00,H,24,0.4,0.4196,0.4218,0.4267,nan,0.4281,1,213988
SP1,lal-lev-elc-2026-01-23,2026-01-23T20:00:00+00:00,D,1,0.29,0.2888,0.2825,0.2845,nan,0.2798,0,67511
SP1,lal-lev-elc-2026-01-23,2026-01-23T20:00:00+00:00,D,6,0.3,0.2888,0.2825,0.2845,nan,0.2798,0,67511
SP1,lal-lev-elc-2026-01-23,2026-01-23T20:00:00+00:00,D,24,0.29,0.2888,0.2825,0.2845,nan,0.2798,0,67511
SP1,lal-lev-elc-2026-01-23,2026-01-23T20:00:00+00:00,A,1,0.29,0.2915,0.2958,0.2888,nan,0.2921,0,228616
SP1,lal-lev-elc-2026-01-23,2026-01-23T20:00:00+00:00,A,6,0.29,0.2915,0.2958,0.2888,nan,0.2921,0,228616
SP1,lal-lev-elc-2026-01-23,2026-01-23T20:00:00+00:00,A,24,0.32,0.2915,0.2958,0.2888,nan,0.2921,0,228616
SP1,lal-rso-bar-2026-01-18,2026-01-18T20:00:00+00:00,H,1,0.19,0.1903,0.2009,0.2098,nan,0.1875,1,3377213
SP1,lal-rso-bar-2026-01-18,2026-01-18T20:00:00+00:00,H,6,0.18,0.1903,0.2009,0.2098,nan,0.1875,1,3377213
SP1,lal-rso-bar-2026-01-18,2026-01-18T20:00:00+00:00,H,24,0.1854,0.1903,0.2009,0.2098,nan,0.1875,1,3377213
SP1,lal-rso-bar-2026-01-18,2026-01-18T20:00:00+00:00,D,1,0.22,0.2084,0.2161,0.218,nan,0.2209,0,160390
SP1,lal-rso-bar-2026-01-18,2026-01-18T20:00:00+00:00,D,6,0.2,0.2084,0.2161,0.218,nan,0.2209,0,160390
SP1,lal-rso-bar-2026-01-18,2026-01-18T20:00:00+00:00,D,24,0.21,0.2084,0.2161,0.218,nan,0.2209,0,160390
SP1,lal-rso-bar-2026-01-18,2026-01-18T20:00:00+00:00,A,1,0.62,0.6013,0.583,0.5722,nan,0.5916,0,7976027
SP1,lal-rso-bar-2026-01-18,2026-01-18T20:00:00+00:00,A,6,0.61,0.6013,0.583,0.5722,nan,0.5916,0,7976027
SP1,lal-rso-bar-2026-01-18,2026-01-18T20:00:00+00:00,A,24,0.61,0.6013,0.583,0.5722,nan,0.5916,0,7976027
SP1,lal-ray-osa-2026-01-24,2026-01-24T13:00:00+00:00,H,1,0.42,0.4435,0.4247,0.4277,nan,0.4267,0,118195
SP1,lal-ray-osa-2026-01-24,2026-01-24T13:00:00+00:00,H,6,0.43,0.4435,0.4247,0.4277,nan,0.4267,0,118195
SP1,lal-ray-osa-2026-01-24,2026-01-24T13:00:00+00:00,H,24,0.45,0.4435,0.4247,0.4277,nan,0.4267,0,118195
SP1,lal-ray-osa-2026-01-24,2026-01-24T13:00:00+00:00,D,1,0.31,0.2999,0.3051,0.3035,nan,0.3093,0,88364
SP1,lal-ray-osa-2026-01-24,2026-01-24T13:00:00+00:00,D,6,0.31,0.2999,0.3051,0.3035,nan,0.3093,0,88364
SP1,lal-ray-osa-2026-01-24,2026-01-24T13:00:00+00:00,D,24,0.31,0.2999,0.3051,0.3035,nan,0.3093,0,88364
SP1,lal-ray-osa-2026-01-24,2026-01-24T13:00:00+00:00,A,1,0.2808,0.2567,0.2702,0.2688,nan,0.264,1,152635
SP1,lal-ray-osa-2026-01-24,2026-01-24T13:00:00+00:00,A,6,0.28,0.2567,0.2702,0.2688,nan,0.264,1,152635
SP1,lal-ray-osa-2026-01-24,2026-01-24T13:00:00+00:00,A,24,0.259,0.2567,0.2702,0.2688,nan,0.264,1,152635
SP1,lal-val-esp-2026-01-24,2026-01-24T15:15:00+00:00,H,1,0.4,0.3949,0.3949,0.3962,nan,0.3939,1,222647
SP1,lal-val-esp-2026-01-24,2026-01-24T15:15:00+00:00,H,6,0.4,0.3949,0.3949,0.3962,nan,0.3939,1,222647
SP1,lal-val-esp-2026-01-24,2026-01-24T15:15:00+00:00,H,24,0.39,0.3949,0.3949,0.3962,nan,0.3939,1,222647
SP1,lal-val-esp-2026-01-24,2026-01-24T15:15:00+00:00,D,1,0.31,0.2977,0.3035,0.2971,nan,0.3054,0,42826
SP1,lal-val-esp-2026-01-24,2026-01-24T15:15:00+00:00,D,6,0.3,0.2977,0.3035,0.2971,nan,0.3054,0,42826
SP1,lal-val-esp-2026-01-24,2026-01-24T15:15:00+00:00,D,24,0.3,0.2977,0.3035,0.2971,nan,0.3054,0,42826
SP1,lal-val-esp-2026-01-24,2026-01-24T15:15:00+00:00,A,1,0.3,0.3074,0.3016,0.3067,nan,0.3008,0,97681
SP1,lal-val-esp-2026-01-24,2026-01-24T15:15:00+00:00,A,6,0.31,0.3074,0.3016,0.3067,nan,0.3008,0,97681
SP1,lal-val-esp-2026-01-24,2026-01-24T15:15:00+00:00,A,24,0.3,0.3074,0.3016,0.3067,nan,0.3008,0,97681
SP1,lal-sev-bil-2026-01-24,2026-01-24T17:30:00+00:00,H,1,0.34,0.3274,0.3611,0.3619,nan,0.363,1,719528
SP1,lal-sev-bil-2026-01-24,2026-01-24T17:30:00+00:00,H,6,0.34,0.3274,0.3611,0.3619,nan,0.363,1,719528
SP1,lal-sev-bil-2026-01-24,2026-01-24T17:30:00+00:00,H,24,0.33,0.3274,0.3611,0.3619,nan,0.363,1,719528
SP1,lal-sev-bil-2026-01-24,2026-01-24T17:30:00+00:00,D,1,0.33,0.3071,0.3173,0.3245,nan,0.3261,0,38511
SP1,lal-sev-bil-2026-01-24,2026-01-24T17:30:00+00:00,D,6,0.31,0.3071,0.3173,0.3245,nan,0.3261,0,38511
SP1,lal-sev-bil-2026-01-24,2026-01-24T17:30:00+00:00,D,24,0.31,0.3071,0.3173,0.3245,nan,0.3261,0,38511
SP1,lal-sev-bil-2026-01-24,2026-01-24T17:30:00+00:00,A,1,0.33,0.3655,0.3216,0.3136,nan,0.3108,0,107768
SP1,lal-sev-bil-2026-01-24,2026-01-24T17:30:00+00:00,A,6,0.36,0.3655,0.3216,0.3136,nan,0.3108,0,107768
SP1,lal-sev-bil-2026-01-24,2026-01-24T17:30:00+00:00,A,24,0.37,0.3655,0.3216,0.3136,nan,0.3108,0,107768
SP1,lal-vil-rea-2026-01-24,2026-01-24T20:00:00+00:00,H,1,0.25,0.2837,0.2528,0.2522,nan,0.2426,0,228280
SP1,lal-vil-rea-2026-01-24,2026-01-24T20:00:00+00:00,H,6,0.24,0.2837,0.2528,0.2522,nan,0.2426,0,228280
SP1,lal-vil-rea-2026-01-24,2026-01-24T20:00:00+00:00,H,24,0.26,0.2837,0.2528,0.2522,nan,0.2426,0,228280
SP1,lal-vil-rea-2026-01-24,2026-01-24T20:00:00+00:00,D,1,0.24,0.2453,0.2334,0.2365,nan,0.2368,0,66595
SP1,lal-vil-rea-2026-01-24,2026-01-24T20:00:00+00:00,D,6,0.24,0.2453,0.2334,0.2365,nan,0.2368,0,66595
SP1,lal-vil-rea-2026-01-24,2026-01-24T20:00:00+00:00,D,24,0.24,0.2453,0.2334,0.2365,nan,0.2368,0,66595
SP1,lal-vil-rea-2026-01-24,2026-01-24T20:00:00+00:00,A,1,0.53,0.471,0.5138,0.5113,nan,0.5207,1,1478947
SP1,lal-vil-rea-2026-01-24,2026-01-24T20:00:00+00:00,A,6,0.53,0.471,0.5138,0.5113,nan,0.5207,1,1478947
SP1,lal-vil-rea-2026-01-24,2026-01-24T20:00:00+00:00,A,24,0.5,0.471,0.5138,0.5113,nan,0.5207,1,1478947
SP1,lal-mad-mal-2026-01-25,2026-01-25T13:00:00+00:00,H,1,0.73,0.7316,0.7153,0.7223,nan,0.7364,1,1923351
SP1,lal-mad-mal-2026-01-25,2026-01-25T13:00:00+00:00,H,6,0.75,0.7316,0.7153,0.7223,nan,0.7364,1,1923351
SP1,lal-mad-mal-2026-01-25,2026-01-25T13:00:00+00:00,H,24,0.76,0.7316,0.7153,0.7223,nan,0.7364,1,1923351
SP1,lal-mad-mal-2026-01-25,2026-01-25T13:00:00+00:00,D,1,0.19,0.1747,0.1866,0.1789,nan,0.1808,0,51612
SP1,lal-mad-mal-2026-01-25,2026-01-25T13:00:00+00:00,D,6,0.17,0.1747,0.1866,0.1789,nan,0.1808,0,51612
SP1,lal-mad-mal-2026-01-25,2026-01-25T13:00:00+00:00,D,24,0.17,0.1747,0.1866,0.1789,nan,0.1808,0,51612
SP1,lal-mad-mal-2026-01-25,2026-01-25T13:00:00+00:00,A,1,0.09,0.0936,0.0981,0.0988,nan,0.0828,0,175676
SP1,lal-mad-mal-2026-01-25,2026-01-25T13:00:00+00:00,A,6,0.09,0.0936,0.0981,0.0988,nan,0.0828,0,175676
SP1,lal-mad-mal-2026-01-25,2026-01-25T13:00:00+00:00,A,24,0.08,0.0936,0.0981,0.0988,nan,0.0828,0,175676
SP1,lal-bar-ovi-2026-01-25,2026-01-25T15:15:00+00:00,H,1,0.88,0.8594,0.8446,0.8551,nan,0.8639,1,1492782
SP1,lal-bar-ovi-2026-01-25,2026-01-25T15:15:00+00:00,H,6,0.87,0.8594,0.8446,0.8551,nan,0.8639,1,1492782
SP1,lal-bar-ovi-2026-01-25,2026-01-25T15:15:00+00:00,H,24,0.89,0.8594,0.8446,0.8551,nan,0.8639,1,1492782
SP1,lal-bar-ovi-2026-01-25,2026-01-25T15:15:00+00:00,D,1,0.09,0.0943,0.1012,0.0949,nan,0.0864,0,140100
SP1,lal-bar-ovi-2026-01-25,2026-01-25T15:15:00+00:00,D,6,0.09,0.0943,0.1012,0.0949,nan,0.0864,0,140100
SP1,lal-bar-ovi-2026-01-25,2026-01-25T15:15:00+00:00,D,24,0.07,0.0943,0.1012,0.0949,nan,0.0864,0,140100
SP1,lal-bar-ovi-2026-01-25,2026-01-25T15:15:00+00:00,A,1,0.04,0.0462,0.0542,0.05,nan,0.0497,0,235916
SP1,lal-bar-ovi-2026-01-25,2026-01-25T15:15:00+00:00,A,6,0.0361,0.0462,0.0542,0.05,nan,0.0497,0,235916
SP1,lal-bar-ovi-2026-01-25,2026-01-25T15:15:00+00:00,A,24,0.038,0.0462,0.0542,0.05,nan,0.0497,0,235916
SP1,lal-rso-cel-2026-01-25,2026-01-25T17:30:00+00:00,H,1,0.45,0.4721,0.4446,0.4413,nan,0.4448,1,442607
SP1,lal-rso-cel-2026-01-25,2026-01-25T17:30:00+00:00,H,6,0.46,0.4721,0.4446,0.4413,nan,0.4448,1,442607
SP1,lal-rso-cel-2026-01-25,2026-01-25T17:30:00+00:00,H,24,0.48,0.4721,0.4446,0.4413,nan,0.4448,1,442607
SP1,lal-rso-cel-2026-01-25,2026-01-25T17:30:00+00:00,D,1,0.29,0.2788,0.2891,0.2875,nan,0.293,0,100180
SP1,lal-rso-cel-2026-01-25,2026-01-25T17:30:00+00:00,D,6,0.29,0.2788,0.2891,0.2875,nan,0.293,0,100180
SP1,lal-rso-cel-2026-01-25,2026-01-25T17:30:00+00:00,D,24,0.27,0.2788,0.2891,0.2875,nan,0.293,0,100180
SP1,lal-rso-cel-2026-01-25,2026-01-25T17:30:00+00:00,A,1,0.27,0.2492,0.2663,0.2711,nan,0.2622,0,321081
SP1,lal-rso-cel-2026-01-25,2026-01-25T17:30:00+00:00,A,6,0.27,0.2492,0.2663,0.2711,nan,0.2622,0,321081
SP1,lal-rso-cel-2026-01-25,2026-01-25T17:30:00+00:00,A,24,0.25,0.2492,0.2663,0.2711,nan,0.2622,0,321081
SP1,lal-ala-bet-2026-01-25,2026-01-25T20:00:00+00:00,H,1,0.36,0.3344,0.3547,0.3593,nan,0.3579,1,241809
SP1,lal-ala-bet-2026-01-25,2026-01-25T20:00:00+00:00,H,6,0.35,0.3344,0.3547,0.3593,nan,0.3579,1,241809
SP1,lal-ala-bet-2026-01-25,2026-01-25T20:00:00+00:00,H,24,0.34,0.3344,0.3547,0.3593,nan,0.3579,1,241809
SP1,lal-ala-bet-2026-01-25,2026-01-25T20:00:00+00:00,D,1,0.33,0.3069,0.3199,0.3149,nan,0.3262,0,53592
SP1,lal-ala-bet-2026-01-25,2026-01-25T20:00:00+00:00,D,6,0.33,0.3069,0.3199,0.3149,nan,0.3262,0,53592
SP1,lal-ala-bet-2026-01-25,2026-01-25T20:00:00+00:00,D,24,0.32,0.3069,0.3199,0.3149,nan,0.3262,0,53592
SP1,lal-ala-bet-2026-01-25,2026-01-25T20:00:00+00:00,A,1,0.33,0.3587,0.3254,0.3258,nan,0.3159,0,225270
SP1,lal-ala-bet-2026-01-25,2026-01-25T20:00:00+00:00,A,6,0.35,0.3587,0.3254,0.3258,nan,0.3159,0,225270
SP1,lal-ala-bet-2026-01-25,2026-01-25T20:00:00+00:00,A,24,0.34,0.3587,0.3254,0.3258,nan,0.3159,0,225270
SP1,lal-gir-get-2026-01-26,2026-01-26T20:00:00+00:00,H,1,0.44,0.4504,0.4366,0.4381,nan,0.4412,0,588778
SP1,lal-gir-get-2026-01-26,2026-01-26T20:00:00+00:00,H,6,0.43,0.4504,0.4366,0.4381,nan,0.4412,0,588778
SP1,lal-gir-get-2026-01-26,2026-01-26T20:00:00+00:00,H,24,0.46,0.4504,0.4366,0.4381,nan,0.4412,0,588778
SP1,lal-gir-get-2026-01-26,2026-01-26T20:00:00+00:00,D,1,0.33,0.3112,0.3197,0.314,nan,0.3269,1,47476
SP1,lal-gir-get-2026-01-26,2026-01-26T20:00:00+00:00,D,6,0.34,0.3112,0.3197,0.314,nan,0.3269,1,47476
SP1,lal-gir-get-2026-01-26,2026-01-26T20:00:00+00:00,D,24,0.31,0.3112,0.3197,0.314,nan,0.3269,1,47476
SP1,lal-gir-get-2026-01-26,2026-01-26T20:00:00+00:00,A,1,0.24,0.2384,0.2437,0.2479,nan,0.2319,0,438961
SP1,lal-gir-get-2026-01-26,2026-01-26T20:00:00+00:00,A,6,0.25,0.2384,0.2437,0.2479,nan,0.2319,0,438961
SP1,lal-gir-get-2026-01-26,2026-01-26T20:00:00+00:00,A,24,0.24,0.2384,0.2437,0.2479,nan,0.2319,0,438961
SP1,lal-esp-ala-2026-01-30,2026-01-30T20:00:00+00:00,H,1,0.49,0.4828,0.4849,0.4852,nan,0.4845,0,459322
SP1,lal-esp-ala-2026-01-30,2026-01-30T20:00:00+00:00,H,6,0.5,0.4828,0.4849,0.4852,nan,0.4845,0,459322
SP1,lal-esp-ala-2026-01-30,2026-01-30T20:00:00+00:00,H,24,0.49,0.4828,0.4849,0.4852,nan,0.4845,0,459322
SP1,lal-esp-ala-2026-01-30,2026-01-30T20:00:00+00:00,D,1,0.32,0.3066,0.3064,0.3089,nan,0.3119,0,189278
SP1,lal-esp-ala-2026-01-30,2026-01-30T20:00:00+00:00,D,6,0.31,0.3066,0.3064,0.3089,nan,0.3119,0,189278
SP1,lal-esp-ala-2026-01-30,2026-01-30T20:00:00+00:00,D,24,0.31,0.3066,0.3064,0.3089,nan,0.3119,0,189278
SP1,lal-esp-ala-2026-01-30,2026-01-30T20:00:00+00:00,A,1,0.21,0.2106,0.2086,0.2059,nan,0.2037,1,209557
SP1,lal-esp-ala-2026-01-30,2026-01-30T20:00:00+00:00,A,6,0.21,0.2106,0.2086,0.2059,nan,0.2037,1,209557
SP1,lal-esp-ala-2026-01-30,2026-01-30T20:00:00+00:00,A,24,0.21,0.2106,0.2086,0.2059,nan,0.2037,1,209557
SP1,lal-ovi-gir-2026-01-31,2026-01-31T13:00:00+00:00,H,1,0.32,0.3533,0.3392,0.3429,nan,0.3385,1,179849
SP1,lal-ovi-gir-2026-01-31,2026-01-31T13:00:00+00:00,H,6,0.35,0.3533,0.3392,0.3429,nan,0.3385,1,179849
SP1,lal-ovi-gir-2026-01-31,2026-01-31T13:00:00+00:00,H,24,0.34,0.3533,0.3392,0.3429,nan,0.3385,1,179849
SP1,lal-ovi-gir-2026-01-31,2026-01-31T13:00:00+00:00,D,1,0.32,0.3062,0.3154,0.3143,nan,0.3159,0,41132
SP1,lal-ovi-gir-2026-01-31,2026-01-31T13:00:00+00:00,D,6,0.32,0.3062,0.3154,0.3143,nan,0.3159,0,41132
SP1,lal-ovi-gir-2026-01-31,2026-01-31T13:00:00+00:00,D,24,0.32,0.3062,0.3154,0.3143,nan,0.3159,0,41132
SP1,lal-ovi-gir-2026-01-31,2026-01-31T13:00:00+00:00,A,1,0.36,0.3405,0.3454,0.3429,nan,0.3456,0,246592
SP1,lal-ovi-gir-2026-01-31,2026-01-31T13:00:00+00:00,A,6,0.35,0.3405,0.3454,0.3429,nan,0.3456,0,246592
SP1,lal-ovi-gir-2026-01-31,2026-01-31T13:00:00+00:00,A,24,0.35,0.3405,0.3454,0.3429,nan,0.3456,0,246592
SP1,lal-osa-vil-2026-01-31,2026-01-31T15:15:00+00:00,H,1,0.34,0.3427,0.345,0.3515,nan,0.3481,0,67019
SP1,lal-osa-vil-2026-01-31,2026-01-31T15:15:00+00:00,H,6,0.35,0.3427,0.345,0.3515,nan,0.3481,0,67019
SP1,lal-osa-vil-2026-01-31,2026-01-31T15:15:00+00:00,H,24,0.34,0.3427,0.345,0.3515,nan,0.3481,0,67019
SP1,lal-osa-vil-2026-01-31,2026-01-31T15:15:00+00:00,D,1,0.29,0.2847,0.2871,0.2876,nan,0.2886,1,89233
SP1,lal-osa-vil-2026-01-31,2026-01-31T15:15:00+00:00,D,6,0.3,0.2847,0.2871,0.2876,nan,0.2886,1,89233
SP1,lal-osa-vil-2026-01-31,2026-01-31T15:15:00+00:00,D,24,0.3,0.2847,0.2871,0.2876,nan,0.2886,1,89233
SP1,lal-osa-vil-2026-01-31,2026-01-31T15:15:00+00:00,A,1,0.36,0.3725,0.3679,0.3609,nan,0.3633,0,271769
SP1,lal-osa-vil-2026-01-31,2026-01-31T15:15:00+00:00,A,6,0.36,0.3725,0.3679,0.3609,nan,0.3633,0,271769
SP1,lal-osa-vil-2026-01-31,2026-01-31T15:15:00+00:00,A,24,0.37,0.3725,0.3679,0.3609,nan,0.3633,0,271769
SP1,lal-lev-mad-2026-01-31,2026-01-31T17:30:00+00:00,H,1,0.19,0.1796,0.1939,0.1921,nan,0.1879,0,136621
SP1,lal-lev-mad-2026-01-31,2026-01-31T17:30:00+00:00,H,6,0.18,0.1796,0.1939,0.1921,nan,0.1879,0,136621
SP1,lal-lev-mad-2026-01-31,2026-01-31T17:30:00+00:00,H,24,0.16,0.1796,0.1939,0.1921,nan,0.1879,0,136621
SP1,lal-lev-mad-2026-01-31,2026-01-31T17:30:00+00:00,D,1,0.25,0.2311,0.2472,0.2527,nan,0.2429,1,53672
SP1,lal-lev-mad-2026-01-31,2026-01-31T17:30:00+00:00,D,6,0.23,0.2311,0.2472,0.2527,nan,0.2429,1,53672
SP1,lal-lev-mad-2026-01-31,2026-01-31T17:30:00+00:00,D,24,0.24,0.2311,0.2472,0.2527,nan,0.2429,1,53672
SP1,lal-lev-mad-2026-01-31,2026-01-31T17:30:00+00:00,A,1,0.56,0.5893,0.5588,0.5552,nan,0.5691,0,228094
SP1,lal-lev-mad-2026-01-31,2026-01-31T17:30:00+00:00,A,6,0.59,0.5893,0.5588,0.5552,nan,0.5691,0,228094
SP1,lal-lev-mad-2026-01-31,2026-01-31T17:30:00+00:00,A,24,0.6,0.5893,0.5588,0.5552,nan,0.5691,0,228094
SP1,lal-elc-bar-2026-01-31,2026-01-31T20:00:00+00:00,H,1,0.09,0.1248,0.1098,0.1186,nan,0.0985,0,179352
SP1,lal-elc-bar-2026-01-31,2026-01-31T20:00:00+00:00,H,6,0.1,0.1248,0.1098,0.1186,nan,0.0985,0,179352
SP1,lal-elc-bar-2026-01-31,2026-01-31T20:00:00+00:00,H,24,0.12,0.1248,0.1098,0.1186,nan,0.0985,0,179352
SP1,lal-elc-bar-2026-01-31,2026-01-31T20:00:00+00:00,D,1,0.14,0.1665,0.1511,0.1518,nan,0.1493,0,44380
SP1,lal-elc-bar-2026-01-31,2026-01-31T20:00:00+00:00,D,6,0.14,0.1665,0.1511,0.1518,nan,0.1493,0,44380
SP1,lal-elc-bar-2026-01-31,2026-01-31T20:00:00+00:00,D,24,0.16,0.1665,0.1511,0.1518,nan,0.1493,0,44380
SP1,lal-elc-bar-2026-01-31,2026-01-31T20:00:00+00:00,A,1,0.76,0.7086,0.7391,0.7297,nan,0.7522,1,1514248
SP1,lal-elc-bar-2026-01-31,2026-01-31T20:00:00+00:00,A,6,0.76,0.7086,0.7391,0.7297,nan,0.7522,1,1514248
SP1,lal-elc-bar-2026-01-31,2026-01-31T20:00:00+00:00,A,24,0.74,0.7086,0.7391,0.7297,nan,0.7522,1,1514248
SP1,lal-rea-ray-2026-02-01,2026-02-01T13:00:00+00:00,H,1,0.79,0.7553,0.7499,0.7781,nan,0.7781,1,1367738
SP1,lal-rea-ray-2026-02-01,2026-02-01T13:00:00+00:00,H,6,0.8,0.7553,0.7499,0.7781,nan,0.7781,1,1367738
SP1,lal-rea-ray-2026-02-01,2026-02-01T13:00:00+00:00,H,24,0.79,0.7553,0.7499,0.7781,nan,0.7781,1,1367738
SP1,lal-rea-ray-2026-02-01,2026-02-01T13:00:00+00:00,D,1,0.13,0.1571,0.1531,0.1356,nan,0.1423,0,150803
SP1,lal-rea-ray-2026-02-01,2026-02-01T13:00:00+00:00,D,6,0.14,0.1571,0.1531,0.1356,nan,0.1423,0,150803
SP1,lal-rea-ray-2026-02-01,2026-02-01T13:00:00+00:00,D,24,0.15,0.1571,0.1531,0.1356,nan,0.1423,0,150803
SP1,lal-rea-ray-2026-02-01,2026-02-01T13:00:00+00:00,A,1,0.07,0.0876,0.0969,0.0863,nan,0.0797,0,501195
SP1,lal-rea-ray-2026-02-01,2026-02-01T13:00:00+00:00,A,6,0.07,0.0876,0.0969,0.0863,nan,0.0797,0,501195
SP1,lal-rea-ray-2026-02-01,2026-02-01T13:00:00+00:00,A,24,0.08,0.0876,0.0969,0.0863,nan,0.0797,0,501195
SP1,lal-bet-val-2026-02-01,2026-02-01T15:15:00+00:00,H,1,0.52,0.5123,0.5212,0.5293,nan,0.5367,1,553670
SP1,lal-bet-val-2026-02-01,2026-02-01T15:15:00+00:00,H,6,0.52,0.5123,0.5212,0.5293,nan,0.5367,1,553670
SP1,lal-bet-val-2026-02-01,2026-02-01T15:15:00+00:00,H,24,0.52,0.5123,0.5212,0.5293,nan,0.5367,1,553670
SP1,lal-bet-val-2026-02-01,2026-02-01T15:15:00+00:00,D,1,0.27,0.2702,0.2711,0.2802,nan,0.2648,0,52642
SP1,lal-bet-val-2026-02-01,2026-02-01T15:15:00+00:00,D,6,0.27,0.2702,0.2711,0.2802,nan,0.2648,0,52642
SP1,lal-bet-val-2026-02-01,2026-02-01T15:15:00+00:00,D,24,0.28,0.2702,0.2711,0.2802,nan,0.2648,0,52642
SP1,lal-bet-val-2026-02-01,2026-02-01T15:15:00+00:00,A,1,0.21,0.2175,0.2078,0.1905,nan,0.1986,0,83422
SP1,lal-bet-val-2026-02-01,2026-02-01T15:15:00+00:00,A,6,0.22,0.2175,0.2078,0.1905,nan,0.1986,0,83422
SP1,lal-bet-val-2026-02-01,2026-02-01T15:15:00+00:00,A,24,0.2,0.2175,0.2078,0.1905,nan,0.1986,0,83422
SP1,lal-bil-rso-2026-02-01,2026-02-01T20:00:00+00:00,H,1,0.44,0.4175,0.4272,0.4222,nan,0.4251,0,922347
SP1,lal-bil-rso-2026-02-01,2026-02-01T20:00:00+00:00,H,6,0.44,0.4175,0.4272,0.4222,nan,0.4251,0,922347
SP1,lal-bil-rso-2026-02-01,2026-02-01T20:00:00+00:00,H,24,0.44,0.4175,0.4272,0.4222,nan,0.4251,0,922347
SP1,lal-bil-rso-2026-02-01,2026-02-01T20:00:00+00:00,D,1,0.3,0.3017,0.3046,0.3064,nan,0.3061,1,92963
SP1,lal-bil-rso-2026-02-01,2026-02-01T20:00:00+00:00,D,6,0.32,0.3017,0.3046,0.3064,nan,0.3061,1,92963
SP1,lal-bil-rso-2026-02-01,2026-02-01T20:00:00+00:00,D,24,0.31,0.3017,0.3046,0.3064,nan,0.3061,1,92963
SP1,lal-bil-rso-2026-02-01,2026-02-01T20:00:00+00:00,A,1,0.26,0.2808,0.2682,0.2714,nan,0.2688,0,292460
SP1,lal-bil-rso-2026-02-01,2026-02-01T20:00:00+00:00,A,6,0.26,0.2808,0.2682,0.2714,nan,0.2688,0,292460
SP1,lal-bil-rso-2026-02-01,2026-02-01T20:00:00+00:00,A,24,0.27,0.2808,0.2682,0.2714,nan,0.2688,0,292460
SP1,lal-get-cel-2026-02-01,2026-02-01T17:30:00+00:00,H,1,0.33,0.3321,0.326,0.3341,nan,0.3259,0,779970
SP1,lal-get-cel-2026-02-01,2026-02-01T17:30:00+00:00,H,6,0.31,0.3321,0.326,0.3341,nan,0.3259,0,779970
SP1,lal-get-cel-2026-02-01,2026-02-01T17:30:00+00:00,H,24,0.34,0.3321,0.326,0.3341,nan,0.3259,0,779970
SP1,lal-get-cel-2026-02-01,2026-02-01T17:30:00+00:00,D,1,0.35,0.3286,0.3364,0.3318,nan,0.3428,1,115991
SP1,lal-get-cel-2026-02-01,2026-02-01T17:30:00+00:00,D,6,0.35,0.3286,0.3364,0.3318,nan,0.3428,1,115991
SP1,lal-get-cel-2026-02-01,2026-02-01T17:30:00+00:00,D,24,0.33,0.3286,0.3364,0.3318,nan,0.3428,1,115991
SP1,lal-get-cel-2026-02-01,2026-02-01T17:30:00+00:00,A,1,0.34,0.3393,0.3376,0.3341,nan,0.3313,0,828272
SP1,lal-get-cel-2026-02-01,2026-02-01T17:30:00+00:00,A,6,0.34,0.3393,0.3376,0.3341,nan,0.3313,0,828272
SP1,lal-get-cel-2026-02-01,2026-02-01T17:30:00+00:00,A,24,0.34,0.3393,0.3376,0.3341,nan,0.3313,0,828272
SP1,lal-mal-sev-2026-02-02,2026-02-02T20:00:00+00:00,H,1,0.36,0.3922,0.3554,0.3524,nan,0.3579,1,294407
SP1,lal-mal-sev-2026-02-02,2026-02-02T20:00:00+00:00,H,6,0.36,0.3922,0.3554,0.3524,nan,0.3579,1,294407
SP1,lal-mal-sev-2026-02-02,2026-02-02T20:00:00+00:00,H,24,0.37,0.3922,0.3554,0.3524,nan,0.3579,1,294407
SP1,lal-mal-sev-2026-02-02,2026-02-02T20:00:00+00:00,D,1,0.32,0.3004,0.3129,0.3172,nan,0.3159,0,62897
SP1,lal-mal-sev-2026-02-02,2026-02-02T20:00:00+00:00,D,6,0.31,0.3004,0.3129,0.3172,nan,0.3159,0,62897
SP1,lal-mal-sev-2026-02-02,2026-02-02T20:00:00+00:00,D,24,0.31,0.3004,0.3129,0.3172,nan,0.3159,0,62897
SP1,lal-mal-sev-2026-02-02,2026-02-02T20:00:00+00:00,A,1,0.32,0.3073,0.3317,0.3304,nan,0.3262,0,145624
SP1,lal-mal-sev-2026-02-02,2026-02-02T20:00:00+00:00,A,6,0.33,0.3073,0.3317,0.3304,nan,0.3262,0,145624
SP1,lal-mal-sev-2026-02-02,2026-02-02T20:00:00+00:00,A,24,0.31,0.3073,0.3317,0.3304,nan,0.3262,0,145624
SP1,lal-cel-osa-2026-02-06,2026-02-06T20:00:00+00:00,H,1,0.49,0.479,0.4604,0.4537,nan,0.4611,0,588518
SP1,lal-cel-osa-2026-02-06,2026-02-06T20:00:00+00:00,H,6,0.49,0.479,0.4604,0.4537,nan,0.4611,0,588518
SP1,lal-cel-osa-2026-02-06,2026-02-06T20:00:00+00:00,H,24,0.48,0.479,0.4604,0.4537,nan,0.4611,0,588518
SP1,lal-cel-osa-2026-02-06,2026-02-06T20:00:00+00:00,D,1,0.28,0.2886,0.2913,0.2887,nan,0.3018,0,103600
SP1,lal-cel-osa-2026-02-06,2026-02-06T20:00:00+00:00,D,6,0.29,0.2886,0.2913,0.2887,nan,0.3018,0,103600
SP1,lal-cel-osa-2026-02-06,2026-02-06T20:00:00+00:00,D,24,0.29,0.2886,0.2913,0.2887,nan,0.3018,0,103600
SP1,lal-cel-osa-2026-02-06,2026-02-06T20:00:00+00:00,A,1,0.23,0.2324,0.2484,0.2575,nan,0.2371,1,162893
SP1,lal-cel-osa-2026-02-06,2026-02-06T20:00:00+00:00,A,6,0.23,0.2324,0.2484,0.2575,nan,0.2371,1,162893
SP1,lal-cel-osa-2026-02-06,2026-02-06T20:00:00+00:00,A,24,0.22,0.2324,0.2484,0.2575,nan,0.2371,1,162893
SP1,lal-bar-mal-2026-02-07,2026-02-07T15:15:00+00:00,H,1,0.86,0.8218,0.8263,0.8185,nan,0.8507,1,946163
SP1,lal-bar-mal-2026-02-07,2026-02-07T15:15:00+00:00,H,6,0.86,0.8218,0.8263,0.8185,nan,0.8507,1,946163
SP1,lal-bar-mal-2026-02-07,2026-02-07T15:15:00+00:00,H,24,0.86,0.8218,0.8263,0.8185,nan,0.8507,1,946163
SP1,lal-bar-mal-2026-02-07,2026-02-07T15:15:00+00:00,D,1,0.1,0.1139,0.1121,0.1098,nan,0.0995,0,41305
SP1,lal-bar-mal-2026-02-07,2026-02-07T15:15:00+00:00,D,6,0.1,0.1139,0.1121,0.1098,nan,0.0995,0,41305
SP1,lal-bar-mal-2026-02-07,2026-02-07T15:15:00+00:00,D,24,0.1,0.1139,0.1121,0.1098,nan,0.0995,0,41305
SP1,lal-bar-mal-2026-02-07,2026-02-07T15:15:00+00:00,A,1,0.05,0.0643,0.0615,0.0718,nan,0.0498,0,215049
SP1,lal-bar-mal-2026-02-07,2026-02-07T15:15:00+00:00,A,6,0.05,0.0643,0.0615,0.0718,nan,0.0498,0,215049
SP1,lal-bar-mal-2026-02-07,2026-02-07T15:15:00+00:00,A,24,0.06,0.0643,0.0615,0.0718,nan,0.0498,0,215049
SP1,lal-sev-gir-2026-02-07,2026-02-07T17:30:00+00:00,H,1,0.47,0.4498,0.4673,0.4713,nan,0.4777,0,316392
SP1,lal-sev-gir-2026-02-07,2026-02-07T17:30:00+00:00,H,6,0.4612,0.4498,0.4673,0.4713,nan,0.4777,0,316392
SP1,lal-sev-gir-2026-02-07,2026-02-07T17:30:00+00:00,H,24,0.45,0.4498,0.4673,0.4713,nan,0.4777,0,316392
SP1,lal-sev-gir-2026-02-07,2026-02-07T17:30:00+00:00,D,1,0.28,0.2823,0.2776,0.2773,nan,0.2799,1,50479
SP1,lal-sev-gir-2026-02-07,2026-02-07T17:30:00+00:00,D,6,0.28,0.2823,0.2776,0.2773,nan,0.2799,1,50479
SP1,lal-sev-gir-2026-02-07,2026-02-07T17:30:00+00:00,D,24,0.29,0.2823,0.2776,0.2773,nan,0.2799,1,50479
SP1,lal-sev-gir-2026-02-07,2026-02-07T17:30:00+00:00,A,1,0.25,0.2678,0.2551,0.2514,nan,0.2424,0,96840
SP1,lal-sev-gir-2026-02-07,2026-02-07T17:30:00+00:00,A,6,0.27,0.2678,0.2551,0.2514,nan,0.2424,0,96840
SP1,lal-sev-gir-2026-02-07,2026-02-07T17:30:00+00:00,A,24,0.27,0.2678,0.2551,0.2514,nan,0.2424,0,96840
SP1,lal-rso-elc-2026-02-07,2026-02-07T20:00:00+00:00,H,1,0.58,0.5752,0.582,0.5772,nan,0.5918,1,435767
SP1,lal-rso-elc-2026-02-07,2026-02-07T20:00:00+00:00,H,6,0.59,0.5752,0.582,0.5772,nan,0.5918,1,435767
SP1,lal-rso-elc-2026-02-07,2026-02-07T20:00:00+00:00,H,24,0.59,0.5752,0.582,0.5772,nan,0.5918,1,435767
SP1,lal-rso-elc-2026-02-07,2026-02-07T20:00:00+00:00,D,1,0.24,0.2376,0.2345,0.2323,nan,0.2425,0,27486
SP1,lal-rso-elc-2026-02-07,2026-02-07T20:00:00+00:00,D,6,0.23,0.2376,0.2345,0.2323,nan,0.2425,0,27486
SP1,lal-rso-elc-2026-02-07,2026-02-07T20:00:00+00:00,D,24,0.24,0.2376,0.2345,0.2323,nan,0.2425,0,27486
SP1,lal-rso-elc-2026-02-07,2026-02-07T20:00:00+00:00,A,1,0.17,0.1872,0.1834,0.1905,nan,0.1657,0,55131
SP1,lal-rso-elc-2026-02-07,2026-02-07T20:00:00+00:00,A,6,0.17,0.1872,0.1834,0.1905,nan,0.1657,0,55131
SP1,lal-rso-elc-2026-02-07,2026-02-07T20:00:00+00:00,A,24,0.18,0.1872,0.1834,0.1905,nan,0.1657,0,55131
SP1,lal-ala-get-2026-02-08,2026-02-08T13:00:00+00:00,H,1,0.42,0.4081,0.3967,0.3882,nan,0.3988,0,275274
SP1,lal-ala-get-2026-02-08,2026-02-08T13:00:00+00:00,H,6,0.41,0.4081,0.3967,0.3882,nan,0.3988,0,275274
SP1,lal-ala-get-2026-02-08,2026-02-08T13:00:00+00:00,H,24,0.4,0.4081,0.3967,0.3882,nan,0.3988,0,275274
SP1,lal-ala-get-2026-02-08,2026-02-08T13:00:00+00:00,D,1,0.36,0.3376,0.3536,0.3616,nan,0.3639,0,39143
SP1,lal-ala-get-2026-02-08,2026-02-08T13:00:00+00:00,D,6,0.36,0.3376,0.3536,0.3616,nan,0.3639,0,39143
SP1,lal-ala-get-2026-02-08,2026-02-08T13:00:00+00:00,D,24,0.35,0.3376,0.3536,0.3616,nan,0.3639,0,39143
SP1,lal-ala-get-2026-02-08,2026-02-08T13:00:00+00:00,A,1,0.22,0.2543,0.2498,0.2503,nan,0.2374,1,108123
SP1,lal-ala-get-2026-02-08,2026-02-08T13:00:00+00:00,A,6,0.24,0.2543,0.2498,0.2503,nan,0.2374,1,108123
SP1,lal-ala-get-2026-02-08,2026-02-08T13:00:00+00:00,A,24,0.25,0.2543,0.2498,0.2503,nan,0.2374,1,108123
SP1,lal-bil-lev-2026-02-08,2026-02-08T15:15:00+00:00,H,1,0.61,0.583,0.5859,0.5959,nan,0.5958,1,259766
SP1,lal-bil-lev-2026-02-08,2026-02-08T15:15:00+00:00,H,6,0.6,0.583,0.5859,0.5959,nan,0.5958,1,259766
SP1,lal-bil-lev-2026-02-08,2026-02-08T15:15:00+00:00,H,24,0.6,0.583,0.5859,0.5959,nan,0.5958,1,259766
SP1,lal-bil-lev-2026-02-08,2026-02-08T15:15:00+00:00,D,1,0.25,0.247,0.2438,0.2383,nan,0.2487,0,26359
SP1,lal-bil-lev-2026-02-08,2026-02-08T15:15:00+00:00,D,6,0.25,0.247,0.2438,0.2383,nan,0.2487,0,26359
SP1,lal-bil-lev-2026-02-08,2026-02-08T15:15:00+00:00,D,24,0.25,0.247,0.2438,0.2383,nan,0.2487,0,26359
SP1,lal-bil-lev-2026-02-08,2026-02-08T15:15:00+00:00,A,1,0.16,0.17,0.1703,0.1658,nan,0.1555,0,60480
SP1,lal-bil-lev-2026-02-08,2026-02-08T15:15:00+00:00,A,6,0.17,0.17,0.1703,0.1658,nan,0.1555,0,60480
SP1,lal-bil-lev-2026-02-08,2026-02-08T15:15:00+00:00,A,24,0.17,0.17,0.1703,0.1658,nan,0.1555,0,60480
SP1,lal-mad-bet-2026-02-08,2026-02-08T17:30:00+00:00,H,1,0.67,0.6378,0.6496,0.6374,nan,0.667,0,3484257
SP1,lal-mad-bet-2026-02-08,2026-02-08T17:30:00+00:00,H,6,0.67,0.6378,0.6496,0.6374,nan,0.667,0,3484257
SP1,lal-mad-bet-2026-02-08,2026-02-08T17:30:00+00:00,H,24,0.68,0.6378,0.6496,0.6374,nan,0.667,0,3484257
SP1,lal-mad-bet-2026-02-08,2026-02-08T17:30:00+00:00,D,1,0.2,0.2097,0.2021,0.1986,nan,0.1988,0,139296
SP1,lal-mad-bet-2026-02-08,2026-02-08T17:30:00+00:00,D,6,0.2,0.2097,0.2021,0.1986,nan,0.1988,0,139296
SP1,lal-mad-bet-2026-02-08,2026-02-08T17:30:00+00:00,D,24,0.2,0.2097,0.2021,0.1986,nan,0.1988,0,139296
SP1,lal-mad-bet-2026-02-08,2026-02-08T17:30:00+00:00,A,1,0.12,0.1525,0.1483,0.1641,nan,0.1343,1,259066
SP1,lal-mad-bet-2026-02-08,2026-02-08T17:30:00+00:00,A,6,0.1333,0.1525,0.1483,0.1641,nan,0.1343,1,259066
SP1,lal-mad-bet-2026-02-08,2026-02-08T17:30:00+00:00,A,24,0.14,0.1525,0.1483,0.1641,nan,0.1343,1,259066
SP1,lal-val-rea-2026-02-08,2026-02-08T20:00:00+00:00,H,1,0.18,0.168,0.1882,0.1996,nan,0.1771,0,230802
SP1,lal-val-rea-2026-02-08,2026-02-08T20:00:00+00:00,H,6,0.16,0.168,0.1882,0.1996,nan,0.1771,0,230802
SP1,lal-val-rea-2026-02-08,2026-02-08T20:00:00+00:00,H,24,0.1775,0.168,0.1882,0.1996,nan,0.1771,0,230802
SP1,lal-val-rea-2026-02-08,2026-02-08T20:00:00+00:00,D,1,0.22,0.2101,0.2299,0.2258,nan,0.2254,0,157790
SP1,lal-val-rea-2026-02-08,2026-02-08T20:00:00+00:00,D,6,0.22,0.2101,0.2299,0.2258,nan,0.2254,0,157790
SP1,lal-val-rea-2026-02-08,2026-02-08T20:00:00+00:00,D,24,0.22,0.2101,0.2299,0.2258,nan,0.2254,0,157790
SP1,lal-val-rea-2026-02-08,2026-02-08T20:00:00+00:00,A,1,0.61,0.6219,0.5819,0.5746,nan,0.5975,1,1858166
SP1,lal-val-rea-2026-02-08,2026-02-08T20:00:00+00:00,A,6,0.62,0.6219,0.5819,0.5746,nan,0.5975,1,1858166
SP1,lal-val-rea-2026-02-08,2026-02-08T20:00:00+00:00,A,24,0.61,0.6219,0.5819,0.5746,nan,0.5975,1,1858166
SP1,lal-vil-esp-2026-02-09,2026-02-09T20:00:00+00:00,H,1,0.58,0.5595,0.5588,0.5504,nan,0.5671,1,730299
SP1,lal-vil-esp-2026-02-09,2026-02-09T20:00:00+00:00,H,6,0.57,0.5595,0.5588,0.5504,nan,0.5671,1,730299
SP1,lal-vil-esp-2026-02-09,2026-02-09T20:00:00+00:00,H,24,0.58,0.5595,0.5588,0.5504,nan,0.5671,1,730299
SP1,lal-vil-esp-2026-02-09,2026-02-09T20:00:00+00:00,D,1,0.24,0.2342,0.2415,0.238,nan,0.2421,0,87780
SP1,lal-vil-esp-2026-02-09,2026-02-09T20:00:00+00:00,D,6,0.25,0.2342,0.2415,0.238,nan,0.2421,0,87780
SP1,lal-vil-esp-2026-02-09,2026-02-09T20:00:00+00:00,D,24,0.23,0.2342,0.2415,0.238,nan,0.2421,0,87780
SP1,lal-vil-esp-2026-02-09,2026-02-09T20:00:00+00:00,A,1,0.19,0.2063,0.1997,0.2116,nan,0.1908,0,110949
SP1,lal-vil-esp-2026-02-09,2026-02-09T20:00:00+00:00,A,6,0.2,0.2063,0.1997,0.2116,nan,0.1908,0,110949
SP1,lal-vil-esp-2026-02-09,2026-02-09T20:00:00+00:00,A,24,0.21,0.2063,0.1997,0.2116,nan,0.1908,0,110949
SP1,lal-elc-osa-2026-02-13,2026-02-13T20:00:00+00:00,H,1,0.33,0.3401,0.3273,0.3309,nan,0.321,0,191507
SP1,lal-elc-osa-2026-02-13,2026-02-13T20:00:00+00:00,H,6,0.34,0.3401,0.3273,0.3309,nan,0.321,0,191507
SP1,lal-elc-osa-2026-02-13,2026-02-13T20:00:00+00:00,H,24,0.35,0.3401,0.3273,0.3309,nan,0.321,0,191507
SP1,lal-elc-osa-2026-02-13,2026-02-13T20:00:00+00:00,D,1,0.31,0.303,0.3002,0.2999,nan,0.3159,1,139955
SP1,lal-elc-osa-2026-02-13,2026-02-13T20:00:00+00:00,D,6,0.3,0.303,0.3002,0.2999,nan,0.3159,1,139955
SP1,lal-elc-osa-2026-02-13,2026-02-13T20:00:00+00:00,D,24,0.31,0.303,0.3002,0.2999,nan,0.3159,1,139955
SP1,lal-elc-osa-2026-02-13,2026-02-13T20:00:00+00:00,A,1,0.38,0.3569,0.3725,0.3691,nan,0.3631,0,457663
SP1,lal-elc-osa-2026-02-13,2026-02-13T20:00:00+00:00,A,6,0.36,0.3569,0.3725,0.3691,nan,0.3631,0,457663
SP1,lal-elc-osa-2026-02-13,2026-02-13T20:00:00+00:00,A,24,0.37,0.3569,0.3725,0.3691,nan,0.3631,0,457663
SP1,lal-esp-cel-2026-02-14,2026-02-14T13:00:00+00:00,H,1,0.37,0.3885,0.3647,0.3587,nan,0.3577,0,264763
SP1,lal-esp-cel-2026-02-14,2026-02-14T13:00:00+00:00,H,6,0.4,0.3885,0.3647,0.3587,nan,0.3577,0,264763
SP1,lal-esp-cel-2026-02-14,2026-02-14T13:00:00+00:00,H,24,0.38,0.3885,0.3647,0.3587,nan,0.3577,0,264763
SP1,lal-esp-cel-2026-02-14,2026-02-14T13:00:00+00:00,D,1,0.32,0.2963,0.3085,0.3043,nan,0.3108,1,148034
SP1,lal-esp-cel-2026-02-14,2026-02-14T13:00:00+00:00,D,6,0.31,0.2963,0.3085,0.3043,nan,0.3108,1,148034
SP1,lal-esp-cel-2026-02-14,2026-02-14T13:00:00+00:00,D,24,0.3,0.2963,0.3085,0.3043,nan,0.3108,1,148034
SP1,lal-esp-cel-2026-02-14,2026-02-14T13:00:00+00:00,A,1,0.31,0.3152,0.3267,0.3369,nan,0.3315,0,368606
SP1,lal-esp-cel-2026-02-14,2026-02-14T13:00:00+00:00,A,6,0.31,0.3152,0.3267,0.3369,nan,0.3315,0,368606
SP1,lal-esp-cel-2026-02-14,2026-02-14T13:00:00+00:00,A,24,0.32,0.3152,0.3267,0.3369,nan,0.3315,0,368606
SP1,lal-ray-mad-2026-02-14,2026-02-14T15:15:00+00:00,H,1,0.21,0.2277,0.2072,0.2105,nan,0.1955,1,362880
SP1,lal-ray-mad-2026-02-14,2026-02-14T15:15:00+00:00,H,6,0.21,0.2277,0.2072,0.2105,nan,0.1955,1,362880
SP1,lal-ray-mad-2026-02-14,2026-02-14T15:15:00+00:00,H,24,0.2,0.2277,0.2072,0.2105,nan,0.1955,1,362880
SP1,lal-ray-mad-2026-02-14,2026-02-14T15:15:00+00:00,D,1,0.27,0.2705,0.2633,0.2632,nan,0.2624,0,191169
SP1,lal-ray-mad-2026-02-14,2026-02-14T15:15:00+00:00,D,6,0.25,0.2705,0.2633,0.2632,nan,0.2624,0,191169
SP1,lal-ray-mad-2026-02-14,2026-02-14T15:15:00+00:00,D,24,0.26,0.2705,0.2633,0.2632,nan,0.2624,0,191169
SP1,lal-ray-mad-2026-02-14,2026-02-14T15:15:00+00:00,A,1,0.53,0.5018,0.5295,0.5263,nan,0.542,0,5437076
SP1,lal-ray-mad-2026-02-14,2026-02-14T15:15:00+00:00,A,6,0.55,0.5018,0.5295,0.5263,nan,0.542,0,5437076
SP1,lal-ray-mad-2026-02-14,2026-02-14T15:15:00+00:00,A,24,0.54,0.5018,0.5295,0.5263,nan,0.542,0,5437076
SP1,lal-sev-ala-2026-02-14,2026-02-14T17:30:00+00:00,H,1,0.45,0.4478,0.4496,0.4414,nan,0.4479,0,265580
SP1,lal-sev-ala-2026-02-14,2026-02-14T17:30:00+00:00,H,6,0.47,0.4478,0.4496,0.4414,nan,0.4479,0,265580
SP1,lal-sev-ala-2026-02-14,2026-02-14T17:30:00+00:00,H,24,0.45,0.4478,0.4496,0.4414,nan,0.4479,0,265580
SP1,lal-sev-ala-2026-02-14,2026-02-14T17:30:00+00:00,D,1,0.31,0.3,0.3096,0.3272,nan,0.3208,1,81453
SP1,lal-sev-ala-2026-02-14,2026-02-14T17:30:00+00:00,D,6,0.31,0.3,0.3096,0.3272,nan,0.3208,1,81453
SP1,lal-sev-ala-2026-02-14,2026-02-14T17:30:00+00:00,D,24,0.3,0.3,0.3096,0.3272,nan,0.3208,1,81453
SP1,lal-sev-ala-2026-02-14,2026-02-14T17:30:00+00:00,A,1,0.24,0.2523,0.2409,0.2314,nan,0.2313,0,156383
SP1,lal-sev-ala-2026-02-14,2026-02-14T17:30:00+00:00,A,6,0.23,0.2523,0.2409,0.2314,nan,0.2313,0,156383
SP1,lal-sev-ala-2026-02-14,2026-02-14T17:30:00+00:00,A,24,0.24,0.2523,0.2409,0.2314,nan,0.2313,0,156383
SP1,lal-rea-rso-2026-02-14,2026-02-14T20:00:00+00:00,H,1,0.71,0.6989,0.69,0.669,nan,0.7007,1,2095628
SP1,lal-rea-rso-2026-02-14,2026-02-14T20:00:00+00:00,H,6,0.74,0.6989,0.69,0.669,nan,0.7007,1,2095628
SP1,lal-rea-rso-2026-02-14,2026-02-14T20:00:00+00:00,H,24,0.7,0.6989,0.69,0.669,nan,0.7007,1,2095628
SP1,lal-rea-rso-2026-02-14,2026-02-14T20:00:00+00:00,D,1,0.18,0.1777,0.1861,0.1972,nan,0.1809,0,758463
SP1,lal-rea-rso-2026-02-14,2026-02-14T20:00:00+00:00,D,6,0.16,0.1777,0.1861,0.1972,nan,0.1809,0,758463
SP1,lal-rea-rso-2026-02-14,2026-02-14T20:00:00+00:00,D,24,0.18,0.1777,0.1861,0.1972,nan,0.1809,0,758463
SP1,lal-rea-rso-2026-02-14,2026-02-14T20:00:00+00:00,A,1,0.12,0.1234,0.1239,0.1338,nan,0.1184,0,524251
SP1,lal-rea-rso-2026-02-14,2026-02-14T20:00:00+00:00,A,6,0.1,0.1234,0.1239,0.1338,nan,0.1184,0,524251
SP1,lal-rea-rso-2026-02-14,2026-02-14T20:00:00+00:00,A,24,0.114,0.1234,0.1239,0.1338,nan,0.1184,0,524251
SP1,lal-ovi-bil-2026-02-15,2026-02-15T13:00:00+00:00,H,1,0.27,0.2639,0.2878,0.287,nan,0.2847,0,1623098
SP1,lal-ovi-bil-2026-02-15,2026-02-15T13:00:00+00:00,H,6,0.25,0.2639,0.2878,0.287,nan,0.2847,0,1623098
SP1,lal-ovi-bil-2026-02-15,2026-02-15T13:00:00+00:00,H,24,0.25,0.2639,0.2878,0.287,nan,0.2847,0,1623098
SP1,lal-ovi-bil-2026-02-15,2026-02-15T13:00:00+00:00,D,1,0.31,0.3023,0.3222,0.3265,nan,0.3321,0,249445
SP1,lal-ovi-bil-2026-02-15,2026-02-15T13:00:00+00:00,D,6,0.31,0.3023,0.3222,0.3265,nan,0.3321,0,249445
SP1,lal-ovi-bil-2026-02-15,2026-02-15T13:00:00+00:00,D,24,0.31,0.3023,0.3222,0.3265,nan,0.3321,0,249445
SP1,lal-ovi-bil-2026-02-15,2026-02-15T13:00:00+00:00,A,1,0.42,0.4338,0.3901,0.3865,nan,0.3832,1,4620736
SP1,lal-ovi-bil-2026-02-15,2026-02-15T13:00:00+00:00,A,6,0.4514,0.4338,0.3901,0.3865,nan,0.3832,1,4620736
SP1,lal-ovi-bil-2026-02-15,2026-02-15T13:00:00+00:00,A,24,0.45,0.4338,0.3901,0.3865,nan,0.3832,1,4620736
SP1,lal-get-vil-2026-02-15,2026-02-15T15:15:00+00:00,H,1,0.999,0.2898,0.3084,0.3043,nan,0.3067,1,293176
SP1,lal-get-vil-2026-02-15,2026-02-15T15:15:00+00:00,H,6,0.999,0.2898,0.3084,0.3043,nan,0.3067,1,293176
SP1,lal-get-vil-2026-02-15,2026-02-15T15:15:00+00:00,H,24,0.3,0.2898,0.3084,0.3043,nan,0.3067,1,293176
SP1,lal-get-vil-2026-02-15,2026-02-15T15:15:00+00:00,D,1,0.001,0.3049,0.3312,0.3369,nan,0.3268,0,170420
SP1,lal-get-vil-2026-02-15,2026-02-15T15:15:00+00:00,D,6,0.001,0.3049,0.3312,0.3369,nan,0.3268,0,170420
SP1,lal-get-vil-2026-02-15,2026-02-15T15:15:00+00:00,D,24,0.33,0.3049,0.3312,0.3369,nan,0.3268,0,170420
SP1,lal-get-vil-2026-02-15,2026-02-15T15:15:00+00:00,A,1,0.001,0.4052,0.3604,0.3587,nan,0.3665,0,151287
SP1,lal-get-vil-2026-02-15,2026-02-15T15:15:00+00:00,A,6,0.001,0.4052,0.3604,0.3587,nan,0.3665,0,151287
SP1,lal-get-vil-2026-02-15,2026-02-15T15:15:00+00:00,A,24,0.37,0.4052,0.3604,0.3587,nan,0.3665,0,151287
SP1,lal-mal-bet-2026-02-15,2026-02-15T20:00:00+00:00,H,1,0.31,0.3196,0.3143,0.3301,nan,0.3147,0,221310
SP1,lal-mal-bet-2026-02-15,2026-02-15T20:00:00+00:00,H,6,0.33,0.3196,0.3143,0.3301,nan,0.3147,0,221310
SP1,lal-mal-bet-2026-02-15,2026-02-15T20:00:00+00:00,H,24,0.33,0.3196,0.3143,0.3301,nan,0.3147,0,221310
SP1,lal-mal-bet-2026-02-15,2026-02-15T20:00:00+00:00,D,1,0.29,0.2918,0.2993,0.2971,nan,0.3098,0,141644
SP1,lal-mal-bet-2026-02-15,2026-02-15T20:00:00+00:00,D,6,0.31,0.2918,0.2993,0.2971,nan,0.3098,0,141644
SP1,lal-mal-bet-2026-02-15,2026-02-15T20:00:00+00:00,D,24,0.31,0.2918,0.2993,0.2971,nan,0.3098,0,141644
SP1,lal-mal-bet-2026-02-15,2026-02-15T20:00:00+00:00,A,1,0.39,0.3886,0.3864,0.3728,nan,0.3755,1,2600299
SP1,lal-mal-bet-2026-02-15,2026-02-15T20:00:00+00:00,A,6,0.38,0.3886,0.3864,0.3728,nan,0.3755,1,2600299
SP1,lal-mal-bet-2026-02-15,2026-02-15T20:00:00+00:00,A,24,0.38,0.3886,0.3864,0.3728,nan,0.3755,1,2600299
SP1,lal-gir-bar-2026-02-16,2026-02-16T20:00:00+00:00,H,1,0.11,0.1425,0.1208,0.1259,nan,0.1131,1,781196
SP1,lal-gir-bar-2026-02-16,2026-02-16T20:00:00+00:00,H,6,0.12,0.1425,0.1208,0.1259,nan,0.1131,1,781196
SP1,lal-gir-bar-2026-02-16,2026-02-16T20:00:00+00:00,H,24,0.13,0.1425,0.1208,0.1259,nan,0.1131,1,781196
SP1,lal-gir-bar-2026-02-16,2026-02-16T20:00:00+00:00,D,1,0.16,0.1743,0.1663,0.1642,nan,0.1605,0,186100
SP1,lal-gir-bar-2026-02-16,2026-02-16T20:00:00+00:00,D,6,0.17,0.1743,0.1663,0.1642,nan,0.1605,0,186100
SP1,lal-gir-bar-2026-02-16,2026-02-16T20:00:00+00:00,D,24,0.16,0.1743,0.1663,0.1642,nan,0.1605,0,186100
SP1,lal-gir-bar-2026-02-16,2026-02-16T20:00:00+00:00,A,1,0.73,0.6832,0.7129,0.7099,nan,0.7264,0,4132386
SP1,lal-gir-bar-2026-02-16,2026-02-16T20:00:00+00:00,A,6,0.73,0.6832,0.7129,0.7099,nan,0.7264,0,4132386
SP1,lal-gir-bar-2026-02-16,2026-02-16T20:00:00+00:00,A,24,0.72,0.6832,0.7129,0.7099,nan,0.7264,0,4132386
SP1,lal-lev-val-2026-02-15,2026-02-15T17:30:00+00:00,H,1,0.35,0.3474,0.3505,0.3516,nan,0.3528,0,153234
SP1,lal-lev-val-2026-02-15,2026-02-15T17:30:00+00:00,H,6,0.36,0.3474,0.3505,0.3516,nan,0.3528,0,153234
SP1,lal-lev-val-2026-02-15,2026-02-15T17:30:00+00:00,H,24,0.36,0.3474,0.3505,0.3516,nan,0.3528,0,153234
SP1,lal-lev-val-2026-02-15,2026-02-15T17:30:00+00:00,D,1,0.31,0.2875,0.3003,0.2967,nan,0.297,0,75839
SP1,lal-lev-val-2026-02-15,2026-02-15T17:30:00+00:00,D,6,0.31,0.2875,0.3003,0.2967,nan,0.297,0,75839
SP1,lal-lev-val-2026-02-15,2026-02-15T17:30:00+00:00,D,24,0.28,0.2875,0.3003,0.2967,nan,0.297,0,75839
SP1,lal-lev-val-2026-02-15,2026-02-15T17:30:00+00:00,A,1,0.35,0.365,0.3492,0.3516,nan,0.3503,1,176793
SP1,lal-lev-val-2026-02-15,2026-02-15T17:30:00+00:00,A,6,0.33,0.365,0.3492,0.3516,nan,0.3503,1,176793
SP1,lal-lev-val-2026-02-15,2026-02-15T17:30:00+00:00,A,24,0.36,0.365,0.3492,0.3516,nan,0.3503,1,176793
SP1,lal-bil-elc-2026-02-20,2026-02-20T20:00:00+00:00,H,1,0.58,0.5671,0.5549,0.5595,nan,0.5632,1,2174888
SP1,lal-bil-elc-2026-02-20,2026-02-20T20:00:00+00:00,H,6,0.58,0.5671,0.5549,0.5595,nan,0.5632,1,2174888
SP1,lal-bil-elc-2026-02-20,2026-02-20T20:00:00+00:00,H,24,0.57,0.5671,0.5549,0.5595,nan,0.5632,1,2174888
SP1,lal-bil-elc-2026-02-20,2026-02-20T20:00:00+00:00,D,1,0.25,0.2458,0.2549,0.2503,nan,0.2556,0,156329
SP1,lal-bil-elc-2026-02-20,2026-02-20T20:00:00+00:00,D,6,0.24,0.2458,0.2549,0.2503,nan,0.2556,0,156329
SP1,lal-bil-elc-2026-02-20,2026-02-20T20:00:00+00:00,D,24,0.25,0.2458,0.2549,0.2503,nan,0.2556,0,156329
SP1,lal-bil-elc-2026-02-20,2026-02-20T20:00:00+00:00,A,1,0.18,0.1871,0.1902,0.1902,nan,0.1812,0,202236
SP1,lal-bil-elc-2026-02-20,2026-02-20T20:00:00+00:00,A,6,0.18,0.1871,0.1902,0.1902,nan,0.1812,0,202236
SP1,lal-bil-elc-2026-02-20,2026-02-20T20:00:00+00:00,A,24,0.17,0.1871,0.1902,0.1902,nan,0.1812,0,202236
SP1,lal-rso-ovi-2026-02-21,2026-02-21T13:00:00+00:00,H,1,0.62,0.6436,0.6161,0.5951,nan,0.6202,0,994602
SP1,lal-rso-ovi-2026-02-21,2026-02-21T13:00:00+00:00,H,6,0.65,0.6436,0.6161,0.5951,nan,0.6202,0,994602
SP1,lal-rso-ovi-2026-02-21,2026-02-21T13:00:00+00:00,H,24,0.66,0.6436,0.6161,0.5951,nan,0.6202,0,994602
SP1,lal-rso-ovi-2026-02-21,2026-02-21T13:00:00+00:00,D,1,0.24,0.2314,0.2417,0.2492,nan,0.242,1,137463
SP1,lal-rso-ovi-2026-02-21,2026-02-21T13:00:00+00:00,D,6,0.24,0.2314,0.2417,0.2492,nan,0.242,1,137463
SP1,lal-rso-ovi-2026-02-21,2026-02-21T13:00:00+00:00,D,24,0.23,0.2314,0.2417,0.2492,nan,0.242,1,137463
SP1,lal-rso-ovi-2026-02-21,2026-02-21T13:00:00+00:00,A,1,0.13,0.125,0.1422,0.1557,nan,0.1378,0,274969
SP1,lal-rso-ovi-2026-02-21,2026-02-21T13:00:00+00:00,A,6,0.13,0.125,0.1422,0.1557,nan,0.1378,0,274969
SP1,lal-rso-ovi-2026-02-21,2026-02-21T13:00:00+00:00,A,24,0.12,0.125,0.1422,0.1557,nan,0.1378,0,274969
SP1,lal-bet-ray-2026-02-21,2026-02-21T15:15:00+00:00,H,1,0.51,0.5016,0.4941,0.4951,nan,0.4975,0,625598
SP1,lal-bet-ray-2026-02-21,2026-02-21T15:15:00+00:00,H,6,0.5,0.5016,0.4941,0.4951,nan,0.4975,0,625598
SP1,lal-bet-ray-2026-02-21,2026-02-21T15:15:00+00:00,H,24,0.51,0.5016,0.4941,0.4951,nan,0.4975,0,625598
SP1,lal-bet-ray-2026-02-21,2026-02-21T15:15:00+00:00,D,1,0.27,0.2733,0.2735,0.2865,nan,0.2764,1,48300
SP1,lal-bet-ray-2026-02-21,2026-02-21T15:15:00+00:00,D,6,0.28,0.2733,0.2735,0.2865,nan,0.2764,1,48300
SP1,lal-bet-ray-2026-02-21,2026-02-21T15:15:00+00:00,D,24,0.28,0.2733,0.2735,0.2865,nan,0.2764,1,48300
SP1,lal-bet-ray-2026-02-21,2026-02-21T15:15:00+00:00,A,1,0.21,0.2251,0.2324,0.2184,nan,0.2261,0,65042
SP1,lal-bet-ray-2026-02-21,2026-02-21T15:15:00+00:00,A,6,0.21,0.2251,0.2324,0.2184,nan,0.2261,0,65042
SP1,lal-bet-ray-2026-02-21,2026-02-21T15:15:00+00:00,A,24,0.21,0.2251,0.2324,0.2184,nan,0.2261,0,65042
SP1,lal-mad-esp-2026-02-21,2026-02-21T20:00:00+00:00,H,1,0.67,0.6411,0.6673,0.6804,nan,0.677,1,7681286
SP1,lal-mad-esp-2026-02-21,2026-02-21T20:00:00+00:00,H,6,0.65,0.6411,0.6673,0.6804,nan,0.677,1,7681286
SP1,lal-mad-esp-2026-02-21,2026-02-21T20:00:00+00:00,H,24,0.66,0.6411,0.6673,0.6804,nan,0.677,1,7681286
SP1,lal-mad-esp-2026-02-21,2026-02-21T20:00:00+00:00,D,1,0.21,0.2217,0.2072,0.2005,nan,0.2073,0,157756
SP1,lal-mad-esp-2026-02-21,2026-02-21T20:00:00+00:00,D,6,0.23,0.2217,0.2072,0.2005,nan,0.2073,0,157756
SP1,lal-mad-esp-2026-02-21,2026-02-21T20:00:00+00:00,D,24,0.22,0.2217,0.2072,0.2005,nan,0.2073,0,157756
SP1,lal-mad-esp-2026-02-21,2026-02-21T20:00:00+00:00,A,1,0.12,0.1372,0.1255,0.1191,nan,0.1157,0,342593
SP1,lal-mad-esp-2026-02-21,2026-02-21T20:00:00+00:00,A,6,0.13,0.1372,0.1255,0.1191,nan,0.1157,0,342593
SP1,lal-mad-esp-2026-02-21,2026-02-21T20:00:00+00:00,A,24,0.13,0.1372,0.1255,0.1191,nan,0.1157,0,342593
SP1,lal-osa-rea-2026-02-21,2026-02-21T17:30:00+00:00,H,1,0.2,0.2019,0.2038,0.2096,nan,0.1909,1,364595
SP1,lal-osa-rea-2026-02-21,2026-02-21T17:30:00+00:00,H,6,0.18,0.2019,0.2038,0.2096,nan,0.1909,1,364595
SP1,lal-osa-rea-2026-02-21,2026-02-21T17:30:00+00:00,H,24,0.18,0.2019,0.2038,0.2096,nan,0.1909,1,364595
SP1,lal-osa-rea-2026-02-21,2026-02-21T17:30:00+00:00,D,1,0.25,0.2369,0.239,0.2357,nan,0.2482,0,211159
SP1,lal-osa-rea-2026-02-21,2026-02-21T17:30:00+00:00,D,6,0.23,0.2369,0.239,0.2357,nan,0.2482,0,211159
SP1,lal-osa-rea-2026-02-21,2026-02-21T17:30:00+00:00,D,24,0.23,0.2369,0.239,0.2357,nan,0.2482,0,211159
SP1,lal-osa-rea-2026-02-21,2026-02-21T17:30:00+00:00,A,1,0.56,0.5612,0.5572,0.5547,nan,0.5609,0,2423283
SP1,lal-osa-rea-2026-02-21,2026-02-21T17:30:00+00:00,A,6,0.59,0.5612,0.5572,0.5547,nan,0.5609,0,2423283
SP1,lal-osa-rea-2026-02-21,2026-02-21T17:30:00+00:00,A,24,0.59,0.5612,0.5572,0.5547,nan,0.5609,0,2423283
SP1,lal-get-sev-2026-02-22,2026-02-22T13:00:00+00:00,H,1,0.41,0.3914,0.4039,0.4041,nan,0.3979,0,5538751
SP1,lal-get-sev-2026-02-22,2026-02-22T13:00:00+00:00,H,6,0.41,0.3914,0.4039,0.4041,nan,0.3979,0,5538751
SP1,lal-get-sev-2026-02-22,2026-02-22T13:00:00+00:00,H,24,0.4,0.3914,0.4039,0.4041,nan,0.3979,0,5538751
SP1,lal-get-sev-2026-02-22,2026-02-22T13:00:00+00:00,D,1,0.34,0.326,0.3361,0.3392,nan,0.3503,0,272152
SP1,lal-get-sev-2026-02-22,2026-02-22T13:00:00+00:00,D,6,0.34,0.326,0.3361,0.3392,nan,0.3503,0,272152
SP1,lal-get-sev-2026-02-22,2026-02-22T13:00:00+00:00,D,24,0.338,0.326,0.3361,0.3392,nan,0.3503,0,272152
SP1,lal-get-sev-2026-02-22,2026-02-22T13:00:00+00:00,A,1,0.26,0.2826,0.26,0.2567,nan,0.2518,1,468944
SP1,lal-get-sev-2026-02-22,2026-02-22T13:00:00+00:00,A,6,0.27,0.2826,0.26,0.2567,nan,0.2518,1,468944
SP1,lal-get-sev-2026-02-22,2026-02-22T13:00:00+00:00,A,24,0.28,0.2826,0.26,0.2567,nan,0.2518,1,468944
SP1,lal-bar-lev-2026-02-22,2026-02-22T15:15:00+00:00,H,1,0.88,0.8526,0.8562,0.8648,nan,0.8841,1,1199262
SP1,lal-bar-lev-2026-02-22,2026-02-22T15:15:00+00:00,H,6,0.89,0.8526,0.8562,0.8648,nan,0.8841,1,1199262
SP1,lal-bar-lev-2026-02-22,2026-02-22T15:15:00+00:00,H,24,0.89,0.8526,0.8562,0.8648,nan,0.8841,1,1199262
SP1,lal-bar-lev-2026-02-22,2026-02-22T15:15:00+00:00,D,1,0.08,0.094,0.0911,0.0793,nan,0.0792,0,155323
SP1,lal-bar-lev-2026-02-22,2026-02-22T15:15:00+00:00,D,6,0.08,0.094,0.0911,0.0793,nan,0.0792,0,155323
SP1,lal-bar-lev-2026-02-22,2026-02-22T15:15:00+00:00,D,24,0.08,0.094,0.0911,0.0793,nan,0.0792,0,155323
SP1,lal-bar-lev-2026-02-22,2026-02-22T15:15:00+00:00,A,1,0.0434,0.0535,0.0528,0.056,nan,0.0367,0,393246
SP1,lal-bar-lev-2026-02-22,2026-02-22T15:15:00+00:00,A,6,0.042,0.0535,0.0528,0.056,nan,0.0367,0,393246
SP1,lal-bar-lev-2026-02-22,2026-02-22T15:15:00+00:00,A,24,0.044,0.0535,0.0528,0.056,nan,0.0367,0,393246
SP1,lal-cel-mal-2026-02-22,2026-02-22T17:30:00+00:00,H,1,0.55,0.5176,0.5297,0.5405,nan,0.5531,1,715768
SP1,lal-cel-mal-2026-02-22,2026-02-22T17:30:00+00:00,H,6,0.52,0.5176,0.5297,0.5405,nan,0.5531,1,715768
SP1,lal-cel-mal-2026-02-22,2026-02-22T17:30:00+00:00,H,24,0.51,0.5176,0.5297,0.5405,nan,0.5531,1,715768
SP1,lal-cel-mal-2026-02-22,2026-02-22T17:30:00+00:00,D,1,0.27,0.2756,0.2709,0.2703,nan,0.2691,0,98688
SP1,lal-cel-mal-2026-02-22,2026-02-22T17:30:00+00:00,D,6,0.28,0.2756,0.2709,0.2703,nan,0.2691,0,98688
SP1,lal-cel-mal-2026-02-22,2026-02-22T17:30:00+00:00,D,24,0.28,0.2756,0.2709,0.2703,nan,0.2691,0,98688
SP1,lal-cel-mal-2026-02-22,2026-02-22T17:30:00+00:00,A,1,0.19,0.2068,0.1993,0.1892,nan,0.1778,0,152945
SP1,lal-cel-mal-2026-02-22,2026-02-22T17:30:00+00:00,A,6,0.21,0.2068,0.1993,0.1892,nan,0.1778,0,152945
SP1,lal-cel-mal-2026-02-22,2026-02-22T17:30:00+00:00,A,24,0.2,0.2068,0.1993,0.1892,nan,0.1778,0,152945
SP1,lal-vil-val-2026-02-22,2026-02-22T20:00:00+00:00,H,1,0.58,0.5544,0.564,0.5653,nan,0.5778,1,776936
SP1,lal-vil-val-2026-02-22,2026-02-22T20:00:00+00:00,H,6,0.57,0.5544,0.564,0.5653,nan,0.5778,1,776936
SP1,lal-vil-val-2026-02-22,2026-02-22T20:00:00+00:00,H,24,0.57,0.5544,0.564,0.5653,nan,0.5778,1,776936
SP1,lal-vil-val-2026-02-22,2026-02-22T20:00:00+00:00,D,1,0.25,0.2427,0.2434,0.236,nan,0.2499,0,141447
SP1,lal-vil-val-2026-02-22,2026-02-22T20:00:00+00:00,D,6,0.25,0.2427,0.2434,0.236,nan,0.2499,0,141447
SP1,lal-vil-val-2026-02-22,2026-02-22T20:00:00+00:00,D,24,0.25,0.2427,0.2434,0.236,nan,0.2499,0,141447
SP1,lal-vil-val-2026-02-22,2026-02-22T20:00:00+00:00,A,1,0.18,0.2028,0.1926,0.1987,nan,0.1723,0,286841
SP1,lal-vil-val-2026-02-22,2026-02-22T20:00:00+00:00,A,6,0.19,0.2028,0.1926,0.1987,nan,0.1723,0,286841
SP1,lal-vil-val-2026-02-22,2026-02-22T20:00:00+00:00,A,24,0.2,0.2028,0.1926,0.1987,nan,0.1723,0,286841
SP1,lal-ala-gir-2026-02-23,2026-02-23T20:00:00+00:00,H,1,0.39,0.4086,0.3969,0.4,nan,0.4007,0,192544
SP1,lal-ala-gir-2026-02-23,2026-02-23T20:00:00+00:00,H,6,0.4,0.4086,0.3969,0.4,nan,0.4007,0,192544
SP1,lal-ala-gir-2026-02-23,2026-02-23T20:00:00+00:00,H,24,0.4,0.4086,0.3969,0.4,nan,0.4007,0,192544
SP1,lal-ala-gir-2026-02-23,2026-02-23T20:00:00+00:00,D,1,0.32,0.3161,0.3107,0.3071,nan,0.3154,1,200238
SP1,lal-ala-gir-2026-02-23,2026-02-23T20:00:00+00:00,D,6,0.33,0.3161,0.3107,0.3071,nan,0.3154,1,200238
SP1,lal-ala-gir-2026-02-23,2026-02-23T20:00:00+00:00,D,24,0.32,0.3161,0.3107,0.3071,nan,0.3154,1,200238
SP1,lal-ala-gir-2026-02-23,2026-02-23T20:00:00+00:00,A,1,0.29,0.2752,0.2924,0.2929,nan,0.2839,0,596438
SP1,lal-ala-gir-2026-02-23,2026-02-23T20:00:00+00:00,A,6,0.29,0.2752,0.2924,0.2929,nan,0.2839,0,596438
SP1,lal-ala-gir-2026-02-23,2026-02-23T20:00:00+00:00,A,24,0.28,0.2752,0.2924,0.2929,nan,0.2839,0,596438
SP1,lal-lev-ala-2026-02-27,2026-02-27T20:00:00+00:00,H,1,0.34,0.3584,0.3505,0.3464,nan,0.3456,1,219578
SP1,lal-lev-ala-2026-02-27,2026-02-27T20:00:00+00:00,H,6,0.35,0.3584,0.3505,0.3464,nan,0.3456,1,219578
SP1,lal-lev-ala-2026-02-27,2026-02-27T20:00:00+00:00,H,24,0.36,0.3584,0.3505,0.3464,nan,0.3456,1,219578
SP1,lal-lev-ala-2026-02-27,2026-02-27T20:00:00+00:00,D,1,0.31,0.3061,0.3091,0.3073,nan,0.3111,0,73588
SP1,lal-lev-ala-2026-02-27,2026-02-27T20:00:00+00:00,D,6,0.31,0.3061,0.3091,0.3073,nan,0.3111,0,73588
SP1,lal-lev-ala-2026-02-27,2026-02-27T20:00:00+00:00,D,24,0.32,0.3061,0.3091,0.3073,nan,0.3111,0,73588
SP1,lal-lev-ala-2026-02-27,2026-02-27T20:00:00+00:00,A,1,0.33,0.3355,0.3404,0.3464,nan,0.3433,0,303024
SP1,lal-lev-ala-2026-02-27,2026-02-27T20:00:00+00:00,A,6,0.34,0.3355,0.3404,0.3464,nan,0.3433,0,303024
SP1,lal-lev-ala-2026-02-27,2026-02-27T20:00:00+00:00,A,24,0.32,0.3355,0.3404,0.3464,nan,0.3433,0,303024
SP1,lal-ray-bil-2026-02-28,2026-02-28T13:00:00+00:00,H,1,0.39,0.391,0.3875,0.3962,nan,0.3791,0,160913
SP1,lal-ray-bil-2026-02-28,2026-02-28T13:00:00+00:00,H,6,0.37,0.391,0.3875,0.3962,nan,0.3791,0,160913
SP1,lal-ray-bil-2026-02-28,2026-02-28T13:00:00+00:00,H,24,0.4,0.391,0.3875,0.3962,nan,0.3791,0,160913
SP1,lal-ray-bil-2026-02-28,2026-02-28T13:00:00+00:00,D,1,0.31,0.305,0.3087,0.3067,nan,0.3104,1,126208
SP1,lal-ray-bil-2026-02-28,2026-02-28T13:00:00+00:00,D,6,0.31,0.305,0.3087,0.3067,nan,0.3104,1,126208
SP1,lal-ray-bil-2026-02-28,2026-02-28T13:00:00+00:00,D,24,0.31,0.305,0.3087,0.3067,nan,0.3104,1,126208
SP1,lal-ray-bil-2026-02-28,2026-02-28T13:00:00+00:00,A,1,0.31,0.304,0.3038,0.2971,nan,0.3104,0,119819
SP1,lal-ray-bil-2026-02-28,2026-02-28T13:00:00+00:00,A,6,0.31,0.304,0.3038,0.2971,nan,0.3104,0,119819
SP1,lal-ray-bil-2026-02-28,2026-02-28T13:00:00+00:00,A,24,0.31,0.304,0.3038,0.2971,nan,0.3104,0,119819
SP1,lal-bar-vil-2026-02-28,2026-02-28T15:15:00+00:00,H,1,0.7,0.7296,0.686,0.6989,nan,0.7005,1,2194280
SP1,lal-bar-vil-2026-02-28,2026-02-28T15:15:00+00:00,H,6,0.73,0.7296,0.686,0.6989,nan,0.7005,1,2194280
SP1,lal-bar-vil-2026-02-28,2026-02-28T15:15:00+00:00,H,24,0.75,0.7296,0.686,0.6989,nan,0.7005,1,2194280
SP1,lal-bar-vil-2026-02-28,2026-02-28T15:15:00+00:00,D,1,0.16,0.153,0.1696,0.1653,nan,0.1686,0,97884
SP1,lal-bar-vil-2026-02-28,2026-02-28T15:15:00+00:00,D,6,0.15,0.153,0.1696,0.1653,nan,0.1686,0,97884
SP1,lal-bar-vil-2026-02-28,2026-02-28T15:15:00+00:00,D,24,0.15,0.153,0.1696,0.1653,nan,0.1686,0,97884
SP1,lal-bar-vil-2026-02-28,2026-02-28T15:15:00+00:00,A,1,0.13,0.1174,0.1444,0.1358,nan,0.1309,0,208526
SP1,lal-bar-vil-2026-02-28,2026-02-28T15:15:00+00:00,A,6,0.13,0.1174,0.1444,0.1358,nan,0.1309,0,208526
SP1,lal-bar-vil-2026-02-28,2026-02-28T15:15:00+00:00,A,24,0.1141,0.1174,0.1444,0.1358,nan,0.1309,0,208526
SP1,lal-mal-rso-2026-02-28,2026-02-28T17:30:00+00:00,H,1,0.3,0.3165,0.3094,0.3155,nan,0.3009,0,49738
SP1,lal-mal-rso-2026-02-28,2026-02-28T17:30:00+00:00,H,6,0.31,0.3165,0.3094,0.3155,nan,0.3009,0,49738
SP1,lal-mal-rso-2026-02-28,2026-02-28T17:30:00+00:00,H,24,0.32,0.3165,0.3094,0.3155,nan,0.3009,0,49738
SP1,lal-mal-rso-2026-02-28,2026-02-28T17:30:00+00:00,D,1,0.3,0.2901,0.2921,0.2868,nan,0.2921,0,12535
SP1,lal-mal-rso-2026-02-28,2026-02-28T17:30:00+00:00,D,6,0.3,0.2901,0.2921,0.2868,nan,0.2921,0,12535
SP1,lal-mal-rso-2026-02-28,2026-02-28T17:30:00+00:00,D,24,0.3,0.2901,0.2921,0.2868,nan,0.2921,0,12535
SP1,lal-mal-rso-2026-02-28,2026-02-28T17:30:00+00:00,A,1,0.41,0.3933,0.3985,0.3977,nan,0.407,1,438003
SP1,lal-mal-rso-2026-02-28,2026-02-28T17:30:00+00:00,A,6,0.4,0.3933,0.3985,0.3977,nan,0.407,1,438003
SP1,lal-mal-rso-2026-02-28,2026-02-28T17:30:00+00:00,A,24,0.39,0.3933,0.3985,0.3977,nan,0.407,1,438003
SP1,lal-ovi-mad-2026-02-28,2026-02-28T20:00:00+00:00,H,1,0.2013,0.1763,0.1998,0.2002,nan,0.1877,0,270502
SP1,lal-ovi-mad-2026-02-28,2026-02-28T20:00:00+00:00,H,6,0.19,0.1763,0.1998,0.2002,nan,0.1877,0,270502
SP1,lal-ovi-mad-2026-02-28,2026-02-28T20:00:00+00:00,H,24,0.18,0.1763,0.1998,0.2002,nan,0.1877,0,270502
SP1,lal-ovi-mad-2026-02-28,2026-02-28T20:00:00+00:00,D,1,0.28,0.261,0.2672,0.2716,nan,0.2688,0,138500
SP1,lal-ovi-mad-2026-02-28,2026-02-28T20:00:00+00:00,D,6,0.27,0.261,0.2672,0.2716,nan,0.2688,0,138500
SP1,lal-ovi-mad-2026-02-28,2026-02-28T20:00:00+00:00,D,24,0.27,0.261,0.2672,0.2716,nan,0.2688,0,138500
SP1,lal-ovi-mad-2026-02-28,2026-02-28T20:00:00+00:00,A,1,0.54,0.5627,0.5329,0.5282,nan,0.5435,1,1334186
SP1,lal-ovi-mad-2026-02-28,2026-02-28T20:00:00+00:00,A,6,0.54,0.5627,0.5329,0.5282,nan,0.5435,1,1334186
SP1,lal-ovi-mad-2026-02-28,2026-02-28T20:00:00+00:00,A,24,0.54,0.5627,0.5329,0.5282,nan,0.5435,1,1334186
SP1,lal-elc-esp-2026-03-01,2026-03-01T13:00:00+00:00,H,1,0.38,0.3931,0.3921,0.3957,nan,0.3881,0,264362
SP1,lal-elc-esp-2026-03-01,2026-03-01T13:00:00+00:00,H,6,0.4,0.3931,0.3921,0.3957,nan,0.3881,0,264362
SP1,lal-elc-esp-2026-03-01,2026-03-01T13:00:00+00:00,H,24,0.4,0.3931,0.3921,0.3957,nan,0.3881,0,264362
SP1,lal-elc-esp-2026-03-01,2026-03-01T13:00:00+00:00,D,1,0.3,0.2951,0.2878,0.2878,nan,0.2966,1,71803
SP1,lal-elc-esp-2026-03-01,2026-03-01T13:00:00+00:00,D,6,0.3,0.2951,0.2878,0.2878,nan,0.2966,1,71803
SP1,lal-elc-esp-2026-03-01,2026-03-01T13:00:00+00:00,D,24,0.3,0.2951,0.2878,0.2878,nan,0.2966,1,71803
SP1,lal-elc-esp-2026-03-01,2026-03-01T13:00:00+00:00,A,1,0.33,0.3118,0.3201,0.3165,nan,0.3154,0,200848
SP1,lal-elc-esp-2026-03-01,2026-03-01T13:00:00+00:00,A,6,0.32,0.3118,0.3201,0.3165,nan,0.3154,0,200848
SP1,lal-elc-esp-2026-03-01,2026-03-01T13:00:00+00:00,A,24,0.3,0.3118,0.3201,0.3165,nan,0.3154,0,200848
SP1,lal-val-osa-2026-03-01,2026-03-01T15:15:00+00:00,H,1,0.4,0.4014,0.3924,0.3924,nan,0.3939,1,205465
SP1,lal-val-osa-2026-03-01,2026-03-01T15:15:00+00:00,H,6,0.4,0.4014,0.3924,0.3924,nan,0.3939,1,205465
SP1,lal-val-osa-2026-03-01,2026-03-01T15:15:00+00:00,H,24,0.4,0.4014,0.3924,0.3924,nan,0.3939,1,205465
SP1,lal-val-osa-2026-03-01,2026-03-01T15:15:00+00:00,D,1,0.3,0.2998,0.3028,0.3038,nan,0.3054,0,65620
SP1,lal-val-osa-2026-03-01,2026-03-01T15:15:00+00:00,D,6,0.31,0.2998,0.3028,0.3038,nan,0.3054,0,65620
SP1,lal-val-osa-2026-03-01,2026-03-01T15:15:00+00:00,D,24,0.31,0.2998,0.3028,0.3038,nan,0.3054,0,65620
SP1,lal-val-osa-2026-03-01,2026-03-01T15:15:00+00:00,A,1,0.31,0.2988,0.3048,0.3038,nan,0.3008,0,103599
SP1,lal-val-osa-2026-03-01,2026-03-01T15:15:00+00:00,A,6,0.29,0.2988,0.3048,0.3038,nan,0.3008,0,103599
SP1,lal-val-osa-2026-03-01,2026-03-01T15:15:00+00:00,A,24,0.3,0.2988,0.3048,0.3038,nan,0.3008,0,103599
SP1,lal-bet-sev-2026-03-01,2026-03-01T17:30:00+00:00,H,1,0.57,0.5296,0.5424,0.5407,nan,0.542,0,975619
SP1,lal-bet-sev-2026-03-01,2026-03-01T17:30:00+00:00,H,6,0.55,0.5296,0.5424,0.5407,nan,0.542,0,975619
SP1,lal-bet-sev-2026-03-01,2026-03-01T17:30:00+00:00,H,24,0.54,0.5296,0.5424,0.5407,nan,0.542,0,975619
SP1,lal-bet-sev-2026-03-01,2026-03-01T17:30:00+00:00,D,1,0.25,0.2583,0.2585,0.249,nan,0.2624,1,126819
SP1,lal-bet-sev-2026-03-01,2026-03-01T17:30:00+00:00,D,6,0.26,0.2583,0.2585,0.249,nan,0.2624,1,126819
SP1,lal-bet-sev-2026-03-01,2026-03-01T17:30:00+00:00,D,24,0.26,0.2583,0.2585,0.249,nan,0.2624,1,126819
SP1,lal-bet-sev-2026-03-01,2026-03-01T17:30:00+00:00,A,1,0.18,0.2121,0.1991,0.2103,nan,0.1955,0,173218
SP1,lal-bet-sev-2026-03-01,2026-03-01T17:30:00+00:00,A,6,0.2,0.2121,0.1991,0.2103,nan,0.1955,0,173218
SP1,lal-bet-sev-2026-03-01,2026-03-01T17:30:00+00:00,A,24,0.21,0.2121,0.1991,0.2103,nan,0.1955,0,173218
SP1,lal-gir-cel-2026-03-01,2026-03-01T20:00:00+00:00,H,1,0.4,0.389,0.3909,0.3783,nan,0.3809,0,247289
SP1,lal-gir-cel-2026-03-01,2026-03-01T20:00:00+00:00,H,6,0.4,0.389,0.3909,0.3783,nan,0.3809,0,247289
SP1,lal-gir-cel-2026-03-01,2026-03-01T20:00:00+00:00,H,24,0.41,0.389,0.3909,0.3783,nan,0.3809,0,247289
SP1,lal-gir-cel-2026-03-01,2026-03-01T20:00:00+00:00,D,1,0.29,0.2846,0.2908,0.2956,nan,0.3024,0,50026
SP1,lal-gir-cel-2026-03-01,2026-03-01T20:00:00+00:00,D,6,0.29,0.2846,0.2908,0.2956,nan,0.3024,0,50026
SP1,lal-gir-cel-2026-03-01,2026-03-01T20:00:00+00:00,D,24,0.29,0.2846,0.2908,0.2956,nan,0.3024,0,50026
SP1,lal-gir-cel-2026-03-01,2026-03-01T20:00:00+00:00,A,1,0.33,0.3264,0.3183,0.3261,nan,0.3168,1,122478
SP1,lal-gir-cel-2026-03-01,2026-03-01T20:00:00+00:00,A,6,0.32,0.3264,0.3183,0.3261,nan,0.3168,1,122478
SP1,lal-gir-cel-2026-03-01,2026-03-01T20:00:00+00:00,A,24,0.31,0.3264,0.3183,0.3261,nan,0.3168,1,122478
SP1,lal-rea-get-2026-03-02,2026-03-02T20:00:00+00:00,H,1,0.72,0.729,0.6774,0.6849,nan,0.6984,0,3822695
SP1,lal-rea-get-2026-03-02,2026-03-02T20:00:00+00:00,H,6,0.72,0.729,0.6774,0.6849,nan,0.6984,0,3822695
SP1,lal-rea-get-2026-03-02,2026-03-02T20:00:00+00:00,H,24,0.74,0.729,0.6774,0.6849,nan,0.6984,0,3822695
SP1,lal-rea-get-2026-03-02,2026-03-02T20:00:00+00:00,D,1,0.2,0.1823,0.214,0.21,nan,0.2024,0,448149
SP1,lal-rea-get-2026-03-02,2026-03-02T20:00:00+00:00,D,6,0.19,0.1823,0.214,0.21,nan,0.2024,0,448149
SP1,lal-rea-get-2026-03-02,2026-03-02T20:00:00+00:00,D,24,0.18,0.1823,0.214,0.21,nan,0.2024,0,448149
SP1,lal-rea-get-2026-03-02,2026-03-02T20:00:00+00:00,A,1,0.09,0.0887,0.1086,0.105,nan,0.0992,1,800183
SP1,lal-rea-get-2026-03-02,2026-03-02T20:00:00+00:00,A,6,0.1,0.0887,0.1086,0.105,nan,0.0992,1,800183
SP1,lal-rea-get-2026-03-02,2026-03-02T20:00:00+00:00,A,24,0.09,0.0887,0.1086,0.105,nan,0.0992,1,800183
SP1,lal-osa-mal-2026-03-06,2026-03-06T20:00:00+00:00,H,1,0.541,0.5426,0.4981,0.4972,nan,0.5078,0,602474
SP1,lal-osa-mal-2026-03-06,2026-03-06T20:00:00+00:00,H,6,0.55,0.5426,0.4981,0.4972,nan,0.5078,0,602474
SP1,lal-osa-mal-2026-03-06,2026-03-06T20:00:00+00:00,H,24,0.56,0.5426,0.4981,0.4972,nan,0.5078,0,602474
SP1,lal-osa-mal-2026-03-06,2026-03-06T20:00:00+00:00,D,1,0.27,0.2659,0.2793,0.2779,nan,0.2804,1,0
SP1,lal-osa-mal-2026-03-06,2026-03-06T20:00:00+00:00,D,6,0.26,0.2659,0.2793,0.2779,nan,0.2804,1,0
SP1,lal-osa-mal-2026-03-06,2026-03-06T20:00:00+00:00,D,24,0.27,0.2659,0.2793,0.2779,nan,0.2804,1,0
SP1,lal-osa-mal-2026-03-06,2026-03-06T20:00:00+00:00,A,1,0.189,0.1915,0.2226,0.2249,nan,0.2118,0,0
SP1,lal-osa-mal-2026-03-06,2026-03-06T20:00:00+00:00,A,6,0.18,0.1915,0.2226,0.2249,nan,0.2118,0,0
SP1,lal-osa-mal-2026-03-06,2026-03-06T20:00:00+00:00,A,24,0.19,0.1915,0.2226,0.2249,nan,0.2118,0,0
SP1,lal-get-bet-2026-03-07,2026-03-08T21:15:00+00:00,H,1,0.999,0.3316,0.3465,0.3442,nan,0.3504,1,0
SP1,lal-get-bet-2026-03-07,2026-03-08T21:15:00+00:00,H,6,0.359,0.3316,0.3465,0.3442,nan,0.3504,1,0
SP1,lal-get-bet-2026-03-07,2026-03-08T21:15:00+00:00,H,24,0.321,0.3316,0.3465,0.3442,nan,0.3504,1,0
SP1,lal-get-bet-2026-03-07,2026-03-08T21:15:00+00:00,D,1,0.001,0.327,0.3403,0.3505,nan,0.3385,0,0
SP1,lal-get-bet-2026-03-07,2026-03-08T21:15:00+00:00,D,6,0.3305,0.327,0.3403,0.3505,nan,0.3385,0,0
SP1,lal-get-bet-2026-03-07,2026-03-08T21:15:00+00:00,D,24,0.339,0.327,0.3403,0.3505,nan,0.3385,0,0
SP1,lal-get-bet-2026-03-07,2026-03-08T21:15:00+00:00,A,1,0.001,0.3414,0.3132,0.3053,nan,0.311,0,0
SP1,lal-get-bet-2026-03-07,2026-03-08T21:15:00+00:00,A,6,0.301,0.3414,0.3132,0.3053,nan,0.311,0,0
SP1,lal-get-bet-2026-03-07,2026-03-08T21:15:00+00:00,A,24,0.33,0.3414,0.3132,0.3053,nan,0.311,0,0
SP1,lal-lev-gir-2026-03-07,2026-03-07T15:15:00+00:00,H,1,0.34,0.3378,0.3484,0.3419,nan,0.3456,0,0
SP1,lal-lev-gir-2026-03-07,2026-03-07T15:15:00+00:00,H,6,0.3492,0.3378,0.3484,0.3419,nan,0.3456,0,0
SP1,lal-lev-gir-2026-03-07,2026-03-07T15:15:00+00:00,H,24,0.33,0.3378,0.3484,0.3419,nan,0.3456,0,0
SP1,lal-lev-gir-2026-03-07,2026-03-07T15:15:00+00:00,D,1,0.29,0.2804,0.2842,0.2893,nan,0.2885,1,0
SP1,lal-lev-gir-2026-03-07,2026-03-07T15:15:00+00:00,D,6,0.289,0.2804,0.2842,0.2893,nan,0.2885,1,0
SP1,lal-lev-gir-2026-03-07,2026-03-07T15:15:00+00:00,D,24,0.29,0.2804,0.2842,0.2893,nan,0.2885,1,0
SP1,lal-lev-gir-2026-03-07,2026-03-07T15:15:00+00:00,A,1,0.38,0.3818,0.3674,0.3687,nan,0.3659,0,0
SP1,lal-lev-gir-2026-03-07,2026-03-07T15:15:00+00:00,A,6,0.3696,0.3818,0.3674,0.3687,nan,0.3659,0,0
SP1,lal-lev-gir-2026-03-07,2026-03-07T15:15:00+00:00,A,24,0.39,0.3818,0.3674,0.3687,nan,0.3659,0,0
SP1,lal-mad-rso-2026-03-07,2026-03-07T17:30:00+00:00,H,1,0.6,0.5873,0.5784,0.5836,nan,0.5918,1,0
SP1,lal-mad-rso-2026-03-07,2026-03-07T17:30:00+00:00,H,6,0.57,0.5873,0.5784,0.5836,nan,0.5918,1,0
SP1,lal-mad-rso-2026-03-07,2026-03-07T17:30:00+00:00,H,24,0.59,0.5873,0.5784,0.5836,nan,0.5918,1,0
SP1,lal-mad-rso-2026-03-07,2026-03-07T17:30:00+00:00,D,1,0.24,0.2361,0.2375,0.2363,nan,0.2367,0,0
SP1,lal-mad-rso-2026-03-07,2026-03-07T17:30:00+00:00,D,6,0.25,0.2361,0.2375,0.2363,nan,0.2367,0,0
SP1,lal-mad-rso-2026-03-07,2026-03-07T17:30:00+00:00,D,24,0.24,0.2361,0.2375,0.2363,nan,0.2367,0,0
SP1,lal-mad-rso-2026-03-07,2026-03-07T17:30:00+00:00,A,1,0.17,0.1766,0.1841,0.1801,nan,0.1714,0,0
SP1,lal-mad-rso-2026-03-07,2026-03-07T17:30:00+00:00,A,6,0.19,0.1766,0.1841,0.1801,nan,0.1714,0,0
SP1,lal-mad-rso-2026-03-07,2026-03-07T17:30:00+00:00,A,24,0.18,0.1766,0.1841,0.1801,nan,0.1714,0,0
SP1,lal-cel-rea-2026-03-07,2026-03-07T20:00:00+00:00,H,1,0.001,0.2989,0.3166,0.3371,nan,0.3106,0,0
SP1,lal-cel-rea-2026-03-07,2026-03-07T20:00:00+00:00,H,6,0.001,0.2989,0.3166,0.3371,nan,0.3106,0,0
SP1,lal-cel-rea-2026-03-07,2026-03-07T20:00:00+00:00,H,24,0.311,0.2989,0.3166,0.3371,nan,0.3106,0,0
SP1,lal-cel-rea-2026-03-07,2026-03-07T20:00:00+00:00,D,1,0.001,0.2827,0.2867,0.2776,nan,0.3012,0,0
SP1,lal-cel-rea-2026-03-07,2026-03-07T20:00:00+00:00,D,6,0.001,0.2827,0.2867,0.2776,nan,0.3012,0,0
SP1,lal-cel-rea-2026-03-07,2026-03-07T20:00:00+00:00,D,24,0.309,0.2827,0.2867,0.2776,nan,0.3012,0,0
SP1,lal-cel-rea-2026-03-07,2026-03-07T20:00:00+00:00,A,1,0.999,0.4184,0.3967,0.3853,nan,0.3882,1,0
SP1,lal-cel-rea-2026-03-07,2026-03-07T20:00:00+00:00,A,6,0.999,0.4184,0.3967,0.3853,nan,0.3882,1,0
SP1,lal-cel-rea-2026-03-07,2026-03-07T20:00:00+00:00,A,24,0.38,0.4184,0.3967,0.3853,nan,0.3882,1,0
SP1,lal-vil-elc-2026-03-08,2026-03-08T13:00:00+00:00,H,1,0.66,0.6358,0.6509,0.6471,nan,0.663,1,0
SP1,lal-vil-elc-2026-03-08,2026-03-08T13:00:00+00:00,H,6,0.6596,0.6358,0.6509,0.6471,nan,0.663,1,0
SP1,lal-vil-elc-2026-03-08,2026-03-08T13:00:00+00:00,H,24,0.6507,0.6358,0.6509,0.6471,nan,0.663,1,0
SP1,lal-vil-elc-2026-03-08,2026-03-08T13:00:00+00:00,D,1,0.201,0.2082,0.2056,0.2085,nan,0.1989,0,0
SP1,lal-vil-elc-2026-03-08,2026-03-08T13:00:00+00:00,D,6,0.21,0.2082,0.2056,0.2085,nan,0.1989,0,0
SP1,lal-vil-elc-2026-03-08,2026-03-08T13:00:00+00:00,D,24,0.2,0.2082,0.2056,0.2085,nan,0.1989,0,0
SP1,lal-vil-elc-2026-03-08,2026-03-08T13:00:00+00:00,A,1,0.131,0.156,0.1434,0.1444,nan,0.1381,0,0
SP1,lal-vil-elc-2026-03-08,2026-03-08T13:00:00+00:00,A,6,0.15,0.156,0.1434,0.1444,nan,0.1381,0,0
SP1,lal-vil-elc-2026-03-08,2026-03-08T13:00:00+00:00,A,24,0.15,0.156,0.1434,0.1444,nan,0.1381,0,0
SP1,lal-bil-bar-2026-03-08,2026-03-07T20:00:00+00:00,H,1,0.209,0.1979,0.2038,0.2098,nan,0.192,0,0
SP1,lal-bil-bar-2026-03-08,2026-03-07T20:00:00+00:00,H,6,0.199,0.1979,0.2038,0.2098,nan,0.192,0,0
SP1,lal-bil-bar-2026-03-08,2026-03-07T20:00:00+00:00,H,24,0.21,0.1979,0.2038,0.2098,nan,0.192,0,0
SP1,lal-bil-bar-2026-03-08,2026-03-07T20:00:00+00:00,D,1,0.22,0.2181,0.221,0.218,nan,0.2171,0,0
SP1,lal-bil-bar-2026-03-08,2026-03-07T20:00:00+00:00,D,6,0.21,0.2181,0.221,0.218,nan,0.2171,0,0
SP1,lal-bil-bar-2026-03-08,2026-03-07T20:00:00+00:00,D,24,0.22,0.2181,0.221,0.218,nan,0.2171,0,0
SP1,lal-bil-bar-2026-03-08,2026-03-07T20:00:00+00:00,A,1,0.571,0.5839,0.5753,0.5722,nan,0.5909,1,0
SP1,lal-bil-bar-2026-03-08,2026-03-07T20:00:00+00:00,A,6,0.59,0.5839,0.5753,0.5722,nan,0.5909,1,0
SP1,lal-bil-bar-2026-03-08,2026-03-07T20:00:00+00:00,A,24,0.581,0.5839,0.5753,0.5722,nan,0.5909,1,0
SP1,lal-sev-ray-2026-03-08,2026-03-08T17:30:00+00:00,H,1,0.36,0.3788,0.3726,0.3827,nan,0.3684,0,0
SP1,lal-sev-ray-2026-03-08,2026-03-08T17:30:00+00:00,H,6,0.36,0.3788,0.3726,0.3827,nan,0.3684,0,0
SP1,lal-sev-ray-2026-03-08,2026-03-08T17:30:00+00:00,H,24,0.38,0.3788,0.3726,0.3827,nan,0.3684,0,0
SP1,lal-sev-ray-2026-03-08,2026-03-08T17:30:00+00:00,D,1,0.32,0.3018,0.3111,0.3086,nan,0.3158,1,0
SP1,lal-sev-ray-2026-03-08,2026-03-08T17:30:00+00:00,D,6,0.301,0.3018,0.3111,0.3086,nan,0.3158,1,0
SP1,lal-sev-ray-2026-03-08,2026-03-08T17:30:00+00:00,D,24,0.31,0.3018,0.3111,0.3086,nan,0.3158,1,0
SP1,lal-sev-ray-2026-03-08,2026-03-08T17:30:00+00:00,A,1,0.32,0.3193,0.3163,0.3086,nan,0.3158,0,0
SP1,lal-sev-ray-2026-03-08,2026-03-08T17:30:00+00:00,A,6,0.3393,0.3193,0.3163,0.3086,nan,0.3158,0,0
SP1,lal-sev-ray-2026-03-08,2026-03-08T17:30:00+00:00,A,24,0.32,0.3193,0.3163,0.3086,nan,0.3158,0,0
SP1,lal-val-ala-2026-03-08,2026-03-08T20:00:00+00:00,H,1,0.45,0.4546,0.4526,0.458,nan,0.457,1,0
SP1,lal-val-ala-2026-03-08,2026-03-08T20:00:00+00:00,H,6,0.431,0.4546,0.4526,0.458,nan,0.457,1,0
SP1,lal-val-ala-2026-03-08,2026-03-08T20:00:00+00:00,H,24,0.469,0.4546,0.4526,0.458,nan,0.457,1,0
SP1,lal-val-ala-2026-03-08,2026-03-08T20:00:00+00:00,D,1,0.319,0.3021,0.3066,0.313,nan,0.3113,0,0
SP1,lal-val-ala-2026-03-08,2026-03-08T20:00:00+00:00,D,6,0.319,0.3021,0.3066,0.313,nan,0.3113,0,0
SP1,lal-val-ala-2026-03-08,2026-03-08T20:00:00+00:00,D,24,0.31,0.3021,0.3066,0.313,nan,0.3113,0,0
SP1,lal-val-ala-2026-03-08,2026-03-08T20:00:00+00:00,A,1,0.24,0.2433,0.2408,0.229,nan,0.2317,0,0
SP1,lal-val-ala-2026-03-08,2026-03-08T20:00:00+00:00,A,6,0.241,0.2433,0.2408,0.229,nan,0.2317,0,0
SP1,lal-val-ala-2026-03-08,2026-03-08T20:00:00+00:00,A,24,0.24,0.2433,0.2408,0.229,nan,0.2317,0,0
SP1,lal-esp-ovi-2026-03-09,2026-03-09T20:00:00+00:00,H,1,0.5,0.4974,0.4849,0.4839,nan,0.4817,0,0
SP1,lal-esp-ovi-2026-03-09,2026-03-09T20:00:00+00:00,H,6,0.52,0.4974,0.4849,0.4839,nan,0.4817,0,0
SP1,lal-esp-ovi-2026-03-09,2026-03-09T20:00:00+00:00,H,24,0.51,0.4974,0.4849,0.4839,nan,0.4817,0,0
SP1,lal-esp-ovi-2026-03-09,2026-03-09T20:00:00+00:00,D,1,0.28,0.2825,0.2895,0.2859,nan,0.2876,1,0
SP1,lal-esp-ovi-2026-03-09,2026-03-09T20:00:00+00:00,D,6,0.281,0.2825,0.2895,0.2859,nan,0.2876,1,0
SP1,lal-esp-ovi-2026-03-09,2026-03-09T20:00:00+00:00,D,24,0.28,0.2825,0.2895,0.2859,nan,0.2876,1,0
SP1,lal-esp-ovi-2026-03-09,2026-03-09T20:00:00+00:00,A,1,0.229,0.22,0.2256,0.2302,nan,0.2307,0,0
SP1,lal-esp-ovi-2026-03-09,2026-03-09T20:00:00+00:00,A,6,0.2,0.22,0.2256,0.2302,nan,0.2307,0,0
SP1,lal-esp-ovi-2026-03-09,2026-03-09T20:00:00+00:00,A,24,0.21,0.22,0.2256,0.2302,nan,0.2307,0,0
SP1,lal-ala-vil-2026-03-13,2026-03-13T20:00:00+00:00,H,1,0.27,0.2895,0.2755,0.2683,nan,0.2685,0,0
SP1,lal-ala-vil-2026-03-13,2026-03-13T20:00:00+00:00,H,6,0.29,0.2895,0.2755,0.2683,nan,0.2685,0,0
SP1,lal-ala-vil-2026-03-13,2026-03-13T20:00:00+00:00,H,24,0.299,0.2895,0.2755,0.2683,nan,0.2685,0,0
SP1,lal-ala-vil-2026-03-13,2026-03-13T20:00:00+00:00,D,1,0.28,0.2809,0.2771,0.2846,nan,0.2839,1,0
SP1,lal-ala-vil-2026-03-13,2026-03-13T20:00:00+00:00,D,6,0.29,0.2809,0.2771,0.2846,nan,0.2839,1,0
SP1,lal-ala-vil-2026-03-13,2026-03-13T20:00:00+00:00,D,24,0.29,0.2809,0.2771,0.2846,nan,0.2839,1,0
SP1,lal-ala-vil-2026-03-13,2026-03-13T20:00:00+00:00,A,1,0.44,0.4296,0.4474,0.4472,nan,0.4476,0,0
SP1,lal-ala-vil-2026-03-13,2026-03-13T20:00:00+00:00,A,6,0.44,0.4296,0.4474,0.4472,nan,0.4476,0,0
SP1,lal-ala-vil-2026-03-13,2026-03-13T20:00:00+00:00,A,24,0.429,0.4296,0.4474,0.4472,nan,0.4476,0,0
SP1,lal-gir-bil-2026-03-14,2026-03-14T13:00:00+00:00,H,1,0.34,0.3533,0.3358,0.3239,nan,0.3357,1,0
SP1,lal-gir-bil-2026-03-14,2026-03-14T13:00:00+00:00,H,6,0.35,0.3533,0.3358,0.3239,nan,0.3357,1,0
SP1,lal-gir-bil-2026-03-14,2026-03-14T13:00:00+00:00,H,24,0.35,0.3533,0.3358,0.3239,nan,0.3357,1,0
SP1,lal-gir-bil-2026-03-14,2026-03-14T13:00:00+00:00,D,1,0.3,0.2839,0.2866,0.2847,nan,0.288,0,0
SP1,lal-gir-bil-2026-03-14,2026-03-14T13:00:00+00:00,D,6,0.29,0.2839,0.2866,0.2847,nan,0.288,0,0
SP1,lal-gir-bil-2026-03-14,2026-03-14T13:00:00+00:00,D,24,0.29,0.2839,0.2866,0.2847,nan,0.288,0,0
SP1,lal-gir-bil-2026-03-14,2026-03-14T13:00:00+00:00,A,1,0.37,0.3628,0.3776,0.3914,nan,0.3763,0,0
SP1,lal-gir-bil-2026-03-14,2026-03-14T13:00:00+00:00,A,6,0.37,0.3628,0.3776,0.3914,nan,0.3763,0,0
SP1,lal-gir-bil-2026-03-14,2026-03-14T13:00:00+00:00,A,24,0.37,0.3628,0.3776,0.3914,nan,0.3763,0,0
SP1,lal-mad-get-2026-03-14,2026-03-14T15:15:00+00:00,H,1,0.59,0.6073,0.5738,0.5696,nan,0.5838,1,0
SP1,lal-mad-get-2026-03-14,2026-03-14T15:15:00+00:00,H,6,0.61,0.6073,0.5738,0.5696,nan,0.5838,1,0
SP1,lal-mad-get-2026-03-14,2026-03-14T15:15:00+00:00,H,24,0.62,0.6073,0.5738,0.5696,nan,0.5838,1,0
SP1,lal-mad-get-2026-03-14,2026-03-14T15:15:00+00:00,D,1,0.27,0.2565,0.272,0.2718,nan,0.2735,0,0
SP1,lal-mad-get-2026-03-14,2026-03-14T15:15:00+00:00,D,6,0.27,0.2565,0.272,0.2718,nan,0.2735,0,0
SP1,lal-mad-get-2026-03-14,2026-03-14T15:15:00+00:00,D,24,0.27,0.2565,0.272,0.2718,nan,0.2735,0,0
SP1,lal-mad-get-2026-03-14,2026-03-14T15:15:00+00:00,A,1,0.14,0.1362,0.1543,0.1586,nan,0.1426,0,0
SP1,lal-mad-get-2026-03-14,2026-03-14T15:15:00+00:00,A,6,0.14,0.1362,0.1543,0.1586,nan,0.1426,0,0
SP1,lal-mad-get-2026-03-14,2026-03-14T15:15:00+00:00,A,24,0.12,0.1362,0.1543,0.1586,nan,0.1426,0,0
SP1,lal-ovi-val-2026-03-14,2026-03-14T17:30:00+00:00,H,1,0.34,0.3279,0.3357,0.3278,nan,0.3313,1,0
SP1,lal-ovi-val-2026-03-14,2026-03-14T17:30:00+00:00,H,6,0.33,0.3279,0.3357,0.3278,nan,0.3313,1,0
SP1,lal-ovi-val-2026-03-14,2026-03-14T17:30:00+00:00,H,24,0.33,0.3279,0.3357,0.3278,nan,0.3313,1,0
SP1,lal-ovi-val-2026-03-14,2026-03-14T17:30:00+00:00,D,1,0.31,0.3015,0.3013,0.3066,nan,0.3059,0,0
SP1,lal-ovi-val-2026-03-14,2026-03-14T17:30:00+00:00,D,6,0.31,0.3015,0.3013,0.3066,nan,0.3059,0,0
SP1,lal-ovi-val-2026-03-14,2026-03-14T17:30:00+00:00,D,24,0.31,0.3015,0.3013,0.3066,nan,0.3059,0,0
SP1,lal-ovi-val-2026-03-14,2026-03-14T17:30:00+00:00,A,1,0.37,0.3706,0.363,0.3656,nan,0.3628,0,290622
SP1,lal-ovi-val-2026-03-14,2026-03-14T17:30:00+00:00,A,6,0.37,0.3706,0.363,0.3656,nan,0.3628,0,290622
SP1,lal-ovi-val-2026-03-14,2026-03-14T17:30:00+00:00,A,24,0.38,0.3706,0.363,0.3656,nan,0.3628,0,290622
SP1,lal-rea-elc-2026-03-14,2026-03-14T20:00:00+00:00,H,1,0.76,0.7224,0.7405,0.7296,nan,0.759,1,0
SP1,lal-rea-elc-2026-03-14,2026-03-14T20:00:00+00:00,H,6,0.73,0.7224,0.7405,0.7296,nan,0.759,1,0
SP1,lal-rea-elc-2026-03-14,2026-03-14T20:00:00+00:00,H,24,0.74,0.7224,0.7405,0.7296,nan,0.759,1,0
SP1,lal-rea-elc-2026-03-14,2026-03-14T20:00:00+00:00,D,1,0.14,0.1659,0.1586,0.165,nan,0.1506,0,0
SP1,lal-rea-elc-2026-03-14,2026-03-14T20:00:00+00:00,D,6,0.17,0.1659,0.1586,0.165,nan,0.1506,0,0
SP1,lal-rea-elc-2026-03-14,2026-03-14T20:00:00+00:00,D,24,0.16,0.1659,0.1586,0.165,nan,0.1506,0,0
SP1,lal-rea-elc-2026-03-14,2026-03-14T20:00:00+00:00,A,1,0.09,0.1117,0.1009,0.1054,nan,0.0904,0,0
SP1,lal-rea-elc-2026-03-14,2026-03-14T20:00:00+00:00,A,6,0.1,0.1117,0.1009,0.1054,nan,0.0904,0,0
SP1,lal-rea-elc-2026-03-14,2026-03-14T20:00:00+00:00,A,24,0.11,0.1117,0.1009,0.1054,nan,0.0904,0,0
SP1,lal-mal-esp-2026-03-15,2026-03-15T13:00:00+00:00,H,1,0.38,0.4056,0.3867,0.3825,nan,0.3882,1,0
SP1,lal-mal-esp-2026-03-15,2026-03-15T13:00:00+00:00,H,6,0.38,0.4056,0.3867,0.3825,nan,0.3882,1,0
SP1,lal-mal-esp-2026-03-15,2026-03-15T13:00:00+00:00,H,24,0.41,0.4056,0.3867,0.3825,nan,0.3882,1,0
SP1,lal-mal-esp-2026-03-15,2026-03-15T13:00:00+00:00,D,1,0.31,0.3019,0.3041,0.2988,nan,0.3106,0,0
SP1,lal-mal-esp-2026-03-15,2026-03-15T13:00:00+00:00,D,6,0.3,0.3019,0.3041,0.2988,nan,0.3106,0,0
SP1,lal-mal-esp-2026-03-15,2026-03-15T13:00:00+00:00,D,24,0.31,0.3019,0.3041,0.2988,nan,0.3106,0,0
SP1,lal-mal-esp-2026-03-15,2026-03-15T13:00:00+00:00,A,1,0.31,0.2925,0.3091,0.3187,nan,0.3012,0,0
SP1,lal-mal-esp-2026-03-15,2026-03-15T13:00:00+00:00,A,6,0.31,0.2925,0.3091,0.3187,nan,0.3012,0,0
SP1,lal-mal-esp-2026-03-15,2026-03-15T13:00:00+00:00,A,24,0.29,0.2925,0.3091,0.3187,nan,0.3012,0,0
SP1,lal-bar-sev-2026-03-15,2026-03-15T15:15:00+00:00,H,1,0.74,0.7435,0.7375,0.7389,nan,0.7458,1,0
SP1,lal-bar-sev-2026-03-15,2026-03-15T15:15:00+00:00,H,6,0.77,0.7435,0.7375,0.7389,nan,0.7458,1,0
SP1,lal-bar-sev-2026-03-15,2026-03-15T15:15:00+00:00,H,24,0.76,0.7435,0.7375,0.7389,nan,0.7458,1,0
SP1,lal-bar-sev-2026-03-15,2026-03-15T15:15:00+00:00,D,1,0.16,0.1546,0.1608,0.1658,nan,0.155,0,0
SP1,lal-bar-sev-2026-03-15,2026-03-15T15:15:00+00:00,D,6,0.15,0.1546,0.1608,0.1658,nan,0.155,0,0
SP1,lal-bar-sev-2026-03-15,2026-03-15T15:15:00+00:00,D,24,0.15,0.1546,0.1608,0.1658,nan,0.155,0,0
SP1,lal-bar-sev-2026-03-15,2026-03-15T15:15:00+00:00,A,1,0.11,0.1019,0.1017,0.0953,nan,0.0992,0,0
SP1,lal-bar-sev-2026-03-15,2026-03-15T15:15:00+00:00,A,6,0.1,0.1019,0.1017,0.0953,nan,0.0992,0,0
SP1,lal-bar-sev-2026-03-15,2026-03-15T15:15:00+00:00,A,24,0.09,0.1019,0.1017,0.0953,nan,0.0992,0,0
SP1,lal-bet-cel-2026-03-15,2026-03-15T17:30:00+00:00,H,1,0.46,0.4286,0.4651,0.4658,nan,0.4706,0,0
SP1,lal-bet-cel-2026-03-15,2026-03-15T17:30:00+00:00,H,6,0.46,0.4286,0.4651,0.4658,nan,0.4706,0,0
SP1,lal-bet-cel-2026-03-15,2026-03-15T17:30:00+00:00,H,24,0.45,0.4286,0.4651,0.4658,nan,0.4706,0,0
SP1,lal-bet-cel-2026-03-15,2026-03-15T17:30:00+00:00,D,1,0.28,0.2875,0.283,0.2894,nan,0.2824,1,128673
SP1,lal-bet-cel-2026-03-15,2026-03-15T17:30:00+00:00,D,6,0.29,0.2875,0.283,0.2894,nan,0.2824,1,128673
SP1,lal-bet-cel-2026-03-15,2026-03-15T17:30:00+00:00,D,24,0.29,0.2875,0.283,0.2894,nan,0.2824,1,128673
SP1,lal-bet-cel-2026-03-15,2026-03-15T17:30:00+00:00,A,1,0.25,0.284,0.2519,0.2448,nan,0.2471,0,0
SP1,lal-bet-cel-2026-03-15,2026-03-15T17:30:00+00:00,A,6,0.26,0.284,0.2519,0.2448,nan,0.2471,0,0
SP1,lal-bet-cel-2026-03-15,2026-03-15T17:30:00+00:00,A,24,0.27,0.284,0.2519,0.2448,nan,0.2471,0,0
SP1,lal-rso-osa-2026-03-15,2026-03-15T20:00:00+00:00,H,1,0.5,0.4986,0.4921,0.495,nan,0.4891,1,0
SP1,lal-rso-osa-2026-03-15,2026-03-15T20:00:00+00:00,H,6,0.51,0.4986,0.4921,0.495,nan,0.4891,1,0
SP1,lal-rso-osa-2026-03-15,2026-03-15T20:00:00+00:00,H,24,0.52,0.4986,0.4921,0.495,nan,0.4891,1,0
SP1,lal-rso-osa-2026-03-15,2026-03-15T20:00:00+00:00,D,1,0.27,0.2718,0.2663,0.2626,nan,0.2734,0,0
SP1,lal-rso-osa-2026-03-15,2026-03-15T20:00:00+00:00,D,6,0.27,0.2718,0.2663,0.2626,nan,0.2734,0,0
SP1,lal-rso-osa-2026-03-15,2026-03-15T20:00:00+00:00,D,24,0.26,0.2718,0.2663,0.2626,nan,0.2734,0,0
SP1,lal-rso-osa-2026-03-15,2026-03-15T20:00:00+00:00,A,1,0.22,0.2296,0.2416,0.2424,nan,0.2376,0,0
SP1,lal-rso-osa-2026-03-15,2026-03-15T20:00:00+00:00,A,6,0.24,0.2296,0.2416,0.2424,nan,0.2376,0,0
SP1,lal-rso-osa-2026-03-15,2026-03-15T20:00:00+00:00,A,24,0.23,0.2296,0.2416,0.2424,nan,0.2376,0,0
SP1,lal-ray-lev-2026-03-16,2026-03-16T20:00:00+00:00,H,1,0.57,0.5599,0.5231,0.5113,nan,0.524,0,0
SP1,lal-ray-lev-2026-03-16,2026-03-16T20:00:00+00:00,H,6,0.57,0.5599,0.5231,0.5113,nan,0.524,0,0
SP1,lal-ray-lev-2026-03-16,2026-03-16T20:00:00+00:00,H,24,0.57,0.5599,0.5231,0.5113,nan,0.524,0,0
SP1,lal-ray-lev-2026-03-16,2026-03-16T20:00:00+00:00,D,1,0.26,0.25,0.2653,0.2703,nan,0.2728,1,0
SP1,lal-ray-lev-2026-03-16,2026-03-16T20:00:00+00:00,D,6,0.25,0.25,0.2653,0.2703,nan,0.2728,1,0
SP1,lal-ray-lev-2026-03-16,2026-03-16T20:00:00+00:00,D,24,0.25,0.25,0.2653,0.2703,nan,0.2728,1,0
SP1,lal-ray-lev-2026-03-16,2026-03-16T20:00:00+00:00,A,1,0.18,0.1901,0.2116,0.2185,nan,0.2032,0,0
SP1,lal-ray-lev-2026-03-16,2026-03-16T20:00:00+00:00,A,6,0.18,0.1901,0.2116,0.2185,nan,0.2032,0,0
SP1,lal-ray-lev-2026-03-16,2026-03-16T20:00:00+00:00,A,24,0.18,0.1901,0.2116,0.2185,nan,0.2032,0,0
SP1,lal-vil-rso-2026-03-20,2026-03-20T20:00:00+00:00,H,1,0.49,0.4873,0.4893,0.4867,nan,0.491,1,601550
SP1,lal-vil-rso-2026-03-20,2026-03-20T20:00:00+00:00,H,6,0.5,0.4873,0.4893,0.4867,nan,0.491,1,601550
SP1,lal-vil-rso-2026-03-20,2026-03-20T20:00:00+00:00,H,24,0.5,0.4873,0.4893,0.4867,nan,0.491,1,601550
SP1,lal-vil-rso-2026-03-20,2026-03-20T20:00:00+00:00,D,1,0.26,0.2598,0.2595,0.2636,nan,0.261,0,0
SP1,lal-vil-rso-2026-03-20,2026-03-20T20:00:00+00:00,D,6,0.26,0.2598,0.2595,0.2636,nan,0.261,0,0
SP1,lal-vil-rso-2026-03-20,2026-03-20T20:00:00+00:00,D,24,0.26,0.2598,0.2595,0.2636,nan,0.261,0,0
SP1,lal-vil-rso-2026-03-20,2026-03-20T20:00:00+00:00,A,1,0.25,0.2528,0.2512,0.2497,nan,0.248,0,0
SP1,lal-vil-rso-2026-03-20,2026-03-20T20:00:00+00:00,A,6,0.247,0.2528,0.2512,0.2497,nan,0.248,0,0
SP1,lal-vil-rso-2026-03-20,2026-03-20T20:00:00+00:00,A,24,0.249,0.2528,0.2512,0.2497,nan,0.248,0,0
SP1,lal-elc-mal-2026-03-21,2026-03-21T13:00:00+00:00,H,1,0.46,0.4468,0.4575,0.4636,nan,0.4633,1,0
SP1,lal-elc-mal-2026-03-21,2026-03-21T13:00:00+00:00,H,6,0.47,0.4468,0.4575,0.4636,nan,0.4633,1,0
SP1,lal-elc-mal-2026-03-21,2026-03-21T13:00:00+00:00,H,24,0.45,0.4468,0.4575,0.4636,nan,0.4633,1,0
SP1,lal-elc-mal-2026-03-21,2026-03-21T13:00:00+00:00,D,1,0.28,0.2843,0.2783,0.2795,nan,0.2793,0,0
SP1,lal-elc-mal-2026-03-21,2026-03-21T13:00:00+00:00,D,6,0.29,0.2843,0.2783,0.2795,nan,0.2793,0,0
SP1,lal-elc-mal-2026-03-21,2026-03-21T13:00:00+00:00,D,24,0.29,0.2843,0.2783,0.2795,nan,0.2793,0,0
SP1,lal-elc-mal-2026-03-21,2026-03-21T13:00:00+00:00,A,1,0.26,0.2689,0.2642,0.2569,nan,0.2575,0,0
SP1,lal-elc-mal-2026-03-21,2026-03-21T13:00:00+00:00,A,6,0.26,0.2689,0.2642,0.2569,nan,0.2575,0,0
SP1,lal-elc-mal-2026-03-21,2026-03-21T13:00:00+00:00,A,24,0.27,0.2689,0.2642,0.2569,nan,0.2575,0,0
SP1,lal-esp-get-2026-03-21,2026-03-21T15:15:00+00:00,H,1,0.38,0.3916,0.3821,0.3728,nan,0.3855,0,1952563
SP1,lal-esp-get-2026-03-21,2026-03-21T15:15:00+00:00,H,6,0.4,0.3916,0.3821,0.3728,nan,0.3855,0,1952563
SP1,lal-esp-get-2026-03-21,2026-03-21T15:15:00+00:00,H,24,0.4,0.3916,0.3821,0.3728,nan,0.3855,0,1952563
SP1,lal-esp-get-2026-03-21,2026-03-21T15:15:00+00:00,D,1,0.34,0.3219,0.3322,0.3301,nan,0.3383,0,0
SP1,lal-esp-get-2026-03-21,2026-03-21T15:15:00+00:00,D,6,0.34,0.3219,0.3322,0.3301,nan,0.3383,0,0
SP1,lal-esp-get-2026-03-21,2026-03-21T15:15:00+00:00,D,24,0.33,0.3219,0.3322,0.3301,nan,0.3383,0,0
SP1,lal-esp-get-2026-03-21,2026-03-21T15:15:00+00:00,A,1,0.27,0.2865,0.2857,0.2971,nan,0.2763,1,0
SP1,lal-esp-get-2026-03-21,2026-03-21T15:15:00+00:00,A,6,0.27,0.2865,0.2857,0.2971,nan,0.2763,1,0
SP1,lal-esp-get-2026-03-21,2026-03-21T15:15:00+00:00,A,24,0.27,0.2865,0.2857,0.2971,nan,0.2763,1,0
SP1,lal-osa-gir-2026-03-21,2026-03-21T17:30:00+00:00,H,1,0.46,0.4334,0.4668,0.4735,nan,0.4772,1,2822232
SP1,lal-osa-gir-2026-03-21,2026-03-21T17:30:00+00:00,H,6,0.48,0.4334,0.4668,0.4735,nan,0.4772,1,2822232
SP1,lal-osa-gir-2026-03-21,2026-03-21T17:30:00+00:00,H,24,0.45,0.4334,0.4668,0.4735,nan,0.4772,1,2822232
SP1,lal-osa-gir-2026-03-21,2026-03-21T17:30:00+00:00,D,1,0.28,0.2807,0.2696,0.2706,nan,0.2683,0,0
SP1,lal-osa-gir-2026-03-21,2026-03-21T17:30:00+00:00,D,6,0.28,0.2807,0.2696,0.2706,nan,0.2683,0,0
SP1,lal-osa-gir-2026-03-21,2026-03-21T17:30:00+00:00,D,24,0.28,0.2807,0.2696,0.2706,nan,0.2683,0,0
SP1,lal-osa-gir-2026-03-21,2026-03-21T17:30:00+00:00,A,1,0.25,0.2859,0.2636,0.2559,nan,0.2545,0,242887
SP1,lal-osa-gir-2026-03-21,2026-03-21T17:30:00+00:00,A,6,0.25,0.2859,0.2636,0.2559,nan,0.2545,0,242887
SP1,lal-osa-gir-2026-03-21,2026-03-21T17:30:00+00:00,A,24,0.28,0.2859,0.2636,0.2559,nan,0.2545,0,242887
SP1,lal-lev-ovi-2026-03-21,2026-03-21T17:30:00+00:00,H,1,0.41,0.4312,0.4102,0.4051,nan,0.4126,1,0
SP1,lal-lev-ovi-2026-03-21,2026-03-21T17:30:00+00:00,H,6,0.44,0.4312,0.4102,0.4051,nan,0.4126,1,0
SP1,lal-lev-ovi-2026-03-21,2026-03-21T17:30:00+00:00,H,24,0.43,0.4312,0.4102,0.4051,nan,0.4126,1,0
SP1,lal-lev-ovi-2026-03-21,2026-03-21T17:30:00+00:00,D,1,0.3,0.2866,0.2945,0.2975,nan,0.298,0,0
SP1,lal-lev-ovi-2026-03-21,2026-03-21T17:30:00+00:00,D,6,0.3,0.2866,0.2945,0.2975,nan,0.298,0,0
SP1,lal-lev-ovi-2026-03-21,2026-03-21T17:30:00+00:00,D,24,0.28,0.2866,0.2945,0.2975,nan,0.298,0,0
SP1,lal-lev-ovi-2026-03-21,2026-03-21T17:30:00+00:00,A,1,0.29,0.2823,0.2954,0.2975,nan,0.2894,0,0
SP1,lal-lev-ovi-2026-03-21,2026-03-21T17:30:00+00:00,A,6,0.28,0.2823,0.2954,0.2975,nan,0.2894,0,0
SP1,lal-lev-ovi-2026-03-21,2026-03-21T17:30:00+00:00,A,24,0.28,0.2823,0.2954,0.2975,nan,0.2894,0,0
SP1,lal-bar-ray-2026-03-22,2026-03-22T13:00:00+00:00,H,1,0.81,0.7639,0.783,0.7812,nan,0.8129,1,0
SP1,lal-bar-ray-2026-03-22,2026-03-22T13:00:00+00:00,H,6,0.8,0.7639,0.783,0.7812,nan,0.8129,1,0
SP1,lal-bar-ray-2026-03-22,2026-03-22T13:00:00+00:00,H,24,0.8,0.7639,0.783,0.7812,nan,0.8129,1,0
SP1,lal-bar-ray-2026-03-22,2026-03-22T13:00:00+00:00,D,1,0.12,0.1425,0.1323,0.125,nan,0.1209,0,0
SP1,lal-bar-ray-2026-03-22,2026-03-22T13:00:00+00:00,D,6,0.13,0.1425,0.1323,0.125,nan,0.1209,0,0
SP1,lal-bar-ray-2026-03-22,2026-03-22T13:00:00+00:00,D,24,0.13,0.1425,0.1323,0.125,nan,0.1209,0,0
SP1,lal-bar-ray-2026-03-22,2026-03-22T13:00:00+00:00,A,1,0.07,0.0936,0.0846,0.0938,nan,0.0661,0,0
SP1,lal-bar-ray-2026-03-22,2026-03-22T13:00:00+00:00,A,6,0.07,0.0936,0.0846,0.0938,nan,0.0661,0,0
SP1,lal-bar-ray-2026-03-22,2026-03-22T13:00:00+00:00,A,24,0.09,0.0936,0.0846,0.0938,nan,0.0661,0,0
SP1,lal-sev-val-2026-03-21,2026-03-21T20:00:00+00:00,H,1,0.42,0.4191,0.4309,0.4407,nan,0.4344,0,0
SP1,lal-sev-val-2026-03-21,2026-03-21T20:00:00+00:00,H,6,0.42,0.4191,0.4309,0.4407,nan,0.4344,0,0
SP1,lal-sev-val-2026-03-21,2026-03-21T20:00:00+00:00,H,24,0.43,0.4191,0.4309,0.4407,nan,0.4344,0,0
SP1,lal-sev-val-2026-03-21,2026-03-21T20:00:00+00:00,D,1,0.31,0.2999,0.2992,0.2961,nan,0.3027,0,0
SP1,lal-sev-val-2026-03-21,2026-03-21T20:00:00+00:00,D,6,0.31,0.2999,0.2992,0.2961,nan,0.3027,0,0
SP1,lal-sev-val-2026-03-21,2026-03-21T20:00:00+00:00,D,24,0.3,0.2999,0.2992,0.2961,nan,0.3027,0,0
SP1,lal-sev-val-2026-03-21,2026-03-21T20:00:00+00:00,A,1,0.27,0.281,0.2699,0.2632,nan,0.2629,1,0
SP1,lal-sev-val-2026-03-21,2026-03-21T20:00:00+00:00,A,6,0.28,0.281,0.2699,0.2632,nan,0.2629,1,0
SP1,lal-sev-val-2026-03-21,2026-03-21T20:00:00+00:00,A,24,0.27,0.281,0.2699,0.2632,nan,0.2629,1,0
SP1,lal-cel-ala-2026-03-22,2026-03-22T15:15:00+00:00,H,1,0.48,0.5172,0.4836,0.4899,nan,0.4872,0,0
SP1,lal-cel-ala-2026-03-22,2026-03-22T15:15:00+00:00,H,6,0.5,0.5172,0.4836,0.4899,nan,0.4872,0,0
SP1,lal-cel-ala-2026-03-22,2026-03-22T15:15:00+00:00,H,24,0.5,0.5172,0.4836,0.4899,nan,0.4872,0,0
SP1,lal-cel-ala-2026-03-22,2026-03-22T15:15:00+00:00,D,1,0.29,0.2811,0.2902,0.2895,nan,0.2967,0,0
SP1,lal-cel-ala-2026-03-22,2026-03-22T15:15:00+00:00,D,6,0.29,0.2811,0.2902,0.2895,nan,0.2967,0,0
SP1,lal-cel-ala-2026-03-22,2026-03-22T15:15:00+00:00,D,24,0.3,0.2811,0.2902,0.2895,nan,0.2967,0,0
SP1,lal-cel-ala-2026-03-22,2026-03-22T15:15:00+00:00,A,1,0.22,0.2017,0.2262,0.2206,nan,0.2161,1,0
SP1,lal-cel-ala-2026-03-22,2026-03-22T15:15:00+00:00,A,6,0.2,0.2017,0.2262,0.2206,nan,0.2161,1,0
SP1,lal-cel-ala-2026-03-22,2026-03-22T15:15:00+00:00,A,24,0.21,0.2017,0.2262,0.2206,nan,0.2161,1,0
SP1,lal-bil-bet-2026-03-22,2026-03-22T17:30:00+00:00,H,1,0.45,0.429,0.4698,0.4771,nan,0.4733,1,0
SP1,lal-bil-bet-2026-03-22,2026-03-22T17:30:00+00:00,H,6,0.45,0.429,0.4698,0.4771,nan,0.4733,1,0
SP1,lal-bil-bet-2026-03-22,2026-03-22T17:30:00+00:00,H,24,0.44,0.429,0.4698,0.4771,nan,0.4733,1,0
SP1,lal-bil-bet-2026-03-22,2026-03-22T17:30:00+00:00,D,1,0.28,0.2759,0.27,0.265,nan,0.2686,0,0
SP1,lal-bil-bet-2026-03-22,2026-03-22T17:30:00+00:00,D,6,0.28,0.2759,0.27,0.265,nan,0.2686,0,0
SP1,lal-bil-bet-2026-03-22,2026-03-22T17:30:00+00:00,D,24,0.28,0.2759,0.27,0.265,nan,0.2686,0,0
SP1,lal-bil-bet-2026-03-22,2026-03-22T17:30:00+00:00,A,1,0.28,0.2951,0.2603,0.2579,nan,0.2581,0,0
SP1,lal-bil-bet-2026-03-22,2026-03-22T17:30:00+00:00,A,6,0.29,0.2951,0.2603,0.2579,nan,0.2581,0,0
SP1,lal-bil-bet-2026-03-22,2026-03-22T17:30:00+00:00,A,24,0.28,0.2951,0.2603,0.2579,nan,0.2581,0,0
SP1,lal-rea-mad-2026-03-22,2026-03-22T20:00:00+00:00,H,1,0.49,0.489,0.4698,0.4628,nan,0.4617,1,0
SP1,lal-rea-mad-2026-03-22,2026-03-22T20:00:00+00:00,H,6,0.53,0.489,0.4698,0.4628,nan,0.4617,1,0
SP1,lal-rea-mad-2026-03-22,2026-03-22T20:00:00+00:00,H,24,0.52,0.489,0.4698,0.4628,nan,0.4617,1,0
SP1,lal-rea-mad-2026-03-22,2026-03-22T20:00:00+00:00,D,1,0.25,0.2471,0.2472,0.2497,nan,0.2493,0,0
SP1,lal-rea-mad-2026-03-22,2026-03-22T20:00:00+00:00,D,6,0.23,0.2471,0.2472,0.2497,nan,0.2493,0,0
SP1,lal-rea-mad-2026-03-22,2026-03-22T20:00:00+00:00,D,24,0.24,0.2471,0.2472,0.2497,nan,0.2493,0,0
SP1,lal-rea-mad-2026-03-22,2026-03-22T20:00:00+00:00,A,1,0.27,0.2639,0.283,0.2875,nan,0.289,0,0
SP1,lal-rea-mad-2026-03-22,2026-03-22T20:00:00+00:00,A,6,0.24,0.2639,0.283,0.2875,nan,0.289,0,0
SP1,lal-rea-mad-2026-03-22,2026-03-22T20:00:00+00:00,A,24,0.25,0.2639,0.283,0.2875,nan,0.289,0,0
SP1,lal-ray-elc-2026-04-03,2026-04-03T19:00:00+00:00,H,1,0.56,0.5488,0.5494,0.5496,nan,0.556,1,1322305
SP1,lal-ray-elc-2026-04-03,2026-04-03T19:00:00+00:00,H,6,0.56,0.5488,0.5494,0.5496,nan,0.556,1,1322305
SP1,lal-ray-elc-2026-04-03,2026-04-03T19:00:00+00:00,H,24,0.56,0.5488,0.5494,0.5496,nan,0.556,1,1322305
SP1,lal-ray-elc-2026-04-03,2026-04-03T19:00:00+00:00,D,1,0.25,0.2504,0.2499,0.2502,nan,0.2488,0,103293
SP1,lal-ray-elc-2026-04-03,2026-04-03T19:00:00+00:00,D,6,0.26,0.2504,0.2499,0.2502,nan,0.2488,0,103293
SP1,lal-ray-elc-2026-04-03,2026-04-03T19:00:00+00:00,D,24,0.26,0.2504,0.2499,0.2502,nan,0.2488,0,103293
SP1,lal-ray-elc-2026-04-03,2026-04-03T19:00:00+00:00,A,1,0.2,0.2008,0.2007,0.2002,nan,0.1952,0,99836
SP1,lal-ray-elc-2026-04-03,2026-04-03T19:00:00+00:00,A,6,0.2,0.2008,0.2007,0.2002,nan,0.1952,0,99836
SP1,lal-ray-elc-2026-04-03,2026-04-03T19:00:00+00:00,A,24,0.18,0.2008,0.2007,0.2002,nan,0.1952,0,99836
SP1,lal-rso-lev-2026-04-04,2026-04-04T12:00:00+00:00,H,1,0.62,0.6005,0.5988,0.5964,nan,0.6073,1,462268
SP1,lal-rso-lev-2026-04-04,2026-04-04T12:00:00+00:00,H,6,0.62,0.6005,0.5988,0.5964,nan,0.6073,1,462268
SP1,lal-rso-lev-2026-04-04,2026-04-04T12:00:00+00:00,H,24,0.61,0.6005,0.5988,0.5964,nan,0.6073,1,462268
SP1,lal-rso-lev-2026-04-04,2026-04-04T12:00:00+00:00,D,1,0.23,0.2255,0.2217,0.2163,nan,0.225,0,34616
SP1,lal-rso-lev-2026-04-04,2026-04-04T12:00:00+00:00,D,6,0.22,0.2255,0.2217,0.2163,nan,0.225,0,34616
SP1,lal-rso-lev-2026-04-04,2026-04-04T12:00:00+00:00,D,24,0.22,0.2255,0.2217,0.2163,nan,0.225,0,34616
SP1,lal-rso-lev-2026-04-04,2026-04-04T12:00:00+00:00,A,1,0.16,0.1739,0.1794,0.1873,nan,0.1678,0,41512
SP1,lal-rso-lev-2026-04-04,2026-04-04T12:00:00+00:00,A,6,0.16,0.1739,0.1794,0.1873,nan,0.1678,0,41512
SP1,lal-rso-lev-2026-04-04,2026-04-04T12:00:00+00:00,A,24,0.16,0.1739,0.1794,0.1873,nan,0.1678,0,41512
SP1,lal-mal-rea-2026-04-04,2026-04-04T14:15:00+00:00,H,1,0.16,0.1706,0.1735,0.1732,nan,0.1601,1,838817
SP1,lal-mal-rea-2026-04-04,2026-04-04T14:15:00+00:00,H,6,0.16,0.1706,0.1735,0.1732,nan,0.1601,1,838817
SP1,lal-mal-rea-2026-04-04,2026-04-04T14:15:00+00:00,H,24,0.16,0.1706,0.1735,0.1732,nan,0.1601,1,838817
SP1,lal-mal-rea-2026-04-04,2026-04-04T14:15:00+00:00,D,1,0.2195,0.2228,0.2129,0.22,nan,0.2157,0,566563
SP1,lal-mal-rea-2026-04-04,2026-04-04T14:15:00+00:00,D,6,0.21,0.2228,0.2129,0.22,nan,0.2157,0,566563
SP1,lal-mal-rea-2026-04-04,2026-04-04T14:15:00+00:00,D,24,0.22,0.2228,0.2129,0.22,nan,0.2157,0,566563
SP1,lal-mal-rea-2026-04-04,2026-04-04T14:15:00+00:00,A,1,0.62,0.6066,0.6136,0.6068,nan,0.6242,0,2741971
SP1,lal-mal-rea-2026-04-04,2026-04-04T14:15:00+00:00,A,6,0.64,0.6066,0.6136,0.6068,nan,0.6242,0,2741971
SP1,lal-mal-rea-2026-04-04,2026-04-04T14:15:00+00:00,A,24,0.63,0.6066,0.6136,0.6068,nan,0.6242,0,2741971
SP1,lal-bet-esp-2026-04-04,2026-04-04T16:30:00+00:00,H,1,0.55,0.5515,0.5295,0.5187,nan,0.5314,0,2288182
SP1,lal-bet-esp-2026-04-04,2026-04-04T16:30:00+00:00,H,6,0.58,0.5515,0.5295,0.5187,nan,0.5314,0,2288182
SP1,lal-bet-esp-2026-04-04,2026-04-04T16:30:00+00:00,H,24,0.57,0.5515,0.5295,0.5187,nan,0.5314,0,2288182
SP1,lal-bet-esp-2026-04-04,2026-04-04T16:30:00+00:00,D,1,0.25,0.2431,0.2534,0.2498,nan,0.2615,1,93226
SP1,lal-bet-esp-2026-04-04,2026-04-04T16:30:00+00:00,D,6,0.24,0.2431,0.2534,0.2498,nan,0.2615,1,93226
SP1,lal-bet-esp-2026-04-04,2026-04-04T16:30:00+00:00,D,24,0.24,0.2431,0.2534,0.2498,nan,0.2615,1,93226
SP1,lal-bet-esp-2026-04-04,2026-04-04T16:30:00+00:00,A,1,0.21,0.2055,0.2172,0.2315,nan,0.207,0,92567
SP1,lal-bet-esp-2026-04-04,2026-04-04T16:30:00+00:00,A,6,0.2,0.2055,0.2172,0.2315,nan,0.207,0,92567
SP1,lal-bet-esp-2026-04-04,2026-04-04T16:30:00+00:00,A,24,0.21,0.2055,0.2172,0.2315,nan,0.207,0,92567
SP1,lal-mad-bar-2026-04-04,2026-04-04T19:00:00+00:00,H,1,0.29,0.3134,0.2924,0.2907,nan,0.2877,0,806990
SP1,lal-mad-bar-2026-04-04,2026-04-04T19:00:00+00:00,H,6,0.32,0.3134,0.2924,0.2907,nan,0.2877,0,806990
SP1,lal-mad-bar-2026-04-04,2026-04-04T19:00:00+00:00,H,24,0.31,0.3134,0.2924,0.2907,nan,0.2877,0,806990
SP1,lal-mad-bar-2026-04-04,2026-04-04T19:00:00+00:00,D,1,0.23,0.2494,0.2359,0.2249,nan,0.2256,0,247925
SP1,lal-mad-bar-2026-04-04,2026-04-04T19:00:00+00:00,D,6,0.24,0.2494,0.2359,0.2249,nan,0.2256,0,247925
SP1,lal-mad-bar-2026-04-04,2026-04-04T19:00:00+00:00,D,24,0.24,0.2494,0.2359,0.2249,nan,0.2256,0,247925
SP1,lal-mad-bar-2026-04-04,2026-04-04T19:00:00+00:00,A,1,0.48,0.4373,0.4717,0.4844,nan,0.4866,1,6464063
SP1,lal-mad-bar-2026-04-04,2026-04-04T19:00:00+00:00,A,6,0.46,0.4373,0.4717,0.4844,nan,0.4866,1,6464063
SP1,lal-mad-bar-2026-04-04,2026-04-04T19:00:00+00:00,A,24,0.45,0.4373,0.4717,0.4844,nan,0.4866,1,6464063
SP1,lal-get-bil-2026-04-05,2026-04-05T12:00:00+00:00,H,1,0.3,0.3128,0.2882,0.2863,nan,0.2834,1,370982
SP1,lal-get-bil-2026-04-05,2026-04-05T12:00:00+00:00,H,6,0.32,0.3128,0.2882,0.2863,nan,0.2834,1,370982
SP1,lal-get-bil-2026-04-05,2026-04-05T12:00:00+00:00,H,24,0.31,0.3128,0.2882,0.2863,nan,0.2834,1,370982
SP1,lal-get-bil-2026-04-05,2026-04-05T12:00:00+00:00,D,1,0.34,0.3316,0.3318,0.3281,nan,0.3351,0,91663
SP1,lal-get-bil-2026-04-05,2026-04-05T12:00:00+00:00,D,6,0.33,0.3316,0.3318,0.3281,nan,0.3351,0,91663
SP1,lal-get-bil-2026-04-05,2026-04-05T12:00:00+00:00,D,24,0.34,0.3316,0.3318,0.3281,nan,0.3351,0,91663
SP1,lal-get-bil-2026-04-05,2026-04-05T12:00:00+00:00,A,1,0.36,0.3556,0.38,0.3856,nan,0.3815,0,326565
SP1,lal-get-bil-2026-04-05,2026-04-05T12:00:00+00:00,A,6,0.36,0.3556,0.38,0.3856,nan,0.3815,0,326565
SP1,lal-get-bil-2026-04-05,2026-04-05T12:00:00+00:00,A,24,0.36,0.3556,0.38,0.3856,nan,0.3815,0,326565
SP1,lal-val-cel-2026-04-05,2026-04-05T14:15:00+00:00,H,1,0.41,0.4059,0.4044,0.398,nan,0.4013,0,229183
SP1,lal-val-cel-2026-04-05,2026-04-05T14:15:00+00:00,H,6,0.41,0.4059,0.4044,0.398,nan,0.4013,0,229183
SP1,lal-val-cel-2026-04-05,2026-04-05T14:15:00+00:00,H,24,0.42,0.4059,0.4044,0.398,nan,0.4013,0,229183
SP1,lal-val-cel-2026-04-05,2026-04-05T14:15:00+00:00,D,1,0.29,0.29,0.2926,0.2939,nan,0.3016,0,167507
SP1,lal-val-cel-2026-04-05,2026-04-05T14:15:00+00:00,D,6,0.29,0.29,0.2926,0.2939,nan,0.3016,0,167507
SP1,lal-val-cel-2026-04-05,2026-04-05T14:15:00+00:00,D,24,0.3,0.29,0.2926,0.2939,nan,0.3016,0,167507
SP1,lal-val-cel-2026-04-05,2026-04-05T14:15:00+00:00,A,1,0.31,0.3041,0.303,0.3081,nan,0.2971,1,285743
SP1,lal-val-cel-2026-04-05,2026-04-05T14:15:00+00:00,A,6,0.3,0.3041,0.303,0.3081,nan,0.2971,1,285743
SP1,lal-val-cel-2026-04-05,2026-04-05T14:15:00+00:00,A,24,0.31,0.3041,0.303,0.3081,nan,0.2971,1,285743
SP1,lal-ovi-sev-2026-04-05,2026-04-05T16:30:00+00:00,H,1,0.34,0.3314,0.3371,0.3367,nan,0.3351,1,317519
SP1,lal-ovi-sev-2026-04-05,2026-04-05T16:30:00+00:00,H,6,0.34,0.3314,0.3371,0.3367,nan,0.3351,1,317519
SP1,lal-ovi-sev-2026-04-05,2026-04-05T16:30:00+00:00,H,24,0.34,0.3314,0.3371,0.3367,nan,0.3351,1,317519
SP1,lal-ovi-sev-2026-04-05,2026-04-05T16:30:00+00:00,D,1,0.33,0.3146,0.321,0.3142,nan,0.3252,0,60559
SP1,lal-ovi-sev-2026-04-05,2026-04-05T16:30:00+00:00,D,6,0.33,0.3146,0.321,0.3142,nan,0.3252,0,60559
SP1,lal-ovi-sev-2026-04-05,2026-04-05T16:30:00+00:00,D,24,0.31,0.3146,0.321,0.3142,nan,0.3252,0,60559
SP1,lal-ovi-sev-2026-04-05,2026-04-05T16:30:00+00:00,A,1,0.34,0.354,0.342,0.3491,nan,0.3397,0,435366
SP1,lal-ovi-sev-2026-04-05,2026-04-05T16:30:00+00:00,A,6,0.32,0.354,0.342,0.3491,nan,0.3397,0,435366
SP1,lal-ovi-sev-2026-04-05,2026-04-05T16:30:00+00:00,A,24,0.35,0.354,0.342,0.3491,nan,0.3397,0,435366
SP1,lal-ala-osa-2026-04-05,2026-04-05T19:00:00+00:00,H,1,0.36,0.3847,0.3513,0.3442,nan,0.3416,0,411405
SP1,lal-ala-osa-2026-04-05,2026-04-05T19:00:00+00:00,H,6,0.36,0.3847,0.3513,0.3442,nan,0.3416,0,411405
SP1,lal-ala-osa-2026-04-05,2026-04-05T19:00:00+00:00,H,24,0.39,0.3847,0.3513,0.3442,nan,0.3416,0,411405
SP1,lal-ala-osa-2026-04-05,2026-04-05T19:00:00+00:00,D,1,0.31,0.3006,0.3037,0.2958,nan,0.3096,1,186253
SP1,lal-ala-osa-2026-04-05,2026-04-05T19:00:00+00:00,D,6,0.3,0.3006,0.3037,0.2958,nan,0.3096,1,186253
SP1,lal-ala-osa-2026-04-05,2026-04-05T19:00:00+00:00,D,24,0.3,0.3006,0.3037,0.2958,nan,0.3096,1,186253
SP1,lal-ala-osa-2026-04-05,2026-04-05T19:00:00+00:00,A,1,0.34,0.3147,0.3449,0.3599,nan,0.3488,0,814582
SP1,lal-ala-osa-2026-04-05,2026-04-05T19:00:00+00:00,A,6,0.33,0.3147,0.3449,0.3599,nan,0.3488,0,814582
SP1,lal-ala-osa-2026-04-05,2026-04-05T19:00:00+00:00,A,24,0.31,0.3147,0.3449,0.3599,nan,0.3488,0,814582
SP1,lal-gir-vil-2026-04-06,2026-04-06T19:00:00+00:00,H,1,0.31,0.3024,0.3222,0.3216,nan,0.3206,1,469433
SP1,lal-gir-vil-2026-04-06,2026-04-06T19:00:00+00:00,H,6,0.33,0.3024,0.3222,0.3216,nan,0.3206,1,469433
SP1,lal-gir-vil-2026-04-06,2026-04-06T19:00:00+00:00,H,24,0.31,0.3024,0.3222,0.3216,nan,0.3206,1,469433
SP1,lal-gir-vil-2026-04-06,2026-04-06T19:00:00+00:00,D,1,0.27,0.2709,0.2674,0.268,nan,0.2686,0,145836
SP1,lal-gir-vil-2026-04-06,2026-04-06T19:00:00+00:00,D,6,0.28,0.2709,0.2674,0.268,nan,0.2686,0,145836
SP1,lal-gir-vil-2026-04-06,2026-04-06T19:00:00+00:00,D,24,0.28,0.2709,0.2674,0.268,nan,0.2686,0,145836
SP1,lal-gir-vil-2026-04-06,2026-04-06T19:00:00+00:00,A,1,0.42,0.4267,0.4104,0.4105,nan,0.4107,0,1021311
SP1,lal-gir-vil-2026-04-06,2026-04-06T19:00:00+00:00,A,6,0.4,0.4267,0.4104,0.4105,nan,0.4107,0,1021311
SP1,lal-gir-vil-2026-04-06,2026-04-06T19:00:00+00:00,A,24,0.44,0.4267,0.4104,0.4105,nan,0.4107,0,1021311
SP1,lal-rea-gir-2026-04-10,2026-04-10T19:00:00+00:00,H,1,0.74,0.726,0.7169,0.7301,nan,0.7377,0,2070571
SP1,lal-rea-gir-2026-04-10,2026-04-10T19:00:00+00:00,H,6,0.75,0.726,0.7169,0.7301,nan,0.7377,0,2070571
SP1,lal-rea-gir-2026-04-10,2026-04-10T19:00:00+00:00,H,24,0.76,0.726,0.7169,0.7301,nan,0.7377,0,2070571
SP1,lal-rea-gir-2026-04-10,2026-04-10T19:00:00+00:00,D,1,0.16,0.1639,0.1634,0.1582,nan,0.1606,1,252224
SP1,lal-rea-gir-2026-04-10,2026-04-10T19:00:00+00:00,D,6,0.16,0.1639,0.1634,0.1582,nan,0.1606,1,252224
SP1,lal-rea-gir-2026-04-10,2026-04-10T19:00:00+00:00,D,24,0.15,0.1639,0.1634,0.1582,nan,0.1606,1,252224
SP1,lal-rea-gir-2026-04-10,2026-04-10T19:00:00+00:00,A,1,0.1,0.1101,0.1196,0.1117,nan,0.1016,0,961472
SP1,lal-rea-gir-2026-04-10,2026-04-10T19:00:00+00:00,A,6,0.11,0.1101,0.1196,0.1117,nan,0.1016,0,961472
SP1,lal-rea-gir-2026-04-10,2026-04-10T19:00:00+00:00,A,24,0.1,0.1101,0.1196,0.1117,nan,0.1016,0,961472
SP1,lal-rso-ala-2026-04-11,2026-04-11T12:00:00+00:00,H,1,0.52,0.5468,0.5162,0.5257,nan,0.524,0,916727
SP1,lal-rso-ala-2026-04-11,2026-04-11T12:00:00+00:00,H,6,0.56,0.5468,0.5162,0.5257,nan,0.524,0,916727
SP1,lal-rso-ala-2026-04-11,2026-04-11T12:00:00+00:00,H,24,0.57,0.5468,0.5162,0.5257,nan,0.524,0,916727
SP1,lal-rso-ala-2026-04-11,2026-04-11T12:00:00+00:00,D,1,0.25,0.2556,0.2617,0.2558,nan,0.2606,1,99067
SP1,lal-rso-ala-2026-04-11,2026-04-11T12:00:00+00:00,D,6,0.25,0.2556,0.2617,0.2558,nan,0.2606,1,99067
SP1,lal-rso-ala-2026-04-11,2026-04-11T12:00:00+00:00,D,24,0.25,0.2556,0.2617,0.2558,nan,0.2606,1,99067
SP1,lal-rso-ala-2026-04-11,2026-04-11T12:00:00+00:00,A,1,0.21,0.1976,0.2221,0.2185,nan,0.2153,0,148789
SP1,lal-rso-ala-2026-04-11,2026-04-11T12:00:00+00:00,A,6,0.19,0.1976,0.2221,0.2185,nan,0.2153,0,148789
SP1,lal-rso-ala-2026-04-11,2026-04-11T12:00:00+00:00,A,24,0.19,0.1976,0.2221,0.2185,nan,0.2153,0,148789
SP1,lal-elc-val-2026-04-11,2026-04-11T14:15:00+00:00,H,1,0.36,0.3766,0.363,0.3533,nan,0.3584,1,362902
SP1,lal-elc-val-2026-04-11,2026-04-11T14:15:00+00:00,H,6,0.36,0.3766,0.363,0.3533,nan,0.3584,1,362902
SP1,lal-elc-val-2026-04-11,2026-04-11T14:15:00+00:00,H,24,0.38,0.3766,0.363,0.3533,nan,0.3584,1,362902
SP1,lal-elc-val-2026-04-11,2026-04-11T14:15:00+00:00,D,1,0.28,0.2906,0.2782,0.2726,nan,0.2806,0,85912
SP1,lal-elc-val-2026-04-11,2026-04-11T14:15:00+00:00,D,6,0.3,0.2906,0.2782,0.2726,nan,0.2806,0,85912
SP1,lal-elc-val-2026-04-11,2026-04-11T14:15:00+00:00,D,24,0.3,0.2906,0.2782,0.2726,nan,0.2806,0,85912
SP1,lal-elc-val-2026-04-11,2026-04-11T14:15:00+00:00,A,1,0.35,0.3327,0.3588,0.3741,nan,0.361,0,109650
SP1,lal-elc-val-2026-04-11,2026-04-11T14:15:00+00:00,A,6,0.34,0.3327,0.3588,0.3741,nan,0.361,0,109650
SP1,lal-elc-val-2026-04-11,2026-04-11T14:15:00+00:00,A,24,0.34,0.3327,0.3588,0.3741,nan,0.361,0,109650
SP1,lal-bar-esp-2026-04-11,2026-04-11T16:30:00+00:00,H,1,0.74,0.7488,0.7225,0.7296,nan,0.7456,1,2863067
SP1,lal-bar-esp-2026-04-11,2026-04-11T16:30:00+00:00,H,6,0.74,0.7488,0.7225,0.7296,nan,0.7456,1,2863067
SP1,lal-bar-esp-2026-04-11,2026-04-11T16:30:00+00:00,H,24,0.76,0.7488,0.7225,0.7296,nan,0.7456,1,2863067
SP1,lal-bar-esp-2026-04-11,2026-04-11T16:30:00+00:00,D,1,0.16,0.1507,0.1665,0.165,nan,0.1599,0,324075
SP1,lal-bar-esp-2026-04-11,2026-04-11T16:30:00+00:00,D,6,0.16,0.1507,0.1665,0.165,nan,0.1599,0,324075
SP1,lal-bar-esp-2026-04-11,2026-04-11T16:30:00+00:00,D,24,0.14,0.1507,0.1665,0.165,nan,0.1599,0,324075
SP1,lal-bar-esp-2026-04-11,2026-04-11T16:30:00+00:00,A,1,0.1,0.1005,0.111,0.1054,nan,0.0944,0,365462
SP1,lal-bar-esp-2026-04-11,2026-04-11T16:30:00+00:00,A,6,0.11,0.1005,0.111,0.1054,nan,0.0944,0,365462
SP1,lal-bar-esp-2026-04-11,2026-04-11T16:30:00+00:00,A,24,0.1,0.1005,0.111,0.1054,nan,0.0944,0,365462
SP1,lal-sev-mad-2026-04-11,2026-04-11T19:00:00+00:00,H,1,0.43,0.3392,0.4239,0.4407,nan,0.4316,1,2194670
SP1,lal-sev-mad-2026-04-11,2026-04-11T19:00:00+00:00,H,6,0.42,0.3392,0.4239,0.4407,nan,0.4316,1,2194670
SP1,lal-sev-mad-2026-04-11,2026-04-11T19:00:00+00:00,H,24,0.39,0.3392,0.4239,0.4407,nan,0.4316,1,2194670
SP1,lal-sev-mad-2026-04-11,2026-04-11T19:00:00+00:00,D,1,0.27,0.3022,0.2732,0.2632,nan,0.272,0,381283
SP1,lal-sev-mad-2026-04-11,2026-04-11T19:00:00+00:00,D,6,0.28,0.3022,0.2732,0.2632,nan,0.272,0,381283
SP1,lal-sev-mad-2026-04-11,2026-04-11T19:00:00+00:00,D,24,0.3,0.3022,0.2732,0.2632,nan,0.272,0,381283
SP1,lal-sev-mad-2026-04-11,2026-04-11T19:00:00+00:00,A,1,0.3,0.3586,0.303,0.2961,nan,0.2964,0,1215298
SP1,lal-sev-mad-2026-04-11,2026-04-11T19:00:00+00:00,A,6,0.3,0.3586,0.303,0.2961,nan,0.2964,0,1215298
SP1,lal-sev-mad-2026-04-11,2026-04-11T19:00:00+00:00,A,24,0.32,0.3586,0.303,0.2961,nan,0.2964,0,1215298
SP1,lal-osa-bet-2026-04-12,2026-04-12T12:00:00+00:00,H,1,0.43,0.4256,0.4178,0.41,nan,0.4166,0,118953
SP1,lal-osa-bet-2026-04-12,2026-04-12T12:00:00+00:00,H,6,0.44,0.4256,0.4178,0.41,nan,0.4166,0,118953
SP1,lal-osa-bet-2026-04-12,2026-04-12T12:00:00+00:00,H,24,0.44,0.4256,0.4178,0.41,nan,0.4166,0,118953
SP1,lal-osa-bet-2026-04-12,2026-04-12T12:00:00+00:00,D,1,0.29,0.2762,0.2789,0.2858,nan,0.2874,1,37576
SP1,lal-osa-bet-2026-04-12,2026-04-12T12:00:00+00:00,D,6,0.28,0.2762,0.2789,0.2858,nan,0.2874,1,37576
SP1,lal-osa-bet-2026-04-12,2026-04-12T12:00:00+00:00,D,24,0.28,0.2762,0.2789,0.2858,nan,0.2874,1,37576
SP1,lal-osa-bet-2026-04-12,2026-04-12T12:00:00+00:00,A,1,0.28,0.2982,0.3032,0.3042,nan,0.296,0,166544
SP1,lal-osa-bet-2026-04-12,2026-04-12T12:00:00+00:00,A,6,0.29,0.2982,0.3032,0.3042,nan,0.296,0,166544
SP1,lal-osa-bet-2026-04-12,2026-04-12T12:00:00+00:00,A,24,0.29,0.2982,0.3032,0.3042,nan,0.296,0,166544
SP1,lal-cel-ovi-2026-04-12,2026-04-12T16:30:00+00:00,H,1,0.55,0.5632,0.5444,0.5283,nan,0.5501,0,411731
SP1,lal-cel-ovi-2026-04-12,2026-04-12T16:30:00+00:00,H,6,0.57,0.5632,0.5444,0.5283,nan,0.5501,0,411731
SP1,lal-cel-ovi-2026-04-12,2026-04-12T16:30:00+00:00,H,24,0.54,0.5632,0.5444,0.5283,nan,0.5501,0,411731
SP1,lal-cel-ovi-2026-04-12,2026-04-12T16:30:00+00:00,D,1,0.28,0.246,0.266,0.2721,nan,0.2655,0,156361
SP1,lal-cel-ovi-2026-04-12,2026-04-12T16:30:00+00:00,D,6,0.25,0.246,0.266,0.2721,nan,0.2655,0,156361
SP1,lal-cel-ovi-2026-04-12,2026-04-12T16:30:00+00:00,D,24,0.24,0.246,0.266,0.2721,nan,0.2655,0,156361
SP1,lal-cel-ovi-2026-04-12,2026-04-12T16:30:00+00:00,A,1,0.19,0.1908,0.1896,0.1996,nan,0.1844,1,164472
SP1,lal-cel-ovi-2026-04-12,2026-04-12T16:30:00+00:00,A,6,0.19,0.1908,0.1896,0.1996,nan,0.1844,1,164472
SP1,lal-cel-ovi-2026-04-12,2026-04-12T16:30:00+00:00,A,24,0.2,0.1908,0.1896,0.1996,nan,0.1844,1,164472
SP1,lal-mal-ray-2026-04-12,2026-04-12T14:15:00+00:00,H,1,0.41,0.3877,0.3922,0.3889,nan,0.392,1,608930
SP1,lal-mal-ray-2026-04-12,2026-04-12T14:15:00+00:00,H,6,0.41,0.3877,0.3922,0.3889,nan,0.392,1,608930
SP1,lal-mal-ray-2026-04-12,2026-04-12T14:15:00+00:00,H,24,0.41,0.3877,0.3922,0.3889,nan,0.392,1,608930
SP1,lal-mal-ray-2026-04-12,2026-04-12T14:15:00+00:00,D,1,0.31,0.2966,0.2887,0.2802,nan,0.3017,0,557001
SP1,lal-mal-ray-2026-04-12,2026-04-12T14:15:00+00:00,D,6,0.31,0.2966,0.2887,0.2802,nan,0.3017,0,557001
SP1,lal-mal-ray-2026-04-12,2026-04-12T14:15:00+00:00,D,24,0.3,0.2966,0.2887,0.2802,nan,0.3017,0,557001
SP1,lal-mal-ray-2026-04-12,2026-04-12T14:15:00+00:00,A,1,0.29,0.3157,0.3191,0.3308,nan,0.3063,0,50861
SP1,lal-mal-ray-2026-04-12,2026-04-12T14:15:00+00:00,A,6,0.3,0.3157,0.3191,0.3308,nan,0.3063,0,50861
SP1,lal-mal-ray-2026-04-12,2026-04-12T14:15:00+00:00,A,24,0.3,0.3157,0.3191,0.3308,nan,0.3063,0,50861
SP1,lal-bil-vil-2026-04-12,2026-04-12T19:00:00+00:00,H,1,0.47,0.4135,0.4633,0.4735,nan,0.4692,0,335042
SP1,lal-bil-vil-2026-04-12,2026-04-12T19:00:00+00:00,H,6,0.46,0.4135,0.4633,0.4735,nan,0.4692,0,335042
SP1,lal-bil-vil-2026-04-12,2026-04-12T19:00:00+00:00,H,24,0.42,0.4135,0.4633,0.4735,nan,0.4692,0,335042
SP1,lal-bil-vil-2026-04-12,2026-04-12T19:00:00+00:00,D,1,0.28,0.274,0.2718,0.2706,nan,0.2725,0,115542
SP1,lal-bil-vil-2026-04-12,2026-04-12T19:00:00+00:00,D,6,0.28,0.274,0.2718,0.2706,nan,0.2725,0,115542
SP1,lal-bil-vil-2026-04-12,2026-04-12T19:00:00+00:00,D,24,0.28,0.274,0.2718,0.2706,nan,0.2725,0,115542
SP1,lal-bil-vil-2026-04-12,2026-04-12T19:00:00+00:00,A,1,0.27,0.3125,0.2649,0.2559,nan,0.2583,1,1542522
SP1,lal-bil-vil-2026-04-12,2026-04-12T19:00:00+00:00,A,6,0.27,0.3125,0.2649,0.2559,nan,0.2583,1,1542522
SP1,lal-bil-vil-2026-04-12,2026-04-12T19:00:00+00:00,A,24,0.31,0.3125,0.2649,0.2559,nan,0.2583,1,1542522
SP1,lal-mal-val-2026-04-21,2026-04-21T17:00:00+00:00,H,1,0.38,0.3737,0.3592,0.3548,nan,nan,0,293263
SP1,lal-mal-val-2026-04-21,2026-04-21T17:00:00+00:00,H,6,0.38,0.3737,0.3592,0.3548,nan,nan,0,293263
SP1,lal-mal-val-2026-04-21,2026-04-21T17:00:00+00:00,H,24,0.39,0.3737,0.3592,0.3548,nan,nan,0,293263
SP1,lal-mal-val-2026-04-21,2026-04-21T17:00:00+00:00,D,1,0.3,0.3006,0.2997,0.2903,nan,nan,1,343701
SP1,lal-mal-val-2026-04-21,2026-04-21T17:00:00+00:00,D,6,0.31,0.3006,0.2997,0.2903,nan,nan,1,343701
SP1,lal-mal-val-2026-04-21,2026-04-21T17:00:00+00:00,D,24,0.31,0.3006,0.2997,0.2903,nan,nan,1,343701
SP1,lal-mal-val-2026-04-21,2026-04-21T17:00:00+00:00,A,1,0.33,0.3257,0.341,0.3548,nan,nan,0,163841
SP1,lal-mal-val-2026-04-21,2026-04-21T17:00:00+00:00,A,6,0.33,0.3257,0.341,0.3548,nan,nan,0,163841
SP1,lal-mal-val-2026-04-21,2026-04-21T17:00:00+00:00,A,24,0.32,0.3257,0.341,0.3548,nan,nan,0,163841
SP1,lal-bil-osa-2026-04-21,2026-04-21T17:00:00+00:00,H,1,0.53,0.516,0.5104,0.4997,nan,nan,1,1034122
SP1,lal-bil-osa-2026-04-21,2026-04-21T17:00:00+00:00,H,6,0.54,0.516,0.5104,0.4997,nan,nan,1,1034122
SP1,lal-bil-osa-2026-04-21,2026-04-21T17:00:00+00:00,H,24,0.52,0.516,0.5104,0.4997,nan,nan,1,1034122
SP1,lal-bil-osa-2026-04-21,2026-04-21T17:00:00+00:00,D,1,0.27,0.2706,0.2746,0.2802,nan,nan,0,393185
SP1,lal-bil-osa-2026-04-21,2026-04-21T17:00:00+00:00,D,6,0.28,0.2706,0.2746,0.2802,nan,nan,0,393185
SP1,lal-bil-osa-2026-04-21,2026-04-21T17:00:00+00:00,D,24,0.29,0.2706,0.2746,0.2802,nan,nan,0,393185
SP1,lal-bil-osa-2026-04-21,2026-04-21T17:00:00+00:00,A,1,0.19,0.2134,0.2149,0.2201,nan,nan,0,348842
SP1,lal-bil-osa-2026-04-21,2026-04-21T17:00:00+00:00,A,6,0.21,0.2134,0.2149,0.2201,nan,nan,0,348842
SP1,lal-bil-osa-2026-04-21,2026-04-21T17:00:00+00:00,A,24,0.21,0.2134,0.2149,0.2201,nan,nan,0,348842
SP1,lal-lev-get-2026-04-13,2026-04-13T19:00:00+00:00,H,1,0.35,0.3473,0.3607,0.3659,nan,0.363,1,384447
SP1,lal-lev-get-2026-04-13,2026-04-13T19:00:00+00:00,H,6,0.37,0.3473,0.3607,0.3659,nan,0.363,1,384447
SP1,lal-lev-get-2026-04-13,2026-04-13T19:00:00+00:00,H,24,0.35,0.3473,0.3607,0.3659,nan,0.363,1,384447
SP1,lal-lev-get-2026-04-13,2026-04-13T19:00:00+00:00,D,1,0.34,0.3167,0.3191,0.3171,nan,0.3261,0,96951
SP1,lal-lev-get-2026-04-13,2026-04-13T19:00:00+00:00,D,6,0.34,0.3167,0.3191,0.3171,nan,0.3261,0,96951
SP1,lal-lev-get-2026-04-13,2026-04-13T19:00:00+00:00,D,24,0.33,0.3167,0.3191,0.3171,nan,0.3261,0,96951
SP1,lal-lev-get-2026-04-13,2026-04-13T19:00:00+00:00,A,1,0.33,0.336,0.3202,0.3171,nan,0.3108,0,386573
SP1,lal-lev-get-2026-04-13,2026-04-13T19:00:00+00:00,A,6,0.31,0.336,0.3202,0.3171,nan,0.3108,0,386573
SP1,lal-lev-get-2026-04-13,2026-04-13T19:00:00+00:00,A,24,0.32,0.336,0.3202,0.3171,nan,0.3108,0,386573
SP1,lal-gir-bet-2026-04-21,2026-04-21T19:30:00+00:00,H,1,0.39,0.3938,0.3916,0.3939,nan,nan,0,270298
SP1,lal-gir-bet-2026-04-21,2026-04-21T19:30:00+00:00,H,6,0.41,0.3938,0.3916,0.3939,nan,nan,0,270298
SP1,lal-gir-bet-2026-04-21,2026-04-21T19:30:00+00:00,H,24,0.39,0.3938,0.3916,0.3939,nan,nan,0,270298
SP1,lal-gir-bet-2026-04-21,2026-04-21T19:30:00+00:00,D,1,0.29,0.2793,0.2831,0.2909,nan,nan,0,163512
SP1,lal-gir-bet-2026-04-21,2026-04-21T19:30:00+00:00,D,6,0.29,0.2793,0.2831,0.2909,nan,nan,0,163512
SP1,lal-gir-bet-2026-04-21,2026-04-21T19:30:00+00:00,D,24,0.29,0.2793,0.2831,0.2909,nan,nan,0,163512
SP1,lal-gir-bet-2026-04-21,2026-04-21T19:30:00+00:00,A,1,0.33,0.3268,0.3252,0.3152,nan,nan,1,271506
SP1,lal-gir-bet-2026-04-21,2026-04-21T19:30:00+00:00,A,6,0.33,0.3268,0.3252,0.3152,nan,nan,1,271506
SP1,lal-gir-bet-2026-04-21,2026-04-21T19:30:00+00:00,A,24,0.34,0.3268,0.3252,0.3152,nan,nan,1,271506
SP1,lal-rea-ala-2026-04-21,2026-04-21T19:30:00+00:00,H,1,0.81,0.7693,0.7885,0.7784,nan,nan,1,6021425
SP1,lal-rea-ala-2026-04-21,2026-04-21T19:30:00+00:00,H,6,0.8,0.7693,0.7885,0.7784,nan,nan,1,6021425
SP1,lal-rea-ala-2026-04-21,2026-04-21T19:30:00+00:00,H,24,0.78,0.7693,0.7885,0.7784,nan,nan,1,6021425
SP1,lal-rea-ala-2026-04-21,2026-04-21T19:30:00+00:00,D,1,0.12,0.1465,0.1303,0.1266,nan,nan,0,186724
SP1,lal-rea-ala-2026-04-21,2026-04-21T19:30:00+00:00,D,6,0.13,0.1465,0.1303,0.1266,nan,nan,0,186724
SP1,lal-rea-ala-2026-04-21,2026-04-21T19:30:00+00:00,D,24,0.14,0.1465,0.1303,0.1266,nan,nan,0,186724
SP1,lal-rea-ala-2026-04-21,2026-04-21T19:30:00+00:00,A,1,0.07,0.0843,0.0812,0.095,nan,nan,0,459602
SP1,lal-rea-ala-2026-04-21,2026-04-21T19:30:00+00:00,A,6,0.07,0.0843,0.0812,0.095,nan,nan,0,459602
SP1,lal-rea-ala-2026-04-21,2026-04-21T19:30:00+00:00,A,24,0.08,0.0843,0.0812,0.095,nan,nan,0,459602
SP1,lal-elc-mad-2026-04-22,2026-04-22T17:00:00+00:00,H,1,0.4,0.3546,0.3886,0.3892,nan,nan,1,2323414
SP1,lal-elc-mad-2026-04-22,2026-04-22T17:00:00+00:00,H,6,0.41,0.3546,0.3886,0.3892,nan,nan,1,2323414
SP1,lal-elc-mad-2026-04-22,2026-04-22T17:00:00+00:00,H,24,0.39,0.3546,0.3886,0.3892,nan,nan,1,2323414
SP1,lal-elc-mad-2026-04-22,2026-04-22T17:00:00+00:00,D,1,0.27,0.2603,0.2616,0.2577,nan,nan,0,379217
SP1,lal-elc-mad-2026-04-22,2026-04-22T17:00:00+00:00,D,6,0.27,0.2603,0.2616,0.2577,nan,nan,0,379217
SP1,lal-elc-mad-2026-04-22,2026-04-22T17:00:00+00:00,D,24,0.26,0.2603,0.2616,0.2577,nan,nan,0,379217
SP1,lal-elc-mad-2026-04-22,2026-04-22T17:00:00+00:00,A,1,0.33,0.3851,0.3498,0.3531,nan,nan,0,2302627
SP1,lal-elc-mad-2026-04-22,2026-04-22T17:00:00+00:00,A,6,0.34,0.3851,0.3498,0.3531,nan,nan,0,2302627
SP1,lal-elc-mad-2026-04-22,2026-04-22T17:00:00+00:00,A,24,0.36,0.3851,0.3498,0.3531,nan,nan,0,2302627
SP1,lal-rso-get-2026-04-22,2026-04-22T18:00:00+00:00,H,1,0.44,0.4242,0.4257,0.4126,nan,nan,0,377354
SP1,lal-rso-get-2026-04-22,2026-04-22T18:00:00+00:00,H,6,0.45,0.4242,0.4257,0.4126,nan,nan,0,377354
SP1,lal-rso-get-2026-04-22,2026-04-22T18:00:00+00:00,H,24,0.43,0.4242,0.4257,0.4126,nan,nan,0,377354
SP1,lal-rso-get-2026-04-22,2026-04-22T18:00:00+00:00,D,1,0.32,0.3128,0.3115,0.3163,nan,nan,0,146094
SP1,lal-rso-get-2026-04-22,2026-04-22T18:00:00+00:00,D,6,0.31,0.3128,0.3115,0.3163,nan,nan,0,146094
SP1,lal-rso-get-2026-04-22,2026-04-22T18:00:00+00:00,D,24,0.31,0.3128,0.3115,0.3163,nan,nan,0,146094
SP1,lal-rso-get-2026-04-22,2026-04-22T18:00:00+00:00,A,1,0.25,0.263,0.2628,0.2711,nan,nan,1,249330
SP1,lal-rso-get-2026-04-22,2026-04-22T18:00:00+00:00,A,6,0.24,0.263,0.2628,0.2711,nan,nan,1,249330
SP1,lal-rso-get-2026-04-22,2026-04-22T18:00:00+00:00,A,24,0.26,0.263,0.2628,0.2711,nan,nan,1,249330
SP1,lal-bar-cel-2026-04-22,2026-04-22T19:30:00+00:00,H,1,0.78,0.7674,0.7713,0.7749,nan,nan,1,1930790
SP1,lal-bar-cel-2026-04-22,2026-04-22T19:30:00+00:00,H,6,0.78,0.7674,0.7713,0.7749,nan,nan,1,1930790
SP1,lal-bar-cel-2026-04-22,2026-04-22T19:30:00+00:00,H,24,0.79,0.7674,0.7713,0.7749,nan,nan,1,1930790
SP1,lal-bar-cel-2026-04-22,2026-04-22T19:30:00+00:00,D,1,0.13,0.1405,0.1368,0.1351,nan,nan,0,113155
SP1,lal-bar-cel-2026-04-22,2026-04-22T19:30:00+00:00,D,6,0.13,0.1405,0.1368,0.1351,nan,nan,0,113155
SP1,lal-bar-cel-2026-04-22,2026-04-22T19:30:00+00:00,D,24,0.13,0.1405,0.1368,0.1351,nan,nan,0,113155
SP1,lal-bar-cel-2026-04-22,2026-04-22T19:30:00+00:00,A,1,0.08,0.0921,0.092,0.09,nan,nan,0,583210
SP1,lal-bar-cel-2026-04-22,2026-04-22T19:30:00+00:00,A,6,0.08,0.0921,0.092,0.09,nan,nan,0,583210
SP1,lal-bar-cel-2026-04-22,2026-04-22T19:30:00+00:00,A,24,0.08,0.0921,0.092,0.09,nan,nan,0,583210
SP1,lal-lev-sev-2026-04-23,2026-04-23T17:00:00+00:00,H,1,0.39,0.375,0.3897,0.3783,nan,nan,1,688400
SP1,lal-lev-sev-2026-04-23,2026-04-23T17:00:00+00:00,H,6,0.4,0.375,0.3897,0.3783,nan,nan,1,688400
SP1,lal-lev-sev-2026-04-23,2026-04-23T17:00:00+00:00,H,24,0.39,0.375,0.3897,0.3783,nan,nan,1,688400
SP1,lal-lev-sev-2026-04-23,2026-04-23T17:00:00+00:00,D,1,0.3,0.2927,0.2962,0.2956,nan,nan,0,225772
SP1,lal-lev-sev-2026-04-23,2026-04-23T17:00:00+00:00,D,6,0.3,0.2927,0.2962,0.2956,nan,nan,0,225772
SP1,lal-lev-sev-2026-04-23,2026-04-23T17:00:00+00:00,D,24,0.31,0.2927,0.2962,0.2956,nan,nan,0,225772
SP1,lal-lev-sev-2026-04-23,2026-04-23T17:00:00+00:00,A,1,0.32,0.3323,0.3141,0.3261,nan,nan,0,264301
SP1,lal-lev-sev-2026-04-23,2026-04-23T17:00:00+00:00,A,6,0.32,0.3323,0.3141,0.3261,nan,nan,0,264301
SP1,lal-lev-sev-2026-04-23,2026-04-23T17:00:00+00:00,A,24,0.32,0.3323,0.3141,0.3261,nan,nan,0,264301
SP1,lal-ray-esp-2026-04-23,2026-04-23T18:00:00+00:00,H,1,0.46,0.4505,0.453,0.4505,nan,nan,1,2255561
SP1,lal-ray-esp-2026-04-23,2026-04-23T18:00:00+00:00,H,6,0.47,0.4505,0.453,0.4505,nan,nan,1,2255561
SP1,lal-ray-esp-2026-04-23,2026-04-23T18:00:00+00:00,H,24,0.46,0.4505,0.453,0.4505,nan,nan,1,2255561
SP1,lal-ray-esp-2026-04-23,2026-04-23T18:00:00+00:00,D,1,0.29,0.2928,0.285,0.2867,nan,nan,0,281624
SP1,lal-ray-esp-2026-04-23,2026-04-23T18:00:00+00:00,D,6,0.3,0.2928,0.285,0.2867,nan,nan,0,281624
SP1,lal-ray-esp-2026-04-23,2026-04-23T18:00:00+00:00,D,24,0.3,0.2928,0.285,0.2867,nan,nan,0,281624
SP1,lal-ray-esp-2026-04-23,2026-04-23T18:00:00+00:00,A,1,0.25,0.2567,0.2619,0.2628,nan,nan,0,2005646
SP1,lal-ray-esp-2026-04-23,2026-04-23T18:00:00+00:00,A,6,0.25,0.2567,0.2619,0.2628,nan,nan,0,2005646
SP1,lal-ray-esp-2026-04-23,2026-04-23T18:00:00+00:00,A,24,0.25,0.2567,0.2619,0.2628,nan,nan,0,2005646
SP1,lal-ovi-vil-2026-04-23,2026-04-23T19:30:00+00:00,H,1,0.27,0.2561,0.2941,0.289,nan,nan,0,583130
SP1,lal-ovi-vil-2026-04-23,2026-04-23T19:30:00+00:00,H,6,0.26,0.2561,0.2941,0.289,nan,nan,0,583130
SP1,lal-ovi-vil-2026-04-23,2026-04-23T19:30:00+00:00,H,24,0.2616,0.2561,0.2941,0.289,nan,nan,0,583130
SP1,lal-ovi-vil-2026-04-23,2026-04-23T19:30:00+00:00,D,1,0.29,0.2823,0.2852,0.2935,nan,nan,1,184063
SP1,lal-ovi-vil-2026-04-23,2026-04-23T19:30:00+00:00,D,6,0.29,0.2823,0.2852,0.2935,nan,nan,1,184063
SP1,lal-ovi-vil-2026-04-23,2026-04-23T19:30:00+00:00,D,24,0.28,0.2823,0.2852,0.2935,nan,nan,1,184063
SP1,lal-ovi-vil-2026-04-23,2026-04-23T19:30:00+00:00,A,1,0.44,0.4617,0.4207,0.4175,nan,nan,0,1157251
SP1,lal-ovi-vil-2026-04-23,2026-04-23T19:30:00+00:00,A,6,0.46,0.4617,0.4207,0.4175,nan,nan,0,1157251
SP1,lal-ovi-vil-2026-04-23,2026-04-23T19:30:00+00:00,A,24,0.46,0.4617,0.4207,0.4175,nan,nan,0,1157251
SP1,lal-bet-rea-2026-04-24,2026-04-24T19:00:00+00:00,H,1,0.25,0.2571,0.2651,0.2651,nan,nan,0,483095
SP1,lal-bet-rea-2026-04-24,2026-04-24T19:00:00+00:00,H,6,0.25,0.2571,0.2651,0.2651,nan,nan,0,483095
SP1,lal-bet-rea-2026-04-24,2026-04-24T19:00:00+00:00,H,24,0.25,0.2571,0.2651,0.2651,nan,nan,0,483095
SP1,lal-bet-rea-2026-04-24,2026-04-24T19:00:00+00:00,D,1,0.24,0.2329,0.2358,0.2327,nan,nan,1,425255
SP1,lal-bet-rea-2026-04-24,2026-04-24T19:00:00+00:00,D,6,0.23,0.2329,0.2358,0.2327,nan,nan,1,425255
SP1,lal-bet-rea-2026-04-24,2026-04-24T19:00:00+00:00,D,24,0.23,0.2329,0.2358,0.2327,nan,nan,1,425255
SP1,lal-bet-rea-2026-04-24,2026-04-24T19:00:00+00:00,A,1,0.51,0.51,0.4991,0.5022,nan,nan,0,3049227
SP1,lal-bet-rea-2026-04-24,2026-04-24T19:00:00+00:00,A,6,0.52,0.51,0.4991,0.5022,nan,nan,0,3049227
SP1,lal-bet-rea-2026-04-24,2026-04-24T19:00:00+00:00,A,24,0.53,0.51,0.4991,0.5022,nan,nan,0,3049227
SP1,lal-ala-mal-2026-04-25,2026-04-25T12:00:00+00:00,H,1,0.47,0.4404,0.4602,0.4537,nan,nan,1,196346
SP1,lal-ala-mal-2026-04-25,2026-04-25T12:00:00+00:00,H,6,0.46,0.4404,0.4602,0.4537,nan,nan,1,196346
SP1,lal-ala-mal-2026-04-25,2026-04-25T12:00:00+00:00,H,24,0.46,0.4404,0.4602,0.4537,nan,nan,1,196346
SP1,lal-ala-mal-2026-04-25,2026-04-25T12:00:00+00:00,D,1,0.3,0.2997,0.2839,0.2887,nan,nan,0,65928
SP1,lal-ala-mal-2026-04-25,2026-04-25T12:00:00+00:00,D,6,0.3,0.2997,0.2839,0.2887,nan,nan,0,65928
SP1,lal-ala-mal-2026-04-25,2026-04-25T12:00:00+00:00,D,24,0.3,0.2997,0.2839,0.2887,nan,nan,0,65928
SP1,lal-ala-mal-2026-04-25,2026-04-25T12:00:00+00:00,A,1,0.25,0.2599,0.2559,0.2575,nan,nan,0,96889
SP1,lal-ala-mal-2026-04-25,2026-04-25T12:00:00+00:00,A,6,0.26,0.2599,0.2559,0.2575,nan,nan,0,96889
SP1,lal-ala-mal-2026-04-25,2026-04-25T12:00:00+00:00,A,24,0.24,0.2599,0.2559,0.2575,nan,nan,0,96889
SP1,lal-get-bar-2026-04-25,2026-04-25T14:15:00+00:00,H,1,0.18,0.1801,0.1675,0.1582,nan,nan,0,270425
SP1,lal-get-bar-2026-04-25,2026-04-25T14:15:00+00:00,H,6,0.17,0.1801,0.1675,0.1582,nan,nan,0,270425
SP1,lal-get-bar-2026-04-25,2026-04-25T14:15:00+00:00,H,24,0.18,0.1801,0.1675,0.1582,nan,nan,0,270425
SP1,lal-get-bar-2026-04-25,2026-04-25T14:15:00+00:00,D,1,0.25,0.2383,0.2438,0.2373,nan,nan,0,206142
SP1,lal-get-bar-2026-04-25,2026-04-25T14:15:00+00:00,D,6,0.25,0.2383,0.2438,0.2373,nan,nan,0,206142
SP1,lal-get-bar-2026-04-25,2026-04-25T14:15:00+00:00,D,24,0.24,0.2383,0.2438,0.2373,nan,nan,0,206142
SP1,lal-get-bar-2026-04-25,2026-04-25T14:15:00+00:00,A,1,0.59,0.5816,0.5888,0.6045,nan,nan,1,3961535
SP1,lal-get-bar-2026-04-25,2026-04-25T14:15:00+00:00,A,6,0.6,0.5816,0.5888,0.6045,nan,nan,1,3961535
SP1,lal-get-bar-2026-04-25,2026-04-25T14:15:00+00:00,A,24,0.6,0.5816,0.5888,0.6045,nan,nan,1,3961535
SP1,lal-val-gir-2026-04-25,2026-04-25T16:30:00+00:00,H,1,0.44,0.455,0.4149,0.4175,nan,nan,1,322276
SP1,lal-val-gir-2026-04-25,2026-04-25T16:30:00+00:00,H,6,0.44,0.455,0.4149,0.4175,nan,nan,1,322276
SP1,lal-val-gir-2026-04-25,2026-04-25T16:30:00+00:00,H,24,0.46,0.455,0.4149,0.4175,nan,nan,1,322276
SP1,lal-val-gir-2026-04-25,2026-04-25T16:30:00+00:00,D,1,0.29,0.2765,0.2912,0.289,nan,nan,0,67880
SP1,lal-val-gir-2026-04-25,2026-04-25T16:30:00+00:00,D,6,0.29,0.2765,0.2912,0.289,nan,nan,0,67880
SP1,lal-val-gir-2026-04-25,2026-04-25T16:30:00+00:00,D,24,0.29,0.2765,0.2912,0.289,nan,nan,0,67880
SP1,lal-val-gir-2026-04-25,2026-04-25T16:30:00+00:00,A,1,0.27,0.2686,0.2939,0.2935,nan,nan,0,87794
SP1,lal-val-gir-2026-04-25,2026-04-25T16:30:00+00:00,A,6,0.28,0.2686,0.2939,0.2935,nan,nan,0,87794
SP1,lal-val-gir-2026-04-25,2026-04-25T16:30:00+00:00,A,24,0.27,0.2686,0.2939,0.2935,nan,nan,0,87794
SP1,lal-mad-bil-2026-04-25,2026-04-25T19:00:00+00:00,H,1,0.48,0.4336,0.4619,0.4735,nan,nan,1,2690830
SP1,lal-mad-bil-2026-04-25,2026-04-25T19:00:00+00:00,H,6,0.48,0.4336,0.4619,0.4735,nan,nan,1,2690830
SP1,lal-mad-bil-2026-04-25,2026-04-25T19:00:00+00:00,H,24,0.49,0.4336,0.4619,0.4735,nan,nan,1,2690830
SP1,lal-mad-bil-2026-04-25,2026-04-25T19:00:00+00:00,D,1,0.25,0.2691,0.2656,0.2559,nan,nan,0,275280
SP1,lal-mad-bil-2026-04-25,2026-04-25T19:00:00+00:00,D,6,0.26,0.2691,0.2656,0.2559,nan,nan,0,275280
SP1,lal-mad-bil-2026-04-25,2026-04-25T19:00:00+00:00,D,24,0.26,0.2691,0.2656,0.2559,nan,nan,0,275280
SP1,lal-mad-bil-2026-04-25,2026-04-25T19:00:00+00:00,A,1,0.27,0.2973,0.2725,0.2706,nan,nan,0,534613
SP1,lal-mad-bil-2026-04-25,2026-04-25T19:00:00+00:00,A,6,0.27,0.2973,0.2725,0.2706,nan,nan,0,534613
SP1,lal-mad-bil-2026-04-25,2026-04-25T19:00:00+00:00,A,24,0.27,0.2973,0.2725,0.2706,nan,nan,0,534613
SP1,lal-ray-rso-2026-04-26,2026-04-26T12:00:00+00:00,H,1,0.37,0.3562,0.3622,0.3501,nan,nan,0,823317
SP1,lal-ray-rso-2026-04-26,2026-04-26T12:00:00+00:00,H,6,0.35,0.3562,0.3622,0.3501,nan,nan,0,823317
SP1,lal-ray-rso-2026-04-26,2026-04-26T12:00:00+00:00,H,24,0.33,0.3562,0.3622,0.3501,nan,nan,0,823317
SP1,lal-ray-rso-2026-04-26,2026-04-26T12:00:00+00:00,D,1,0.29,0.2889,0.2784,0.2864,nan,nan,1,139955
SP1,lal-ray-rso-2026-04-26,2026-04-26T12:00:00+00:00,D,6,0.29,0.2889,0.2784,0.2864,nan,nan,1,139955
SP1,lal-ray-rso-2026-04-26,2026-04-26T12:00:00+00:00,D,24,0.29,0.2889,0.2784,0.2864,nan,nan,1,139955
SP1,lal-ray-rso-2026-04-26,2026-04-26T12:00:00+00:00,A,1,0.36,0.3549,0.3594,0.3635,nan,nan,0,893874
SP1,lal-ray-rso-2026-04-26,2026-04-26T12:00:00+00:00,A,6,0.38,0.3549,0.3594,0.3635,nan,nan,0,893874
SP1,lal-ray-rso-2026-04-26,2026-04-26T12:00:00+00:00,A,24,0.37,0.3549,0.3594,0.3635,nan,nan,0,893874
SP1,lal-ovi-elc-2026-04-26,2026-04-26T14:15:00+00:00,H,1,0.42,0.3984,0.4189,0.4283,nan,nan,0,216632
SP1,lal-ovi-elc-2026-04-26,2026-04-26T14:15:00+00:00,H,6,0.42,0.3984,0.4189,0.4283,nan,nan,0,216632
SP1,lal-ovi-elc-2026-04-26,2026-04-26T14:15:00+00:00,H,24,0.42,0.3984,0.4189,0.4283,nan,nan,0,216632
SP1,lal-ovi-elc-2026-04-26,2026-04-26T14:15:00+00:00,D,1,0.28,0.2834,0.2905,0.2772,nan,nan,0,118042
SP1,lal-ovi-elc-2026-04-26,2026-04-26T14:15:00+00:00,D,6,0.28,0.2834,0.2905,0.2772,nan,nan,0,118042
SP1,lal-ovi-elc-2026-04-26,2026-04-26T14:15:00+00:00,D,24,0.28,0.2834,0.2905,0.2772,nan,nan,0,118042
SP1,lal-ovi-elc-2026-04-26,2026-04-26T14:15:00+00:00,A,1,0.3,0.3182,0.2905,0.2945,nan,nan,1,192000
SP1,lal-ovi-elc-2026-04-26,2026-04-26T14:15:00+00:00,A,6,0.32,0.3182,0.2905,0.2945,nan,nan,1,192000
SP1,lal-ovi-elc-2026-04-26,2026-04-26T14:15:00+00:00,A,24,0.32,0.3182,0.2905,0.2945,nan,nan,1,192000
SP1,lal-osa-sev-2026-04-26,2026-04-26T16:30:00+00:00,H,1,0.49,0.4592,0.4938,0.5048,nan,nan,1,395885
SP1,lal-osa-sev-2026-04-26,2026-04-26T16:30:00+00:00,H,6,0.5,0.4592,0.4938,0.5048,nan,nan,1,395885
SP1,lal-osa-sev-2026-04-26,2026-04-26T16:30:00+00:00,H,24,0.48,0.4592,0.4938,0.5048,nan,nan,1,395885
SP1,lal-osa-sev-2026-04-26,2026-04-26T16:30:00+00:00,D,1,0.29,0.2782,0.2817,0.2821,nan,nan,0,98533
SP1,lal-osa-sev-2026-04-26,2026-04-26T16:30:00+00:00,D,6,0.28,0.2782,0.2817,0.2821,nan,nan,0,98533
SP1,lal-osa-sev-2026-04-26,2026-04-26T16:30:00+00:00,D,24,0.29,0.2782,0.2817,0.2821,nan,nan,0,98533
SP1,lal-osa-sev-2026-04-26,2026-04-26T16:30:00+00:00,A,1,0.22,0.2626,0.2245,0.2131,nan,nan,0,140581
SP1,lal-osa-sev-2026-04-26,2026-04-26T16:30:00+00:00,A,6,0.23,0.2626,0.2245,0.2131,nan,nan,0,140581
SP1,lal-osa-sev-2026-04-26,2026-04-26T16:30:00+00:00,A,24,0.25,0.2626,0.2245,0.2131,nan,nan,0,140581
SP1,lal-vil-cel-2026-04-26,2026-04-26T19:00:00+00:00,H,1,0.5,0.4599,0.4968,0.4918,nan,nan,1,280938
SP1,lal-vil-cel-2026-04-26,2026-04-26T19:00:00+00:00,H,6,0.5,0.4599,0.4968,0.4918,nan,nan,1,280938
SP1,lal-vil-cel-2026-04-26,2026-04-26T19:00:00+00:00,H,24,0.49,0.4599,0.4968,0.4918,nan,nan,1,280938
SP1,lal-vil-cel-2026-04-26,2026-04-26T19:00:00+00:00,D,1,0.27,0.2787,0.258,0.2609,nan,nan,0,52244
SP1,lal-vil-cel-2026-04-26,2026-04-26T19:00:00+00:00,D,6,0.27,0.2787,0.258,0.2609,nan,nan,0,52244
SP1,lal-vil-cel-2026-04-26,2026-04-26T19:00:00+00:00,D,24,0.28,0.2787,0.258,0.2609,nan,nan,0,52244
SP1,lal-vil-cel-2026-04-26,2026-04-26T19:00:00+00:00,A,1,0.24,0.2615,0.2452,0.2472,nan,nan,0,72372
SP1,lal-vil-cel-2026-04-26,2026-04-26T19:00:00+00:00,A,6,0.23,0.2615,0.2452,0.2472,nan,nan,0,72372
SP1,lal-vil-cel-2026-04-26,2026-04-26T19:00:00+00:00,A,24,0.24,0.2615,0.2452,0.2472,nan,nan,0,72372
SP1,lal-esp-lev-2026-04-27,2026-04-27T19:00:00+00:00,H,1,0.46,0.4714,0.4449,0.4416,nan,nan,0,246339
SP1,lal-esp-lev-2026-04-27,2026-04-27T19:00:00+00:00,H,6,0.47,0.4714,0.4449,0.4416,nan,nan,0,246339
SP1,lal-esp-lev-2026-04-27,2026-04-27T19:00:00+00:00,H,24,0.47,0.4714,0.4449,0.4416,nan,nan,0,246339
SP1,lal-esp-lev-2026-04-27,2026-04-27T19:00:00+00:00,D,1,0.3,0.2778,0.2845,0.2792,nan,nan,1,81115
SP1,lal-esp-lev-2026-04-27,2026-04-27T19:00:00+00:00,D,6,0.29,0.2778,0.2845,0.2792,nan,nan,1,81115
SP1,lal-esp-lev-2026-04-27,2026-04-27T19:00:00+00:00,D,24,0.29,0.2778,0.2845,0.2792,nan,nan,1,81115
SP1,lal-esp-lev-2026-04-27,2026-04-27T19:00:00+00:00,A,1,0.26,0.2509,0.2706,0.2792,nan,nan,0,120807
SP1,lal-esp-lev-2026-04-27,2026-04-27T19:00:00+00:00,A,6,0.25,0.2509,0.2706,0.2792,nan,nan,0,120807
SP1,lal-esp-lev-2026-04-27,2026-04-27T19:00:00+00:00,A,24,0.25,0.2509,0.2706,0.2792,nan,nan,0,120807
SP1,lal-gir-mal-2026-05-01,2026-05-01T19:00:00+00:00,H,1,0.48,0.4616,0.4912,0.498,nan,nan,0,282248
SP1,lal-gir-mal-2026-05-01,2026-05-01T19:00:00+00:00,H,6,0.46,0.4616,0.4912,0.498,nan,nan,0,282248
SP1,lal-gir-mal-2026-05-01,2026-05-01T19:00:00+00:00,H,24,0.47,0.4616,0.4912,0.498,nan,nan,0,282248
SP1,lal-gir-mal-2026-05-01,2026-05-01T19:00:00+00:00,D,1,0.28,0.2746,0.2688,0.2642,nan,nan,0,63222
SP1,lal-gir-mal-2026-05-01,2026-05-01T19:00:00+00:00,D,6,0.28,0.2746,0.2688,0.2642,nan,nan,0,63222
SP1,lal-gir-mal-2026-05-01,2026-05-01T19:00:00+00:00,D,24,0.27,0.2746,0.2688,0.2642,nan,nan,0,63222
SP1,lal-gir-mal-2026-05-01,2026-05-01T19:00:00+00:00,A,1,0.24,0.2638,0.24,0.2378,nan,nan,1,203092
SP1,lal-gir-mal-2026-05-01,2026-05-01T19:00:00+00:00,A,6,0.26,0.2638,0.24,0.2378,nan,nan,1,203092
SP1,lal-gir-mal-2026-05-01,2026-05-01T19:00:00+00:00,A,24,0.25,0.2638,0.24,0.2378,nan,nan,1,203092
SP1,lal-vil-lev-2026-05-02,2026-05-02T12:00:00+00:00,H,1,0.57,0.5525,0.5402,0.5364,nan,nan,1,1613479
SP1,lal-vil-lev-2026-05-02,2026-05-02T12:00:00+00:00,H,6,0.58,0.5525,0.5402,0.5364,nan,nan,1,1613479
SP1,lal-vil-lev-2026-05-02,2026-05-02T12:00:00+00:00,H,24,0.58,0.5525,0.5402,0.5364,nan,nan,1,1613479
SP1,lal-vil-lev-2026-05-02,2026-05-02T12:00:00+00:00,D,1,0.23,0.2296,0.2285,0.2289,nan,nan,0,51167
SP1,lal-vil-lev-2026-05-02,2026-05-02T12:00:00+00:00,D,6,0.23,0.2296,0.2285,0.2289,nan,nan,0,51167
SP1,lal-vil-lev-2026-05-02,2026-05-02T12:00:00+00:00,D,24,0.22,0.2296,0.2285,0.2289,nan,nan,0,51167
SP1,lal-vil-lev-2026-05-02,2026-05-02T12:00:00+00:00,A,1,0.21,0.2179,0.2313,0.2347,nan,nan,0,180367
SP1,lal-vil-lev-2026-05-02,2026-05-02T12:00:00+00:00,A,6,0.2,0.2179,0.2313,0.2347,nan,nan,0,180367
SP1,lal-vil-lev-2026-05-02,2026-05-02T12:00:00+00:00,A,24,0.21,0.2179,0.2313,0.2347,nan,nan,0,180367
SP1,lal-val-mad-2026-05-02,2026-05-02T14:15:00+00:00,H,1,0.55,0.5272,0.5542,0.5537,nan,nan,0,280068
SP1,lal-val-mad-2026-05-02,2026-05-02T14:15:00+00:00,H,6,0.55,0.5272,0.5542,0.5537,nan,nan,0,280068
SP1,lal-val-mad-2026-05-02,2026-05-02T14:15:00+00:00,H,24,0.55,0.5272,0.5542,0.5537,nan,nan,0,280068
SP1,lal-val-mad-2026-05-02,2026-05-02T14:15:00+00:00,D,1,0.24,0.2489,0.2452,0.2392,nan,nan,0,55866
SP1,lal-val-mad-2026-05-02,2026-05-02T14:15:00+00:00,D,6,0.25,0.2489,0.2452,0.2392,nan,nan,0,55866
SP1,lal-val-mad-2026-05-02,2026-05-02T14:15:00+00:00,D,24,0.24,0.2489,0.2452,0.2392,nan,nan,0,55866
SP1,lal-val-mad-2026-05-02,2026-05-02T14:15:00+00:00,A,1,0.21,0.2239,0.2006,0.2071,nan,nan,1,616995
SP1,lal-val-mad-2026-05-02,2026-05-02T14:15:00+00:00,A,6,0.22,0.2239,0.2006,0.2071,nan,nan,1,616995
SP1,lal-val-mad-2026-05-02,2026-05-02T14:15:00+00:00,A,24,0.22,0.2239,0.2006,0.2071,nan,nan,1,616995
SP1,lal-ala-bil-2026-05-02,2026-05-02T16:30:00+00:00,H,1,0.34,0.3533,0.3423,0.3501,nan,nan,0,125052
SP1,lal-ala-bil-2026-05-02,2026-05-02T16:30:00+00:00,H,6,0.33,0.3533,0.3423,0.3501,nan,nan,0,125052
SP1,lal-ala-bil-2026-05-02,2026-05-02T16:30:00+00:00,H,24,0.34,0.3533,0.3423,0.3501,nan,nan,0,125052
SP1,lal-ala-bil-2026-05-02,2026-05-02T16:30:00+00:00,D,1,0.28,0.2795,0.2913,0.2864,nan,nan,0,44663
SP1,lal-ala-bil-2026-05-02,2026-05-02T16:30:00+00:00,D,6,0.29,0.2795,0.2913,0.2864,nan,nan,0,44663
SP1,lal-ala-bil-2026-05-02,2026-05-02T16:30:00+00:00,D,24,0.29,0.2795,0.2913,0.2864,nan,nan,0,44663
SP1,lal-ala-bil-2026-05-02,2026-05-02T16:30:00+00:00,A,1,0.36,0.3672,0.3664,0.3635,nan,nan,1,214843
SP1,lal-ala-bil-2026-05-02,2026-05-02T16:30:00+00:00,A,6,0.37,0.3672,0.3664,0.3635,nan,nan,1,214843
SP1,lal-ala-bil-2026-05-02,2026-05-02T16:30:00+00:00,A,24,0.37,0.3672,0.3664,0.3635,nan,nan,1,214843
SP1,lal-cel-elc-2026-05-03,2026-05-03T12:00:00+00:00,H,1,0.56,0.5342,0.5544,0.5575,nan,nan,1,463132
SP1,lal-cel-elc-2026-05-03,2026-05-03T12:00:00+00:00,H,6,0.56,0.5342,0.5544,0.5575,nan,nan,1,463132
SP1,lal-cel-elc-2026-05-03,2026-05-03T12:00:00+00:00,H,24,0.55,0.5342,0.5544,0.5575,nan,nan,1,463132
SP1,lal-cel-elc-2026-05-03,2026-05-03T12:00:00+00:00,D,1,0.24,0.2454,0.2427,0.243,nan,nan,0,74937
SP1,lal-cel-elc-2026-05-03,2026-05-03T12:00:00+00:00,D,6,0.25,0.2454,0.2427,0.243,nan,nan,0,74937
SP1,lal-cel-elc-2026-05-03,2026-05-03T12:00:00+00:00,D,24,0.25,0.2454,0.2427,0.243,nan,nan,0,74937
SP1,lal-cel-elc-2026-05-03,2026-05-03T12:00:00+00:00,A,1,0.2,0.2205,0.2028,0.1995,nan,nan,0,158572
SP1,lal-cel-elc-2026-05-03,2026-05-03T12:00:00+00:00,A,6,0.21,0.2205,0.2028,0.1995,nan,nan,0,158572
SP1,lal-cel-elc-2026-05-03,2026-05-03T12:00:00+00:00,A,24,0.2,0.2205,0.2028,0.1995,nan,nan,0,158572
SP1,lal-osa-bar-2026-05-02,2026-05-02T19:00:00+00:00,H,1,0.2,0.2155,0.2012,0.2062,nan,nan,0,304515
SP1,lal-osa-bar-2026-05-02,2026-05-02T19:00:00+00:00,H,6,0.2,0.2155,0.2012,0.2062,nan,nan,0,304515
SP1,lal-osa-bar-2026-05-02,2026-05-02T19:00:00+00:00,H,24,0.19,0.2155,0.2012,0.2062,nan,nan,0,304515
SP1,lal-osa-bar-2026-05-02,2026-05-02T19:00:00+00:00,D,1,0.23,0.2362,0.2259,0.2258,nan,nan,0,113704
SP1,lal-osa-bar-2026-05-02,2026-05-02T19:00:00+00:00,D,6,0.24,0.2362,0.2259,0.2258,nan,nan,0,113704
SP1,lal-osa-bar-2026-05-02,2026-05-02T19:00:00+00:00,D,24,0.24,0.2362,0.2259,0.2258,nan,nan,0,113704
SP1,lal-osa-bar-2026-05-02,2026-05-02T19:00:00+00:00,A,1,0.58,0.5483,0.5729,0.568,nan,nan,1,1477427
SP1,lal-osa-bar-2026-05-02,2026-05-02T19:00:00+00:00,A,6,0.56,0.5483,0.5729,0.568,nan,nan,1,1477427
SP1,lal-osa-bar-2026-05-02,2026-05-02T19:00:00+00:00,A,24,0.57,0.5483,0.5729,0.568,nan,nan,1,1477427
SP1,lal-get-ray-2026-05-03,2026-05-03T14:15:00+00:00,H,1,0.46,0.4822,0.4644,0.4567,nan,nan,0,655203
SP1,lal-get-ray-2026-05-03,2026-05-03T14:15:00+00:00,H,6,0.49,0.4822,0.4644,0.4567,nan,nan,0,655203
SP1,lal-get-ray-2026-05-03,2026-05-03T14:15:00+00:00,H,24,0.49,0.4822,0.4644,0.4567,nan,nan,0,655203
SP1,lal-get-ray-2026-05-03,2026-05-03T14:15:00+00:00,D,1,0.32,0.2936,0.3096,0.3094,nan,nan,0,47081
SP1,lal-get-ray-2026-05-03,2026-05-03T14:15:00+00:00,D,6,0.3,0.2936,0.3096,0.3094,nan,nan,0,47081
SP1,lal-get-ray-2026-05-03,2026-05-03T14:15:00+00:00,D,24,0.3,0.2936,0.3096,0.3094,nan,nan,0,47081
SP1,lal-get-ray-2026-05-03,2026-05-03T14:15:00+00:00,A,1,0.22,0.2242,0.226,0.2339,nan,nan,1,361992
SP1,lal-get-ray-2026-05-03,2026-05-03T14:15:00+00:00,A,6,0.21,0.2242,0.226,0.2339,nan,nan,1,361992
SP1,lal-get-ray-2026-05-03,2026-05-03T14:15:00+00:00,A,24,0.22,0.2242,0.226,0.2339,nan,nan,1,361992
SP1,lal-bet-ovi-2026-05-03,2026-05-03T16:30:00+00:00,H,1,0.63,0.6057,0.6102,0.6039,nan,nan,1,553227
SP1,lal-bet-ovi-2026-05-03,2026-05-03T16:30:00+00:00,H,6,0.62,0.6057,0.6102,0.6039,nan,nan,1,553227
SP1,lal-bet-ovi-2026-05-03,2026-05-03T16:30:00+00:00,H,24,0.63,0.6057,0.6102,0.6039,nan,nan,1,553227
SP1,lal-bet-ovi-2026-05-03,2026-05-03T16:30:00+00:00,D,1,0.23,0.232,0.2292,0.2312,nan,nan,0,32118
SP1,lal-bet-ovi-2026-05-03,2026-05-03T16:30:00+00:00,D,6,0.23,0.232,0.2292,0.2312,nan,nan,0,32118
SP1,lal-bet-ovi-2026-05-03,2026-05-03T16:30:00+00:00,D,24,0.22,0.232,0.2292,0.2312,nan,nan,0,32118
SP1,lal-bet-ovi-2026-05-03,2026-05-03T16:30:00+00:00,A,1,0.14,0.1622,0.1606,0.1649,nan,nan,0,83606
SP1,lal-bet-ovi-2026-05-03,2026-05-03T16:30:00+00:00,A,6,0.16,0.1622,0.1606,0.1649,nan,nan,0,83606
SP1,lal-bet-ovi-2026-05-03,2026-05-03T16:30:00+00:00,A,24,0.14,0.1622,0.1606,0.1649,nan,nan,0,83606
SP1,lal-sev-rso-2026-05-04,2026-05-04T19:00:00+00:00,H,1,0.39,0.3978,0.396,0.403,nan,nan,1,394284
SP1,lal-sev-rso-2026-05-04,2026-05-04T19:00:00+00:00,H,6,0.38,0.3978,0.396,0.403,nan,nan,1,394284
SP1,lal-sev-rso-2026-05-04,2026-05-04T19:00:00+00:00,H,24,0.4,0.3978,0.396,0.403,nan,nan,1,394284
SP1,lal-sev-rso-2026-05-04,2026-05-04T19:00:00+00:00,D,1,0.28,0.2779,0.2942,0.2914,nan,nan,0,135019
SP1,lal-sev-rso-2026-05-04,2026-05-04T19:00:00+00:00,D,6,0.28,0.2779,0.2942,0.2914,nan,nan,0,135019
SP1,lal-sev-rso-2026-05-04,2026-05-04T19:00:00+00:00,D,24,0.28,0.2779,0.2942,0.2914,nan,nan,0,135019
SP1,lal-sev-rso-2026-05-04,2026-05-04T19:00:00+00:00,A,1,0.33,0.3243,0.3098,0.3055,nan,nan,0,368532
SP1,lal-sev-rso-2026-05-04,2026-05-04T19:00:00+00:00,A,6,0.33,0.3243,0.3098,0.3055,nan,nan,0,368532
SP1,lal-sev-rso-2026-05-04,2026-05-04T19:00:00+00:00,A,24,0.34,0.3243,0.3098,0.3055,nan,nan,0,368532
SP1,lal-esp-rea-2026-05-03,2026-05-03T19:00:00+00:00,H,1,0.19,0.2171,0.2175,0.2181,nan,nan,0,298897
SP1,lal-esp-rea-2026-05-03,2026-05-03T19:00:00+00:00,H,6,0.2,0.2171,0.2175,0.2181,nan,nan,0,298897
SP1,lal-esp-rea-2026-05-03,2026-05-03T19:00:00+00:00,H,24,0.21,0.2171,0.2175,0.2181,nan,nan,0,298897
SP1,lal-esp-rea-2026-05-03,2026-05-03T19:00:00+00:00,D,1,0.24,0.2432,0.2467,0.2422,nan,nan,0,106549
SP1,lal-esp-rea-2026-05-03,2026-05-03T19:00:00+00:00,D,6,0.25,0.2432,0.2467,0.2422,nan,nan,0,106549
SP1,lal-esp-rea-2026-05-03,2026-05-03T19:00:00+00:00,D,24,0.25,0.2432,0.2467,0.2422,nan,nan,0,106549
SP1,lal-esp-rea-2026-05-03,2026-05-03T19:00:00+00:00,A,1,0.55,0.5397,0.5357,0.5397,nan,nan,1,1609583
SP1,lal-esp-rea-2026-05-03,2026-05-03T19:00:00+00:00,A,6,0.56,0.5397,0.5357,0.5397,nan,nan,1,1609583
SP1,lal-esp-rea-2026-05-03,2026-05-03T19:00:00+00:00,A,24,0.56,0.5397,0.5357,0.5397,nan,nan,1,1609583
SP1,lal-lev-osa-2026-05-08,2026-05-08T19:00:00+00:00,H,1,0.39,0.3745,0.3707,0.368,nan,0.3653,1,468621
SP1,lal-lev-osa-2026-05-08,2026-05-08T19:00:00+00:00,H,6,0.38,0.3745,0.3707,0.368,nan,0.3653,1,468621
SP1,lal-lev-osa-2026-05-08,2026-05-08T19:00:00+00:00,H,24,0.38,0.3745,0.3707,0.368,nan,0.3653,1,468621
SP1,lal-lev-osa-2026-05-08,2026-05-08T19:00:00+00:00,D,1,0.3,0.291,0.2895,0.2844,nan,0.2966,0,191309
SP1,lal-lev-osa-2026-05-08,2026-05-08T19:00:00+00:00,D,6,0.3,0.291,0.2895,0.2844,nan,0.2966,0,191309
SP1,lal-lev-osa-2026-05-08,2026-05-08T19:00:00+00:00,D,24,0.29,0.291,0.2895,0.2844,nan,0.2966,0,191309
SP1,lal-lev-osa-2026-05-08,2026-05-08T19:00:00+00:00,A,1,0.31,0.3345,0.3398,0.3476,nan,0.338,0,196877
SP1,lal-lev-osa-2026-05-08,2026-05-08T19:00:00+00:00,A,6,0.34,0.3345,0.3398,0.3476,nan,0.338,0,196877
SP1,lal-lev-osa-2026-05-08,2026-05-08T19:00:00+00:00,A,24,0.34,0.3345,0.3398,0.3476,nan,0.338,0,196877
SP1,lal-elc-ala-2026-05-09,2026-05-09T12:00:00+00:00,H,1,0.41,0.4233,0.4208,0.4153,nan,nan,0,347920
SP1,lal-elc-ala-2026-05-09,2026-05-09T12:00:00+00:00,H,6,0.43,0.4233,0.4208,0.4153,nan,nan,0,347920
SP1,lal-elc-ala-2026-05-09,2026-05-09T12:00:00+00:00,H,24,0.43,0.4233,0.4208,0.4153,nan,nan,0,347920
SP1,lal-elc-ala-2026-05-09,2026-05-09T12:00:00+00:00,D,1,0.3,0.283,0.2923,0.3015,nan,nan,1,127494
SP1,lal-elc-ala-2026-05-09,2026-05-09T12:00:00+00:00,D,6,0.29,0.283,0.2923,0.3015,nan,nan,1,127494
SP1,lal-elc-ala-2026-05-09,2026-05-09T12:00:00+00:00,D,24,0.29,0.283,0.2923,0.3015,nan,nan,1,127494
SP1,lal-elc-ala-2026-05-09,2026-05-09T12:00:00+00:00,A,1,0.29,0.2937,0.2869,0.2832,nan,nan,0,89940
SP1,lal-elc-ala-2026-05-09,2026-05-09T12:00:00+00:00,A,6,0.29,0.2937,0.2869,0.2832,nan,nan,0,89940
SP1,lal-elc-ala-2026-05-09,2026-05-09T12:00:00+00:00,A,24,0.29,0.2937,0.2869,0.2832,nan,nan,0,89940
SP1,lal-sev-esp-2026-05-09,2026-05-09T14:15:00+00:00,H,1,0.48,0.4637,0.4748,0.4877,nan,0.4849,1,253027
SP1,lal-sev-esp-2026-05-09,2026-05-09T14:15:00+00:00,H,6,0.47,0.4637,0.4748,0.4877,nan,0.4849,1,253027
SP1,lal-sev-esp-2026-05-09,2026-05-09T14:15:00+00:00,H,24,0.48,0.4637,0.4748,0.4877,nan,0.4849,1,253027
SP1,lal-sev-esp-2026-05-09,2026-05-09T14:15:00+00:00,D,1,0.29,0.2804,0.2975,0.2926,nan,0.2953,0,109895
SP1,lal-sev-esp-2026-05-09,2026-05-09T14:15:00+00:00,D,6,0.3,0.2804,0.2975,0.2926,nan,0.2953,0,109895
SP1,lal-sev-esp-2026-05-09,2026-05-09T14:15:00+00:00,D,24,0.28,0.2804,0.2975,0.2926,nan,0.2953,0,109895
SP1,lal-sev-esp-2026-05-09,2026-05-09T14:15:00+00:00,A,1,0.23,0.2559,0.2276,0.2196,nan,0.2198,0,114452
SP1,lal-sev-esp-2026-05-09,2026-05-09T14:15:00+00:00,A,6,0.25,0.2559,0.2276,0.2196,nan,0.2198,0,114452
SP1,lal-sev-esp-2026-05-09,2026-05-09T14:15:00+00:00,A,24,0.25,0.2559,0.2276,0.2196,nan,0.2198,0,114452
SP1,lal-mad-cel-2026-05-09,2026-05-09T16:30:00+00:00,H,1,0.51,0.45,0.5103,0.524,nan,0.5198,0,1413247
SP1,lal-mad-cel-2026-05-09,2026-05-09T16:30:00+00:00,H,6,0.46,0.45,0.5103,0.524,nan,0.5198,0,1413247
SP1,lal-mad-cel-2026-05-09,2026-05-09T16:30:00+00:00,H,24,0.46,0.45,0.5103,0.524,nan,0.5198,0,1413247
SP1,lal-mad-cel-2026-05-09,2026-05-09T16:30:00+00:00,D,1,0.26,0.2697,0.2538,0.2515,nan,0.2546,0,193510
SP1,lal-mad-cel-2026-05-09,2026-05-09T16:30:00+00:00,D,6,0.26,0.2697,0.2538,0.2515,nan,0.2546,0,193510
SP1,lal-mad-cel-2026-05-09,2026-05-09T16:30:00+00:00,D,24,0.28,0.2697,0.2538,0.2515,nan,0.2546,0,193510
SP1,lal-mad-cel-2026-05-09,2026-05-09T16:30:00+00:00,A,1,0.23,0.2802,0.2359,0.2246,nan,0.2256,1,203534
SP1,lal-mad-cel-2026-05-09,2026-05-09T16:30:00+00:00,A,6,0.28,0.2802,0.2359,0.2246,nan,0.2256,1,203534
SP1,lal-mad-cel-2026-05-09,2026-05-09T16:30:00+00:00,A,24,0.27,0.2802,0.2359,0.2246,nan,0.2256,1,203534
SP1,lal-rso-bet-2026-05-09,2026-05-09T19:00:00+00:00,H,1,0.37,0.3765,0.3755,0.3661,nan,0.3645,0,556540
SP1,lal-rso-bet-2026-05-09,2026-05-09T19:00:00+00:00,H,6,0.37,0.3765,0.3755,0.3661,nan,0.3645,0,556540
SP1,lal-rso-bet-2026-05-09,2026-05-09T19:00:00+00:00,H,24,0.38,0.3765,0.3755,0.3661,nan,0.3645,0,556540
SP1,lal-rso-bet-2026-05-09,2026-05-09T19:00:00+00:00,D,1,0.28,0.263,0.269,0.272,nan,0.2813,1,127313
SP1,lal-rso-bet-2026-05-09,2026-05-09T19:00:00+00:00,D,6,0.27,0.263,0.269,0.272,nan,0.2813,1,127313
SP1,lal-rso-bet-2026-05-09,2026-05-09T19:00:00+00:00,D,24,0.25,0.263,0.269,0.272,nan,0.2813,1,127313
SP1,lal-rso-bet-2026-05-09,2026-05-09T19:00:00+00:00,A,1,0.36,0.3605,0.3556,0.3619,nan,0.3542,0,426038
SP1,lal-rso-bet-2026-05-09,2026-05-09T19:00:00+00:00,A,6,0.38,0.3605,0.3556,0.3619,nan,0.3542,0,426038
SP1,lal-rso-bet-2026-05-09,2026-05-09T19:00:00+00:00,A,24,0.38,0.3605,0.3556,0.3619,nan,0.3542,0,426038
SP1,lal-mal-vil-2026-05-10,2026-05-10T12:00:00+00:00,H,1,0.42,0.4022,0.3852,0.386,nan,0.3768,0,239966
SP1,lal-mal-vil-2026-05-10,2026-05-10T12:00:00+00:00,H,6,0.38,0.4022,0.3852,0.386,nan,0.3768,0,239966
SP1,lal-mal-vil-2026-05-10,2026-05-10T12:00:00+00:00,H,24,0.41,0.4022,0.3852,0.386,nan,0.3768,0,239966
SP1,lal-mal-vil-2026-05-10,2026-05-10T12:00:00+00:00,D,1,0.27,0.2681,0.2745,0.2702,nan,0.2802,1,162987
SP1,lal-mal-vil-2026-05-10,2026-05-10T12:00:00+00:00,D,6,0.26,0.2681,0.2745,0.2702,nan,0.2802,1,162987
SP1,lal-mal-vil-2026-05-10,2026-05-10T12:00:00+00:00,D,24,0.28,0.2681,0.2745,0.2702,nan,0.2802,1,162987
SP1,lal-mal-vil-2026-05-10,2026-05-10T12:00:00+00:00,A,1,0.32,0.3297,0.3404,0.3439,nan,0.343,0,637315
SP1,lal-mal-vil-2026-05-10,2026-05-10T12:00:00+00:00,A,6,0.35,0.3297,0.3404,0.3439,nan,0.343,0,637315
SP1,lal-mal-vil-2026-05-10,2026-05-10T12:00:00+00:00,A,24,0.32,0.3297,0.3404,0.3439,nan,0.343,0,637315
SP1,lal-bil-val-2026-05-10,2026-05-10T14:15:00+00:00,H,1,0.57,0.5472,0.5693,0.5835,nan,0.5868,0,169860
SP1,lal-bil-val-2026-05-10,2026-05-10T14:15:00+00:00,H,6,0.57,0.5472,0.5693,0.5835,nan,0.5868,0,169860
SP1,lal-bil-val-2026-05-10,2026-05-10T14:15:00+00:00,H,24,0.57,0.5472,0.5693,0.5835,nan,0.5868,0,169860
SP1,lal-bil-val-2026-05-10,2026-05-10T14:15:00+00:00,D,1,0.25,0.255,0.2532,0.2521,nan,0.2479,0,46336
SP1,lal-bil-val-2026-05-10,2026-05-10T14:15:00+00:00,D,6,0.25,0.255,0.2532,0.2521,nan,0.2479,0,46336
SP1,lal-bil-val-2026-05-10,2026-05-10T14:15:00+00:00,D,24,0.24,0.255,0.2532,0.2521,nan,0.2479,0,46336
SP1,lal-bil-val-2026-05-10,2026-05-10T14:15:00+00:00,A,1,0.17,0.1978,0.1776,0.1644,nan,0.1653,1,170856
SP1,lal-bil-val-2026-05-10,2026-05-10T14:15:00+00:00,A,6,0.17,0.1978,0.1776,0.1644,nan,0.1653,1,170856
SP1,lal-bil-val-2026-05-10,2026-05-10T14:15:00+00:00,A,24,0.19,0.1978,0.1776,0.1644,nan,0.1653,1,170856
SP1,lal-ovi-get-2026-05-10,2026-05-10T16:30:00+00:00,H,1,0.34,0.3075,0.3373,0.3372,nan,0.3397,0,540931
SP1,lal-ovi-get-2026-05-10,2026-05-10T16:30:00+00:00,H,6,0.35,0.3075,0.3373,0.3372,nan,0.3397,0,540931
SP1,lal-ovi-get-2026-05-10,2026-05-10T16:30:00+00:00,H,24,0.33,0.3075,0.3373,0.3372,nan,0.3397,0,540931
SP1,lal-ovi-get-2026-05-10,2026-05-10T16:30:00+00:00,D,1,0.32,0.3075,0.3313,0.3256,nan,0.3274,1,191998
SP1,lal-ovi-get-2026-05-10,2026-05-10T16:30:00+00:00,D,6,0.31,0.3075,0.3313,0.3256,nan,0.3274,1,191998
SP1,lal-ovi-get-2026-05-10,2026-05-10T16:30:00+00:00,D,24,0.31,0.3075,0.3313,0.3256,nan,0.3274,1,191998
SP1,lal-ovi-get-2026-05-10,2026-05-10T16:30:00+00:00,A,1,0.34,0.385,0.3313,0.3372,nan,0.3329,0,449299
SP1,lal-ovi-get-2026-05-10,2026-05-10T16:30:00+00:00,A,6,0.34,0.385,0.3313,0.3372,nan,0.3329,0,449299
SP1,lal-ovi-get-2026-05-10,2026-05-10T16:30:00+00:00,A,24,0.38,0.385,0.3313,0.3372,nan,0.3329,0,449299
SP1,lal-ray-gir-2026-05-11,2026-05-11T19:00:00+00:00,H,1,0.41,0.4055,0.4223,0.4212,nan,0.4239,0,684247
SP1,lal-ray-gir-2026-05-11,2026-05-11T19:00:00+00:00,H,6,0.39,0.4055,0.4223,0.4212,nan,0.4239,0,684247
SP1,lal-ray-gir-2026-05-11,2026-05-11T19:00:00+00:00,H,24,0.4,0.4055,0.4223,0.4212,nan,0.4239,0,684247
SP1,lal-ray-gir-2026-05-11,2026-05-11T19:00:00+00:00,D,1,0.31,0.2751,0.2893,0.2916,nan,0.3006,1,611382
SP1,lal-ray-gir-2026-05-11,2026-05-11T19:00:00+00:00,D,6,0.3,0.2751,0.2893,0.2916,nan,0.3006,1,611382
SP1,lal-ray-gir-2026-05-11,2026-05-11T19:00:00+00:00,D,24,0.3,0.2751,0.2893,0.2916,nan,0.3006,1,611382
SP1,lal-ray-gir-2026-05-11,2026-05-11T19:00:00+00:00,A,1,0.3,0.3194,0.2884,0.2872,nan,0.2755,0,299244
SP1,lal-ray-gir-2026-05-11,2026-05-11T19:00:00+00:00,A,6,0.32,0.3194,0.2884,0.2872,nan,0.2755,0,299244
SP1,lal-ray-gir-2026-05-11,2026-05-11T19:00:00+00:00,A,24,0.33,0.3194,0.2884,0.2872,nan,0.2755,0,299244
SP1,lal-bar-rea-2026-05-10,2026-05-10T19:00:00+00:00,H,1,0.57,0.5806,0.5718,0.5746,nan,0.5887,1,10618784
SP1,lal-bar-rea-2026-05-10,2026-05-10T19:00:00+00:00,H,6,0.6,0.5806,0.5718,0.5746,nan,0.5887,1,10618784
SP1,lal-bar-rea-2026-05-10,2026-05-10T19:00:00+00:00,H,24,0.6,0.5806,0.5718,0.5746,nan,0.5887,1,10618784
SP1,lal-bar-rea-2026-05-10,2026-05-10T19:00:00+00:00,D,1,0.2,0.201,0.2039,0.1996,nan,0.1951,0,590529
SP1,lal-bar-rea-2026-05-10,2026-05-10T19:00:00+00:00,D,6,0.2,0.201,0.2039,0.1996,nan,0.1951,0,590529
SP1,lal-bar-rea-2026-05-10,2026-05-10T19:00:00+00:00,D,24,0.19,0.201,0.2039,0.1996,nan,0.1951,0,590529
SP1,lal-bar-rea-2026-05-10,2026-05-10T19:00:00+00:00,A,1,0.24,0.2184,0.2243,0.2258,nan,0.2163,0,1995108
SP1,lal-bar-rea-2026-05-10,2026-05-10T19:00:00+00:00,A,6,0.23,0.2184,0.2243,0.2258,nan,0.2163,0,1995108
SP1,lal-bar-rea-2026-05-10,2026-05-10T19:00:00+00:00,A,24,0.23,0.2184,0.2243,0.2258,nan,0.2163,0,1995108
SP1,lal-cel-lev-2026-05-12,2026-05-12T17:00:00+00:00,H,1,0.51,0.5269,0.4979,0.4953,nan,0.5037,0,690021
SP1,lal-cel-lev-2026-05-12,2026-05-12T17:00:00+00:00,H,6,0.54,0.5269,0.4979,0.4953,nan,0.5037,0,690021
SP1,lal-cel-lev-2026-05-12,2026-05-12T17:00:00+00:00,H,24,0.54,0.5269,0.4979,0.4953,nan,0.5037,0,690021
SP1,lal-cel-lev-2026-05-12,2026-05-12T17:00:00+00:00,D,1,0.26,0.2481,0.2557,0.2557,nan,0.2696,0,123951
SP1,lal-cel-lev-2026-05-12,2026-05-12T17:00:00+00:00,D,6,0.25,0.2481,0.2557,0.2557,nan,0.2696,0,123951
SP1,lal-cel-lev-2026-05-12,2026-05-12T17:00:00+00:00,D,24,0.25,0.2481,0.2557,0.2557,nan,0.2696,0,123951
SP1,lal-cel-lev-2026-05-12,2026-05-12T17:00:00+00:00,A,1,0.22,0.2249,0.2464,0.249,nan,0.2267,1,305951
SP1,lal-cel-lev-2026-05-12,2026-05-12T17:00:00+00:00,A,6,0.22,0.2249,0.2464,0.249,nan,0.2267,1,305951
SP1,lal-cel-lev-2026-05-12,2026-05-12T17:00:00+00:00,A,24,0.22,0.2249,0.2464,0.249,nan,0.2267,1,305951
SP1,lal-osa-mad-2026-05-12,2026-05-12T19:30:00+00:00,H,1,0.35,0.3736,0.3627,0.3606,nan,0.36,0,331025
SP1,lal-osa-mad-2026-05-12,2026-05-12T19:30:00+00:00,H,6,0.38,0.3736,0.3627,0.3606,nan,0.36,0,331025
SP1,lal-osa-mad-2026-05-12,2026-05-12T19:30:00+00:00,H,24,0.39,0.3736,0.3627,0.3606,nan,0.36,0,331025
SP1,lal-osa-mad-2026-05-12,2026-05-12T19:30:00+00:00,D,1,0.27,0.2671,0.2731,0.2789,nan,0.2799,0,222566
SP1,lal-osa-mad-2026-05-12,2026-05-12T19:30:00+00:00,D,6,0.28,0.2671,0.2731,0.2789,nan,0.2799,0,222566
SP1,lal-osa-mad-2026-05-12,2026-05-12T19:30:00+00:00,D,24,0.27,0.2671,0.2731,0.2789,nan,0.2799,0,222566
SP1,lal-osa-mad-2026-05-12,2026-05-12T19:30:00+00:00,A,1,0.37,0.3593,0.3641,0.3606,nan,0.36,1,1696983
SP1,lal-osa-mad-2026-05-12,2026-05-12T19:30:00+00:00,A,6,0.36,0.3593,0.3641,0.3606,nan,0.36,1,1696983
SP1,lal-osa-mad-2026-05-12,2026-05-12T19:30:00+00:00,A,24,0.35,0.3593,0.3641,0.3606,nan,0.36,1,1696983
SP1,lal-vil-sev-2026-05-13,2026-05-13T17:00:00+00:00,H,1,0.49,0.4479,0.4505,0.4505,nan,0.4514,0,2341074
SP1,lal-vil-sev-2026-05-13,2026-05-13T17:00:00+00:00,H,6,0.5,0.4479,0.4505,0.4505,nan,0.4514,0,2341074
SP1,lal-vil-sev-2026-05-13,2026-05-13T17:00:00+00:00,H,24,0.47,0.4479,0.4505,0.4505,nan,0.4514,0,2341074
SP1,lal-vil-sev-2026-05-13,2026-05-13T17:00:00+00:00,D,1,0.28,0.2846,0.28,0.2867,nan,0.2837,0,226692
SP1,lal-vil-sev-2026-05-13,2026-05-13T17:00:00+00:00,D,6,0.28,0.2846,0.28,0.2867,nan,0.2837,0,226692
SP1,lal-vil-sev-2026-05-13,2026-05-13T17:00:00+00:00,D,24,0.29,0.2846,0.28,0.2867,nan,0.2837,0,226692
SP1,lal-vil-sev-2026-05-13,2026-05-13T17:00:00+00:00,A,1,0.24,0.2675,0.2695,0.2628,nan,0.2648,1,565707
SP1,lal-vil-sev-2026-05-13,2026-05-13T17:00:00+00:00,A,6,0.24,0.2675,0.2695,0.2628,nan,0.2648,1,565707
SP1,lal-vil-sev-2026-05-13,2026-05-13T17:00:00+00:00,A,24,0.25,0.2675,0.2695,0.2628,nan,0.2648,1,565707
SP1,lal-esp-bil-2026-05-13,2026-05-13T17:00:00+00:00,H,1,0.35,0.3593,0.3404,0.3445,nan,0.3374,1,180539
SP1,lal-esp-bil-2026-05-13,2026-05-13T17:00:00+00:00,H,6,0.34,0.3593,0.3404,0.3445,nan,0.3374,1,180539
SP1,lal-esp-bil-2026-05-13,2026-05-13T17:00:00+00:00,H,24,0.36,0.3593,0.3404,0.3445,nan,0.3374,1,180539
SP1,lal-esp-bil-2026-05-13,2026-05-13T17:00:00+00:00,D,1,0.31,0.2921,0.3205,0.3266,nan,0.3374,0,168569
SP1,lal-esp-bil-2026-05-13,2026-05-13T17:00:00+00:00,D,6,0.3,0.2921,0.3205,0.3266,nan,0.3374,0,168569
SP1,lal-esp-bil-2026-05-13,2026-05-13T17:00:00+00:00,D,24,0.3,0.2921,0.3205,0.3266,nan,0.3374,0,168569
SP1,lal-esp-bil-2026-05-13,2026-05-13T17:00:00+00:00,A,1,0.36,0.3486,0.3391,0.3289,nan,0.3252,0,1998996
SP1,lal-esp-bil-2026-05-13,2026-05-13T17:00:00+00:00,A,6,0.36,0.3486,0.3391,0.3289,nan,0.3252,0,1998996
SP1,lal-esp-bil-2026-05-13,2026-05-13T17:00:00+00:00,A,24,0.35,0.3486,0.3391,0.3289,nan,0.3252,0,1998996
SP1,lal-ala-bar-2026-05-13,2026-05-13T19:30:00+00:00,H,1,0.29,0.3035,0.3131,0.3161,nan,0.3102,1,759081
SP1,lal-ala-bar-2026-05-13,2026-05-13T19:30:00+00:00,H,6,0.28,0.3035,0.3131,0.3161,nan,0.3102,1,759081
SP1,lal-ala-bar-2026-05-13,2026-05-13T19:30:00+00:00,H,24,0.3,0.3035,0.3131,0.3161,nan,0.3102,1,759081
SP1,lal-ala-bar-2026-05-13,2026-05-13T19:30:00+00:00,D,1,0.25,0.25,0.2529,0.2529,nan,0.2545,0,185841
SP1,lal-ala-bar-2026-05-13,2026-05-13T19:30:00+00:00,D,6,0.25,0.25,0.2529,0.2529,nan,0.2545,0,185841
SP1,lal-ala-bar-2026-05-13,2026-05-13T19:30:00+00:00,D,24,0.24,0.25,0.2529,0.2529,nan,0.2545,0,185841
SP1,lal-ala-bar-2026-05-13,2026-05-13T19:30:00+00:00,A,1,0.45,0.4465,0.434,0.431,nan,0.4353,0,2250107
SP1,lal-ala-bar-2026-05-13,2026-05-13T19:30:00+00:00,A,6,0.48,0.4465,0.434,0.431,nan,0.4353,0,2250107
SP1,lal-ala-bar-2026-05-13,2026-05-13T19:30:00+00:00,A,24,0.47,0.4465,0.434,0.431,nan,0.4353,0,2250107
SP1,lal-get-mal-2026-05-13,2026-05-13T19:30:00+00:00,H,1,0.42,0.4278,0.4076,0.406,nan,0.412,1,308985
SP1,lal-get-mal-2026-05-13,2026-05-13T19:30:00+00:00,H,6,0.42,0.4278,0.4076,0.406,nan,0.412,1,308985
SP1,lal-get-mal-2026-05-13,2026-05-13T19:30:00+00:00,H,24,0.44,0.4278,0.4076,0.406,nan,0.412,1,308985
SP1,lal-get-mal-2026-05-13,2026-05-13T19:30:00+00:00,D,1,0.33,0.3052,0.3241,0.329,nan,0.3323,0,95991
SP1,lal-get-mal-2026-05-13,2026-05-13T19:30:00+00:00,D,6,0.33,0.3052,0.3241,0.329,nan,0.3323,0,95991
SP1,lal-get-mal-2026-05-13,2026-05-13T19:30:00+00:00,D,24,0.31,0.3052,0.3241,0.329,nan,0.3323,0,95991
SP1,lal-get-mal-2026-05-13,2026-05-13T19:30:00+00:00,A,1,0.27,0.2669,0.2682,0.265,nan,0.2557,0,66108
SP1,lal-get-mal-2026-05-13,2026-05-13T19:30:00+00:00,A,6,0.27,0.2669,0.2682,0.265,nan,0.2557,0,66108
SP1,lal-get-mal-2026-05-13,2026-05-13T19:30:00+00:00,A,24,0.26,0.2669,0.2682,0.265,nan,0.2557,0,66108
SP1,lal-val-ray-2026-05-14,2026-05-14T17:00:00+00:00,H,1,0.43,0.4304,0.4115,0.4048,nan,0.4174,0,727165
SP1,lal-val-ray-2026-05-14,2026-05-14T17:00:00+00:00,H,6,0.43,0.4304,0.4115,0.4048,nan,0.4174,0,727165
SP1,lal-val-ray-2026-05-14,2026-05-14T17:00:00+00:00,H,24,0.43,0.4304,0.4115,0.4048,nan,0.4174,0,727165
SP1,lal-val-ray-2026-05-14,2026-05-14T17:00:00+00:00,D,1,0.32,0.2805,0.3063,0.3069,nan,0.3104,1,222683
SP1,lal-val-ray-2026-05-14,2026-05-14T17:00:00+00:00,D,6,0.31,0.2805,0.3063,0.3069,nan,0.3104,1,222683
SP1,lal-val-ray-2026-05-14,2026-05-14T17:00:00+00:00,D,24,0.31,0.2805,0.3063,0.3069,nan,0.3104,1,222683
SP1,lal-val-ray-2026-05-14,2026-05-14T17:00:00+00:00,A,1,0.25,0.2891,0.2822,0.2883,nan,0.2722,0,269248
SP1,lal-val-ray-2026-05-14,2026-05-14T17:00:00+00:00,A,6,0.26,0.2891,0.2822,0.2883,nan,0.2722,0,269248
SP1,lal-val-ray-2026-05-14,2026-05-14T17:00:00+00:00,A,24,0.27,0.2891,0.2822,0.2883,nan,0.2722,0,269248
SP1,lal-bet-elc-2026-05-12,2026-05-12T18:00:00+00:00,H,1,0.61,0.5965,0.5852,0.576,nan,0.5933,1,820388
SP1,lal-bet-elc-2026-05-12,2026-05-12T18:00:00+00:00,H,6,0.6,0.5965,0.5852,0.576,nan,0.5933,1,820388
SP1,lal-bet-elc-2026-05-12,2026-05-12T18:00:00+00:00,H,24,0.61,0.5965,0.5852,0.576,nan,0.5933,1,820388
SP1,lal-bet-elc-2026-05-12,2026-05-12T18:00:00+00:00,D,1,0.23,0.2251,0.2256,0.2276,nan,0.2318,0,142642
SP1,lal-bet-elc-2026-05-12,2026-05-12T18:00:00+00:00,D,6,0.23,0.2251,0.2256,0.2276,nan,0.2318,0,142642
SP1,lal-bet-elc-2026-05-12,2026-05-12T18:00:00+00:00,D,24,0.22,0.2251,0.2256,0.2276,nan,0.2318,0,142642
SP1,lal-bet-elc-2026-05-12,2026-05-12T18:00:00+00:00,A,1,0.17,0.1784,0.1892,0.1964,nan,0.1749,0,198958
SP1,lal-bet-elc-2026-05-12,2026-05-12T18:00:00+00:00,A,6,0.18,0.1784,0.1892,0.1964,nan,0.1749,0,198958
SP1,lal-bet-elc-2026-05-12,2026-05-12T18:00:00+00:00,A,24,0.17,0.1784,0.1892,0.1964,nan,0.1749,0,198958
SP1,lal-gir-rso-2026-05-14,2026-05-14T18:00:00+00:00,H,1,0.5,0.453,0.4893,0.4953,nan,0.4969,0,950388
SP1,lal-gir-rso-2026-05-14,2026-05-14T18:00:00+00:00,H,6,0.52,0.453,0.4893,0.4953,nan,0.4969,0,950388
SP1,lal-gir-rso-2026-05-14,2026-05-14T18:00:00+00:00,H,24,0.49,0.453,0.4893,0.4953,nan,0.4969,0,950388
SP1,lal-gir-rso-2026-05-14,2026-05-14T18:00:00+00:00,D,1,0.26,0.2563,0.2547,0.249,nan,0.2516,1,176771
SP1,lal-gir-rso-2026-05-14,2026-05-14T18:00:00+00:00,D,6,0.26,0.2563,0.2547,0.249,nan,0.2516,1,176771
SP1,lal-gir-rso-2026-05-14,2026-05-14T18:00:00+00:00,D,24,0.25,0.2563,0.2547,0.249,nan,0.2516,1,176771
SP1,lal-gir-rso-2026-05-14,2026-05-14T18:00:00+00:00,A,1,0.25,0.2907,0.256,0.2557,nan,0.2516,0,412018
SP1,lal-gir-rso-2026-05-14,2026-05-14T18:00:00+00:00,A,6,0.25,0.2907,0.256,0.2557,nan,0.2516,0,412018
SP1,lal-gir-rso-2026-05-14,2026-05-14T18:00:00+00:00,A,24,0.27,0.2907,0.256,0.2557,nan,0.2516,0,412018
SP1,lal-lev-mal-2026-05-17,2026-05-17T17:00:00+00:00,H,1,0.46,0.4376,0.4562,0.4652,nan,0.4568,1,194707
SP1,lal-lev-mal-2026-05-17,2026-05-17T17:00:00+00:00,H,6,0.47,0.4376,0.4562,0.4652,nan,0.4568,1,194707
SP1,lal-lev-mal-2026-05-17,2026-05-17T17:00:00+00:00,H,24,0.46,0.4376,0.4562,0.4652,nan,0.4568,1,194707
SP1,lal-lev-mal-2026-05-17,2026-05-17T17:00:00+00:00,D,1,0.28,0.2786,0.2759,0.2805,nan,0.2845,0,31888
SP1,lal-lev-mal-2026-05-17,2026-05-17T17:00:00+00:00,D,6,0.27,0.2786,0.2759,0.2805,nan,0.2845,0,31888
SP1,lal-lev-mal-2026-05-17,2026-05-17T17:00:00+00:00,D,24,0.29,0.2786,0.2759,0.2805,nan,0.2845,0,31888
SP1,lal-lev-mal-2026-05-17,2026-05-17T17:00:00+00:00,A,1,0.27,0.2837,0.268,0.2543,nan,0.2587,0,63308
SP1,lal-lev-mal-2026-05-17,2026-05-17T17:00:00+00:00,A,6,0.26,0.2837,0.268,0.2543,nan,0.2587,0,63308
SP1,lal-lev-mal-2026-05-17,2026-05-17T17:00:00+00:00,A,24,0.28,0.2837,0.268,0.2543,nan,0.2587,0,63308
SP1,lal-rea-ovi-2026-05-14,2026-05-14T19:30:00+00:00,H,1,0.78,0.7611,0.7733,0.7756,nan,0.7948,1,1658312
SP1,lal-rea-ovi-2026-05-14,2026-05-14T19:30:00+00:00,H,6,0.78,0.7611,0.7733,0.7756,nan,0.7948,1,1658312
SP1,lal-rea-ovi-2026-05-14,2026-05-14T19:30:00+00:00,H,24,0.76,0.7611,0.7733,0.7756,nan,0.7948,1,1658312
SP1,lal-rea-ovi-2026-05-14,2026-05-14T19:30:00+00:00,D,1,0.15,0.1491,0.1437,0.1456,nan,0.1343,0,130102
SP1,lal-rea-ovi-2026-05-14,2026-05-14T19:30:00+00:00,D,6,0.14,0.1491,0.1437,0.1456,nan,0.1343,0,130102
SP1,lal-rea-ovi-2026-05-14,2026-05-14T19:30:00+00:00,D,24,0.14,0.1491,0.1437,0.1456,nan,0.1343,0,130102
SP1,lal-rea-ovi-2026-05-14,2026-05-14T19:30:00+00:00,A,1,0.08,0.0898,0.083,0.0789,nan,0.071,0,457685
SP1,lal-rea-ovi-2026-05-14,2026-05-14T19:30:00+00:00,A,6,0.07,0.0898,0.083,0.0789,nan,0.071,0,457685
SP1,lal-rea-ovi-2026-05-14,2026-05-14T19:30:00+00:00,A,24,0.1,0.0898,0.083,0.0789,nan,0.071,0,457685
SP1,lal-ovi-ala-2026-05-17,2026-05-17T17:00:00+00:00,H,1,0.23,0.2513,0.2509,0.2553,nan,0.2415,0,66266
SP1,lal-ovi-ala-2026-05-17,2026-05-17T17:00:00+00:00,H,6,0.25,0.2513,0.2509,0.2553,nan,0.2415,0,66266
SP1,lal-ovi-ala-2026-05-17,2026-05-17T17:00:00+00:00,H,24,0.24,0.2513,0.2509,0.2553,nan,0.2415,0,66266
SP1,lal-ovi-ala-2026-05-17,2026-05-17T17:00:00+00:00,D,1,0.29,0.2605,0.2927,0.2979,nan,0.3001,0,79756
SP1,lal-ovi-ala-2026-05-17,2026-05-17T17:00:00+00:00,D,6,0.28,0.2605,0.2927,0.2979,nan,0.3001,0,79756
SP1,lal-ovi-ala-2026-05-17,2026-05-17T17:00:00+00:00,D,24,0.27,0.2605,0.2927,0.2979,nan,0.3001,0,79756
SP1,lal-ovi-ala-2026-05-17,2026-05-17T17:00:00+00:00,A,1,0.49,0.4881,0.4563,0.4468,nan,0.4584,1,1579002
SP1,lal-ovi-ala-2026-05-17,2026-05-17T17:00:00+00:00,A,6,0.48,0.4881,0.4563,0.4468,nan,0.4584,1,1579002
SP1,lal-ovi-ala-2026-05-17,2026-05-17T17:00:00+00:00,A,24,0.5,0.4881,0.4563,0.4468,nan,0.4584,1,1579002
SP1,lal-mad-gir-2026-05-17,2026-05-17T17:00:00+00:00,H,1,0.58,0.5334,0.5257,0.5216,nan,0.5297,1,665464
SP1,lal-mad-gir-2026-05-17,2026-05-17T17:00:00+00:00,H,6,0.55,0.5334,0.5257,0.5216,nan,0.5297,1,665464
SP1,lal-mad-gir-2026-05-17,2026-05-17T17:00:00+00:00,H,24,0.55,0.5334,0.5257,0.5216,nan,0.5297,1,665464
SP1,lal-mad-gir-2026-05-17,2026-05-17T17:00:00+00:00,D,1,0.23,0.2482,0.2443,0.2512,nan,0.249,0,59929
SP1,lal-mad-gir-2026-05-17,2026-05-17T17:00:00+00:00,D,6,0.24,0.2482,0.2443,0.2512,nan,0.249,0,59929
SP1,lal-mad-gir-2026-05-17,2026-05-17T17:00:00+00:00,D,24,0.25,0.2482,0.2443,0.2512,nan,0.249,0,59929
SP1,lal-mad-gir-2026-05-17,2026-05-17T17:00:00+00:00,A,1,0.2,0.2184,0.2299,0.2273,nan,0.2213,0,142221
SP1,lal-mad-gir-2026-05-17,2026-05-17T17:00:00+00:00,A,6,0.21,0.2184,0.2299,0.2273,nan,0.2213,0,142221
SP1,lal-mad-gir-2026-05-17,2026-05-17T17:00:00+00:00,A,24,0.21,0.2184,0.2299,0.2273,nan,0.2213,0,142221
SP1,lal-bar-bet-2026-05-17,2026-05-17T19:15:00+00:00,H,1,0.73,0.6995,0.7074,0.7084,nan,0.7281,1,4324454
SP1,lal-bar-bet-2026-05-17,2026-05-17T19:15:00+00:00,H,6,0.73,0.6995,0.7074,0.7084,nan,0.7281,1,4324454
SP1,lal-bar-bet-2026-05-17,2026-05-17T19:15:00+00:00,H,24,0.75,0.6995,0.7074,0.7084,nan,0.7281,1,4324454
SP1,lal-bar-bet-2026-05-17,2026-05-17T19:15:00+00:00,D,1,0.16,0.1691,0.1647,0.157,nan,0.1559,0,47067
SP1,lal-bar-bet-2026-05-17,2026-05-17T19:15:00+00:00,D,6,0.15,0.1691,0.1647,0.157,nan,0.1559,0,47067
SP1,lal-bar-bet-2026-05-17,2026-05-17T19:15:00+00:00,D,24,0.15,0.1691,0.1647,0.157,nan,0.1559,0,47067
SP1,lal-bar-bet-2026-05-17,2026-05-17T19:15:00+00:00,A,1,0.12,0.1314,0.1279,0.1346,nan,0.116,0,197515
SP1,lal-bar-bet-2026-05-17,2026-05-17T19:15:00+00:00,A,6,0.12,0.1314,0.1279,0.1346,nan,0.116,0,197515
SP1,lal-bar-bet-2026-05-17,2026-05-17T19:15:00+00:00,A,24,0.11,0.1314,0.1279,0.1346,nan,0.116,0,197515
SP1,lal-ray-vil-2026-05-17,2026-05-17T17:00:00+00:00,H,1,0.47,0.3893,0.4763,0.4761,nan,0.4869,1,446495
SP1,lal-ray-vil-2026-05-17,2026-05-17T17:00:00+00:00,H,6,0.44,0.3893,0.4763,0.4761,nan,0.4869,1,446495
SP1,lal-ray-vil-2026-05-17,2026-05-17T17:00:00+00:00,H,24,0.42,0.3893,0.4763,0.4761,nan,0.4869,1,446495
SP1,lal-ray-vil-2026-05-17,2026-05-17T17:00:00+00:00,D,1,0.27,0.2663,0.263,0.273,nan,0.2648,0,59391
SP1,lal-ray-vil-2026-05-17,2026-05-17T17:00:00+00:00,D,6,0.28,0.2663,0.263,0.273,nan,0.2648,0,59391
SP1,lal-ray-vil-2026-05-17,2026-05-17T17:00:00+00:00,D,24,0.27,0.2663,0.263,0.273,nan,0.2648,0,59391
SP1,lal-ray-vil-2026-05-17,2026-05-17T17:00:00+00:00,A,1,0.27,0.3444,0.2608,0.2509,nan,0.2483,0,143824
SP1,lal-ray-vil-2026-05-17,2026-05-17T17:00:00+00:00,A,6,0.3,0.3444,0.2608,0.2509,nan,0.2483,0,143824
SP1,lal-ray-vil-2026-05-17,2026-05-17T17:00:00+00:00,A,24,0.32,0.3444,0.2608,0.2509,nan,0.2483,0,143824
SP1,lal-osa-esp-2026-05-17,2026-05-17T17:00:00+00:00,H,1,0.44,0.4518,0.4424,0.4446,nan,0.4455,0,112995
SP1,lal-osa-esp-2026-05-17,2026-05-17T17:00:00+00:00,H,6,0.44,0.4518,0.4424,0.4446,nan,0.4455,0,112995
SP1,lal-osa-esp-2026-05-17,2026-05-17T17:00:00+00:00,H,24,0.46,0.4518,0.4424,0.4446,nan,0.4455,0,112995
SP1,lal-osa-esp-2026-05-17,2026-05-17T17:00:00+00:00,D,1,0.34,0.2978,0.3219,0.322,nan,0.3327,0,67627
SP1,lal-osa-esp-2026-05-17,2026-05-17T17:00:00+00:00,D,6,0.32,0.2978,0.3219,0.322,nan,0.3327,0,67627
SP1,lal-osa-esp-2026-05-17,2026-05-17T17:00:00+00:00,D,24,0.33,0.2978,0.3219,0.322,nan,0.3327,0,67627
SP1,lal-osa-esp-2026-05-17,2026-05-17T17:00:00+00:00,A,1,0.22,0.2503,0.2357,0.2334,nan,0.2218,1,70913
SP1,lal-osa-esp-2026-05-17,2026-05-17T17:00:00+00:00,A,6,0.23,0.2503,0.2357,0.2334,nan,0.2218,1,70913
SP1,lal-osa-esp-2026-05-17,2026-05-17T17:00:00+00:00,A,24,0.22,0.2503,0.2357,0.2334,nan,0.2218,1,70913
SP1,lal-sev-rea-2026-05-17,2026-05-17T17:00:00+00:00,H,1,0.29,0.306,0.2704,0.2655,nan,0.2622,0,239767
SP1,lal-sev-rea-2026-05-17,2026-05-17T17:00:00+00:00,H,6,0.29,0.306,0.2704,0.2655,nan,0.2622,0,239767
SP1,lal-sev-rea-2026-05-17,2026-05-17T17:00:00+00:00,H,24,0.3,0.306,0.2704,0.2655,nan,0.2622,0,239767
SP1,lal-sev-rea-2026-05-17,2026-05-17T17:00:00+00:00,D,1,0.26,0.2649,0.2535,0.2581,nan,0.2588,0,46352
SP1,lal-sev-rea-2026-05-17,2026-05-17T17:00:00+00:00,D,6,0.28,0.2649,0.2535,0.2581,nan,0.2588,0,46352
SP1,lal-sev-rea-2026-05-17,2026-05-17T17:00:00+00:00,D,24,0.28,0.2649,0.2535,0.2581,nan,0.2588,0,46352
SP1,lal-sev-rea-2026-05-17,2026-05-17T17:00:00+00:00,A,1,0.46,0.4292,0.476,0.4765,nan,0.479,1,1492249
SP1,lal-sev-rea-2026-05-17,2026-05-17T17:00:00+00:00,A,6,0.45,0.4292,0.476,0.4765,nan,0.479,1,1492249
SP1,lal-sev-rea-2026-05-17,2026-05-17T17:00:00+00:00,A,24,0.44,0.4292,0.476,0.4765,nan,0.479,1,1492249
SP1,lal-bil-cel-2026-05-17,2026-05-17T17:00:00+00:00,H,1,0.44,0.431,0.4383,0.4497,nan,0.4453,0,263724
SP1,lal-bil-cel-2026-05-17,2026-05-17T17:00:00+00:00,H,6,0.44,0.431,0.4383,0.4497,nan,0.4453,0,263724
SP1,lal-bil-cel-2026-05-17,2026-05-17T17:00:00+00:00,H,24,0.45,0.431,0.4383,0.4497,nan,0.4453,0,263724
SP1,lal-bil-cel-2026-05-17,2026-05-17T17:00:00+00:00,D,1,0.3,0.298,0.2964,0.2951,nan,0.3022,1,47156
SP1,lal-bil-cel-2026-05-17,2026-05-17T17:00:00+00:00,D,6,0.3,0.298,0.2964,0.2951,nan,0.3022,1,47156
SP1,lal-bil-cel-2026-05-17,2026-05-17T17:00:00+00:00,D,24,0.31,0.298,0.2964,0.2951,nan,0.3022,1,47156
SP1,lal-bil-cel-2026-05-17,2026-05-17T17:00:00+00:00,A,1,0.27,0.271,0.2652,0.2552,nan,0.2525,0,99066
SP1,lal-bil-cel-2026-05-17,2026-05-17T17:00:00+00:00,A,6,0.27,0.271,0.2652,0.2552,nan,0.2525,0,99066
SP1,lal-bil-cel-2026-05-17,2026-05-17T17:00:00+00:00,A,24,0.27,0.271,0.2652,0.2552,nan,0.2525,0,99066
SP1,lal-elc-get-2026-05-17,2026-05-17T17:00:00+00:00,H,1,0.42,0.4215,0.4061,0.4156,nan,0.412,1,199813
SP1,lal-elc-get-2026-05-17,2026-05-17T17:00:00+00:00,H,6,0.42,0.4215,0.4061,0.4156,nan,0.412,1,199813
SP1,lal-elc-get-2026-05-17,2026-05-17T17:00:00+00:00,H,24,0.42,0.4215,0.4061,0.4156,nan,0.412,1,199813
SP1,lal-elc-get-2026-05-17,2026-05-17T17:00:00+00:00,D,1,0.33,0.3187,0.3255,0.3247,nan,0.3323,0,23468
SP1,lal-elc-get-2026-05-17,2026-05-17T17:00:00+00:00,D,6,0.33,0.3187,0.3255,0.3247,nan,0.3323,0,23468
SP1,lal-elc-get-2026-05-17,2026-05-17T17:00:00+00:00,D,24,0.33,0.3187,0.3255,0.3247,nan,0.3323,0,23468
SP1,lal-elc-get-2026-05-17,2026-05-17T17:00:00+00:00,A,1,0.27,0.2598,0.2684,0.2597,nan,0.2557,0,97414
SP1,lal-elc-get-2026-05-17,2026-05-17T17:00:00+00:00,A,6,0.26,0.2598,0.2684,0.2597,nan,0.2557,0,97414
SP1,lal-elc-get-2026-05-17,2026-05-17T17:00:00+00:00,A,24,0.26,0.2598,0.2684,0.2597,nan,0.2557,0,97414
SP1,lal-rso-val-2026-05-17,2026-05-17T17:00:00+00:00,H,1,0.39,0.4356,0.3944,0.3875,nan,0.3974,0,139148
SP1,lal-rso-val-2026-05-17,2026-05-17T17:00:00+00:00,H,6,0.44,0.4356,0.3944,0.3875,nan,0.3974,0,139148
SP1,lal-rso-val-2026-05-17,2026-05-17T17:00:00+00:00,H,24,0.45,0.4356,0.3944,0.3875,nan,0.3974,0,139148
SP1,lal-rso-val-2026-05-17,2026-05-17T17:00:00+00:00,D,1,0.3,0.2753,0.293,0.3063,nan,0.2922,0,124679
SP1,lal-rso-val-2026-05-17,2026-05-17T17:00:00+00:00,D,6,0.27,0.2753,0.293,0.3063,nan,0.2922,0,124679
SP1,lal-rso-val-2026-05-17,2026-05-17T17:00:00+00:00,D,24,0.29,0.2753,0.293,0.3063,nan,0.2922,0,124679
SP1,lal-rso-val-2026-05-17,2026-05-17T17:00:00+00:00,A,1,0.32,0.2891,0.3126,0.3063,nan,0.3104,1,149184
SP1,lal-rso-val-2026-05-17,2026-05-17T17:00:00+00:00,A,6,0.28,0.2891,0.3126,0.3063,nan,0.3104,1,149184
SP1,lal-rso-val-2026-05-17,2026-05-17T17:00:00+00:00,A,24,0.29,0.2891,0.3126,0.3063,nan,0.3104,1,149184
SP1,lal-cel-sev-2026-05-23,2026-05-23T19:00:00+00:00,H,1,0.51,0.5383,0.5063,0.5155,nan,0.5128,1,756154
SP1,lal-cel-sev-2026-05-23,2026-05-23T19:00:00+00:00,H,6,0.49,0.5383,0.5063,0.5155,nan,0.5128,1,756154
SP1,lal-cel-sev-2026-05-23,2026-05-23T19:00:00+00:00,H,24,0.55,0.5383,0.5063,0.5155,nan,0.5128,1,756154
SP1,lal-cel-sev-2026-05-23,2026-05-23T19:00:00+00:00,D,1,0.27,0.2545,0.2779,0.2725,nan,0.2842,0,47972
SP1,lal-cel-sev-2026-05-23,2026-05-23T19:00:00+00:00,D,6,0.28,0.2545,0.2779,0.2725,nan,0.2842,0,47972
SP1,lal-cel-sev-2026-05-23,2026-05-23T19:00:00+00:00,D,24,0.26,0.2545,0.2779,0.2725,nan,0.2842,0,47972
SP1,lal-cel-sev-2026-05-23,2026-05-23T19:00:00+00:00,A,1,0.22,0.2072,0.2158,0.2119,nan,0.203,0,97759
SP1,lal-cel-sev-2026-05-23,2026-05-23T19:00:00+00:00,A,6,0.23,0.2072,0.2158,0.2119,nan,0.203,0,97759
SP1,lal-cel-sev-2026-05-23,2026-05-23T19:00:00+00:00,A,24,0.2,0.2072,0.2158,0.2119,nan,0.203,0,97759
SP1,lal-rea-bil-2026-05-23,2026-05-23T19:00:00+00:00,H,1,0.65,0.6388,0.6158,0.6044,nan,0.6247,1,1992490
SP1,lal-rea-bil-2026-05-23,2026-05-23T19:00:00+00:00,H,6,0.65,0.6388,0.6158,0.6044,nan,0.6247,1,1992490
SP1,lal-rea-bil-2026-05-23,2026-05-23T19:00:00+00:00,H,24,0.67,0.6388,0.6158,0.6044,nan,0.6247,1,1992490
SP1,lal-rea-bil-2026-05-23,2026-05-23T19:00:00+00:00,D,1,0.2,0.2014,0.2035,0.2082,nan,0.2069,0,58351
SP1,lal-rea-bil-2026-05-23,2026-05-23T19:00:00+00:00,D,6,0.2,0.2014,0.2035,0.2082,nan,0.2069,0,58351
SP1,lal-rea-bil-2026-05-23,2026-05-23T19:00:00+00:00,D,24,0.2,0.2014,0.2035,0.2082,nan,0.2069,0,58351
SP1,lal-rea-bil-2026-05-23,2026-05-23T19:00:00+00:00,A,1,0.16,0.1597,0.1807,0.1874,nan,0.1684,0,239053
SP1,lal-rea-bil-2026-05-23,2026-05-23T19:00:00+00:00,A,6,0.16,0.1597,0.1807,0.1874,nan,0.1684,0,239053
SP1,lal-rea-bil-2026-05-23,2026-05-23T19:00:00+00:00,A,24,0.15,0.1597,0.1807,0.1874,nan,0.1684,0,239053
SP1,lal-val-bar-2026-05-23,2026-05-23T19:00:00+00:00,H,1,0.29,0.2622,0.2794,0.2771,nan,0.2745,1,352272
SP1,lal-val-bar-2026-05-23,2026-05-23T19:00:00+00:00,H,6,0.29,0.2622,0.2794,0.2771,nan,0.2745,1,352272
SP1,lal-val-bar-2026-05-23,2026-05-23T19:00:00+00:00,H,24,0.26,0.2622,0.2794,0.2771,nan,0.2745,1,352272
SP1,lal-val-bar-2026-05-23,2026-05-23T19:00:00+00:00,D,1,0.24,0.2332,0.2345,0.2298,nan,0.241,0,112438
SP1,lal-val-bar-2026-05-23,2026-05-23T19:00:00+00:00,D,6,0.24,0.2332,0.2345,0.2298,nan,0.241,0,112438
SP1,lal-val-bar-2026-05-23,2026-05-23T19:00:00+00:00,D,24,0.23,0.2332,0.2345,0.2298,nan,0.241,0,112438
SP1,lal-val-bar-2026-05-23,2026-05-23T19:00:00+00:00,A,1,0.49,0.5045,0.4861,0.4932,nan,0.4844,0,1498703
SP1,lal-val-bar-2026-05-23,2026-05-23T19:00:00+00:00,A,6,0.49,0.5045,0.4861,0.4932,nan,0.4844,0,1498703
SP1,lal-val-bar-2026-05-23,2026-05-23T19:00:00+00:00,A,24,0.53,0.5045,0.4861,0.4932,nan,0.4844,0,1498703
SP1,lal-ala-ray-2026-05-23,2026-05-23T19:00:00+00:00,H,1,0.41,0.3872,0.4431,0.4505,nan,0.4432,0,624292
SP1,lal-ala-ray-2026-05-23,2026-05-23T19:00:00+00:00,H,6,0.42,0.3872,0.4431,0.4505,nan,0.4432,0,624292
SP1,lal-ala-ray-2026-05-23,2026-05-23T19:00:00+00:00,H,24,0.39,0.3872,0.4431,0.4505,nan,0.4432,0,624292
SP1,lal-ala-ray-2026-05-23,2026-05-23T19:00:00+00:00,D,1,0.3,0.2819,0.2859,0.2867,nan,0.292,0,71046
SP1,lal-ala-ray-2026-05-23,2026-05-23T19:00:00+00:00,D,6,0.29,0.2819,0.2859,0.2867,nan,0.292,0,71046
SP1,lal-ala-ray-2026-05-23,2026-05-23T19:00:00+00:00,D,24,0.29,0.2819,0.2859,0.2867,nan,0.292,0,71046
SP1,lal-ala-ray-2026-05-23,2026-05-23T19:00:00+00:00,A,1,0.3,0.3309,0.271,0.2628,nan,0.2648,1,366535
SP1,lal-ala-ray-2026-05-23,2026-05-23T19:00:00+00:00,A,6,0.31,0.3309,0.271,0.2628,nan,0.2648,1,366535
SP1,lal-ala-ray-2026-05-23,2026-05-23T19:00:00+00:00,A,24,0.33,0.3309,0.271,0.2628,nan,0.2648,1,366535
SP1,lal-get-osa-2026-05-23,2026-05-23T19:00:00+00:00,H,1,0.35,0.3871,0.3211,0.3184,nan,0.3086,1,1300710
SP1,lal-get-osa-2026-05-23,2026-05-23T19:00:00+00:00,H,6,0.34,0.3871,0.3211,0.3184,nan,0.3086,1,1300710
SP1,lal-get-osa-2026-05-23,2026-05-23T19:00:00+00:00,H,24,0.37,0.3871,0.3211,0.3184,nan,0.3086,1,1300710
SP1,lal-get-osa-2026-05-23,2026-05-23T19:00:00+00:00,D,1,0.35,0.3368,0.3664,0.3632,nan,0.3828,0,195337
SP1,lal-get-osa-2026-05-23,2026-05-23T19:00:00+00:00,D,6,0.34,0.3368,0.3664,0.3632,nan,0.3828,0,195337
SP1,lal-get-osa-2026-05-23,2026-05-23T19:00:00+00:00,D,24,0.35,0.3368,0.3664,0.3632,nan,0.3828,0,195337
SP1,lal-get-osa-2026-05-23,2026-05-23T19:00:00+00:00,A,1,0.3,0.276,0.3125,0.3184,nan,0.3086,0,228181
SP1,lal-get-osa-2026-05-23,2026-05-23T19:00:00+00:00,A,6,0.31,0.276,0.3125,0.3184,nan,0.3086,0,228181
SP1,lal-get-osa-2026-05-23,2026-05-23T19:00:00+00:00,A,24,0.28,0.276,0.3125,0.3184,nan,0.3086,0,228181
SP1,lal-bet-lev-2026-05-23,2026-05-23T19:00:00+00:00,H,1,0.42,0.4267,0.4074,0.4126,nan,0.4026,1,377706
SP1,lal-bet-lev-2026-05-23,2026-05-23T19:00:00+00:00,H,6,0.43,0.4267,0.4074,0.4126,nan,0.4026,1,377706
SP1,lal-bet-lev-2026-05-23,2026-05-23T19:00:00+00:00,H,24,0.42,0.4267,0.4074,0.4126,nan,0.4026,1,377706
SP1,lal-bet-lev-2026-05-23,2026-05-23T19:00:00+00:00,D,1,0.27,0.2866,0.272,0.2711,nan,0.2853,0,156702
SP1,lal-bet-lev-2026-05-23,2026-05-23T19:00:00+00:00,D,6,0.28,0.2866,0.272,0.2711,nan,0.2853,0,156702
SP1,lal-bet-lev-2026-05-23,2026-05-23T19:00:00+00:00,D,24,0.29,0.2866,0.272,0.2711,nan,0.2853,0,156702
SP1,lal-bet-lev-2026-05-23,2026-05-23T19:00:00+00:00,A,1,0.3,0.2866,0.3206,0.3163,nan,0.3121,0,127731
SP1,lal-bet-lev-2026-05-23,2026-05-23T19:00:00+00:00,A,6,0.31,0.2866,0.3206,0.3163,nan,0.3121,0,127731
SP1,lal-bet-lev-2026-05-23,2026-05-23T19:00:00+00:00,A,24,0.29,0.2866,0.3206,0.3163,nan,0.3121,0,127731
SP1,lal-esp-rso-2026-05-23,2026-05-23T19:00:00+00:00,H,1,0.44,0.3886,0.3935,0.3982,nan,0.3971,0,1693080
SP1,lal-esp-rso-2026-05-23,2026-05-23T19:00:00+00:00,H,6,0.45,0.3886,0.3935,0.3982,nan,0.3971,0,1693080
SP1,lal-esp-rso-2026-05-23,2026-05-23T19:00:00+00:00,H,24,0.41,0.3886,0.3935,0.3982,nan,0.3971,0,1693080
SP1,lal-esp-rso-2026-05-23,2026-05-23T19:00:00+00:00,D,1,0.27,0.2735,0.2684,0.2633,nan,0.272,1,112357
SP1,lal-esp-rso-2026-05-23,2026-05-23T19:00:00+00:00,D,6,0.27,0.2735,0.2684,0.2633,nan,0.272,1,112357
SP1,lal-esp-rso-2026-05-23,2026-05-23T19:00:00+00:00,D,24,0.27,0.2735,0.2684,0.2633,nan,0.272,1,112357
SP1,lal-esp-rso-2026-05-23,2026-05-23T19:00:00+00:00,A,1,0.29,0.3379,0.3381,0.3385,nan,0.3309,0,179323
SP1,lal-esp-rso-2026-05-23,2026-05-23T19:00:00+00:00,A,6,0.29,0.3379,0.3381,0.3385,nan,0.3309,0,179323
SP1,lal-esp-rso-2026-05-23,2026-05-23T19:00:00+00:00,A,24,0.33,0.3379,0.3381,0.3385,nan,0.3309,0,179323
SP1,lal-gir-elc-2026-05-23,2026-05-23T19:00:00+00:00,H,1,0.53,0.5322,0.5277,0.5293,nan,0.5438,0,878429
SP1,lal-gir-elc-2026-05-23,2026-05-23T19:00:00+00:00,H,6,0.54,0.5322,0.5277,0.5293,nan,0.5438,0,878429
SP1,lal-gir-elc-2026-05-23,2026-05-23T19:00:00+00:00,H,24,0.54,0.5322,0.5277,0.5293,nan,0.5438,0,878429
SP1,lal-gir-elc-2026-05-23,2026-05-23T19:00:00+00:00,D,1,0.26,0.2427,0.2504,0.2507,nan,0.2488,1,77334
SP1,lal-gir-elc-2026-05-23,2026-05-23T19:00:00+00:00,D,6,0.25,0.2427,0.2504,0.2507,nan,0.2488,1,77334
SP1,lal-gir-elc-2026-05-23,2026-05-23T19:00:00+00:00,D,24,0.23,0.2427,0.2504,0.2507,nan,0.2488,1,77334
SP1,lal-gir-elc-2026-05-23,2026-05-23T19:00:00+00:00,A,1,0.22,0.2252,0.2219,0.22,nan,0.2073,0,282081
SP1,lal-gir-elc-2026-05-23,2026-05-23T19:00:00+00:00,A,6,0.22,0.2252,0.2219,0.22,nan,0.2073,0,282081
SP1,lal-gir-elc-2026-05-23,2026-05-23T19:00:00+00:00,A,24,0.22,0.2252,0.2219,0.22,nan,0.2073,0,282081
SP1,lal-mal-ovi-2026-05-23,2026-05-23T19:00:00+00:00,H,1,0.67,0.6472,0.646,0.6303,nan,0.6601,1,385555
SP1,lal-mal-ovi-2026-05-23,2026-05-23T19:00:00+00:00,H,6,0.66,0.6472,0.646,0.6303,nan,0.6601,1,385555
SP1,lal-mal-ovi-2026-05-23,2026-05-23T19:00:00+00:00,H,24,0.67,0.6472,0.646,0.6303,nan,0.6601,1,385555
SP1,lal-mal-ovi-2026-05-23,2026-05-23T19:00:00+00:00,D,1,0.21,0.2167,0.2158,0.2184,nan,0.2121,0,25333
SP1,lal-mal-ovi-2026-05-23,2026-05-23T19:00:00+00:00,D,6,0.22,0.2167,0.2158,0.2184,nan,0.2121,0,25333
SP1,lal-mal-ovi-2026-05-23,2026-05-23T19:00:00+00:00,D,24,0.22,0.2167,0.2158,0.2184,nan,0.2121,0,25333
SP1,lal-mal-ovi-2026-05-23,2026-05-23T19:00:00+00:00,A,1,0.12,0.136,0.1382,0.1513,nan,0.1278,0,61369
SP1,lal-mal-ovi-2026-05-23,2026-05-23T19:00:00+00:00,A,6,0.12,0.136,0.1382,0.1513,nan,0.1278,0,61369
SP1,lal-mal-ovi-2026-05-23,2026-05-23T19:00:00+00:00,A,24,0.13,0.136,0.1382,0.1513,nan,0.1278,0,61369
SP1,lal-vil-mad-2026-05-24,2026-05-24T19:00:00+00:00,H,1,0.38,0.389,0.3798,0.3815,nan,0.384,1,311022
SP1,lal-vil-mad-2026-05-24,2026-05-24T19:00:00+00:00,H,6,0.39,0.389,0.3798,0.3815,nan,0.384,1,311022
SP1,lal-vil-mad-2026-05-24,2026-05-24T19:00:00+00:00,H,24,0.39,0.389,0.3798,0.3815,nan,0.384,1,311022
SP1,lal-vil-mad-2026-05-24,2026-05-24T19:00:00+00:00,D,1,0.26,0.2506,0.2465,0.2445,nan,0.2435,0,171638
SP1,lal-vil-mad-2026-05-24,2026-05-24T19:00:00+00:00,D,6,0.25,0.2506,0.2465,0.2445,nan,0.2435,0,171638
SP1,lal-vil-mad-2026-05-24,2026-05-24T19:00:00+00:00,D,24,0.26,0.2506,0.2465,0.2445,nan,0.2435,0,171638
SP1,lal-vil-mad-2026-05-24,2026-05-24T19:00:00+00:00,A,1,0.37,0.3604,0.3737,0.374,nan,0.3725,0,439369
SP1,lal-vil-mad-2026-05-24,2026-05-24T19:00:00+00:00,A,6,0.38,0.3604,0.3737,0.374,nan,0.3725,0,439369
SP1,lal-vil-mad-2026-05-24,2026-05-24T19:00:00+00:00,A,24,0.35,0.3604,0.3737,0.374,nan,0.3725,0,439369
SP1,lal-ala-get-2026-08-15,2026-08-15T17:30:00+00:00,H,1,0.41,0.4049,0.4066,0.4018,nan,0.4179,1,2222311
SP1,lal-ala-get-2026-08-15,2026-08-15T17:30:00+00:00,H,6,0.4,0.4049,0.4066,0.4018,nan,0.4179,1,2222311
SP1,lal-ala-get-2026-08-15,2026-08-15T17:30:00+00:00,H,24,0.41,0.4049,0.4066,0.4018,nan,0.4179,1,2222311
SP1,lal-ala-get-2026-08-15,2026-08-15T17:30:00+00:00,D,1,0.35,0.3345,0.3418,0.3497,nan,0.3453,0,203010
SP1,lal-ala-get-2026-08-15,2026-08-15T17:30:00+00:00,D,6,0.34,0.3345,0.3418,0.3497,nan,0.3453,0,203010
SP1,lal-ala-get-2026-08-15,2026-08-15T17:30:00+00:00,D,24,0.34,0.3345,0.3418,0.3497,nan,0.3453,0,203010
SP1,lal-ala-get-2026-08-15,2026-08-15T17:30:00+00:00,A,1,0.25,0.2606,0.2516,0.2485,nan,0.2368,0,327691
SP1,lal-ala-get-2026-08-15,2026-08-15T17:30:00+00:00,A,6,0.25,0.2606,0.2516,0.2485,nan,0.2368,0,327691
SP1,lal-ala-get-2026-08-15,2026-08-15T17:30:00+00:00,A,24,0.25,0.2606,0.2516,0.2485,nan,0.2368,0,327691
SP1,lal-sev-ray-2026-08-15,2026-08-15T19:30:00+00:00,H,1,0.36,0.4124,0.3798,0.3947,nan,0.3734,1,2130477
SP1,lal-sev-ray-2026-08-15,2026-08-15T19:30:00+00:00,H,6,0.4,0.4124,0.3798,0.3947,nan,0.3734,1,2130477
SP1,lal-sev-ray-2026-08-15,2026-08-15T19:30:00+00:00,H,24,0.42,0.4124,0.3798,0.3947,nan,0.3734,1,2130477
SP1,lal-sev-ray-2026-08-15,2026-08-15T19:30:00+00:00,D,1,0.33,0.2979,0.3238,0.3267,nan,0.3256,0,274062
SP1,lal-sev-ray-2026-08-15,2026-08-15T19:30:00+00:00,D,6,0.31,0.2979,0.3238,0.3267,nan,0.3256,0,274062
SP1,lal-sev-ray-2026-08-15,2026-08-15T19:30:00+00:00,D,24,0.3,0.2979,0.3238,0.3267,nan,0.3256,0,274062
SP1,lal-sev-ray-2026-08-15,2026-08-15T19:30:00+00:00,A,1,0.31,0.2897,0.2964,0.2786,nan,0.301,0,508014
SP1,lal-sev-ray-2026-08-15,2026-08-15T19:30:00+00:00,A,6,0.29,0.2897,0.2964,0.2786,nan,0.301,0,508014
SP1,lal-sev-ray-2026-08-15,2026-08-15T19:30:00+00:00,A,24,0.29,0.2897,0.2964,0.2786,nan,0.301,0,508014
SP1,lal-rrc-vil-2026-08-16,2026-08-16T15:00:00+00:00,H,1,0.26,0.2984,0.2564,0.2443,nan,0.2548,0,336586
SP1,lal-rrc-vil-2026-08-16,2026-08-16T15:00:00+00:00,H,6,0.25,0.2984,0.2564,0.2443,nan,0.2548,0,336586
SP1,lal-rrc-vil-2026-08-16,2026-08-16T15:00:00+00:00,H,24,0.29,0.2984,0.2564,0.2443,nan,0.2548,0,336586
SP1,lal-rrc-vil-2026-08-16,2026-08-16T15:00:00+00:00,D,1,0.26,0.2677,0.2509,0.2541,nan,0.2581,1,354476
SP1,lal-rrc-vil-2026-08-16,2026-08-16T15:00:00+00:00,D,6,0.26,0.2677,0.2509,0.2541,nan,0.2581,1,354476
SP1,lal-rrc-vil-2026-08-16,2026-08-16T15:00:00+00:00,D,24,0.27,0.2677,0.2509,0.2541,nan,0.2581,1,354476
SP1,lal-rrc-vil-2026-08-16,2026-08-16T15:00:00+00:00,A,1,0.47,0.4338,0.4927,0.5015,nan,0.4871,0,2056732
SP1,lal-rrc-vil-2026-08-16,2026-08-16T15:00:00+00:00,A,6,0.47,0.4338,0.4927,0.5015,nan,0.4871,0,2056732
SP1,lal-rrc-vil-2026-08-16,2026-08-16T15:00:00+00:00,A,24,0.44,0.4338,0.4927,0.5015,nan,0.4871,0,2056732
SP1,lal-esp-lev-2026-08-16,2026-08-16T17:00:00+00:00,H,1,0.45,0.4559,0.4512,0.4527,nan,0.4574,1,793919
SP1,lal-esp-lev-2026-08-16,2026-08-16T17:00:00+00:00,H,6,0.45,0.4559,0.4512,0.4527,nan,0.4574,1,793919
SP1,lal-esp-lev-2026-08-16,2026-08-16T17:00:00+00:00,H,24,0.47,0.4559,0.4512,0.4527,nan,0.4574,1,793919
SP1,lal-esp-lev-2026-08-16,2026-08-16T17:00:00+00:00,D,1,0.3,0.2889,0.2934,0.2971,nan,0.2933,0,78581
SP1,lal-esp-lev-2026-08-16,2026-08-16T17:00:00+00:00,D,6,0.3,0.2889,0.2934,0.2971,nan,0.2933,0,78581
SP1,lal-esp-lev-2026-08-16,2026-08-16T17:00:00+00:00,D,24,0.3,0.2889,0.2934,0.2971,nan,0.2933,0,78581
SP1,lal-esp-lev-2026-08-16,2026-08-16T17:00:00+00:00,A,1,0.26,0.2552,0.2554,0.2502,nan,0.2493,0,117144
SP1,lal-esp-lev-2026-08-16,2026-08-16T17:00:00+00:00,A,6,0.25,0.2552,0.2554,0.2502,nan,0.2493,0,117144
SP1,lal-esp-lev-2026-08-16,2026-08-16T17:00:00+00:00,A,24,0.24,0.2552,0.2554,0.2502,nan,0.2493,0,117144
SP1,lal-cel-osa-2026-08-16,2026-08-27T18:30:00+00:00,H,1,0.51,0.4798,0.5097,0.5072,nan,0.508,0,1190227
SP1,lal-cel-osa-2026-08-16,2026-08-27T18:30:00+00:00,H,6,0.5,0.4798,0.5097,0.5072,nan,0.508,0,1190227
SP1,lal-cel-osa-2026-08-16,2026-08-27T18:30:00+00:00,H,24,0.5,0.4798,0.5097,0.5072,nan,0.508,0,1190227
SP1,lal-cel-osa-2026-08-16,2026-08-27T18:30:00+00:00,D,1,0.3,0.2827,0.2866,0.2843,nan,0.2929,0,250147
SP1,lal-cel-osa-2026-08-16,2026-08-27T18:30:00+00:00,D,6,0.29,0.2827,0.2866,0.2843,nan,0.2929,0,250147
SP1,lal-cel-osa-2026-08-16,2026-08-27T18:30:00+00:00,D,24,0.27,0.2827,0.2866,0.2843,nan,0.2929,0,250147
SP1,lal-cel-osa-2026-08-16,2026-08-27T18:30:00+00:00,A,1,0.21,0.2375,0.2037,0.2085,nan,0.1991,1,341751
SP1,lal-cel-osa-2026-08-16,2026-08-27T18:30:00+00:00,A,6,0.23,0.2375,0.2037,0.2085,nan,0.1991,1,341751
SP1,lal-cel-osa-2026-08-16,2026-08-27T18:30:00+00:00,A,24,0.23,0.2375,0.2037,0.2085,nan,0.1991,1,341751
SP1,lal-dep-elc-2026-08-17,2026-08-17T19:00:00+00:00,H,1,0.43,0.4046,0.4318,0.4407,nan,0.4367,0,1469299
SP1,lal-dep-elc-2026-08-17,2026-08-17T19:00:00+00:00,H,6,0.43,0.4046,0.4318,0.4407,nan,0.4367,0,1469299
SP1,lal-dep-elc-2026-08-17,2026-08-17T19:00:00+00:00,H,24,0.41,0.4046,0.4318,0.4407,nan,0.4367,0,1469299
SP1,lal-dep-elc-2026-08-17,2026-08-17T19:00:00+00:00,D,1,0.32,0.3105,0.3002,0.2961,nan,0.3112,1,393652
SP1,lal-dep-elc-2026-08-17,2026-08-17T19:00:00+00:00,D,6,0.32,0.3105,0.3002,0.2961,nan,0.3112,1,393652
SP1,lal-dep-elc-2026-08-17,2026-08-17T19:00:00+00:00,D,24,0.32,0.3105,0.3002,0.2961,nan,0.3112,1,393652
SP1,lal-dep-elc-2026-08-17,2026-08-17T19:00:00+00:00,A,1,0.26,0.2849,0.2679,0.2632,nan,0.2521,0,326859
SP1,lal-dep-elc-2026-08-17,2026-08-17T19:00:00+00:00,A,6,0.26,0.2849,0.2679,0.2632,nan,0.2521,0,326859
SP1,lal-dep-elc-2026-08-17,2026-08-17T19:00:00+00:00,A,24,0.26,0.2849,0.2679,0.2632,nan,0.2521,0,326859
SP1,lal-ray-ala-2026-08-20,2026-08-20T19:00:00+00:00,H,1,0.39,0.4203,0.3881,0.3912,nan,0.3881,0,1900186
SP1,lal-ray-ala-2026-08-20,2026-08-20T19:00:00+00:00,H,6,0.42,0.4203,0.3881,0.3912,nan,0.3881,0,1900186
SP1,lal-ray-ala-2026-08-20,2026-08-20T19:00:00+00:00,H,24,0.42,0.4203,0.3881,0.3912,nan,0.3881,0,1900186
SP1,lal-ray-ala-2026-08-20,2026-08-20T19:00:00+00:00,D,1,0.32,0.3135,0.3059,0.2995,nan,0.3154,1,120348
SP1,lal-ray-ala-2026-08-20,2026-08-20T19:00:00+00:00,D,6,0.31,0.3135,0.3059,0.2995,nan,0.3154,1,120348
SP1,lal-ray-ala-2026-08-20,2026-08-20T19:00:00+00:00,D,24,0.32,0.3135,0.3059,0.2995,nan,0.3154,1,120348
SP1,lal-ray-ala-2026-08-20,2026-08-20T19:00:00+00:00,A,1,0.3,0.2663,0.3059,0.3092,nan,0.2966,0,457876
SP1,lal-ray-ala-2026-08-20,2026-08-20T19:00:00+00:00,A,6,0.27,0.2663,0.3059,0.3092,nan,0.2966,0,457876
SP1,lal-ray-ala-2026-08-20,2026-08-20T19:00:00+00:00,A,24,0.25,0.2663,0.3059,0.3092,nan,0.2966,0,457876
SP1,lal-mad-mala-2026-08-19,2026-08-19T19:00:00+00:00,H,1,0.71,0.7277,0.6463,0.6569,nan,0.6585,1,3390827
SP1,lal-mad-mala-2026-08-19,2026-08-19T19:00:00+00:00,H,6,0.72,0.7277,0.6463,0.6569,nan,0.6585,1,3390827
SP1,lal-mad-mala-2026-08-19,2026-08-19T19:00:00+00:00,H,24,0.73,0.7277,0.6463,0.6569,nan,0.6585,1,3390827
SP1,lal-mad-mala-2026-08-19,2026-08-19T19:00:00+00:00,D,1,0.19,0.1795,0.2092,0.2071,nan,0.2071,0,194135
SP1,lal-mad-mala-2026-08-19,2026-08-19T19:00:00+00:00,D,6,0.19,0.1795,0.2092,0.2071,nan,0.2071,0,194135
SP1,lal-mad-mala-2026-08-19,2026-08-19T19:00:00+00:00,D,24,0.18,0.1795,0.2092,0.2071,nan,0.2071,0,194135
SP1,lal-mad-mala-2026-08-19,2026-08-19T19:00:00+00:00,A,1,0.11,0.0928,0.1445,0.1361,nan,0.1344,0,580745
SP1,lal-mad-mala-2026-08-19,2026-08-19T19:00:00+00:00,A,6,0.09,0.0928,0.1445,0.1361,nan,0.1344,0,580745
SP1,lal-mad-mala-2026-08-19,2026-08-19T19:00:00+00:00,A,24,0.08,0.0928,0.1445,0.1361,nan,0.1344,0,580745
SP1,lal-bet-rso-2026-08-21,2026-08-21T19:00:00+00:00,H,1,0.46,0.4602,0.4465,0.4509,nan,0.446,1,1369757
SP1,lal-bet-rso-2026-08-21,2026-08-21T19:00:00+00:00,H,6,0.47,0.4602,0.4465,0.4509,nan,0.446,1,1369757
SP1,lal-bet-rso-2026-08-21,2026-08-21T19:00:00+00:00,H,24,0.47,0.4602,0.4465,0.4509,nan,0.446,1,1369757
SP1,lal-bet-rso-2026-08-21,2026-08-21T19:00:00+00:00,D,1,0.28,0.2688,0.2747,0.2785,nan,0.2789,0,87416
SP1,lal-bet-rso-2026-08-21,2026-08-21T19:00:00+00:00,D,6,0.28,0.2688,0.2747,0.2785,nan,0.2789,0,87416
SP1,lal-bet-rso-2026-08-21,2026-08-21T19:00:00+00:00,D,24,0.28,0.2688,0.2747,0.2785,nan,0.2789,0,87416
SP1,lal-bet-rso-2026-08-21,2026-08-21T19:00:00+00:00,A,1,0.26,0.2711,0.2788,0.2706,nan,0.275,0,148876
SP1,lal-bet-rso-2026-08-21,2026-08-21T19:00:00+00:00,A,6,0.25,0.2711,0.2788,0.2706,nan,0.275,0,148876
SP1,lal-bet-rso-2026-08-21,2026-08-21T19:00:00+00:00,A,24,0.27,0.2711,0.2788,0.2706,nan,0.275,0,148876
SP1,lal-bil-sev-2026-08-22,2026-08-22T15:00:00+00:00,H,1,0.55,0.5528,0.5389,0.5446,nan,0.5448,0,608108
SP1,lal-bil-sev-2026-08-22,2026-08-22T15:00:00+00:00,H,6,0.56,0.5528,0.5389,0.5446,nan,0.5448,0,608108
SP1,lal-bil-sev-2026-08-22,2026-08-22T15:00:00+00:00,H,24,0.57,0.5528,0.5389,0.5446,nan,0.5448,0,608108
SP1,lal-bil-sev-2026-08-22,2026-08-22T15:00:00+00:00,D,1,0.27,0.264,0.2642,0.2648,nan,0.2716,0,58767
SP1,lal-bil-sev-2026-08-22,2026-08-22T15:00:00+00:00,D,6,0.27,0.264,0.2642,0.2648,nan,0.2716,0,58767
SP1,lal-bil-sev-2026-08-22,2026-08-22T15:00:00+00:00,D,24,0.26,0.264,0.2642,0.2648,nan,0.2716,0,58767
SP1,lal-bil-sev-2026-08-22,2026-08-22T15:00:00+00:00,A,1,0.19,0.1832,0.1969,0.1906,nan,0.1836,1,323407
SP1,lal-bil-sev-2026-08-22,2026-08-22T15:00:00+00:00,A,6,0.18,0.1832,0.1969,0.1906,nan,0.1836,1,323407
SP1,lal-bil-sev-2026-08-22,2026-08-22T15:00:00+00:00,A,24,0.18,0.1832,0.1969,0.1906,nan,0.1836,1,323407
SP1,lal-val-cel-2026-08-22,2026-08-22T17:30:00+00:00,H,1,0.38,0.4048,0.3888,0.3836,nan,0.3791,0,84204
SP1,lal-val-cel-2026-08-22,2026-08-22T17:30:00+00:00,H,6,0.38,0.4048,0.3888,0.3836,nan,0.3791,0,84204
SP1,lal-val-cel-2026-08-22,2026-08-22T17:30:00+00:00,H,24,0.41,0.4048,0.3888,0.3836,nan,0.3791,0,84204
SP1,lal-val-cel-2026-08-22,2026-08-22T17:30:00+00:00,D,1,0.31,0.2938,0.3016,0.3032,nan,0.3153,1,55376
SP1,lal-val-cel-2026-08-22,2026-08-22T17:30:00+00:00,D,6,0.3,0.2938,0.3016,0.3032,nan,0.3153,1,55376
SP1,lal-val-cel-2026-08-22,2026-08-22T17:30:00+00:00,D,24,0.31,0.2938,0.3016,0.3032,nan,0.3153,1,55376
SP1,lal-val-cel-2026-08-22,2026-08-22T17:30:00+00:00,A,1,0.31,0.3013,0.3095,0.3133,nan,0.3056,0,83199
SP1,lal-val-cel-2026-08-22,2026-08-22T17:30:00+00:00,A,6,0.32,0.3013,0.3095,0.3133,nan,0.3056,0,83199
SP1,lal-val-cel-2026-08-22,2026-08-22T17:30:00+00:00,A,24,0.31,0.3013,0.3095,0.3133,nan,0.3056,0,83199
SP1,lal-esp-rea-2026-08-22,2026-08-22T19:30:00+00:00,H,1,0.12,0.1278,0.1283,0.1273,nan,0.1158,0,642236
SP1,lal-esp-rea-2026-08-22,2026-08-22T19:30:00+00:00,H,6,0.12,0.1278,0.1283,0.1273,nan,0.1158,0,642236
SP1,lal-esp-rea-2026-08-22,2026-08-22T19:30:00+00:00,H,24,0.11,0.1278,0.1283,0.1273,nan,0.1158,0,642236
SP1,lal-esp-rea-2026-08-22,2026-08-22T19:30:00+00:00,D,1,0.2,0.205,0.1932,0.1909,nan,0.1879,0,325546
SP1,lal-esp-rea-2026-08-22,2026-08-22T19:30:00+00:00,D,6,0.21,0.205,0.1932,0.1909,nan,0.1879,0,325546
SP1,lal-esp-rea-2026-08-22,2026-08-22T19:30:00+00:00,D,24,0.21,0.205,0.1932,0.1909,nan,0.1879,0,325546
SP1,lal-esp-rea-2026-08-22,2026-08-22T19:30:00+00:00,A,1,0.69,0.6672,0.6784,0.6818,nan,0.6963,1,2100995
SP1,lal-esp-rea-2026-08-22,2026-08-22T19:30:00+00:00,A,6,0.68,0.6672,0.6784,0.6818,nan,0.6963,1,2100995
SP1,lal-esp-rea-2026-08-22,2026-08-22T19:30:00+00:00,A,24,0.69,0.6672,0.6784,0.6818,nan,0.6963,1,2100995
SP1,lal-mad-vil-2026-08-23,2026-08-23T15:00:00+00:00,H,1,0.55,0.5043,0.5281,0.5262,nan,0.5327,0,1309382
SP1,lal-mad-vil-2026-08-23,2026-08-23T15:00:00+00:00,H,6,0.53,0.5043,0.5281,0.5262,nan,0.5327,0,1309382
SP1,lal-mad-vil-2026-08-23,2026-08-23T15:00:00+00:00,H,24,0.52,0.5043,0.5281,0.5262,nan,0.5327,0,1309382
SP1,lal-mad-vil-2026-08-23,2026-08-23T15:00:00+00:00,D,1,0.25,0.2613,0.2454,0.2428,nan,0.2554,1,153958
SP1,lal-mad-vil-2026-08-23,2026-08-23T15:00:00+00:00,D,6,0.25,0.2613,0.2454,0.2428,nan,0.2554,1,153958
SP1,lal-mad-vil-2026-08-23,2026-08-23T15:00:00+00:00,D,24,0.26,0.2613,0.2454,0.2428,nan,0.2554,1,153958
SP1,lal-mad-vil-2026-08-23,2026-08-23T15:00:00+00:00,A,1,0.2,0.2344,0.2265,0.231,nan,0.2119,0,405620
SP1,lal-mad-vil-2026-08-23,2026-08-23T15:00:00+00:00,A,6,0.22,0.2344,0.2265,0.231,nan,0.2119,0,405620
SP1,lal-mad-vil-2026-08-23,2026-08-23T15:00:00+00:00,A,24,0.23,0.2344,0.2265,0.231,nan,0.2119,0,405620
SP1,lal-get-rrc-2026-08-23,2026-08-23T17:30:00+00:00,H,1,0.42,0.4324,0.4161,0.4222,nan,0.4178,1,282451
SP1,lal-get-rrc-2026-08-23,2026-08-23T17:30:00+00:00,H,6,0.43,0.4324,0.4161,0.4222,nan,0.4178,1,282451
SP1,lal-get-rrc-2026-08-23,2026-08-23T17:30:00+00:00,H,24,0.45,0.4324,0.4161,0.4222,nan,0.4178,1,282451
SP1,lal-get-rrc-2026-08-23,2026-08-23T17:30:00+00:00,D,1,0.32,0.3199,0.3077,0.3064,nan,0.306,0,78993
SP1,lal-get-rrc-2026-08-23,2026-08-23T17:30:00+00:00,D,6,0.32,0.3199,0.3077,0.3064,nan,0.306,0,78993
SP1,lal-get-rrc-2026-08-23,2026-08-23T17:30:00+00:00,D,24,0.33,0.3199,0.3077,0.3064,nan,0.306,0,78993
SP1,lal-get-rrc-2026-08-23,2026-08-23T17:30:00+00:00,A,1,0.26,0.2477,0.2762,0.2714,nan,0.2762,0,237584
SP1,lal-get-rrc-2026-08-23,2026-08-23T17:30:00+00:00,A,6,0.25,0.2477,0.2762,0.2714,nan,0.2762,0,237584
SP1,lal-get-rrc-2026-08-23,2026-08-23T17:30:00+00:00,A,24,0.23,0.2477,0.2762,0.2714,nan,0.2762,0,237584
SP1,lal-elc-bar-2026-08-23,2026-08-23T19:30:00+00:00,H,1,0.1,0.1116,0.1131,0.1119,nan,0.1084,0,187661
SP1,lal-elc-bar-2026-08-23,2026-08-23T19:30:00+00:00,H,6,0.11,0.1116,0.1131,0.1119,nan,0.1084,0,187661
SP1,lal-elc-bar-2026-08-23,2026-08-23T19:30:00+00:00,H,24,0.09,0.1116,0.1131,0.1119,nan,0.1084,0,187661
SP1,lal-elc-bar-2026-08-23,2026-08-23T19:30:00+00:00,D,1,0.17,0.1711,0.1711,0.1729,nan,0.169,0,175368
SP1,lal-elc-bar-2026-08-23,2026-08-23T19:30:00+00:00,D,6,0.17,0.1711,0.1711,0.1729,nan,0.169,0,175368
SP1,lal-elc-bar-2026-08-23,2026-08-23T19:30:00+00:00,D,24,0.17,0.1711,0.1711,0.1729,nan,0.169,0,175368
SP1,lal-elc-bar-2026-08-23,2026-08-23T19:30:00+00:00,A,1,0.73,0.7173,0.7157,0.7152,nan,0.7226,1,2953194
SP1,lal-elc-bar-2026-08-23,2026-08-23T19:30:00+00:00,A,6,0.71,0.7173,0.7157,0.7152,nan,0.7226,1,2953194
SP1,lal-elc-bar-2026-08-23,2026-08-23T19:30:00+00:00,A,24,0.75,0.7173,0.7157,0.7152,nan,0.7226,1,2953194
SP1,lal-mala-dep-2026-08-24,2026-08-24T19:30:00+00:00,H,1,0.4,0.3769,0.3982,0.398,nan,0.3987,0,938078
SP1,lal-mala-dep-2026-08-24,2026-08-24T19:30:00+00:00,H,6,0.4,0.3769,0.3982,0.398,nan,0.3987,0,938078
SP1,lal-mala-dep-2026-08-24,2026-08-24T19:30:00+00:00,H,24,0.39,0.3769,0.3982,0.398,nan,0.3987,0,938078
SP1,lal-mala-dep-2026-08-24,2026-08-24T19:30:00+00:00,D,1,0.32,0.3126,0.3081,0.3081,nan,0.3165,1,151478
SP1,lal-mala-dep-2026-08-24,2026-08-24T19:30:00+00:00,D,6,0.31,0.3126,0.3081,0.3081,nan,0.3165,1,151478
SP1,lal-mala-dep-2026-08-24,2026-08-24T19:30:00+00:00,D,24,0.33,0.3126,0.3081,0.3081,nan,0.3165,1,151478
SP1,lal-mala-dep-2026-08-24,2026-08-24T19:30:00+00:00,A,1,0.27,0.3105,0.2937,0.2939,nan,0.2848,0,350915
SP1,lal-mala-dep-2026-08-24,2026-08-24T19:30:00+00:00,A,6,0.27,0.3105,0.2937,0.2939,nan,0.2848,0,350915
SP1,lal-mala-dep-2026-08-24,2026-08-24T19:30:00+00:00,A,24,0.3,0.3105,0.2937,0.2939,nan,0.2848,0,350915
SP1,lal-osa-lev-2026-08-24,2026-08-24T17:30:00+00:00,H,1,0.51,0.5168,0.4967,0.5073,nan,0.4997,0,486115
SP1,lal-osa-lev-2026-08-24,2026-08-24T17:30:00+00:00,H,6,0.52,0.5168,0.4967,0.5073,nan,0.4997,0,486115
SP1,lal-osa-lev-2026-08-24,2026-08-24T17:30:00+00:00,H,24,0.54,0.5168,0.4967,0.5073,nan,0.4997,0,486115
SP1,lal-osa-lev-2026-08-24,2026-08-24T17:30:00+00:00,D,1,0.27,0.2657,0.2792,0.276,nan,0.2841,1,113896
SP1,lal-osa-lev-2026-08-24,2026-08-24T17:30:00+00:00,D,6,0.28,0.2657,0.2792,0.276,nan,0.2841,1,113896
SP1,lal-osa-lev-2026-08-24,2026-08-24T17:30:00+00:00,D,24,0.27,0.2657,0.2792,0.276,nan,0.2841,1,113896
SP1,lal-osa-lev-2026-08-24,2026-08-24T17:30:00+00:00,A,1,0.2,0.2175,0.2241,0.2167,nan,0.2162,0,328562
SP1,lal-osa-lev-2026-08-24,2026-08-24T17:30:00+00:00,A,6,0.21,0.2175,0.2241,0.2167,nan,0.2162,0,328562
SP1,lal-osa-lev-2026-08-24,2026-08-24T17:30:00+00:00,A,24,0.2,0.2175,0.2241,0.2167,nan,0.2162,0,328562
SP1,lal-rea-rso-2026-08-26,2026-08-26T19:00:00+00:00,H,1,0.82,0.7199,0.7993,0.8089,nan,0.8175,1,5203081
SP1,lal-rea-rso-2026-08-26,2026-08-26T19:00:00+00:00,H,6,0.79,0.7199,0.7993,0.8089,nan,0.8175,1,5203081
SP1,lal-rea-rso-2026-08-26,2026-08-26T19:00:00+00:00,H,24,0.75,0.7199,0.7993,0.8089,nan,0.8175,1,5203081
SP1,lal-rea-rso-2026-08-26,2026-08-26T19:00:00+00:00,D,1,0.13,0.1669,0.128,0.1183,nan,0.116,0,382307
SP1,lal-rea-rso-2026-08-26,2026-08-26T19:00:00+00:00,D,6,0.15,0.1669,0.128,0.1183,nan,0.116,0,382307
SP1,lal-rea-rso-2026-08-26,2026-08-26T19:00:00+00:00,D,24,0.16,0.1669,0.128,0.1183,nan,0.116,0,382307
SP1,lal-rea-rso-2026-08-26,2026-08-26T19:00:00+00:00,A,1,0.07,0.1132,0.0728,0.0728,nan,0.0665,0,1029604
SP1,lal-rea-rso-2026-08-26,2026-08-26T19:00:00+00:00,A,6,0.09,0.1132,0.0728,0.0728,nan,0.0665,0,1029604
SP1,lal-rea-rso-2026-08-26,2026-08-26T19:00:00+00:00,A,24,0.09,0.1132,0.0728,0.0728,nan,0.0665,0,1029604
SP1,lal-bar-bil-2026-08-27,2026-08-27T19:00:00+00:00,H,1,0.8,0.7133,0.7713,0.7756,nan,0.7967,1,3908386
SP1,lal-bar-bil-2026-08-27,2026-08-27T19:00:00+00:00,H,6,0.8,0.7133,0.7713,0.7756,nan,0.7967,1,3908386
SP1,lal-bar-bil-2026-08-27,2026-08-27T19:00:00+00:00,H,24,0.77,0.7133,0.7713,0.7756,nan,0.7967,1,3908386
SP1,lal-bar-bil-2026-08-27,2026-08-27T19:00:00+00:00,D,1,0.14,0.1724,0.1417,0.1456,nan,0.1346,0,285124
SP1,lal-bar-bil-2026-08-27,2026-08-27T19:00:00+00:00,D,6,0.13,0.1724,0.1417,0.1456,nan,0.1346,0,285124
SP1,lal-bar-bil-2026-08-27,2026-08-27T19:00:00+00:00,D,24,0.14,0.1724,0.1417,0.1456,nan,0.1346,0,285124
SP1,lal-bar-bil-2026-08-27,2026-08-27T19:00:00+00:00,A,1,0.08,0.1142,0.087,0.0789,nan,0.0687,0,845948
SP1,lal-bar-bil-2026-08-27,2026-08-27T19:00:00+00:00,A,6,0.08,0.1142,0.087,0.0789,nan,0.0687,0,845948
SP1,lal-bar-bil-2026-08-27,2026-08-27T19:00:00+00:00,A,24,0.08,0.1142,0.087,0.0789,nan,0.0687,0,845948
SP1,lal-val-bet-2026-08-25,2026-08-25T19:00:00+00:00,H,1,0.35,0.3405,0.3613,0.3727,nan,0.3635,0,1278603
SP1,lal-val-bet-2026-08-25,2026-08-25T19:00:00+00:00,H,6,0.34,0.3405,0.3613,0.3727,nan,0.3635,0,1278603
SP1,lal-val-bet-2026-08-25,2026-08-25T19:00:00+00:00,H,24,0.33,0.3405,0.3613,0.3727,nan,0.3635,0,1278603
SP1,lal-val-bet-2026-08-25,2026-08-25T19:00:00+00:00,D,1,0.3,0.2911,0.292,0.288,nan,0.293,0,207778
SP1,lal-val-bet-2026-08-25,2026-08-25T19:00:00+00:00,D,6,0.29,0.2911,0.292,0.288,nan,0.293,0,207778
SP1,lal-val-bet-2026-08-25,2026-08-25T19:00:00+00:00,D,24,0.28,0.2911,0.292,0.288,nan,0.293,0,207778
SP1,lal-val-bet-2026-08-25,2026-08-25T19:00:00+00:00,A,1,0.34,0.3684,0.3467,0.3394,nan,0.3435,1,1295479
SP1,lal-val-bet-2026-08-25,2026-08-25T19:00:00+00:00,A,6,0.37,0.3684,0.3467,0.3394,nan,0.3435,1,1295479
SP1,lal-val-bet-2026-08-25,2026-08-25T19:00:00+00:00,A,24,0.37,0.3684,0.3467,0.3394,nan,0.3435,1,1295479
SP1,lal-ala-vil-2026-08-28,2026-08-28T19:30:00+00:00,H,1,0.3,0.305,0.3104,0.3064,nan,0.3058,1,640526
SP1,lal-ala-vil-2026-08-28,2026-08-28T19:30:00+00:00,H,6,0.3,0.305,0.3104,0.3064,nan,0.3058,1,640526
SP1,lal-ala-vil-2026-08-28,2026-08-28T19:30:00+00:00,H,24,0.31,0.305,0.3104,0.3064,nan,0.3058,1,640526
SP1,lal-ala-vil-2026-08-28,2026-08-28T19:30:00+00:00,D,1,0.27,0.2709,0.2734,0.2714,nan,0.28,0,423917
SP1,lal-ala-vil-2026-08-28,2026-08-28T19:30:00+00:00,D,6,0.28,0.2709,0.2734,0.2714,nan,0.28,0,423917
SP1,lal-ala-vil-2026-08-28,2026-08-28T19:30:00+00:00,D,24,0.28,0.2709,0.2734,0.2714,nan,0.28,0,423917
SP1,lal-ala-vil-2026-08-28,2026-08-28T19:30:00+00:00,A,1,0.43,0.424,0.4162,0.4222,nan,0.4142,0,427837
SP1,lal-ala-vil-2026-08-28,2026-08-28T19:30:00+00:00,A,6,0.43,0.424,0.4162,0.4222,nan,0.4142,0,427837
SP1,lal-ala-vil-2026-08-28,2026-08-28T19:30:00+00:00,A,24,0.43,0.424,0.4162,0.4222,nan,0.4142,0,427837
SP1,lal-lev-bet-2026-08-29,2026-08-29T15:00:00+00:00,H,1,0.29,0.2871,0.3036,0.2975,nan,0.2929,1,208653
SP1,lal-lev-bet-2026-08-29,2026-08-29T15:00:00+00:00,H,6,0.28,0.2871,0.3036,0.2975,nan,0.2929,1,208653
SP1,lal-lev-bet-2026-08-29,2026-08-29T15:00:00+00:00,H,24,0.27,0.2871,0.3036,0.2975,nan,0.2929,1,208653
SP1,lal-lev-bet-2026-08-29,2026-08-29T15:00:00+00:00,D,1,0.29,0.2828,0.2818,0.2885,nan,0.2887,0,88226
SP1,lal-lev-bet-2026-08-29,2026-08-29T15:00:00+00:00,D,6,0.29,0.2828,0.2818,0.2885,nan,0.2887,0,88226
SP1,lal-lev-bet-2026-08-29,2026-08-29T15:00:00+00:00,D,24,0.28,0.2828,0.2818,0.2885,nan,0.2887,0,88226
SP1,lal-lev-bet-2026-08-29,2026-08-29T15:00:00+00:00,A,1,0.44,0.43,0.4146,0.414,nan,0.4184,0,476540
SP1,lal-lev-bet-2026-08-29,2026-08-29T15:00:00+00:00,A,6,0.43,0.43,0.4146,0.414,nan,0.4184,0,476540
SP1,lal-lev-bet-2026-08-29,2026-08-29T15:00:00+00:00,A,24,0.44,0.43,0.4146,0.414,nan,0.4184,0,476540
SP1,lal-rso-esp-2026-08-29,2026-08-29T17:00:00+00:00,H,1,0.52,0.501,0.5094,0.5029,nan,0.5132,1,208266
SP1,lal-rso-esp-2026-08-29,2026-08-29T17:00:00+00:00,H,6,0.53,0.501,0.5094,0.5029,nan,0.5132,1,208266
SP1,lal-rso-esp-2026-08-29,2026-08-29T17:00:00+00:00,H,24,0.52,0.501,0.5094,0.5029,nan,0.5132,1,208266
SP1,lal-rso-esp-2026-08-29,2026-08-29T17:00:00+00:00,D,1,0.25,0.2587,0.2561,0.2582,nan,0.2655,0,144222
SP1,lal-rso-esp-2026-08-29,2026-08-29T17:00:00+00:00,D,6,0.25,0.2587,0.2561,0.2582,nan,0.2655,0,144222
SP1,lal-rso-esp-2026-08-29,2026-08-29T17:00:00+00:00,D,24,0.26,0.2587,0.2561,0.2582,nan,0.2655,0,144222
SP1,lal-rso-esp-2026-08-29,2026-08-29T17:00:00+00:00,A,1,0.22,0.2403,0.2344,0.2389,nan,0.2213,0,173560
SP1,lal-rso-esp-2026-08-29,2026-08-29T17:00:00+00:00,A,6,0.2188,0.2403,0.2344,0.2389,nan,0.2213,0,173560
SP1,lal-rso-esp-2026-08-29,2026-08-29T17:00:00+00:00,A,24,0.23,0.2403,0.2344,0.2389,nan,0.2213,0,173560
SP1,lal-sev-mad-2026-08-29,2026-08-29T19:30:00+00:00,H,1,0.23,0.272,0.2364,0.2316,nan,0.2264,0,413078
SP1,lal-sev-mad-2026-08-29,2026-08-29T19:30:00+00:00,H,6,0.23,0.272,0.2364,0.2316,nan,0.2264,0,413078
SP1,lal-sev-mad-2026-08-29,2026-08-29T19:30:00+00:00,H,24,0.25,0.272,0.2364,0.2316,nan,0.2264,0,413078
SP1,lal-sev-mad-2026-08-29,2026-08-29T19:30:00+00:00,D,1,0.28,0.2776,0.275,0.2713,nan,0.2806,0,183786
SP1,lal-sev-mad-2026-08-29,2026-08-29T19:30:00+00:00,D,6,0.28,0.2776,0.275,0.2713,nan,0.2806,0,183786
SP1,lal-sev-mad-2026-08-29,2026-08-29T19:30:00+00:00,D,24,0.29,0.2776,0.275,0.2713,nan,0.2806,0,183786
SP1,lal-sev-mad-2026-08-29,2026-08-29T19:30:00+00:00,A,1,0.51,0.4503,0.4887,0.4971,nan,0.4931,1,1308983
SP1,lal-sev-mad-2026-08-29,2026-08-29T19:30:00+00:00,A,6,0.5,0.4503,0.4887,0.4971,nan,0.4931,1,1308983
SP1,lal-sev-mad-2026-08-29,2026-08-29T19:30:00+00:00,A,24,0.46,0.4503,0.4887,0.4971,nan,0.4931,1,1308983
SP1,lal-rea-mala-2026-08-30,2026-08-30T15:00:00+00:00,H,1,0.91,0.8432,0.8684,0.8688,nan,0.8953,1,1676018
SP1,lal-rea-mala-2026-08-30,2026-08-30T15:00:00+00:00,H,6,0.9,0.8432,0.8684,0.8688,nan,0.8953,1,1676018
SP1,lal-rea-mala-2026-08-30,2026-08-30T15:00:00+00:00,H,24,0.89,0.8432,0.8684,0.8688,nan,0.8953,1,1676018
SP1,lal-rea-mala-2026-08-30,2026-08-30T15:00:00+00:00,D,1,0.07,0.1056,0.0883,0.0861,nan,0.0736,0,47713
SP1,lal-rea-mala-2026-08-30,2026-08-30T15:00:00+00:00,D,6,0.08,0.1056,0.0883,0.0861,nan,0.0736,0,47713
SP1,lal-rea-mala-2026-08-30,2026-08-30T15:00:00+00:00,D,24,0.09,0.1056,0.0883,0.0861,nan,0.0736,0,47713
SP1,lal-rea-mala-2026-08-30,2026-08-30T15:00:00+00:00,A,1,0.026,0.0511,0.0433,0.0451,nan,0.0311,0,691427
SP1,lal-rea-mala-2026-08-30,2026-08-30T15:00:00+00:00,A,6,0.027,0.0511,0.0433,0.0451,nan,0.0311,0,691427
SP1,lal-rea-mala-2026-08-30,2026-08-30T15:00:00+00:00,A,24,0.034,0.0511,0.0433,0.0451,nan,0.0311,0,691427
SP1,lal-dep-val-2026-08-30,2026-08-30T17:30:00+00:00,H,1,0.37,0.3694,0.3475,0.3445,nan,0.3462,1,143368
SP1,lal-dep-val-2026-08-30,2026-08-30T17:30:00+00:00,H,6,0.38,0.3694,0.3475,0.3445,nan,0.3462,1,143368
SP1,lal-dep-val-2026-08-30,2026-08-30T17:30:00+00:00,H,24,0.38,0.3694,0.3475,0.3445,nan,0.3462,1,143368
SP1,lal-dep-val-2026-08-30,2026-08-30T17:30:00+00:00,D,1,0.32,0.3095,0.3172,0.3266,nan,0.3269,0,150355
SP1,lal-dep-val-2026-08-30,2026-08-30T17:30:00+00:00,D,6,0.32,0.3095,0.3172,0.3266,nan,0.3269,0,150355
SP1,lal-dep-val-2026-08-30,2026-08-30T17:30:00+00:00,D,24,0.31,0.3095,0.3172,0.3266,nan,0.3269,0,150355
SP1,lal-dep-val-2026-08-30,2026-08-30T17:30:00+00:00,A,1,0.32,0.3212,0.3352,0.3289,nan,0.3269,0,85469
SP1,lal-dep-val-2026-08-30,2026-08-30T17:30:00+00:00,A,6,0.31,0.3212,0.3352,0.3289,nan,0.3269,0,85469
SP1,lal-dep-val-2026-08-30,2026-08-30T17:30:00+00:00,A,24,0.31,0.3212,0.3352,0.3289,nan,0.3269,0,85469
SP1,lal-rrc-elc-2026-08-28,2026-08-28T17:00:00+00:00,H,1,0.48,0.4635,0.4843,0.4985,nan,0.4869,1,2500373
SP1,lal-rrc-elc-2026-08-28,2026-08-28T17:00:00+00:00,H,6,0.48,0.4635,0.4843,0.4985,nan,0.4869,1,2500373
SP1,lal-rrc-elc-2026-08-28,2026-08-28T17:00:00+00:00,H,24,0.46,0.4635,0.4843,0.4985,nan,0.4869,1,2500373
SP1,lal-rrc-elc-2026-08-28,2026-08-28T17:00:00+00:00,D,1,0.26,0.2671,0.2638,0.2573,nan,0.2648,0,199027
SP1,lal-rrc-elc-2026-08-28,2026-08-28T17:00:00+00:00,D,6,0.27,0.2671,0.2638,0.2573,nan,0.2648,0,199027
SP1,lal-rrc-elc-2026-08-28,2026-08-28T17:00:00+00:00,D,24,0.28,0.2671,0.2638,0.2573,nan,0.2648,0,199027
SP1,lal-rrc-elc-2026-08-28,2026-08-28T17:00:00+00:00,A,1,0.27,0.2694,0.2519,0.2441,nan,0.2483,0,88796
SP1,lal-rrc-elc-2026-08-28,2026-08-28T17:00:00+00:00,A,6,0.26,0.2694,0.2519,0.2441,nan,0.2483,0,88796
SP1,lal-rrc-elc-2026-08-28,2026-08-28T17:00:00+00:00,A,24,0.27,0.2694,0.2519,0.2441,nan,0.2483,0,88796
SP1,lal-cel-bil-2026-08-30,2026-08-30T19:30:00+00:00,H,1,0.34,0.396,0.3403,0.3304,nan,0.3322,0,309368
SP1,lal-cel-bil-2026-08-30,2026-08-30T19:30:00+00:00,H,6,0.35,0.396,0.3403,0.3304,nan,0.3322,0,309368
SP1,lal-cel-bil-2026-08-30,2026-08-30T19:30:00+00:00,H,24,0.4,0.396,0.3403,0.3304,nan,0.3322,0,309368
SP1,lal-cel-bil-2026-08-30,2026-08-30T19:30:00+00:00,D,1,0.3,0.2893,0.304,0.3172,nan,0.3067,0,179175
SP1,lal-cel-bil-2026-08-30,2026-08-30T19:30:00+00:00,D,6,0.3,0.2893,0.304,0.3172,nan,0.3067,0,179175
SP1,lal-cel-bil-2026-08-30,2026-08-30T19:30:00+00:00,D,24,0.3,0.2893,0.304,0.3172,nan,0.3067,0,179175
SP1,lal-cel-bil-2026-08-30,2026-08-30T19:30:00+00:00,A,1,0.36,0.3147,0.3557,0.3524,nan,0.3611,1,230763
SP1,lal-cel-bil-2026-08-30,2026-08-30T19:30:00+00:00,A,6,0.35,0.3147,0.3557,0.3524,nan,0.3611,1,230763
SP1,lal-cel-bil-2026-08-30,2026-08-30T19:30:00+00:00,A,24,0.32,0.3147,0.3557,0.3524,nan,0.3611,1,230763
SP1,lal-osa-get-2026-08-31,2026-08-31T17:30:00+00:00,H,1,0.43,0.425,0.4383,0.4414,nan,0.4446,1,2207932
SP1,lal-osa-get-2026-08-31,2026-08-31T17:30:00+00:00,H,6,0.44,0.425,0.4383,0.4414,nan,0.4446,1,2207932
SP1,lal-osa-get-2026-08-31,2026-08-31T17:30:00+00:00,H,24,0.44,0.425,0.4383,0.4414,nan,0.4446,1,2207932
SP1,lal-osa-get-2026-08-31,2026-08-31T17:30:00+00:00,D,1,0.34,0.3181,0.3307,0.3272,nan,0.3342,0,150938
SP1,lal-osa-get-2026-08-31,2026-08-31T17:30:00+00:00,D,6,0.34,0.3181,0.3307,0.3272,nan,0.3342,0,150938
SP1,lal-osa-get-2026-08-31,2026-08-31T17:30:00+00:00,D,24,0.33,0.3181,0.3307,0.3272,nan,0.3342,0,150938
SP1,lal-osa-get-2026-08-31,2026-08-31T17:30:00+00:00,A,1,0.23,0.2569,0.231,0.2314,nan,0.2213,0,229412
SP1,lal-osa-get-2026-08-31,2026-08-31T17:30:00+00:00,A,6,0.21,0.2569,0.231,0.2314,nan,0.2213,0,229412
SP1,lal-osa-get-2026-08-31,2026-08-31T17:30:00+00:00,A,24,0.24,0.2569,0.231,0.2314,nan,0.2213,0,229412
SP1,lal-bar-ray-2026-08-31,2026-08-31T19:30:00+00:00,H,1,0.9,0.8077,0.8616,0.8562,nan,0.8874,1,2040187
SP1,lal-bar-ray-2026-08-31,2026-08-31T19:30:00+00:00,H,6,0.89,0.8077,0.8616,0.8562,nan,0.8874,1,2040187
SP1,lal-bar-ray-2026-08-31,2026-08-31T19:30:00+00:00,H,24,0.88,0.8077,0.8616,0.8562,nan,0.8874,1,2040187
SP1,lal-bar-ray-2026-08-31,2026-08-31T19:30:00+00:00,D,1,0.07,0.1256,0.0908,0.0942,nan,0.0795,0,278316
SP1,lal-bar-ray-2026-08-31,2026-08-31T19:30:00+00:00,D,6,0.07,0.1256,0.0908,0.0942,nan,0.0795,0,278316
SP1,lal-bar-ray-2026-08-31,2026-08-31T19:30:00+00:00,D,24,0.1,0.1256,0.0908,0.0942,nan,0.0795,0,278316
SP1,lal-bar-ray-2026-08-31,2026-08-31T19:30:00+00:00,A,1,0.03,0.0667,0.0476,0.0496,nan,0.0331,0,833431
SP1,lal-bar-ray-2026-08-31,2026-08-31T19:30:00+00:00,A,6,0.033,0.0667,0.0476,0.0496,nan,0.0331,0,833431
SP1,lal-bar-ray-2026-08-31,2026-08-31T19:30:00+00:00,A,24,0.033,0.0667,0.0476,0.0496,nan,0.0331,0,833431
SP1,lal-rso-cel-2026-09-03,2026-09-03T19:00:00+00:00,H,1,0.54,0.4787,0.5347,0.5431,nan,0.5369,0,245264
SP1,lal-rso-cel-2026-09-03,2026-09-03T19:00:00+00:00,H,6,0.52,0.4787,0.5347,0.5431,nan,0.5369,0,245264
SP1,lal-rso-cel-2026-09-03,2026-09-03T19:00:00+00:00,H,24,0.51,0.4787,0.5347,0.5431,nan,0.5369,0,245264
SP1,lal-rso-cel-2026-09-03,2026-09-03T19:00:00+00:00,D,1,0.26,0.2683,0.2571,0.2569,nan,0.2594,1,84734
SP1,lal-rso-cel-2026-09-03,2026-09-03T19:00:00+00:00,D,6,0.26,0.2683,0.2571,0.2569,nan,0.2594,1,84734
SP1,lal-rso-cel-2026-09-03,2026-09-03T19:00:00+00:00,D,24,0.27,0.2683,0.2571,0.2569,nan,0.2594,1,84734
SP1,lal-rso-cel-2026-09-03,2026-09-03T19:00:00+00:00,A,1,0.21,0.253,0.2082,0.2001,nan,0.2038,0,70667
SP1,lal-rso-cel-2026-09-03,2026-09-03T19:00:00+00:00,A,6,0.22,0.253,0.2082,0.2001,nan,0.2038,0,70667
SP1,lal-rso-cel-2026-09-03,2026-09-03T19:00:00+00:00,A,24,0.24,0.253,0.2082,0.2001,nan,0.2038,0,70667
SP1,lal-bet-rea-2026-09-04,2026-09-04T19:00:00+00:00,H,1,0.15,0.1491,0.16,0.1517,nan,0.1505,1,747497
SP1,lal-bet-rea-2026-09-04,2026-09-04T19:00:00+00:00,H,6,0.15,0.1491,0.16,0.1517,nan,0.1505,1,747497
SP1,lal-bet-rea-2026-09-04,2026-09-04T19:00:00+00:00,H,24,0.12,0.1491,0.16,0.1517,nan,0.1505,1,747497
SP1,lal-bet-rea-2026-09-04,2026-09-04T19:00:00+00:00,D,1,0.18,0.1865,0.1878,0.1897,nan,0.1874,0,608665
SP1,lal-bet-rea-2026-09-04,2026-09-04T19:00:00+00:00,D,6,0.18,0.1865,0.1878,0.1897,nan,0.1874,0,608665
SP1,lal-bet-rea-2026-09-04,2026-09-04T19:00:00+00:00,D,24,0.18,0.1865,0.1878,0.1897,nan,0.1874,0,608665
SP1,lal-bet-rea-2026-09-04,2026-09-04T19:00:00+00:00,A,1,0.68,0.6645,0.6522,0.6586,nan,0.6621,0,2313751
SP1,lal-bet-rea-2026-09-04,2026-09-04T19:00:00+00:00,A,6,0.68,0.6645,0.6522,0.6586,nan,0.6621,0,2313751
SP1,lal-bet-rea-2026-09-04,2026-09-04T19:00:00+00:00,A,24,0.72,0.6645,0.6522,0.6586,nan,0.6621,0,2313751
SP1,lal-vil-dep-2026-09-05,2026-09-05T19:00:00+00:00,H,1,0.67,0.6449,0.6565,0.6627,nan,0.6696,0,602687
SP1,lal-vil-dep-2026-09-05,2026-09-05T19:00:00+00:00,H,6,0.67,0.6449,0.6565,0.6627,nan,0.6696,0,602687
SP1,lal-vil-dep-2026-09-05,2026-09-05T19:00:00+00:00,H,24,0.65,0.6449,0.6565,0.6627,nan,0.6696,0,602687
SP1,lal-vil-dep-2026-09-05,2026-09-05T19:00:00+00:00,D,1,0.19,0.2121,0.2024,0.2009,nan,0.1956,0,80326
SP1,lal-vil-dep-2026-09-05,2026-09-05T19:00:00+00:00,D,6,0.21,0.2121,0.2024,0.2009,nan,0.1956,0,80326
SP1,lal-vil-dep-2026-09-05,2026-09-05T19:00:00+00:00,D,24,0.21,0.2121,0.2024,0.2009,nan,0.1956,0,80326
SP1,lal-vil-dep-2026-09-05,2026-09-05T19:00:00+00:00,A,1,0.14,0.1431,0.1411,0.1363,nan,0.1348,1,228228
SP1,lal-vil-dep-2026-09-05,2026-09-05T19:00:00+00:00,A,6,0.14,0.1431,0.1411,0.1363,nan,0.1348,1,228228
SP1,lal-vil-dep-2026-09-05,2026-09-05T19:00:00+00:00,A,24,0.14,0.1431,0.1411,0.1363,nan,0.1348,1,228228
SP1,lal-ray-rrc-2026-09-05,2026-09-05T16:30:00+00:00,H,1,0.48,0.419,0.4811,0.4834,nan,0.4869,1,304333
SP1,lal-ray-rrc-2026-09-05,2026-09-05T16:30:00+00:00,H,6,0.46,0.419,0.4811,0.4834,nan,0.4869,1,304333
SP1,lal-ray-rrc-2026-09-05,2026-09-05T16:30:00+00:00,H,24,0.42,0.419,0.4811,0.4834,nan,0.4869,1,304333
SP1,lal-ray-rrc-2026-09-05,2026-09-05T16:30:00+00:00,D,1,0.28,0.2789,0.2605,0.2618,nan,0.2648,0,141298
SP1,lal-ray-rrc-2026-09-05,2026-09-05T16:30:00+00:00,D,6,0.28,0.2789,0.2605,0.2618,nan,0.2648,0,141298
SP1,lal-ray-rrc-2026-09-05,2026-09-05T16:30:00+00:00,D,24,0.28,0.2789,0.2605,0.2618,nan,0.2648,0,141298
SP1,lal-ray-rrc-2026-09-05,2026-09-05T16:30:00+00:00,A,1,0.25,0.3021,0.2584,0.2548,nan,0.2483,0,120626
SP1,lal-ray-rrc-2026-09-05,2026-09-05T16:30:00+00:00,A,6,0.27,0.3021,0.2584,0.2548,nan,0.2483,0,120626
SP1,lal-ray-rrc-2026-09-05,2026-09-05T16:30:00+00:00,A,24,0.29,0.3021,0.2584,0.2548,nan,0.2483,0,120626
SP1,lal-bil-mad-2026-09-05,2026-09-05T14:15:00+00:00,H,1,0.33,0.3179,0.3484,0.35,nan,0.3456,1,251777
SP1,lal-bil-mad-2026-09-05,2026-09-05T14:15:00+00:00,H,6,0.32,0.3179,0.3484,0.35,nan,0.3456,1,251777
SP1,lal-bil-mad-2026-09-05,2026-09-05T14:15:00+00:00,H,24,0.31,0.3179,0.3484,0.35,nan,0.3456,1,251777
SP1,lal-bil-mad-2026-09-05,2026-09-05T14:15:00+00:00,D,1,0.28,0.2769,0.2842,0.2907,nan,0.2885,0,74279
SP1,lal-bil-mad-2026-09-05,2026-09-05T14:15:00+00:00,D,6,0.28,0.2769,0.2842,0.2907,nan,0.2885,0,74279
SP1,lal-bil-mad-2026-09-05,2026-09-05T14:15:00+00:00,D,24,0.27,0.2769,0.2842,0.2907,nan,0.2885,0,74279
SP1,lal-bil-mad-2026-09-05,2026-09-05T14:15:00+00:00,A,1,0.39,0.4052,0.3674,0.3593,nan,0.3659,0,460463
SP1,lal-bil-mad-2026-09-05,2026-09-05T14:15:00+00:00,A,6,0.4,0.4052,0.3674,0.3593,nan,0.3659,0,460463
SP1,lal-bil-mad-2026-09-05,2026-09-05T14:15:00+00:00,A,24,0.42,0.4052,0.3674,0.3593,nan,0.3659,0,460463
SP1,lal-val-bar-2026-09-06,2026-09-06T14:15:00+00:00,H,1,0.07,0.1025,0.0902,0.0949,nan,0.0798,0,281375
SP1,lal-val-bar-2026-09-06,2026-09-06T14:15:00+00:00,H,6,0.09,0.1025,0.0902,0.0949,nan,0.0798,0,281375
SP1,lal-val-bar-2026-09-06,2026-09-06T14:15:00+00:00,H,24,0.1,0.1025,0.0902,0.0949,nan,0.0798,0,281375
SP1,lal-val-bar-2026-09-06,2026-09-06T14:15:00+00:00,D,1,0.14,0.161,0.1479,0.146,nan,0.1467,0,101078
SP1,lal-val-bar-2026-09-06,2026-09-06T14:15:00+00:00,D,6,0.14,0.161,0.1479,0.146,nan,0.1467,0,101078
SP1,lal-val-bar-2026-09-06,2026-09-06T14:15:00+00:00,D,24,0.14,0.161,0.1479,0.146,nan,0.1467,0,101078
SP1,lal-val-bar-2026-09-06,2026-09-06T14:15:00+00:00,A,1,0.77,0.7365,0.762,0.7591,nan,0.7735,1,1925590
SP1,lal-val-bar-2026-09-06,2026-09-06T14:15:00+00:00,A,6,0.77,0.7365,0.762,0.7591,nan,0.7735,1,1925590
SP1,lal-val-bar-2026-09-06,2026-09-06T14:15:00+00:00,A,24,0.76,0.7365,0.762,0.7591,nan,0.7735,1,1925590
SP1,lal-mala-lev-2026-09-06,2026-09-06T16:30:00+00:00,H,1,0.4,0.3911,0.3905,0.4007,nan,0.3898,0,115954
SP1,lal-mala-lev-2026-09-06,2026-09-06T16:30:00+00:00,H,6,0.4,0.3911,0.3905,0.4007,nan,0.3898,0,115954
SP1,lal-mala-lev-2026-09-06,2026-09-06T16:30:00+00:00,H,24,0.41,0.3911,0.3905,0.4007,nan,0.3898,0,115954
SP1,lal-mala-lev-2026-09-06,2026-09-06T16:30:00+00:00,D,1,0.29,0.2876,0.2861,0.2854,nan,0.2935,1,108300
SP1,lal-mala-lev-2026-09-06,2026-09-06T16:30:00+00:00,D,6,0.3,0.2876,0.2861,0.2854,nan,0.2935,1,108300
SP1,lal-mala-lev-2026-09-06,2026-09-06T16:30:00+00:00,D,24,0.3,0.2876,0.2861,0.2854,nan,0.2935,1,108300
SP1,lal-mala-lev-2026-09-06,2026-09-06T16:30:00+00:00,A,1,0.32,0.3212,0.3234,0.3139,nan,0.3168,0,71852
SP1,lal-mala-lev-2026-09-06,2026-09-06T16:30:00+00:00,A,6,0.31,0.3212,0.3234,0.3139,nan,0.3168,0,71852
SP1,lal-mala-lev-2026-09-06,2026-09-06T16:30:00+00:00,A,24,0.32,0.3212,0.3234,0.3139,nan,0.3168,0,71852
SP1,lal-ala-osa-2026-09-06,2026-09-06T16:30:00+00:00,H,1,0.42,0.4195,0.4281,0.4309,nan,0.4318,1,354390
SP1,lal-ala-osa-2026-09-06,2026-09-06T16:30:00+00:00,H,6,0.41,0.4195,0.4281,0.4309,nan,0.4318,1,354390
SP1,lal-ala-osa-2026-09-06,2026-09-06T16:30:00+00:00,H,24,0.43,0.4195,0.4281,0.4309,nan,0.4318,1,354390
SP1,lal-ala-osa-2026-09-06,2026-09-06T16:30:00+00:00,D,1,0.32,0.3077,0.3028,0.3058,nan,0.3103,0,51820
SP1,lal-ala-osa-2026-09-06,2026-09-06T16:30:00+00:00,D,6,0.32,0.3077,0.3028,0.3058,nan,0.3103,0,51820
SP1,lal-ala-osa-2026-09-06,2026-09-06T16:30:00+00:00,D,24,0.32,0.3077,0.3028,0.3058,nan,0.3103,0,51820
SP1,lal-ala-osa-2026-09-06,2026-09-06T16:30:00+00:00,A,1,0.27,0.2727,0.2691,0.2633,nan,0.2579,0,215668
SP1,lal-ala-osa-2026-09-06,2026-09-06T16:30:00+00:00,A,6,0.27,0.2727,0.2691,0.2633,nan,0.2579,0,215668
SP1,lal-ala-osa-2026-09-06,2026-09-06T16:30:00+00:00,A,24,0.27,0.2727,0.2691,0.2633,nan,0.2579,0,215668
SP1,lal-esp-sev-2026-09-06,2026-09-06T19:00:00+00:00,H,1,0.41,0.4176,0.4098,0.4121,nan,0.4105,0,609375
SP1,lal-esp-sev-2026-09-06,2026-09-06T19:00:00+00:00,H,6,0.43,0.4176,0.4098,0.4121,nan,0.4105,0,609375
SP1,lal-esp-sev-2026-09-06,2026-09-06T19:00:00+00:00,H,24,0.43,0.4176,0.4098,0.4121,nan,0.4105,0,609375
SP1,lal-esp-sev-2026-09-06,2026-09-06T19:00:00+00:00,D,1,0.3,0.2998,0.2983,0.2962,nan,0.3057,1,160377
SP1,lal-esp-sev-2026-09-06,2026-09-06T19:00:00+00:00,D,6,0.3,0.2998,0.2983,0.2962,nan,0.3057,1,160377
SP1,lal-esp-sev-2026-09-06,2026-09-06T19:00:00+00:00,D,24,0.29,0.2998,0.2983,0.2962,nan,0.3057,1,160377
SP1,lal-esp-sev-2026-09-06,2026-09-06T19:00:00+00:00,A,1,0.3,0.2826,0.2918,0.2917,nan,0.2838,0,550997
SP1,lal-esp-sev-2026-09-06,2026-09-06T19:00:00+00:00,A,6,0.28,0.2826,0.2918,0.2917,nan,0.2838,0,550997
SP1,lal-esp-sev-2026-09-06,2026-09-06T19:00:00+00:00,A,24,0.28,0.2826,0.2918,0.2917,nan,0.2838,0,550997
SP1,lal-get-cel-2026-09-07,2026-09-07T17:00:00+00:00,H,1,0.37,0.389,0.3423,0.3429,nan,0.3326,0,758726
SP1,lal-get-cel-2026-09-07,2026-09-07T17:00:00+00:00,H,6,0.37,0.389,0.3423,0.3429,nan,0.3326,0,758726
SP1,lal-get-cel-2026-09-07,2026-09-07T17:00:00+00:00,H,24,0.4,0.389,0.3423,0.3429,nan,0.3326,0,758726
SP1,lal-get-cel-2026-09-07,2026-09-07T17:00:00+00:00,D,1,0.35,0.3264,0.3512,0.3429,nan,0.3671,1,378043
SP1,lal-get-cel-2026-09-07,2026-09-07T17:00:00+00:00,D,6,0.34,0.3264,0.3512,0.3429,nan,0.3671,1,378043
SP1,lal-get-cel-2026-09-07,2026-09-07T17:00:00+00:00,D,24,0.34,0.3264,0.3512,0.3429,nan,0.3671,1,378043
SP1,lal-get-cel-2026-09-07,2026-09-07T17:00:00+00:00,A,1,0.29,0.2846,0.3065,0.3143,nan,0.3003,0,381309
SP1,lal-get-cel-2026-09-07,2026-09-07T17:00:00+00:00,A,6,0.28,0.2846,0.3065,0.3143,nan,0.3003,0,381309
SP1,lal-get-cel-2026-09-07,2026-09-07T17:00:00+00:00,A,24,0.28,0.2846,0.3065,0.3143,nan,0.3003,0,381309
SP1,lal-elc-rso-2026-09-07,2026-09-07T19:30:00+00:00,H,1,0.28,0.3275,0.3075,0.3138,nan,0.2972,0,380363
SP1,lal-elc-rso-2026-09-07,2026-09-07T19:30:00+00:00,H,6,0.27,0.3275,0.3075,0.3138,nan,0.2972,0,380363
SP1,lal-elc-rso-2026-09-07,2026-09-07T19:30:00+00:00,H,24,0.32,0.3275,0.3075,0.3138,nan,0.2972,0,380363
SP1,lal-elc-rso-2026-09-07,2026-09-07T19:30:00+00:00,D,1,0.27,0.2739,0.2775,0.2769,nan,0.2845,0,325067
SP1,lal-elc-rso-2026-09-07,2026-09-07T19:30:00+00:00,D,6,0.28,0.2739,0.2775,0.2769,nan,0.2845,0,325067
SP1,lal-elc-rso-2026-09-07,2026-09-07T19:30:00+00:00,D,24,0.27,0.2739,0.2775,0.2769,nan,0.2845,0,325067
SP1,lal-elc-rso-2026-09-07,2026-09-07T19:30:00+00:00,A,1,0.45,0.3986,0.415,0.4093,nan,0.4183,1,1153215
SP1,lal-elc-rso-2026-09-07,2026-09-07T19:30:00+00:00,A,6,0.44,0.3986,0.415,0.4093,nan,0.4183,1,1153215
SP1,lal-elc-rso-2026-09-07,2026-09-07T19:30:00+00:00,A,24,0.42,0.3986,0.415,0.4093,nan,0.4183,1,1153215
SP1,lal-sev-val-2026-09-11,2026-09-11T19:00:00+00:00,H,1,0.5,0.4808,0.5359,0.5392,nan,0.5309,1,6465770
SP1,lal-sev-val-2026-09-11,2026-09-11T19:00:00+00:00,H,6,0.49,0.4808,0.5359,0.5392,nan,0.5309,1,6465770
SP1,lal-sev-val-2026-09-11,2026-09-11T19:00:00+00:00,H,24,0.48,0.4808,0.5359,0.5392,nan,0.5309,1,6465770
SP1,lal-sev-val-2026-09-11,2026-09-11T19:00:00+00:00,D,1,0.28,0.2847,0.2672,0.2621,nan,0.2772,0,150319
SP1,lal-sev-val-2026-09-11,2026-09-11T19:00:00+00:00,D,6,0.2812,0.2847,0.2672,0.2621,nan,0.2772,0,150319
SP1,lal-sev-val-2026-09-11,2026-09-11T19:00:00+00:00,D,24,0.29,0.2847,0.2672,0.2621,nan,0.2772,0,150319
SP1,lal-sev-val-2026-09-11,2026-09-11T19:00:00+00:00,A,1,0.21,0.2344,0.1969,0.1987,nan,0.1919,0,164500
SP1,lal-sev-val-2026-09-11,2026-09-11T19:00:00+00:00,A,6,0.21,0.2344,0.1969,0.1987,nan,0.1919,0,164500
SP1,lal-sev-val-2026-09-11,2026-09-11T19:00:00+00:00,A,24,0.24,0.2344,0.1969,0.1987,nan,0.1919,0,164500
SP1,lal-rrc-ala-2026-09-12,2026-09-12T12:00:00+00:00,H,1,0.35,0.3894,0.3638,0.3646,nan,0.3506,1,240132
SP1,lal-rrc-ala-2026-09-12,2026-09-12T12:00:00+00:00,H,6,0.38,0.3894,0.3638,0.3646,nan,0.3506,1,240132
SP1,lal-rrc-ala-2026-09-12,2026-09-12T12:00:00+00:00,H,24,0.39,0.3894,0.3638,0.3646,nan,0.3506,1,240132
SP1,lal-rrc-ala-2026-09-12,2026-09-12T12:00:00+00:00,D,1,0.28,0.2692,0.2723,0.2708,nan,0.2805,0,97478
SP1,lal-rrc-ala-2026-09-12,2026-09-12T12:00:00+00:00,D,6,0.28,0.2692,0.2723,0.2708,nan,0.2805,0,97478
SP1,lal-rrc-ala-2026-09-12,2026-09-12T12:00:00+00:00,D,24,0.27,0.2692,0.2723,0.2708,nan,0.2805,0,97478
SP1,lal-rrc-ala-2026-09-12,2026-09-12T12:00:00+00:00,A,1,0.36,0.3414,0.3638,0.3646,nan,0.3688,0,206530
SP1,lal-rrc-ala-2026-09-12,2026-09-12T12:00:00+00:00,A,6,0.35,0.3414,0.3638,0.3646,nan,0.3688,0,206530
SP1,lal-rrc-ala-2026-09-12,2026-09-12T12:00:00+00:00,A,24,0.35,0.3414,0.3638,0.3646,nan,0.3688,0,206530
SP1,lal-osa-esp-2026-09-12,2026-09-12T14:15:00+00:00,H,1,0.44,0.4467,0.4265,0.4229,nan,0.4251,0,78041
SP1,lal-osa-esp-2026-09-12,2026-09-12T14:15:00+00:00,H,6,0.42,0.4467,0.4265,0.4229,nan,0.4251,0,78041
SP1,lal-osa-esp-2026-09-12,2026-09-12T14:15:00+00:00,H,24,0.45,0.4467,0.4265,0.4229,nan,0.4251,0,78041
SP1,lal-osa-esp-2026-09-12,2026-09-12T14:15:00+00:00,D,1,0.3,0.29,0.2946,0.2973,nan,0.3061,0,17517
SP1,lal-osa-esp-2026-09-12,2026-09-12T14:15:00+00:00,D,6,0.3,0.29,0.2946,0.2973,nan,0.3061,0,17517
SP1,lal-osa-esp-2026-09-12,2026-09-12T14:15:00+00:00,D,24,0.3,0.29,0.2946,0.2973,nan,0.3061,0,17517
SP1,lal-osa-esp-2026-09-12,2026-09-12T14:15:00+00:00,A,1,0.26,0.2633,0.2789,0.2798,nan,0.2688,1,146278
SP1,lal-osa-esp-2026-09-12,2026-09-12T14:15:00+00:00,A,6,0.28,0.2633,0.2789,0.2798,nan,0.2688,1,146278
SP1,lal-osa-esp-2026-09-12,2026-09-12T14:15:00+00:00,A,24,0.26,0.2633,0.2789,0.2798,nan,0.2688,1,146278
SP1,lal-bil-elc-2026-09-12,2026-09-12T16:30:00+00:00,H,1,0.7,0.6712,0.6773,0.675,nan,0.6974,0,458320
SP1,lal-bil-elc-2026-09-12,2026-09-12T16:30:00+00:00,H,6,0.69,0.6712,0.6773,0.675,nan,0.6974,0,458320
SP1,lal-bil-elc-2026-09-12,2026-09-12T16:30:00+00:00,H,24,0.69,0.6712,0.6773,0.675,nan,0.6974,0,458320
SP1,lal-bil-elc-2026-09-12,2026-09-12T16:30:00+00:00,D,1,0.19,0.2001,0.197,0.199,nan,0.1918,1,227600
SP1,lal-bil-elc-2026-09-12,2026-09-12T16:30:00+00:00,D,6,0.19,0.2001,0.197,0.199,nan,0.1918,1,227600
SP1,lal-bil-elc-2026-09-12,2026-09-12T16:30:00+00:00,D,24,0.2,0.2001,0.197,0.199,nan,0.1918,1,227600
SP1,lal-bil-elc-2026-09-12,2026-09-12T16:30:00+00:00,A,1,0.11,0.1288,0.1257,0.126,nan,0.1108,0,136193
SP1,lal-bil-elc-2026-09-12,2026-09-12T16:30:00+00:00,A,6,0.12,0.1288,0.1257,0.126,nan,0.1108,0,136193
SP1,lal-bil-elc-2026-09-12,2026-09-12T16:30:00+00:00,A,24,0.11,0.1288,0.1257,0.126,nan,0.1108,0,136193
SP1,lal-rea-ray-2026-09-12,2026-09-12T19:00:00+00:00,H,1,0.86,0.8454,0.8299,0.8207,nan,0.851,1,1732656
SP1,lal-rea-ray-2026-09-12,2026-09-12T19:00:00+00:00,H,6,0.86,0.8454,0.8299,0.8207,nan,0.851,1,1732656
SP1,lal-rea-ray-2026-09-12,2026-09-12T19:00:00+00:00,H,24,0.89,0.8454,0.8299,0.8207,nan,0.851,1,1732656
SP1,lal-rea-ray-2026-09-12,2026-09-12T19:00:00+00:00,D,1,0.09,0.1036,0.11,0.1169,nan,0.1016,0,51024
SP1,lal-rea-ray-2026-09-12,2026-09-12T19:00:00+00:00,D,6,0.09,0.1036,0.11,0.1169,nan,0.1016,0,51024
SP1,lal-rea-ray-2026-09-12,2026-09-12T19:00:00+00:00,D,24,0.09,0.1036,0.11,0.1169,nan,0.1016,0,51024
SP1,lal-rea-ray-2026-09-12,2026-09-12T19:00:00+00:00,A,1,0.046,0.0511,0.0601,0.0624,nan,0.0474,0,394976
SP1,lal-rea-ray-2026-09-12,2026-09-12T19:00:00+00:00,A,6,0.046,0.0511,0.0601,0.0624,nan,0.0474,0,394976
SP1,lal-rea-ray-2026-09-12,2026-09-12T19:00:00+00:00,A,24,0.035,0.0511,0.0601,0.0624,nan,0.0474,0,394976
SP1,lal-cel-mala-2026-09-13,2026-09-13T12:00:00+00:00,H,1,0.56,0.5503,0.5613,0.5718,nan,0.5647,0,2261668
SP1,lal-cel-mala-2026-09-13,2026-09-13T12:00:00+00:00,H,6,0.57,0.5503,0.5613,0.5718,nan,0.5647,0,2261668
SP1,lal-cel-mala-2026-09-13,2026-09-13T12:00:00+00:00,H,24,0.57,0.5503,0.5613,0.5718,nan,0.5647,0,2261668
SP1,lal-cel-mala-2026-09-13,2026-09-13T12:00:00+00:00,D,1,0.27,0.2584,0.2584,0.2546,nan,0.263,1,47100
SP1,lal-cel-mala-2026-09-13,2026-09-13T12:00:00+00:00,D,6,0.26,0.2584,0.2584,0.2546,nan,0.263,1,47100
SP1,lal-cel-mala-2026-09-13,2026-09-13T12:00:00+00:00,D,24,0.26,0.2584,0.2584,0.2546,nan,0.263,1,47100
SP1,lal-cel-mala-2026-09-13,2026-09-13T12:00:00+00:00,A,1,0.17,0.1913,0.1803,0.1736,nan,0.1723,0,122189
SP1,lal-cel-mala-2026-09-13,2026-09-13T12:00:00+00:00,A,6,0.17,0.1913,0.1803,0.1736,nan,0.1723,0,122189
SP1,lal-cel-mala-2026-09-13,2026-09-13T12:00:00+00:00,A,24,0.18,0.1913,0.1803,0.1736,nan,0.1723,0,122189
SP1,lal-lev-bar-2026-09-13,2026-09-13T14:15:00+00:00,H,1,0.06,0.0649,0.0789,0.0733,nan,0.0621,0,349865
SP1,lal-lev-bar-2026-09-13,2026-09-13T14:15:00+00:00,H,6,0.05,0.0649,0.0789,0.0733,nan,0.0621,0,349865
SP1,lal-lev-bar-2026-09-13,2026-09-13T14:15:00+00:00,H,24,0.06,0.0649,0.0789,0.0733,nan,0.0621,0,349865
SP1,lal-lev-bar-2026-09-13,2026-09-13T14:15:00+00:00,D,1,0.1,0.119,0.1188,0.1121,nan,0.1103,0,203402
SP1,lal-lev-bar-2026-09-13,2026-09-13T14:15:00+00:00,D,6,0.1,0.119,0.1188,0.1121,nan,0.1103,0,203402
SP1,lal-lev-bar-2026-09-13,2026-09-13T14:15:00+00:00,D,24,0.1,0.119,0.1188,0.1121,nan,0.1103,0,203402
SP1,lal-lev-bar-2026-09-13,2026-09-13T14:15:00+00:00,A,1,0.84,0.8161,0.8023,0.8146,nan,0.8276,1,2854508
SP1,lal-lev-bar-2026-09-13,2026-09-13T14:15:00+00:00,A,6,0.84,0.8161,0.8023,0.8146,nan,0.8276,1,2854508
SP1,lal-lev-bar-2026-09-13,2026-09-13T14:15:00+00:00,A,24,0.86,0.8161,0.8023,0.8146,nan,0.8276,1,2854508
SP1,lal-get-dep-2026-09-13,2026-09-13T16:30:00+00:00,H,1,0.36,0.3891,0.371,0.3742,nan,0.3662,0,209157
SP1,lal-get-dep-2026-09-13,2026-09-13T16:30:00+00:00,H,6,0.37,0.3891,0.371,0.3742,nan,0.3662,0,209157
SP1,lal-get-dep-2026-09-13,2026-09-13T16:30:00+00:00,H,24,0.39,0.3891,0.371,0.3742,nan,0.3662,0,209157
SP1,lal-get-dep-2026-09-13,2026-09-13T16:30:00+00:00,D,1,0.33,0.3347,0.326,0.3078,nan,0.332,1,103227
SP1,lal-get-dep-2026-09-13,2026-09-13T16:30:00+00:00,D,6,0.33,0.3347,0.326,0.3078,nan,0.332,1,103227
SP1,lal-get-dep-2026-09-13,2026-09-13T16:30:00+00:00,D,24,0.34,0.3347,0.326,0.3078,nan,0.332,1,103227
SP1,lal-get-dep-2026-09-13,2026-09-13T16:30:00+00:00,A,1,0.31,0.2763,0.303,0.318,nan,0.3018,0,144083
SP1,lal-get-dep-2026-09-13,2026-09-13T16:30:00+00:00,A,6,0.3,0.2763,0.303,0.318,nan,0.3018,0,144083
SP1,lal-get-dep-2026-09-13,2026-09-13T16:30:00+00:00,A,24,0.28,0.2763,0.303,0.318,nan,0.3018,0,144083
SP1,lal-rso-mad-2026-09-13,2026-09-13T19:00:00+00:00,H,1,0.28,0.333,0.2832,0.2775,nan,0.2769,0,168633
SP1,lal-rso-mad-2026-09-13,2026-09-13T19:00:00+00:00,H,6,0.28,0.333,0.2832,0.2775,nan,0.2769,0,168633
SP1,lal-rso-mad-2026-09-13,2026-09-13T19:00:00+00:00,H,24,0.32,0.333,0.2832,0.2775,nan,0.2769,0,168633
SP1,lal-rso-mad-2026-09-13,2026-09-13T19:00:00+00:00,D,1,0.27,0.2689,0.2648,0.2621,nan,0.2658,0,135457
SP1,lal-rso-mad-2026-09-13,2026-09-13T19:00:00+00:00,D,6,0.27,0.2689,0.2648,0.2621,nan,0.2658,0,135457
SP1,lal-rso-mad-2026-09-13,2026-09-13T19:00:00+00:00,D,24,0.28,0.2689,0.2648,0.2621,nan,0.2658,0,135457
SP1,lal-rso-mad-2026-09-13,2026-09-13T19:00:00+00:00,A,1,0.46,0.3982,0.452,0.4603,nan,0.4573,1,703136
SP1,lal-rso-mad-2026-09-13,2026-09-13T19:00:00+00:00,A,6,0.45,0.3982,0.452,0.4603,nan,0.4573,1,703136
SP1,lal-rso-mad-2026-09-13,2026-09-13T19:00:00+00:00,A,24,0.41,0.3982,0.452,0.4603,nan,0.4573,1,703136
SP1,lal-vil-bet-2026-09-14,2026-09-14T19:00:00+00:00,H,1,0.49,0.4962,0.489,0.4943,nan,0.4905,0,455526
SP1,lal-vil-bet-2026-09-14,2026-09-14T19:00:00+00:00,H,6,0.48,0.4962,0.489,0.4943,nan,0.4905,0,455526
SP1,lal-vil-bet-2026-09-14,2026-09-14T19:00:00+00:00,H,24,0.51,0.4962,0.489,0.4943,nan,0.4905,0,455526
SP1,lal-vil-bet-2026-09-14,2026-09-14T19:00:00+00:00,D,1,0.24,0.2461,0.2383,0.236,nan,0.2417,0,115652
SP1,lal-vil-bet-2026-09-14,2026-09-14T19:00:00+00:00,D,6,0.25,0.2461,0.2383,0.236,nan,0.2417,0,115652
SP1,lal-vil-bet-2026-09-14,2026-09-14T19:00:00+00:00,D,24,0.25,0.2461,0.2383,0.236,nan,0.2417,0,115652
SP1,lal-vil-bet-2026-09-14,2026-09-14T19:00:00+00:00,A,1,0.27,0.2577,0.2727,0.2697,nan,0.2678,1,1214642
SP1,lal-vil-bet-2026-09-14,2026-09-14T19:00:00+00:00,A,6,0.27,0.2577,0.2727,0.2697,nan,0.2678,1,1214642
SP1,lal-vil-bet-2026-09-14,2026-09-14T19:00:00+00:00,A,24,0.27,0.2577,0.2727,0.2697,nan,0.2678,1,1214642
SP1,lal-ray-esp-2026-09-15,2026-09-15T17:00:00+00:00,H,1,0.41,0.4096,0.4226,0.4212,nan,0.4239,1,711578
SP1,lal-ray-esp-2026-09-15,2026-09-15T17:00:00+00:00,H,6,0.42,0.4096,0.4226,0.4212,nan,0.4239,1,711578
SP1,lal-ray-esp-2026-09-15,2026-09-15T17:00:00+00:00,H,24,0.44,0.4096,0.4226,0.4212,nan,0.4239,1,711578
SP1,lal-ray-esp-2026-09-15,2026-09-15T17:00:00+00:00,D,1,0.29,0.2795,0.2909,0.2916,nan,0.3006,0,144496
SP1,lal-ray-esp-2026-09-15,2026-09-15T17:00:00+00:00,D,6,0.29,0.2795,0.2909,0.2916,nan,0.3006,0,144496
SP1,lal-ray-esp-2026-09-15,2026-09-15T17:00:00+00:00,D,24,0.29,0.2795,0.2909,0.2916,nan,0.3006,0,144496
SP1,lal-ray-esp-2026-09-15,2026-09-15T17:00:00+00:00,A,1,0.3,0.3109,0.2865,0.2872,nan,0.2755,0,325928
SP1,lal-ray-esp-2026-09-15,2026-09-15T17:00:00+00:00,A,6,0.3,0.3109,0.2865,0.2872,nan,0.2755,0,325928
SP1,lal-ray-esp-2026-09-15,2026-09-15T17:00:00+00:00,A,24,0.29,0.3109,0.2865,0.2872,nan,0.2755,0,325928
SP1,lal-ala-val-2026-09-15,2026-09-15T18:00:00+00:00,H,1,0.59,0.5462,0.5498,0.5484,nan,0.5559,0,4269975
SP1,lal-ala-val-2026-09-15,2026-09-15T18:00:00+00:00,H,6,0.56,0.5462,0.5498,0.5484,nan,0.5559,0,4269975
SP1,lal-ala-val-2026-09-15,2026-09-15T18:00:00+00:00,H,24,0.52,0.5462,0.5498,0.5484,nan,0.5559,0,4269975
SP1,lal-ala-val-2026-09-15,2026-09-15T18:00:00+00:00,D,1,0.26,0.2707,0.2686,0.2791,nan,0.2726,0,172260
SP1,lal-ala-val-2026-09-15,2026-09-15T18:00:00+00:00,D,6,0.27,0.2707,0.2686,0.2791,nan,0.2726,0,172260
SP1,lal-ala-val-2026-09-15,2026-09-15T18:00:00+00:00,D,24,0.29,0.2707,0.2686,0.2791,nan,0.2726,0,172260
SP1,lal-ala-val-2026-09-15,2026-09-15T18:00:00+00:00,A,1,0.16,0.1831,0.1815,0.1725,nan,0.1715,1,588787
SP1,lal-ala-val-2026-09-15,2026-09-15T18:00:00+00:00,A,6,0.17,0.1831,0.1815,0.1725,nan,0.1715,1,588787
SP1,lal-ala-val-2026-09-15,2026-09-15T18:00:00+00:00,A,24,0.19,0.1831,0.1815,0.1725,nan,0.1715,1,588787
SP1,lal-elc-rea-2026-09-15,2026-09-15T19:30:00+00:00,H,1,0.06,0.0815,0.0783,0.0794,nan,0.0644,0,1017337
SP1,lal-elc-rea-2026-09-15,2026-09-15T19:30:00+00:00,H,6,0.06,0.0815,0.0783,0.0794,nan,0.0644,0,1017337
SP1,lal-elc-rea-2026-09-15,2026-09-15T19:30:00+00:00,H,24,0.08,0.0815,0.0783,0.0794,nan,0.0644,0,1017337
SP1,lal-elc-rea-2026-09-15,2026-09-15T19:30:00+00:00,D,1,0.13,0.1283,0.1304,0.127,nan,0.1247,0,205450
SP1,lal-elc-rea-2026-09-15,2026-09-15T19:30:00+00:00,D,6,0.13,0.1283,0.1304,0.127,nan,0.1247,0,205450
SP1,lal-elc-rea-2026-09-15,2026-09-15T19:30:00+00:00,D,24,0.14,0.1283,0.1304,0.127,nan,0.1247,0,205450
SP1,lal-elc-rea-2026-09-15,2026-09-15T19:30:00+00:00,A,1,0.81,0.7902,0.7913,0.7937,nan,0.811,1,3652973
SP1,lal-elc-rea-2026-09-15,2026-09-15T19:30:00+00:00,A,6,0.83,0.7902,0.7913,0.7937,nan,0.811,1,3652973
SP1,lal-elc-rea-2026-09-15,2026-09-15T19:30:00+00:00,A,24,0.8,0.7902,0.7913,0.7937,nan,0.811,1,3652973
SP1,lal-dep-sev-2026-09-16,2026-09-16T17:00:00+00:00,H,1,0.37,0.384,0.3485,0.3464,nan,0.3471,0,121826
SP1,lal-dep-sev-2026-09-16,2026-09-16T17:00:00+00:00,H,6,0.37,0.384,0.3485,0.3464,nan,0.3471,0,121826
SP1,lal-dep-sev-2026-09-16,2026-09-16T17:00:00+00:00,H,24,0.38,0.384,0.3485,0.3464,nan,0.3471,0,121826
SP1,lal-dep-sev-2026-09-16,2026-09-16T17:00:00+00:00,D,1,0.32,0.3035,0.3056,0.3073,nan,0.3174,0,141647
SP1,lal-dep-sev-2026-09-16,2026-09-16T17:00:00+00:00,D,6,0.32,0.3035,0.3056,0.3073,nan,0.3174,0,141647
SP1,lal-dep-sev-2026-09-16,2026-09-16T17:00:00+00:00,D,24,0.32,0.3035,0.3056,0.3073,nan,0.3174,0,141647
SP1,lal-dep-sev-2026-09-16,2026-09-16T17:00:00+00:00,A,1,0.32,0.3125,0.3459,0.3464,nan,0.3355,1,224461
SP1,lal-dep-sev-2026-09-16,2026-09-16T17:00:00+00:00,A,6,0.31,0.3125,0.3459,0.3464,nan,0.3355,1,224461
SP1,lal-dep-sev-2026-09-16,2026-09-16T17:00:00+00:00,A,24,0.31,0.3125,0.3459,0.3464,nan,0.3355,1,224461
SP1,lal-mad-osa-2026-09-16,2026-09-16T17:00:00+00:00,H,1,0.73,0.682,0.728,0.7319,nan,0.7407,1,972716
SP1,lal-mad-osa-2026-09-16,2026-09-16T17:00:00+00:00,H,6,0.7,0.682,0.728,0.7319,nan,0.7407,1,972716
SP1,lal-mad-osa-2026-09-16,2026-09-16T17:00:00+00:00,H,24,0.71,0.682,0.728,0.7319,nan,0.7407,1,972716
SP1,lal-mad-osa-2026-09-16,2026-09-16T17:00:00+00:00,D,1,0.19,0.199,0.1749,0.173,nan,0.1724,0,80002
SP1,lal-mad-osa-2026-09-16,2026-09-16T17:00:00+00:00,D,6,0.2,0.199,0.1749,0.173,nan,0.1724,0,80002
SP1,lal-mad-osa-2026-09-16,2026-09-16T17:00:00+00:00,D,24,0.2,0.199,0.1749,0.173,nan,0.1724,0,80002
SP1,lal-mad-osa-2026-09-16,2026-09-16T17:00:00+00:00,A,1,0.09,0.119,0.0971,0.0951,nan,0.0869,0,466921
SP1,lal-mad-osa-2026-09-16,2026-09-16T17:00:00+00:00,A,6,0.1,0.119,0.0971,0.0951,nan,0.0869,0,466921
SP1,lal-mad-osa-2026-09-16,2026-09-16T17:00:00+00:00,A,24,0.11,0.119,0.0971,0.0951,nan,0.0869,0,466921
SP1,lal-bar-rrc-2026-09-16,2026-09-16T19:30:00+00:00,H,1,0.92,0.8925,0.8982,0.9006,nan,0.9185,1,2931151
SP1,lal-bar-rrc-2026-09-16,2026-09-16T19:30:00+00:00,H,6,0.92,0.8925,0.8982,0.9006,nan,0.9185,1,2931151
SP1,lal-bar-rrc-2026-09-16,2026-09-16T19:30:00+00:00,H,24,0.93,0.8925,0.8982,0.9006,nan,0.9185,1,2931151
SP1,lal-bar-rrc-2026-09-16,2026-09-16T19:30:00+00:00,D,1,0.06,0.0685,0.0666,0.063,nan,0.0567,0,376047
SP1,lal-bar-rrc-2026-09-16,2026-09-16T19:30:00+00:00,D,6,0.06,0.0685,0.0666,0.063,nan,0.0567,0,376047
SP1,lal-bar-rrc-2026-09-16,2026-09-16T19:30:00+00:00,D,24,0.05,0.0685,0.0666,0.063,nan,0.0567,0,376047
SP1,lal-bar-rrc-2026-09-16,2026-09-16T19:30:00+00:00,A,1,0.027,0.039,0.0352,0.0364,nan,0.0248,0,604551
SP1,lal-bar-rrc-2026-09-16,2026-09-16T19:30:00+00:00,A,6,0.028,0.039,0.0352,0.0364,nan,0.0248,0,604551
SP1,lal-bar-rrc-2026-09-16,2026-09-16T19:30:00+00:00,A,24,0.029,0.039,0.0352,0.0364,nan,0.0248,0,604551
SP1,lal-bet-get-2026-09-17,2026-09-17T17:00:00+00:00,H,1,0.64,0.5696,0.6325,0.6181,nan,0.6434,1,9048522
SP1,lal-bet-get-2026-09-17,2026-09-17T17:00:00+00:00,H,6,0.59,0.5696,0.6325,0.6181,nan,0.6434,1,9048522
SP1,lal-bet-get-2026-09-17,2026-09-17T17:00:00+00:00,H,24,0.59,0.5696,0.6325,0.6181,nan,0.6434,1,9048522
SP1,lal-bet-get-2026-09-17,2026-09-17T17:00:00+00:00,D,1,0.24,0.2581,0.2327,0.2364,nan,0.2319,0,157823
SP1,lal-bet-get-2026-09-17,2026-09-17T17:00:00+00:00,D,6,0.25,0.2581,0.2327,0.2364,nan,0.2319,0,157823
SP1,lal-bet-get-2026-09-17,2026-09-17T17:00:00+00:00,D,24,0.26,0.2581,0.2327,0.2364,nan,0.2319,0,157823
SP1,lal-bet-get-2026-09-17,2026-09-17T17:00:00+00:00,A,1,0.12,0.1724,0.1348,0.1455,nan,0.1247,0,653690
SP1,lal-bet-get-2026-09-17,2026-09-17T17:00:00+00:00,A,6,0.16,0.1724,0.1348,0.1455,nan,0.1247,0,653690
SP1,lal-bet-get-2026-09-17,2026-09-17T17:00:00+00:00,A,24,0.16,0.1724,0.1348,0.1455,nan,0.1247,0,653690
SP1,lal-mala-vil-2026-09-17,2026-09-17T19:30:00+00:00,H,1,0.28,0.2648,0.2775,0.2718,nan,0.273,0,265317
SP1,lal-mala-vil-2026-09-17,2026-09-17T19:30:00+00:00,H,6,0.26,0.2648,0.2775,0.2718,nan,0.273,0,265317
SP1,lal-mala-vil-2026-09-17,2026-09-17T19:30:00+00:00,H,24,0.27,0.2648,0.2775,0.2718,nan,0.273,0,265317
SP1,lal-mala-vil-2026-09-17,2026-09-17T19:30:00+00:00,D,1,0.26,0.2533,0.2658,0.2642,nan,0.2657,0,135791
SP1,lal-mala-vil-2026-09-17,2026-09-17T19:30:00+00:00,D,6,0.24,0.2533,0.2658,0.2642,nan,0.2657,0,135791
SP1,lal-mala-vil-2026-09-17,2026-09-17T19:30:00+00:00,D,24,0.25,0.2533,0.2658,0.2642,nan,0.2657,0,135791
SP1,lal-mala-vil-2026-09-17,2026-09-17T19:30:00+00:00,A,1,0.46,0.4819,0.4567,0.464,nan,0.4613,1,1865162
SP1,lal-mala-vil-2026-09-17,2026-09-17T19:30:00+00:00,A,6,0.5,0.4819,0.4567,0.464,nan,0.4613,1,1865162
SP1,lal-mala-vil-2026-09-17,2026-09-17T19:30:00+00:00,A,24,0.49,0.4819,0.4567,0.464,nan,0.4613,1,1865162
SP1,lal-esp-elc-2026-09-18,2026-09-18T19:00:00+00:00,H,1,0.55,0.5237,0.5348,0.5395,nan,0.5417,0,536589
SP1,lal-esp-elc-2026-09-18,2026-09-18T19:00:00+00:00,H,6,0.53,0.5237,0.5348,0.5395,nan,0.5417,0,536589
SP1,lal-esp-elc-2026-09-18,2026-09-18T19:00:00+00:00,H,24,0.53,0.5237,0.5348,0.5395,nan,0.5417,0,536589
SP1,lal-esp-elc-2026-09-18,2026-09-18T19:00:00+00:00,D,1,0.26,0.2626,0.2551,0.2552,nan,0.2589,0,140386
SP1,lal-esp-elc-2026-09-18,2026-09-18T19:00:00+00:00,D,6,0.27,0.2626,0.2551,0.2552,nan,0.2589,0,140386
SP1,lal-esp-elc-2026-09-18,2026-09-18T19:00:00+00:00,D,24,0.27,0.2626,0.2551,0.2552,nan,0.2589,0,140386
SP1,lal-esp-elc-2026-09-18,2026-09-18T19:00:00+00:00,A,1,0.2,0.2137,0.2101,0.2053,nan,0.1994,1,576009
SP1,lal-esp-elc-2026-09-18,2026-09-18T19:00:00+00:00,A,6,0.21,0.2137,0.2101,0.2053,nan,0.1994,1,576009
SP1,lal-esp-elc-2026-09-18,2026-09-18T19:00:00+00:00,A,24,0.21,0.2137,0.2101,0.2053,nan,0.1994,1,576009
SP1,lal-osa-ray-2026-09-19,2026-09-19T12:00:00+00:00,H,1,0.35,0.3945,0.3569,0.3593,nan,0.3489,0,337643
SP1,lal-osa-ray-2026-09-19,2026-09-19T12:00:00+00:00,H,6,0.38,0.3945,0.3569,0.3593,nan,0.3489,0,337643
SP1,lal-osa-ray-2026-09-19,2026-09-19T12:00:00+00:00,H,24,0.4,0.3945,0.3569,0.3593,nan,0.3489,0,337643
SP1,lal-osa-ray-2026-09-19,2026-09-19T12:00:00+00:00,D,1,0.29,0.2901,0.2954,0.2907,nan,0.307,1,164934
SP1,lal-osa-ray-2026-09-19,2026-09-19T12:00:00+00:00,D,6,0.3,0.2901,0.2954,0.2907,nan,0.307,1,164934
SP1,lal-osa-ray-2026-09-19,2026-09-19T12:00:00+00:00,D,24,0.29,0.2901,0.2954,0.2907,nan,0.307,1,164934
SP1,lal-osa-ray-2026-09-19,2026-09-19T12:00:00+00:00,A,1,0.35,0.3154,0.3477,0.35,nan,0.3441,0,661583
SP1,lal-osa-ray-2026-09-19,2026-09-19T12:00:00+00:00,A,6,0.34,0.3154,0.3477,0.35,nan,0.3441,0,661583
SP1,lal-osa-ray-2026-09-19,2026-09-19T12:00:00+00:00,A,24,0.32,0.3154,0.3477,0.35,nan,0.3441,0,661583
SP1,lal-bil-ala-2026-09-19,2026-09-19T14:15:00+00:00,H,1,0.6,0.5777,0.5896,0.5922,nan,0.5967,0,310575
SP1,lal-bil-ala-2026-09-19,2026-09-19T14:15:00+00:00,H,6,0.6,0.5777,0.5896,0.5922,nan,0.5967,0,310575
SP1,lal-bil-ala-2026-09-19,2026-09-19T14:15:00+00:00,H,24,0.59,0.5777,0.5896,0.5922,nan,0.5967,0,310575
SP1,lal-bil-ala-2026-09-19,2026-09-19T14:15:00+00:00,D,1,0.24,0.2433,0.2483,0.243,nan,0.2523,1,119393
SP1,lal-bil-ala-2026-09-19,2026-09-19T14:15:00+00:00,D,6,0.24,0.2433,0.2483,0.243,nan,0.2523,1,119393
SP1,lal-bil-ala-2026-09-19,2026-09-19T14:15:00+00:00,D,24,0.25,0.2433,0.2483,0.243,nan,0.2523,1,119393
SP1,lal-bil-ala-2026-09-19,2026-09-19T14:15:00+00:00,A,1,0.16,0.179,0.1621,0.1648,nan,0.151,0,265890
SP1,lal-bil-ala-2026-09-19,2026-09-19T14:15:00+00:00,A,6,0.17,0.179,0.1621,0.1648,nan,0.151,0,265890
SP1,lal-bil-ala-2026-09-19,2026-09-19T14:15:00+00:00,A,24,0.17,0.179,0.1621,0.1648,nan,0.151,0,265890
SP1,lal-cel-rrc-2026-09-19,2026-09-19T16:30:00+00:00,H,1,0.53,0.5207,0.5254,0.5257,nan,0.5319,1,22369
SP1,lal-cel-rrc-2026-09-19,2026-09-19T16:30:00+00:00,H,6,0.54,0.5207,0.5254,0.5257,nan,0.5319,1,22369
SP1,lal-cel-rrc-2026-09-19,2026-09-19T16:30:00+00:00,H,24,0.54,0.5207,0.5254,0.5257,nan,0.5319,1,22369
SP1,lal-cel-rrc-2026-09-19,2026-09-19T16:30:00+00:00,D,1,0.25,0.2448,0.2501,0.2558,nan,0.2518,0,12481
SP1,lal-cel-rrc-2026-09-19,2026-09-19T16:30:00+00:00,D,6,0.25,0.2448,0.2501,0.2558,nan,0.2518,0,12481
SP1,lal-cel-rrc-2026-09-19,2026-09-19T16:30:00+00:00,D,24,0.23,0.2448,0.2501,0.2558,nan,0.2518,0,12481
SP1,lal-cel-rrc-2026-09-19,2026-09-19T16:30:00+00:00,A,1,0.22,0.2345,0.2245,0.2185,nan,0.2162,0,43794
SP1,lal-cel-rrc-2026-09-19,2026-09-19T16:30:00+00:00,A,6,0.21,0.2345,0.2245,0.2185,nan,0.2162,0,43794
SP1,lal-cel-rrc-2026-09-19,2026-09-19T16:30:00+00:00,A,24,0.23,0.2345,0.2245,0.2185,nan,0.2162,0,43794
SP1,lal-sev-bar-2026-09-19,2026-09-19T19:00:00+00:00,H,1,0.095,0.0792,0.1123,0.1186,nan,0.0988,0,354468
SP1,lal-sev-bar-2026-09-19,2026-09-19T19:00:00+00:00,H,6,0.083,0.0792,0.1123,0.1186,nan,0.0988,0,354468
SP1,lal-sev-bar-2026-09-19,2026-09-19T19:00:00+00:00,H,24,0.072,0.0792,0.1123,0.1186,nan,0.0988,0,354468
SP1,lal-sev-bar-2026-09-19,2026-09-19T19:00:00+00:00,D,1,0.14,0.1273,0.1493,0.146,nan,0.1412,0,87519
SP1,lal-sev-bar-2026-09-19,2026-09-19T19:00:00+00:00,D,6,0.13,0.1273,0.1493,0.146,nan,0.1412,0,87519
SP1,lal-sev-bar-2026-09-19,2026-09-19T19:00:00+00:00,D,24,0.12,0.1273,0.1493,0.146,nan,0.1412,0,87519
SP1,lal-sev-bar-2026-09-19,2026-09-19T19:00:00+00:00,A,1,0.77,0.7935,0.7384,0.7355,nan,0.76,1,2718140
SP1,lal-sev-bar-2026-09-19,2026-09-19T19:00:00+00:00,A,6,0.78,0.7935,0.7384,0.7355,nan,0.76,1,2718140
SP1,lal-sev-bar-2026-09-19,2026-09-19T19:00:00+00:00,A,24,0.82,0.7935,0.7384,0.7355,nan,0.76,1,2718140
SP1,lal-mad-rea-2026-09-20,2026-09-20T14:15:00+00:00,H,1,0.28,0.2731,0.2739,0.2724,nan,0.2653,1,1204426
SP1,lal-mad-rea-2026-09-20,2026-09-20T14:15:00+00:00,H,6,0.28,0.2731,0.2739,0.2724,nan,0.2653,1,1204426
SP1,lal-mad-rea-2026-09-20,2026-09-20T14:15:00+00:00,H,24,0.27,0.2731,0.2739,0.2724,nan,0.2653,1,1204426
SP1,lal-mad-rea-2026-09-20,2026-09-20T14:15:00+00:00,D,1,0.26,0.2465,0.2479,0.2509,nan,0.2518,0,302174
SP1,lal-mad-rea-2026-09-20,2026-09-20T14:15:00+00:00,D,6,0.26,0.2465,0.2479,0.2509,nan,0.2518,0,302174
SP1,lal-mad-rea-2026-09-20,2026-09-20T14:15:00+00:00,D,24,0.24,0.2465,0.2479,0.2509,nan,0.2518,0,302174
SP1,lal-mad-rea-2026-09-20,2026-09-20T14:15:00+00:00,A,1,0.48,0.4804,0.4782,0.4767,nan,0.4829,0,2307022
SP1,lal-mad-rea-2026-09-20,2026-09-20T14:15:00+00:00,A,6,0.47,0.4804,0.4782,0.4767,nan,0.4829,0,2307022
SP1,lal-mad-rea-2026-09-20,2026-09-20T14:15:00+00:00,A,24,0.5,0.4804,0.4782,0.4767,nan,0.4829,0,2307022
SP1,lal-get-mala-2026-09-20,2026-09-20T12:00:00+00:00,H,1,0.5,0.4621,0.4968,0.4964,nan,0.5045,1,423727
SP1,lal-get-mala-2026-09-20,2026-09-20T12:00:00+00:00,H,6,0.47,0.4621,0.4968,0.4964,nan,0.5045,1,423727
SP1,lal-get-mala-2026-09-20,2026-09-20T12:00:00+00:00,H,24,0.47,0.4621,0.4968,0.4964,nan,0.5045,1,423727
SP1,lal-get-mala-2026-09-20,2026-09-20T12:00:00+00:00,D,1,0.3,0.308,0.2896,0.2858,nan,0.2967,0,82839
SP1,lal-get-mala-2026-09-20,2026-09-20T12:00:00+00:00,D,6,0.31,0.308,0.2896,0.2858,nan,0.2967,0,82839
SP1,lal-get-mala-2026-09-20,2026-09-20T12:00:00+00:00,D,24,0.32,0.308,0.2896,0.2858,nan,0.2967,0,82839
SP1,lal-get-mala-2026-09-20,2026-09-20T12:00:00+00:00,A,1,0.21,0.2299,0.2136,0.2178,nan,0.1988,0,224974
SP1,lal-get-mala-2026-09-20,2026-09-20T12:00:00+00:00,A,6,0.21,0.2299,0.2136,0.2178,nan,0.1988,0,224974
SP1,lal-get-mala-2026-09-20,2026-09-20T12:00:00+00:00,A,24,0.22,0.2299,0.2136,0.2178,nan,0.1988,0,224974
SP1,lal-vil-lev-2026-09-20,2026-09-20T16:30:00+00:00,H,1,0.62,0.6276,0.6127,0.6149,nan,0.6237,1,194055
SP1,lal-vil-lev-2026-09-20,2026-09-20T16:30:00+00:00,H,6,0.65,0.6276,0.6127,0.6149,nan,0.6237,1,194055
SP1,lal-vil-lev-2026-09-20,2026-09-20T16:30:00+00:00,H,24,0.65,0.6276,0.6127,0.6149,nan,0.6237,1,194055
SP1,lal-vil-lev-2026-09-20,2026-09-20T16:30:00+00:00,D,1,0.21,0.2033,0.2125,0.2118,nan,0.211,0,39981
SP1,lal-vil-lev-2026-09-20,2026-09-20T16:30:00+00:00,D,6,0.19,0.2033,0.2125,0.2118,nan,0.211,0,39981
SP1,lal-vil-lev-2026-09-20,2026-09-20T16:30:00+00:00,D,24,0.2,0.2033,0.2125,0.2118,nan,0.211,0,39981
SP1,lal-vil-lev-2026-09-20,2026-09-20T16:30:00+00:00,A,1,0.17,0.1691,0.1747,0.1733,nan,0.1653,0,109388
SP1,lal-vil-lev-2026-09-20,2026-09-20T16:30:00+00:00,A,6,0.15,0.1691,0.1747,0.1733,nan,0.1653,0,109388
SP1,lal-vil-lev-2026-09-20,2026-09-20T16:30:00+00:00,A,24,0.16,0.1691,0.1747,0.1733,nan,0.1653,0,109388
SP1,lal-dep-bet-2026-09-20,2026-09-20T16:30:00+00:00,H,1,0.26,0.2817,0.2534,0.2567,nan,0.2486,0,94407
SP1,lal-dep-bet-2026-09-20,2026-09-20T16:30:00+00:00,H,6,0.26,0.2817,0.2534,0.2567,nan,0.2486,0,94407
SP1,lal-dep-bet-2026-09-20,2026-09-20T16:30:00+00:00,H,24,0.27,0.2817,0.2534,0.2567,nan,0.2486,0,94407
SP1,lal-dep-bet-2026-09-20,2026-09-20T16:30:00+00:00,D,1,0.25,0.2665,0.2582,0.2435,nan,0.2687,1,107389
SP1,lal-dep-bet-2026-09-20,2026-09-20T16:30:00+00:00,D,6,0.25,0.2665,0.2582,0.2435,nan,0.2687,1,107389
SP1,lal-dep-bet-2026-09-20,2026-09-20T16:30:00+00:00,D,24,0.26,0.2665,0.2582,0.2435,nan,0.2687,1,107389
SP1,lal-dep-bet-2026-09-20,2026-09-20T16:30:00+00:00,A,1,0.49,0.4518,0.4884,0.4998,nan,0.4827,0,334701
SP1,lal-dep-bet-2026-09-20,2026-09-20T16:30:00+00:00,A,6,0.49,0.4518,0.4884,0.4998,nan,0.4827,0,334701
SP1,lal-dep-bet-2026-09-20,2026-09-20T16:30:00+00:00,A,24,0.47,0.4518,0.4884,0.4998,nan,0.4827,0,334701
SP1,lal-val-rso-2026-09-20,2026-09-20T19:00:00+00:00,H,1,0.35,0.3492,0.3294,0.3182,nan,0.3206,0,297223
SP1,lal-val-rso-2026-09-20,2026-09-20T19:00:00+00:00,H,6,0.33,0.3492,0.3294,0.3182,nan,0.3206,0,297223
SP1,lal-val-rso-2026-09-20,2026-09-20T19:00:00+00:00,H,24,0.35,0.3492,0.3294,0.3182,nan,0.3206,0,297223
SP1,lal-val-rso-2026-09-20,2026-09-20T19:00:00+00:00,D,1,0.28,0.2794,0.2829,0.2807,nan,0.2881,0,102330
SP1,lal-val-rso-2026-09-20,2026-09-20T19:00:00+00:00,D,6,0.29,0.2794,0.2829,0.2807,nan,0.2881,0,102330
SP1,lal-val-rso-2026-09-20,2026-09-20T19:00:00+00:00,D,24,0.28,0.2794,0.2829,0.2807,nan,0.2881,0,102330
SP1,lal-val-rso-2026-09-20,2026-09-20T19:00:00+00:00,A,1,0.36,0.3714,0.3877,0.4011,nan,0.3913,1,433026
SP1,lal-val-rso-2026-09-20,2026-09-20T19:00:00+00:00,A,6,0.38,0.3714,0.3877,0.4011,nan,0.3913,1,433026
SP1,lal-val-rso-2026-09-20,2026-09-20T19:00:00+00:00,A,24,0.37,0.3714,0.3877,0.4011,nan,0.3913,1,433026
D1,bun-mai-moe-2025-12-05,2025-12-05T19:30:00+00:00,H,1,0.35,0.369,0.352,0.345,0.3576,0.3516,0,203981
D1,bun-mai-moe-2025-12-05,2025-12-05T19:30:00+00:00,H,6,0.37,0.369,0.352,0.345,0.3576,0.3516,0,203981
D1,bun-mai-moe-2025-12-05,2025-12-05T19:30:00+00:00,H,24,0.39,0.369,0.352,0.345,0.3576,0.3516,0,203981
D1,bun-mai-moe-2025-12-05,2025-12-05T19:30:00+00:00,D,1,0.28,0.2759,0.278,0.2823,0.2795,0.2813,0,61329
D1,bun-mai-moe-2025-12-05,2025-12-05T19:30:00+00:00,D,6,0.28,0.2759,0.278,0.2823,0.2795,0.2813,0,61329
D1,bun-mai-moe-2025-12-05,2025-12-05T19:30:00+00:00,D,24,0.28,0.2759,0.278,0.2823,0.2795,0.2813,0,61329
D1,bun-mai-moe-2025-12-05,2025-12-05T19:30:00+00:00,A,1,0.38,0.3551,0.37,0.3726,0.3629,0.3671,1,156607
D1,bun-mai-moe-2025-12-05,2025-12-05T19:30:00+00:00,A,6,0.36,0.3551,0.37,0.3726,0.3629,0.3671,1,156607
D1,bun-mai-moe-2025-12-05,2025-12-05T19:30:00+00:00,A,24,0.33,0.3551,0.37,0.3726,0.3629,0.3671,1,156607
D1,bun-aug-b04-2025-12-06,2025-12-06T14:30:00+00:00,H,1,0.27,0.2547,0.2828,0.2795,0.2724,0.276,1,126268
D1,bun-aug-b04-2025-12-06,2025-12-06T14:30:00+00:00,H,6,0.23,0.2547,0.2828,0.2795,0.2724,0.276,1,126268
D1,bun-aug-b04-2025-12-06,2025-12-06T14:30:00+00:00,H,24,0.24,0.2547,0.2828,0.2795,0.2724,0.276,1,126268
D1,bun-aug-b04-2025-12-06,2025-12-06T14:30:00+00:00,D,1,0.26,0.2467,0.2645,0.2569,0.2794,0.2723,0,27564
D1,bun-aug-b04-2025-12-06,2025-12-06T14:30:00+00:00,D,6,0.25,0.2467,0.2645,0.2569,0.2794,0.2723,0,27564
D1,bun-aug-b04-2025-12-06,2025-12-06T14:30:00+00:00,D,24,0.25,0.2467,0.2645,0.2569,0.2794,0.2723,0,27564
D1,bun-aug-b04-2025-12-06,2025-12-06T14:30:00+00:00,A,1,0.49,0.4986,0.4527,0.4636,0.4481,0.4517,0,372703
D1,bun-aug-b04-2025-12-06,2025-12-06T14:30:00+00:00,A,6,0.53,0.4986,0.4527,0.4636,0.4481,0.4517,0,372703
D1,bun-aug-b04-2025-12-06,2025-12-06T14:30:00+00:00,A,24,0.52,0.4986,0.4527,0.4636,0.4481,0.4517,0,372703
D1,bun-stu-bay-2025-12-06,2025-12-06T14:30:00+00:00,H,1,0.19,0.173,0.2008,0.2116,0.2028,0.191,0,62485
D1,bun-stu-bay-2025-12-06,2025-12-06T14:30:00+00:00,H,6,0.17,0.173,0.2008,0.2116,0.2028,0.191,0,62485
D1,bun-stu-bay-2025-12-06,2025-12-06T14:30:00+00:00,H,24,0.17,0.173,0.2008,0.2116,0.2028,0.191,0,62485
D1,bun-stu-bay-2025-12-06,2025-12-06T14:30:00+00:00,D,1,0.2,0.1879,0.202,0.2005,0.205,0.2069,0,17208
D1,bun-stu-bay-2025-12-06,2025-12-06T14:30:00+00:00,D,6,0.2,0.1879,0.202,0.2005,0.205,0.2069,0,17208
D1,bun-stu-bay-2025-12-06,2025-12-06T14:30:00+00:00,D,24,0.18,0.1879,0.202,0.2005,0.205,0.2069,0,17208
D1,bun-stu-bay-2025-12-06,2025-12-06T14:30:00+00:00,A,1,0.62,0.6391,0.5972,0.5879,0.5922,0.602,1,463997
D1,bun-stu-bay-2025-12-06,2025-12-06T14:30:00+00:00,A,6,0.65,0.6391,0.5972,0.5879,0.5922,0.602,1,463997
D1,bun-stu-bay-2025-12-06,2025-12-06T14:30:00+00:00,A,24,0.66,0.6391,0.5972,0.5879,0.5922,0.602,1,463997
D1,bun-wol-uni-2025-12-06,2025-12-06T14:30:00+00:00,H,1,0.48,0.447,0.471,0.483,0.4767,0.4767,1,1420468
D1,bun-wol-uni-2025-12-06,2025-12-06T14:30:00+00:00,H,6,0.42,0.447,0.471,0.483,0.4767,0.4767,1,1420468
D1,bun-wol-uni-2025-12-06,2025-12-06T14:30:00+00:00,H,24,0.44,0.447,0.471,0.483,0.4767,0.4767,1,1420468
D1,bun-wol-uni-2025-12-06,2025-12-06T14:30:00+00:00,D,1,0.29,0.2753,0.273,0.2691,0.2771,0.2754,0,12260
D1,bun-wol-uni-2025-12-06,2025-12-06T14:30:00+00:00,D,6,0.29,0.2753,0.273,0.2691,0.2771,0.2754,0,12260
D1,bun-wol-uni-2025-12-06,2025-12-06T14:30:00+00:00,D,24,0.29,0.2753,0.273,0.2691,0.2771,0.2754,0,12260
D1,bun-wol-uni-2025-12-06,2025-12-06T14:30:00+00:00,A,1,0.26,0.2777,0.256,0.2479,0.2462,0.2479,0,36303
D1,bun-wol-uni-2025-12-06,2025-12-06T14:30:00+00:00,A,6,0.3,0.2777,0.256,0.2479,0.2462,0.2479,0,36303
D1,bun-wol-uni-2025-12-06,2025-12-06T14:30:00+00:00,A,24,0.28,0.2777,0.256,0.2479,0.2462,0.2479,0,36303
D1,bun-hei-fre-2025-12-06,2025-12-06T14:30:00+00:00,H,1,0.21,0.2468,0.2049,0.1987,0.195,0.1916,1,645296
D1,bun-hei-fre-2025-12-06,2025-12-06T14:30:00+00:00,H,6,0.22,0.2468,0.2049,0.1987,0.195,0.1916,1,645296
D1,bun-hei-fre-2025-12-06,2025-12-06T14:30:00+00:00,H,24,0.22,0.2468,0.2049,0.1987,0.195,0.1916,1,645296
D1,bun-hei-fre-2025-12-06,2025-12-06T14:30:00+00:00,D,1,0.26,0.2672,0.2685,0.2621,0.2634,0.2729,0,9210
D1,bun-hei-fre-2025-12-06,2025-12-06T14:30:00+00:00,D,6,0.27,0.2672,0.2685,0.2621,0.2634,0.2729,0,9210
D1,bun-hei-fre-2025-12-06,2025-12-06T14:30:00+00:00,D,24,0.2783,0.2672,0.2685,0.2621,0.2634,0.2729,0,9210
D1,bun-hei-fre-2025-12-06,2025-12-06T14:30:00+00:00,A,1,0.52,0.486,0.5266,0.5392,0.5415,0.5355,0,125578
D1,bun-hei-fre-2025-12-06,2025-12-06T14:30:00+00:00,A,6,0.53,0.486,0.5266,0.5392,0.5415,0.5355,0,125578
D1,bun-hei-fre-2025-12-06,2025-12-06T14:30:00+00:00,A,24,0.5,0.486,0.5266,0.5392,0.5415,0.5355,0,125578
D1,bun-koe-pau-2025-12-06,2025-12-06T14:30:00+00:00,H,1,0.48,0.481,0.4736,0.4713,0.4743,0.4785,0,106114
D1,bun-koe-pau-2025-12-06,2025-12-06T14:30:00+00:00,H,6,0.48,0.481,0.4736,0.4713,0.4743,0.4785,0,106114
D1,bun-koe-pau-2025-12-06,2025-12-06T14:30:00+00:00,H,24,0.49,0.481,0.4736,0.4713,0.4743,0.4785,0,106114
D1,bun-koe-pau-2025-12-06,2025-12-06T14:30:00+00:00,D,1,0.28,0.2642,0.2716,0.2773,0.2731,0.2727,1,16600
D1,bun-koe-pau-2025-12-06,2025-12-06T14:30:00+00:00,D,6,0.27,0.2642,0.2716,0.2773,0.2731,0.2727,1,16600
D1,bun-koe-pau-2025-12-06,2025-12-06T14:30:00+00:00,D,24,0.27,0.2642,0.2716,0.2773,0.2731,0.2727,1,16600
D1,bun-koe-pau-2025-12-06,2025-12-06T14:30:00+00:00,A,1,0.25,0.2549,0.2547,0.2514,0.2526,0.2488,0,24148
D1,bun-koe-pau-2025-12-06,2025-12-06T14:30:00+00:00,A,6,0.26,0.2549,0.2547,0.2514,0.2526,0.2488,0,24148
D1,bun-koe-pau-2025-12-06,2025-12-06T14:30:00+00:00,A,24,0.24,0.2549,0.2547,0.2514,0.2526,0.2488,0,24148
D1,bun-lei-ein-2025-12-06,2025-12-06T17:30:00+00:00,H,1,0.55,0.542,0.5467,0.5458,0.5439,0.5436,1,148334
D1,bun-lei-ein-2025-12-06,2025-12-06T17:30:00+00:00,H,6,0.55,0.542,0.5467,0.5458,0.5439,0.5436,1,148334
D1,bun-lei-ein-2025-12-06,2025-12-06T17:30:00+00:00,H,24,0.55,0.542,0.5467,0.5458,0.5439,0.5436,1,148334
D1,bun-lei-ein-2025-12-06,2025-12-06T17:30:00+00:00,D,1,0.24,0.227,0.2357,0.2361,0.2361,0.2413,0,15027
D1,bun-lei-ein-2025-12-06,2025-12-06T17:30:00+00:00,D,6,0.24,0.227,0.2357,0.2361,0.2361,0.2413,0,15027
D1,bun-lei-ein-2025-12-06,2025-12-06T17:30:00+00:00,D,24,0.24,0.227,0.2357,0.2361,0.2361,0.2413,0,15027
D1,bun-lei-ein-2025-12-06,2025-12-06T17:30:00+00:00,A,1,0.21,0.231,0.2177,0.2181,0.22,0.2151,0,20807
D1,bun-lei-ein-2025-12-06,2025-12-06T17:30:00+00:00,A,6,0.23,0.231,0.2177,0.2181,0.22,0.2151,0,20807
D1,bun-lei-ein-2025-12-06,2025-12-06T17:30:00+00:00,A,24,0.23,0.231,0.2177,0.2181,0.22,0.2151,0,20807
D1,bun-dor-hof-2025-12-07,2025-12-07T16:30:00+00:00,H,1,0.59,0.5936,0.5877,0.5814,0.5896,0.5945,1,239382
D1,bun-dor-hof-2025-12-07,2025-12-07T16:30:00+00:00,H,6,0.57,0.5936,0.5877,0.5814,0.5896,0.5945,1,239382
D1,bun-dor-hof-2025-12-07,2025-12-07T16:30:00+00:00,H,24,0.61,0.5936,0.5877,0.5814,0.5896,0.5945,1,239382
D1,bun-dor-hof-2025-12-07,2025-12-07T16:30:00+00:00,D,1,0.23,0.2127,0.2118,0.2093,0.2138,0.2171,0,25121
D1,bun-dor-hof-2025-12-07,2025-12-07T16:30:00+00:00,D,6,0.22,0.2127,0.2118,0.2093,0.2138,0.2171,0,25121
D1,bun-dor-hof-2025-12-07,2025-12-07T16:30:00+00:00,D,24,0.2,0.2127,0.2118,0.2093,0.2138,0.2171,0,25121
D1,bun-dor-hof-2025-12-07,2025-12-07T16:30:00+00:00,A,1,0.2,0.1938,0.2005,0.2093,0.1965,0.1884,0,57691
D1,bun-dor-hof-2025-12-07,2025-12-07T16:30:00+00:00,A,6,0.21,0.1938,0.2005,0.2093,0.1965,0.1884,0,57691
D1,bun-dor-hof-2025-12-07,2025-12-07T16:30:00+00:00,A,24,0.18,0.1938,0.2005,0.2093,0.1965,0.1884,0,57691
D1,bun-uni-lei-2025-12-12,2025-12-12T19:30:00+00:00,H,1,0.3,0.2921,0.3107,0.3166,0.3108,0.3058,1,440482
D1,bun-uni-lei-2025-12-12,2025-12-12T19:30:00+00:00,H,6,0.3,0.2921,0.3107,0.3166,0.3108,0.3058,1,440482
D1,bun-uni-lei-2025-12-12,2025-12-12T19:30:00+00:00,H,24,0.25,0.2921,0.3107,0.3166,0.3108,0.3058,1,440482
D1,bun-uni-lei-2025-12-12,2025-12-12T19:30:00+00:00,D,1,0.28,0.2783,0.2835,0.2793,0.2771,0.28,0,29063
D1,bun-uni-lei-2025-12-12,2025-12-12T19:30:00+00:00,D,6,0.27,0.2783,0.2835,0.2793,0.2771,0.28,0,29063
D1,bun-uni-lei-2025-12-12,2025-12-12T19:30:00+00:00,D,24,0.271,0.2783,0.2835,0.2793,0.2771,0.28,0,29063
D1,bun-uni-lei-2025-12-12,2025-12-12T19:30:00+00:00,A,1,0.42,0.4295,0.4058,0.4041,0.4121,0.4142,0,706366
D1,bun-uni-lei-2025-12-12,2025-12-12T19:30:00+00:00,A,6,0.41,0.4295,0.4058,0.4041,0.4121,0.4142,0,706366
D1,bun-uni-lei-2025-12-12,2025-12-12T19:30:00+00:00,A,24,0.49,0.4295,0.4058,0.4041,0.4121,0.4142,0,706366
D1,bun-hof-hsv-2025-12-13,2025-12-13T14:30:00+00:00,H,1,0.57,0.5472,0.5596,0.5564,0.5615,0.5703,1,111856
D1,bun-hof-hsv-2025-12-13,2025-12-13T14:30:00+00:00,H,6,0.57,0.5472,0.5596,0.5564,0.5615,0.5703,1,111856
D1,bun-hof-hsv-2025-12-13,2025-12-13T14:30:00+00:00,H,24,0.58,0.5472,0.5596,0.5564,0.5615,0.5703,1,111856
D1,bun-hof-hsv-2025-12-13,2025-12-13T14:30:00+00:00,D,1,0.21,0.2305,0.2276,0.2252,0.2322,0.2218,0,5455
D1,bun-hof-hsv-2025-12-13,2025-12-13T14:30:00+00:00,D,6,0.23,0.2305,0.2276,0.2252,0.2322,0.2218,0,5455
D1,bun-hof-hsv-2025-12-13,2025-12-13T14:30:00+00:00,D,24,0.22,0.2305,0.2276,0.2252,0.2322,0.2218,0,5455
D1,bun-hof-hsv-2025-12-13,2025-12-13T14:30:00+00:00,A,1,0.2,0.2223,0.2127,0.2184,0.2064,0.2079,0,35721
D1,bun-hof-hsv-2025-12-13,2025-12-13T14:30:00+00:00,A,6,0.2,0.2223,0.2127,0.2184,0.2064,0.2079,0,35721
D1,bun-hof-hsv-2025-12-13,2025-12-13T14:30:00+00:00,A,24,0.2,0.2223,0.2127,0.2184,0.2064,0.2079,0,35721
D1,bun-moe-wol-2025-12-13,2025-12-13T14:30:00+00:00,H,1,0.48,0.479,0.4723,0.4713,0.4749,0.4813,0,93826
D1,bun-moe-wol-2025-12-13,2025-12-13T14:30:00+00:00,H,6,0.47,0.479,0.4723,0.4713,0.4749,0.4813,0,93826
D1,bun-moe-wol-2025-12-13,2025-12-13T14:30:00+00:00,H,24,0.47,0.479,0.4723,0.4713,0.4749,0.4813,0,93826
D1,bun-moe-wol-2025-12-13,2025-12-13T14:30:00+00:00,D,1,0.27,0.2504,0.2561,0.2514,0.2562,0.2542,0,11836
D1,bun-moe-wol-2025-12-13,2025-12-13T14:30:00+00:00,D,6,0.26,0.2504,0.2561,0.2514,0.2562,0.2542,0,11836
D1,bun-moe-wol-2025-12-13,2025-12-13T14:30:00+00:00,D,24,0.2427,0.2504,0.2561,0.2514,0.2562,0.2542,0,11836
D1,bun-moe-wol-2025-12-13,2025-12-13T14:30:00+00:00,A,1,0.27,0.2706,0.2716,0.2773,0.2689,0.2644,1,54964
D1,bun-moe-wol-2025-12-13,2025-12-13T14:30:00+00:00,A,6,0.28,0.2706,0.2716,0.2773,0.2689,0.2644,1,54964
D1,bun-moe-wol-2025-12-13,2025-12-13T14:30:00+00:00,A,24,0.27,0.2706,0.2716,0.2773,0.2689,0.2644,1,54964
D1,bun-ein-aug-2025-12-13,2025-12-13T14:30:00+00:00,H,1,0.53,0.5566,0.5143,0.5113,0.5194,0.5178,1,298946
D1,bun-ein-aug-2025-12-13,2025-12-13T14:30:00+00:00,H,6,0.53,0.5566,0.5143,0.5113,0.5194,0.5178,1,298946
D1,bun-ein-aug-2025-12-13,2025-12-13T14:30:00+00:00,H,24,0.57,0.5566,0.5143,0.5113,0.5194,0.5178,1,298946
D1,bun-ein-aug-2025-12-13,2025-12-13T14:30:00+00:00,D,1,0.25,0.2303,0.255,0.2522,0.2542,0.2498,0,23090
D1,bun-ein-aug-2025-12-13,2025-12-13T14:30:00+00:00,D,6,0.26,0.2303,0.255,0.2522,0.2542,0.2498,0,23090
D1,bun-ein-aug-2025-12-13,2025-12-13T14:30:00+00:00,D,24,0.23,0.2303,0.255,0.2522,0.2542,0.2498,0,23090
D1,bun-ein-aug-2025-12-13,2025-12-13T14:30:00+00:00,A,1,0.22,0.213,0.2307,0.2365,0.2264,0.2324,0,33738
D1,bun-ein-aug-2025-12-13,2025-12-13T14:30:00+00:00,A,6,0.23,0.213,0.2307,0.2365,0.2264,0.2324,0,33738
D1,bun-ein-aug-2025-12-13,2025-12-13T14:30:00+00:00,A,24,0.21,0.213,0.2307,0.2365,0.2264,0.2324,0,33738
D1,bun-pau-hei-2025-12-13,2025-12-13T14:30:00+00:00,H,1,0.52,0.4825,0.5079,0.5073,0.5167,0.5127,1,297485
D1,bun-pau-hei-2025-12-13,2025-12-13T14:30:00+00:00,H,6,0.51,0.4825,0.5079,0.5073,0.5167,0.5127,1,297485
D1,bun-pau-hei-2025-12-13,2025-12-13T14:30:00+00:00,H,24,0.49,0.4825,0.5079,0.5073,0.5167,0.5127,1,297485
D1,bun-pau-hei-2025-12-13,2025-12-13T14:30:00+00:00,D,1,0.28,0.2811,0.2771,0.276,0.2744,0.2802,0,29600
D1,bun-pau-hei-2025-12-13,2025-12-13T14:30:00+00:00,D,6,0.29,0.2811,0.2771,0.276,0.2744,0.2802,0,29600
D1,bun-pau-hei-2025-12-13,2025-12-13T14:30:00+00:00,D,24,0.29,0.2811,0.2771,0.276,0.2744,0.2802,0,29600
D1,bun-pau-hei-2025-12-13,2025-12-13T14:30:00+00:00,A,1,0.21,0.2364,0.215,0.2167,0.2089,0.2072,0,31419
D1,bun-pau-hei-2025-12-13,2025-12-13T14:30:00+00:00,A,6,0.23,0.2364,0.215,0.2167,0.2089,0.2072,0,31419
D1,bun-pau-hei-2025-12-13,2025-12-13T14:30:00+00:00,A,24,0.22,0.2364,0.215,0.2167,0.2089,0.2072,0,31419
D1,bun-b04-koe-2025-12-13,2025-12-13T17:30:00+00:00,H,1,0.59,0.6119,0.5415,0.5364,0.536,0.5444,1,224408
D1,bun-b04-koe-2025-12-13,2025-12-13T17:30:00+00:00,H,6,0.59,0.6119,0.5415,0.5364,0.536,0.5444,1,224408
D1,bun-b04-koe-2025-12-13,2025-12-13T17:30:00+00:00,H,24,0.63,0.6119,0.5415,0.5364,0.536,0.5444,1,224408
D1,bun-b04-koe-2025-12-13,2025-12-13T17:30:00+00:00,D,1,0.21,0.2108,0.2292,0.2289,0.2256,0.2304,0,16149
D1,bun-b04-koe-2025-12-13,2025-12-13T17:30:00+00:00,D,6,0.22,0.2108,0.2292,0.2289,0.2256,0.2304,0,16149
D1,bun-b04-koe-2025-12-13,2025-12-13T17:30:00+00:00,D,24,0.21,0.2108,0.2292,0.2289,0.2256,0.2304,0,16149
D1,bun-b04-koe-2025-12-13,2025-12-13T17:30:00+00:00,A,1,0.19,0.1773,0.2292,0.2347,0.2384,0.2252,0,29508
D1,bun-b04-koe-2025-12-13,2025-12-13T17:30:00+00:00,A,6,0.18,0.1773,0.2292,0.2347,0.2384,0.2252,0,29508
D1,bun-b04-koe-2025-12-13,2025-12-13T17:30:00+00:00,A,24,0.17,0.1773,0.2292,0.2347,0.2384,0.2252,0,29508
D1,bun-fre-dor-2025-12-14,2025-12-14T14:30:00+00:00,H,1,0.26,0.2875,0.2579,0.2522,0.246,0.2488,0,236631
D1,bun-fre-dor-2025-12-14,2025-12-14T14:30:00+00:00,H,6,0.27,0.2875,0.2579,0.2522,0.246,0.2488,0,236631
D1,bun-fre-dor-2025-12-14,2025-12-14T14:30:00+00:00,H,24,0.29,0.2875,0.2579,0.2522,0.246,0.2488,0,236631
D1,bun-fre-dor-2025-12-14,2025-12-14T14:30:00+00:00,D,1,0.28,0.2717,0.269,0.2627,0.2706,0.2727,1,74084
D1,bun-fre-dor-2025-12-14,2025-12-14T14:30:00+00:00,D,6,0.28,0.2717,0.269,0.2627,0.2706,0.2727,1,74084
D1,bun-fre-dor-2025-12-14,2025-12-14T14:30:00+00:00,D,24,0.26,0.2717,0.269,0.2627,0.2706,0.2727,1,74084
D1,bun-fre-dor-2025-12-14,2025-12-14T14:30:00+00:00,A,1,0.46,0.4408,0.4731,0.485,0.4834,0.4785,0,484844
D1,bun-fre-dor-2025-12-14,2025-12-14T14:30:00+00:00,A,6,0.46,0.4408,0.4731,0.485,0.4834,0.4785,0,484844
D1,bun-fre-dor-2025-12-14,2025-12-14T14:30:00+00:00,A,24,0.45,0.4408,0.4731,0.485,0.4834,0.4785,0,484844
D1,bun-wer-stu-2025-12-14,2025-12-14T18:30:00+00:00,H,1,0.34,0.3247,0.3344,0.3415,0.3354,0.3376,0,27680
D1,bun-wer-stu-2025-12-14,2025-12-14T18:30:00+00:00,H,6,0.32,0.3247,0.3344,0.3415,0.3354,0.3376,0,27680
D1,bun-wer-stu-2025-12-14,2025-12-14T18:30:00+00:00,H,24,0.34,0.3247,0.3344,0.3415,0.3354,0.3376,0,27680
D1,bun-wer-stu-2025-12-14,2025-12-14T18:30:00+00:00,D,1,0.267,0.2521,0.2588,0.2516,0.2594,0.2595,0,18569
D1,bun-wer-stu-2025-12-14,2025-12-14T18:30:00+00:00,D,6,0.26,0.2521,0.2588,0.2516,0.2594,0.2595,0,18569
D1,bun-wer-stu-2025-12-14,2025-12-14T18:30:00+00:00,D,24,0.26,0.2521,0.2588,0.2516,0.2594,0.2595,0,18569
D1,bun-wer-stu-2025-12-14,2025-12-14T18:30:00+00:00,A,1,0.41,0.4232,0.4068,0.4069,0.4053,0.4029,1,137194
D1,bun-wer-stu-2025-12-14,2025-12-14T18:30:00+00:00,A,6,0.41,0.4232,0.4068,0.4069,0.4053,0.4029,1,137194
D1,bun-wer-stu-2025-12-14,2025-12-14T18:30:00+00:00,A,24,0.43,0.4232,0.4068,0.4069,0.4053,0.4029,1,137194
D1,bun-dor-moe-2025-12-19,2025-12-19T19:30:00+00:00,H,1,0.65,0.6153,0.6374,0.6417,0.6365,0.6537,1,702893
D1,bun-dor-moe-2025-12-19,2025-12-19T19:30:00+00:00,H,6,0.63,0.6153,0.6374,0.6417,0.6365,0.6537,1,702893
D1,bun-dor-moe-2025-12-19,2025-12-19T19:30:00+00:00,H,24,0.65,0.6153,0.6374,0.6417,0.6365,0.6537,1,702893
D1,bun-dor-moe-2025-12-19,2025-12-19T19:30:00+00:00,D,1,0.2,0.2106,0.2033,0.2,0.205,0.1911,0,71853
D1,bun-dor-moe-2025-12-19,2025-12-19T19:30:00+00:00,D,6,0.2,0.2106,0.2033,0.2,0.205,0.1911,0,71853
D1,bun-dor-moe-2025-12-19,2025-12-19T19:30:00+00:00,D,24,0.2085,0.2106,0.2033,0.2,0.205,0.1911,0,71853
D1,bun-dor-moe-2025-12-19,2025-12-19T19:30:00+00:00,A,1,0.16,0.174,0.1593,0.1583,0.1586,0.1552,0,99668
D1,bun-dor-moe-2025-12-19,2025-12-19T19:30:00+00:00,A,6,0.17,0.174,0.1593,0.1583,0.1586,0.1552,0,99668
D1,bun-dor-moe-2025-12-19,2025-12-19T19:30:00+00:00,A,24,0.15,0.174,0.1593,0.1583,0.1586,0.1552,0,99668
D1,bun-bay-mai-2025-12-14,2025-12-14T16:30:00+00:00,H,1,0.89,0.8593,0.874,0.8709,0.8922,0.9044,0,1644930
D1,bun-bay-mai-2025-12-14,2025-12-14T16:30:00+00:00,H,6,0.9,0.8593,0.874,0.8709,0.8922,0.9044,0,1644930
D1,bun-bay-mai-2025-12-14,2025-12-14T16:30:00+00:00,H,24,0.9,0.8593,0.874,0.8709,0.8922,0.9044,0,1644930
D1,bun-bay-mai-2025-12-14,2025-12-14T16:30:00+00:00,D,1,0.071,0.092,0.0825,0.0791,0.0676,0.0663,1,101449
D1,bun-bay-mai-2025-12-14,2025-12-14T16:30:00+00:00,D,6,0.0785,0.092,0.0825,0.0791,0.0676,0.0663,1,101449
D1,bun-bay-mai-2025-12-14,2025-12-14T16:30:00+00:00,D,24,0.067,0.092,0.0825,0.0791,0.0676,0.0663,1,101449
D1,bun-bay-mai-2025-12-14,2025-12-14T16:30:00+00:00,A,1,0.04,0.0487,0.0435,0.05,0.0402,0.0293,0,457209
D1,bun-bay-mai-2025-12-14,2025-12-14T16:30:00+00:00,A,6,0.031,0.0487,0.0435,0.05,0.0402,0.0293,0,457209
D1,bun-bay-mai-2025-12-14,2025-12-14T16:30:00+00:00,A,24,0.031,0.0487,0.0435,0.05,0.0402,0.0293,0,457209
D1,bun-hsv-wer-2025-12-07,2025-12-07T14:30:00+00:00,H,1,0.41,0.4171,0.3996,0.397,0.3972,0.4023,1,242939
D1,bun-hsv-wer-2025-12-07,2025-12-07T14:30:00+00:00,H,6,0.41,0.4171,0.3996,0.397,0.3972,0.4023,1,242939
D1,bun-hsv-wer-2025-12-07,2025-12-07T14:30:00+00:00,H,24,0.41,0.4171,0.3996,0.397,0.3972,0.4023,1,242939
D1,bun-hsv-wer-2025-12-07,2025-12-07T14:30:00+00:00,D,1,0.28,0.2659,0.2718,0.2722,0.2773,0.281,0,51270
D1,bun-hsv-wer-2025-12-07,2025-12-07T14:30:00+00:00,D,6,0.27,0.2659,0.2718,0.2722,0.2773,0.281,0,51270
D1,bun-hsv-wer-2025-12-07,2025-12-07T14:30:00+00:00,D,24,0.26,0.2659,0.2718,0.2722,0.2773,0.281,0,51270
D1,bun-hsv-wer-2025-12-07,2025-12-07T14:30:00+00:00,A,1,0.32,0.317,0.3286,0.3308,0.3255,0.3167,0,55374
D1,bun-hsv-wer-2025-12-07,2025-12-07T14:30:00+00:00,A,6,0.32,0.317,0.3286,0.3308,0.3255,0.3167,0,55374
D1,bun-hsv-wer-2025-12-07,2025-12-07T14:30:00+00:00,A,24,0.32,0.317,0.3286,0.3308,0.3255,0.3167,0,55374
D1,bun-stu-hof-2025-12-20,2025-12-20T14:30:00+00:00,H,1,0.47,0.471,0.4826,0.4902,0.4859,0.4827,0,393324
D1,bun-stu-hof-2025-12-20,2025-12-20T14:30:00+00:00,H,6,0.47,0.471,0.4826,0.4902,0.4859,0.4827,0,393324
D1,bun-stu-hof-2025-12-20,2025-12-20T14:30:00+00:00,H,24,0.48,0.471,0.4826,0.4902,0.4859,0.4827,0,393324
D1,bun-stu-hof-2025-12-20,2025-12-20T14:30:00+00:00,D,1,0.25,0.2441,0.2438,0.2515,0.2479,0.2486,1,28318
D1,bun-stu-hof-2025-12-20,2025-12-20T14:30:00+00:00,D,6,0.24,0.2441,0.2438,0.2515,0.2479,0.2486,1,28318
D1,bun-stu-hof-2025-12-20,2025-12-20T14:30:00+00:00,D,24,0.23,0.2441,0.2438,0.2515,0.2479,0.2486,1,28318
D1,bun-stu-hof-2025-12-20,2025-12-20T14:30:00+00:00,A,1,0.28,0.2849,0.2736,0.2583,0.2662,0.2687,0,26515
D1,bun-stu-hof-2025-12-20,2025-12-20T14:30:00+00:00,A,6,0.29,0.2849,0.2736,0.2583,0.2662,0.2687,0,26515
D1,bun-stu-hof-2025-12-20,2025-12-20T14:30:00+00:00,A,24,0.27,0.2849,0.2736,0.2583,0.2662,0.2687,0,26515
D1,bun-hsv-ein-2025-12-20,2025-12-20T14:30:00+00:00,H,1,0.38,0.3576,0.385,0.397,0.3863,0.3821,0,813047
D1,bun-hsv-ein-2025-12-20,2025-12-20T14:30:00+00:00,H,6,0.37,0.3576,0.385,0.397,0.3863,0.3821,0,813047
D1,bun-hsv-ein-2025-12-20,2025-12-20T14:30:00+00:00,H,24,0.35,0.3576,0.385,0.397,0.3863,0.3821,0,813047
D1,bun-hsv-ein-2025-12-20,2025-12-20T14:30:00+00:00,D,1,0.27,0.2692,0.2771,0.2722,0.2838,0.2922,1,53705
D1,bun-hsv-ein-2025-12-20,2025-12-20T14:30:00+00:00,D,6,0.27,0.2692,0.2771,0.2722,0.2838,0.2922,1,53705
D1,bun-hsv-ein-2025-12-20,2025-12-20T14:30:00+00:00,D,24,0.28,0.2692,0.2771,0.2722,0.2838,0.2922,1,53705
D1,bun-hsv-ein-2025-12-20,2025-12-20T14:30:00+00:00,A,1,0.35,0.3732,0.3379,0.3308,0.33,0.3257,0,121951
D1,bun-hsv-ein-2025-12-20,2025-12-20T14:30:00+00:00,A,6,0.37,0.3732,0.3379,0.3308,0.33,0.3257,0,121951
D1,bun-hsv-ein-2025-12-20,2025-12-20T14:30:00+00:00,A,24,0.37,0.3732,0.3379,0.3308,0.33,0.3257,0,121951
D1,bun-aug-wer-2025-12-20,2025-12-20T14:30:00+00:00,H,1,0.41,0.4188,0.4258,0.4318,0.4175,0.4144,0,111830
D1,bun-aug-wer-2025-12-20,2025-12-20T14:30:00+00:00,H,6,0.42,0.4188,0.4258,0.4318,0.4175,0.4144,0,111830
D1,bun-aug-wer-2025-12-20,2025-12-20T14:30:00+00:00,H,24,0.43,0.4188,0.4258,0.4318,0.4175,0.4144,0,111830
D1,bun-aug-wer-2025-12-20,2025-12-20T14:30:00+00:00,D,1,0.27,0.2696,0.2736,0.2714,0.2756,0.2842,1,21085
D1,bun-aug-wer-2025-12-20,2025-12-20T14:30:00+00:00,D,6,0.26,0.2696,0.2736,0.2714,0.2756,0.2842,1,21085
D1,bun-aug-wer-2025-12-20,2025-12-20T14:30:00+00:00,D,24,0.26,0.2696,0.2736,0.2714,0.2756,0.2842,1,21085
D1,bun-aug-wer-2025-12-20,2025-12-20T14:30:00+00:00,A,1,0.31,0.3117,0.3006,0.2968,0.3069,0.3014,0,26233
D1,bun-aug-wer-2025-12-20,2025-12-20T14:30:00+00:00,A,6,0.3237,0.3117,0.3006,0.2968,0.3069,0.3014,0,26233
D1,bun-aug-wer-2025-12-20,2025-12-20T14:30:00+00:00,A,24,0.3,0.3117,0.3006,0.2968,0.3069,0.3014,0,26233
D1,bun-wol-fre-2025-12-20,2025-12-20T14:30:00+00:00,H,1,0.38,0.3795,0.3902,0.4029,0.3924,0.3922,0,94479
D1,bun-wol-fre-2025-12-20,2025-12-20T14:30:00+00:00,H,6,0.39,0.3795,0.3902,0.4029,0.3924,0.3922,0,94479
D1,bun-wol-fre-2025-12-20,2025-12-20T14:30:00+00:00,H,24,0.39,0.3795,0.3902,0.4029,0.3924,0.3922,0,94479
D1,bun-wol-fre-2025-12-20,2025-12-20T14:30:00+00:00,D,1,0.28,0.2733,0.2774,0.2705,0.2788,0.2784,0,42115
D1,bun-wol-fre-2025-12-20,2025-12-20T14:30:00+00:00,D,6,0.27,0.2733,0.2774,0.2705,0.2788,0.2784,0,42115
D1,bun-wol-fre-2025-12-20,2025-12-20T14:30:00+00:00,D,24,0.28,0.2733,0.2774,0.2705,0.2788,0.2784,0,42115
D1,bun-wol-fre-2025-12-20,2025-12-20T14:30:00+00:00,A,1,0.34,0.3472,0.3323,0.3265,0.3288,0.3294,1,149721
D1,bun-wol-fre-2025-12-20,2025-12-20T14:30:00+00:00,A,6,0.34,0.3472,0.3323,0.3265,0.3288,0.3294,1,149721
D1,bun-wol-fre-2025-12-20,2025-12-20T14:30:00+00:00,A,24,0.34,0.3472,0.3323,0.3265,0.3288,0.3294,1,149721
D1,bun-koe-uni-2025-12-20,2025-12-20T14:30:00+00:00,H,1,0.35,0.404,0.3731,0.3747,0.3619,0.3662,0,521205
D1,bun-koe-uni-2025-12-20,2025-12-20T14:30:00+00:00,H,6,0.37,0.404,0.3731,0.3747,0.3619,0.3662,0,521205
D1,bun-koe-uni-2025-12-20,2025-12-20T14:30:00+00:00,H,24,0.41,0.404,0.3731,0.3747,0.3619,0.3662,0,521205
D1,bun-koe-uni-2025-12-20,2025-12-20T14:30:00+00:00,D,1,0.29,0.2857,0.2947,0.3022,0.2977,0.3018,0,32144
D1,bun-koe-uni-2025-12-20,2025-12-20T14:30:00+00:00,D,6,0.28,0.2857,0.2947,0.3022,0.2977,0.3018,0,32144
D1,bun-koe-uni-2025-12-20,2025-12-20T14:30:00+00:00,D,24,0.3,0.2857,0.2947,0.3022,0.2977,0.3018,0,32144
D1,bun-koe-uni-2025-12-20,2025-12-20T14:30:00+00:00,A,1,0.35,0.3103,0.3322,0.3231,0.3404,0.332,1,90163
D1,bun-koe-uni-2025-12-20,2025-12-20T14:30:00+00:00,A,6,0.34,0.3103,0.3322,0.3231,0.3404,0.332,1,90163
D1,bun-koe-uni-2025-12-20,2025-12-20T14:30:00+00:00,A,24,0.31,0.3103,0.3322,0.3231,0.3404,0.332,1,90163
D1,bun-lei-b04-2025-12-20,2025-12-20T17:30:00+00:00,H,1,0.46,0.4545,0.4592,0.4455,0.4604,0.4597,0,406480
D1,bun-lei-b04-2025-12-20,2025-12-20T17:30:00+00:00,H,6,0.44,0.4545,0.4592,0.4455,0.4604,0.4597,0,406480
D1,bun-lei-b04-2025-12-20,2025-12-20T17:30:00+00:00,H,24,0.45,0.4545,0.4592,0.4455,0.4604,0.4597,0,406480
D1,bun-lei-b04-2025-12-20,2025-12-20T17:30:00+00:00,D,1,0.26,0.251,0.2458,0.2456,0.2478,0.2482,0,27772
D1,bun-lei-b04-2025-12-20,2025-12-20T17:30:00+00:00,D,6,0.27,0.251,0.2458,0.2456,0.2478,0.2482,0,27772
D1,bun-lei-b04-2025-12-20,2025-12-20T17:30:00+00:00,D,24,0.26,0.251,0.2458,0.2456,0.2478,0.2482,0,27772
D1,bun-lei-b04-2025-12-20,2025-12-20T17:30:00+00:00,A,1,0.31,0.2944,0.2951,0.309,0.2917,0.292,1,128071
D1,bun-lei-b04-2025-12-20,2025-12-20T17:30:00+00:00,A,6,0.31,0.2944,0.2951,0.309,0.2917,0.292,1,128071
D1,bun-lei-b04-2025-12-20,2025-12-20T17:30:00+00:00,A,24,0.31,0.2944,0.2951,0.309,0.2917,0.292,1,128071
D1,bun-mai-pau-2025-12-21,2025-12-21T14:30:00+00:00,H,1,0.48,0.4872,0.48,0.4839,0.4769,0.4786,0,122817
D1,bun-mai-pau-2025-12-21,2025-12-21T14:30:00+00:00,H,6,0.48,0.4872,0.48,0.4839,0.4769,0.4786,0,122817
D1,bun-mai-pau-2025-12-21,2025-12-21T14:30:00+00:00,H,24,0.49,0.4872,0.48,0.4839,0.4769,0.4786,0,122817
D1,bun-mai-pau-2025-12-21,2025-12-21T14:30:00+00:00,D,1,0.29,0.2801,0.2842,0.2859,0.287,0.2844,1,28441
D1,bun-mai-pau-2025-12-21,2025-12-21T14:30:00+00:00,D,6,0.29,0.2801,0.2842,0.2859,0.287,0.2844,1,28441
D1,bun-mai-pau-2025-12-21,2025-12-21T14:30:00+00:00,D,24,0.28,0.2801,0.2842,0.2859,0.287,0.2844,1,28441
D1,bun-mai-pau-2025-12-21,2025-12-21T14:30:00+00:00,A,1,0.24,0.2327,0.2358,0.2302,0.2361,0.237,0,47767
D1,bun-mai-pau-2025-12-21,2025-12-21T14:30:00+00:00,A,6,0.25,0.2327,0.2358,0.2302,0.2361,0.237,0,47767
D1,bun-mai-pau-2025-12-21,2025-12-21T14:30:00+00:00,A,24,0.24,0.2327,0.2358,0.2302,0.2361,0.237,0,47767
D1,bun-hei-bay-2025-12-21,2025-12-21T16:30:00+00:00,H,1,0.0597,0.0614,0.0721,0.0726,0.0605,0.0586,0,62478
D1,bun-hei-bay-2025-12-21,2025-12-21T16:30:00+00:00,H,6,0.06,0.0614,0.0721,0.0726,0.0605,0.0586,0,62478
D1,bun-hei-bay-2025-12-21,2025-12-21T16:30:00+00:00,H,24,0.04,0.0614,0.0721,0.0726,0.0605,0.0586,0,62478
D1,bun-hei-bay-2025-12-21,2025-12-21T16:30:00+00:00,D,1,0.1,0.1089,0.116,0.0994,0.1044,0.1038,0,15076
D1,bun-hei-bay-2025-12-21,2025-12-21T16:30:00+00:00,D,6,0.09,0.1089,0.116,0.0994,0.1044,0.1038,0,15076
D1,bun-hei-bay-2025-12-21,2025-12-21T16:30:00+00:00,D,24,0.08,0.1089,0.116,0.0994,0.1044,0.1038,0,15076
D1,bun-hei-bay-2025-12-21,2025-12-21T16:30:00+00:00,A,1,0.85,0.8297,0.8119,0.828,0.8351,0.8376,1,1143747
D1,bun-hei-bay-2025-12-21,2025-12-21T16:30:00+00:00,A,6,0.86,0.8297,0.8119,0.828,0.8351,0.8376,1,1143747
D1,bun-hei-bay-2025-12-21,2025-12-21T16:30:00+00:00,A,24,0.86,0.8297,0.8119,0.828,0.8351,0.8376,1,1143747
D1,bun-ein-dor-2026-01-09,2026-01-09T19:30:00+00:00,H,1,0.27,0.2711,0.2842,0.2897,0.2768,0.2762,0,231176
D1,bun-ein-dor-2026-01-09,2026-01-09T19:30:00+00:00,H,6,0.27,0.2711,0.2842,0.2897,0.2768,0.2762,0,231176
D1,bun-ein-dor-2026-01-09,2026-01-09T19:30:00+00:00,H,24,0.27,0.2711,0.2842,0.2897,0.2768,0.2762,0,231176
D1,bun-ein-dor-2026-01-09,2026-01-09T19:30:00+00:00,D,1,0.26,0.2563,0.257,0.2511,0.2626,0.2549,1,243776
D1,bun-ein-dor-2026-01-09,2026-01-09T19:30:00+00:00,D,6,0.25,0.2563,0.257,0.2511,0.2626,0.2549,1,243776
D1,bun-ein-dor-2026-01-09,2026-01-09T19:30:00+00:00,D,24,0.27,0.2563,0.257,0.2511,0.2626,0.2549,1,243776
D1,bun-ein-dor-2026-01-09,2026-01-09T19:30:00+00:00,A,1,0.48,0.4727,0.4588,0.4593,0.4605,0.4689,0,984238
D1,bun-ein-dor-2026-01-09,2026-01-09T19:30:00+00:00,A,6,0.48,0.4727,0.4588,0.4593,0.4605,0.4689,0,984238
D1,bun-ein-dor-2026-01-09,2026-01-09T19:30:00+00:00,A,24,0.47,0.4727,0.4588,0.4593,0.4605,0.4689,0,984238
D1,bun-uni-mai-2026-01-10,2026-01-10T14:30:00+00:00,H,1,0.43,0.442,0.449,0.4644,0.4591,0.454,0,265420
D1,bun-uni-mai-2026-01-10,2026-01-10T14:30:00+00:00,H,6,0.45,0.442,0.449,0.4644,0.4591,0.454,0,265420
D1,bun-uni-mai-2026-01-10,2026-01-10T14:30:00+00:00,H,24,0.46,0.442,0.449,0.4644,0.4591,0.454,0,265420
D1,bun-uni-mai-2026-01-10,2026-01-10T14:30:00+00:00,D,1,0.31,0.2956,0.2975,0.2975,0.2958,0.3046,1,53299
D1,bun-uni-mai-2026-01-10,2026-01-10T14:30:00+00:00,D,6,0.31,0.2956,0.2975,0.2975,0.2958,0.3046,1,53299
D1,bun-uni-mai-2026-01-10,2026-01-10T14:30:00+00:00,D,24,0.31,0.2956,0.2975,0.2975,0.2958,0.3046,1,53299
D1,bun-uni-mai-2026-01-10,2026-01-10T14:30:00+00:00,A,1,0.26,0.2625,0.2535,0.238,0.2451,0.2414,0,132637
D1,bun-uni-mai-2026-01-10,2026-01-10T14:30:00+00:00,A,6,0.24,0.2625,0.2535,0.238,0.2451,0.2414,0,132637
D1,bun-uni-mai-2026-01-10,2026-01-10T14:30:00+00:00,A,24,0.25,0.2625,0.2535,0.238,0.2451,0.2414,0,132637
D1,bun-hei-koe-2026-01-10,2026-01-10T14:30:00+00:00,H,1,0.36,0.3247,0.3469,0.3438,0.3468,0.3405,0,51228
D1,bun-hei-koe-2026-01-10,2026-01-10T14:30:00+00:00,H,6,0.32,0.3247,0.3469,0.3438,0.3468,0.3405,0,51228
D1,bun-hei-koe-2026-01-10,2026-01-10T14:30:00+00:00,H,24,0.31,0.3247,0.3469,0.3438,0.3468,0.3405,0,51228
D1,bun-hei-koe-2026-01-10,2026-01-10T14:30:00+00:00,D,1,0.28,0.2687,0.2757,0.2781,0.2769,0.2801,1,21871
D1,bun-hei-koe-2026-01-10,2026-01-10T14:30:00+00:00,D,6,0.28,0.2687,0.2757,0.2781,0.2769,0.2801,1,21871
D1,bun-hei-koe-2026-01-10,2026-01-10T14:30:00+00:00,D,24,0.28,0.2687,0.2757,0.2781,0.2769,0.2801,1,21871
D1,bun-hei-koe-2026-01-10,2026-01-10T14:30:00+00:00,A,1,0.37,0.4066,0.3775,0.3782,0.3763,0.3795,0,30192
D1,bun-hei-koe-2026-01-10,2026-01-10T14:30:00+00:00,A,6,0.4,0.4066,0.3775,0.3782,0.3763,0.3795,0,30192
D1,bun-hei-koe-2026-01-10,2026-01-10T14:30:00+00:00,A,24,0.4,0.4066,0.3775,0.3782,0.3763,0.3795,0,30192
D1,bun-fre-hsv-2026-01-10,2026-01-10T14:30:00+00:00,H,1,0.56,0.5317,0.5336,0.5282,0.5351,0.5321,1,840791
D1,bun-fre-hsv-2026-01-10,2026-01-10T14:30:00+00:00,H,6,0.55,0.5317,0.5336,0.5282,0.5351,0.5321,1,840791
D1,bun-fre-hsv-2026-01-10,2026-01-10T14:30:00+00:00,H,24,0.55,0.5317,0.5336,0.5282,0.5351,0.5321,1,840791
D1,bun-fre-hsv-2026-01-10,2026-01-10T14:30:00+00:00,D,1,0.25,0.2599,0.2623,0.2716,0.2639,0.2689,0,76881
D1,bun-fre-hsv-2026-01-10,2026-01-10T14:30:00+00:00,D,6,0.27,0.2599,0.2623,0.2716,0.2639,0.2689,0,76881
D1,bun-fre-hsv-2026-01-10,2026-01-10T14:30:00+00:00,D,24,0.27,0.2599,0.2623,0.2716,0.2639,0.2689,0,76881
D1,bun-fre-hsv-2026-01-10,2026-01-10T14:30:00+00:00,A,1,0.2,0.2084,0.2041,0.2002,0.201,0.199,0,75017
D1,bun-fre-hsv-2026-01-10,2026-01-10T14:30:00+00:00,A,6,0.2,0.2084,0.2041,0.2002,0.201,0.199,0,75017
D1,bun-fre-hsv-2026-01-10,2026-01-10T14:30:00+00:00,A,24,0.19,0.2084,0.2041,0.2002,0.201,0.199,0,75017
D1,bun-moe-aug-2026-01-11,2026-01-11T14:30:00+00:00,H,1,0.5,0.5007,0.4925,0.4966,0.4964,0.5032,1,542608
D1,bun-moe-aug-2026-01-11,2026-01-11T14:30:00+00:00,H,6,0.52,0.5007,0.4925,0.4966,0.4964,0.5032,1,542608
D1,bun-moe-aug-2026-01-11,2026-01-11T14:30:00+00:00,H,24,0.52,0.5007,0.4925,0.4966,0.4964,0.5032,1,542608
D1,bun-moe-aug-2026-01-11,2026-01-11T14:30:00+00:00,D,1,0.27,0.2579,0.2606,0.255,0.2609,0.2608,0,25479
D1,bun-moe-aug-2026-01-11,2026-01-11T14:30:00+00:00,D,6,0.26,0.2579,0.2606,0.255,0.2609,0.2608,0,25479
D1,bun-moe-aug-2026-01-11,2026-01-11T14:30:00+00:00,D,24,0.27,0.2579,0.2606,0.255,0.2609,0.2608,0,25479
D1,bun-moe-aug-2026-01-11,2026-01-11T14:30:00+00:00,A,1,0.24,0.2413,0.2469,0.2483,0.2426,0.236,0,29537
D1,bun-moe-aug-2026-01-11,2026-01-11T14:30:00+00:00,A,6,0.23,0.2413,0.2469,0.2483,0.2426,0.236,0,29537
D1,bun-moe-aug-2026-01-11,2026-01-11T14:30:00+00:00,A,24,0.23,0.2413,0.2469,0.2483,0.2426,0.236,0,29537
D1,bun-b04-stu-2026-01-10,2026-01-10T17:30:00+00:00,H,1,0.44,0.4882,0.4397,0.4411,0.436,0.4396,0,423312
D1,bun-b04-stu-2026-01-10,2026-01-10T17:30:00+00:00,H,6,0.45,0.4882,0.4397,0.4411,0.436,0.4396,0,423312
D1,bun-b04-stu-2026-01-10,2026-01-10T17:30:00+00:00,H,24,0.49,0.4882,0.4397,0.4411,0.436,0.4396,0,423312
D1,bun-b04-stu-2026-01-10,2026-01-10T17:30:00+00:00,D,1,0.26,0.2416,0.2557,0.2529,0.2593,0.2547,0,54590
D1,bun-b04-stu-2026-01-10,2026-01-10T17:30:00+00:00,D,6,0.25,0.2416,0.2557,0.2529,0.2593,0.2547,0,54590
D1,bun-b04-stu-2026-01-10,2026-01-10T17:30:00+00:00,D,24,0.24,0.2416,0.2557,0.2529,0.2593,0.2547,0,54590
D1,bun-b04-stu-2026-01-10,2026-01-10T17:30:00+00:00,A,1,0.31,0.2702,0.3045,0.3059,0.3048,0.3057,1,250001
D1,bun-b04-stu-2026-01-10,2026-01-10T17:30:00+00:00,A,6,0.3,0.2702,0.3045,0.3059,0.3048,0.3057,1,250001
D1,bun-b04-stu-2026-01-10,2026-01-10T17:30:00+00:00,A,24,0.27,0.2702,0.3045,0.3059,0.3048,0.3057,1,250001
D1,bun-bay-wol-2026-01-11,2026-01-11T16:30:00+00:00,H,1,0.88,0.8549,0.8422,0.8436,0.8604,0.8737,1,1115697
D1,bun-bay-wol-2026-01-11,2026-01-11T16:30:00+00:00,H,6,0.89,0.8549,0.8422,0.8436,0.8604,0.8737,1,1115697
D1,bun-bay-wol-2026-01-11,2026-01-11T16:30:00+00:00,H,24,0.89,0.8549,0.8422,0.8436,0.8604,0.8737,1,1115697
D1,bun-bay-wol-2026-01-11,2026-01-11T16:30:00+00:00,D,1,0.09,0.093,0.1013,0.1003,0.0884,0.083,0,102570
D1,bun-bay-wol-2026-01-11,2026-01-11T16:30:00+00:00,D,6,0.08,0.093,0.1013,0.1003,0.0884,0.083,0,102570
D1,bun-bay-wol-2026-01-11,2026-01-11T16:30:00+00:00,D,24,0.07,0.093,0.1013,0.1003,0.0884,0.083,0,102570
D1,bun-bay-wol-2026-01-11,2026-01-11T16:30:00+00:00,A,1,0.049,0.0521,0.0565,0.0561,0.0512,0.0433,0,179894
D1,bun-bay-wol-2026-01-11,2026-01-11T16:30:00+00:00,A,6,0.041,0.0521,0.0565,0.0561,0.0512,0.0433,0,179894
D1,bun-bay-wol-2026-01-11,2026-01-11T16:30:00+00:00,A,24,0.04,0.0521,0.0565,0.0561,0.0512,0.0433,0,179894
D1,bun-stu-ein-2026-01-13,2026-01-13T17:30:00+00:00,H,1,0.59,0.547,0.5703,0.5722,0.5327,0.5698,1,842947
D1,bun-stu-ein-2026-01-13,2026-01-13T17:30:00+00:00,H,6,0.56,0.547,0.5703,0.5722,0.5327,0.5698,1,842947
D1,bun-stu-ein-2026-01-13,2026-01-13T17:30:00+00:00,H,24,0.54,0.547,0.5703,0.5722,0.5327,0.5698,1,842947
D1,bun-stu-ein-2026-01-13,2026-01-13T17:30:00+00:00,D,1,0.2231,0.2289,0.2219,0.218,0.2404,0.2266,0,200504
D1,bun-stu-ein-2026-01-13,2026-01-13T17:30:00+00:00,D,6,0.22,0.2289,0.2219,0.218,0.2404,0.2266,0,200504
D1,bun-stu-ein-2026-01-13,2026-01-13T17:30:00+00:00,D,24,0.24,0.2289,0.2219,0.218,0.2404,0.2266,0,200504
D1,bun-stu-ein-2026-01-13,2026-01-13T17:30:00+00:00,A,1,0.19,0.224,0.2077,0.2098,0.2269,0.2035,0,248346
D1,bun-stu-ein-2026-01-13,2026-01-13T17:30:00+00:00,A,6,0.21,0.224,0.2077,0.2098,0.2269,0.2035,0,248346
D1,bun-stu-ein-2026-01-13,2026-01-13T17:30:00+00:00,A,24,0.23,0.224,0.2077,0.2098,0.2269,0.2035,0,248346
D1,bun-mai-hei-2026-01-13,2026-01-13T19:30:00+00:00,H,1,0.55,0.5378,0.5401,0.5436,0.577,0.5382,1,285543
D1,bun-mai-hei-2026-01-13,2026-01-13T19:30:00+00:00,H,6,0.53,0.5378,0.5401,0.5436,0.577,0.5382,1,285543
D1,bun-mai-hei-2026-01-13,2026-01-13T19:30:00+00:00,H,24,0.58,0.5378,0.5401,0.5436,0.577,0.5382,1,285543
D1,bun-mai-hei-2026-01-13,2026-01-13T19:30:00+00:00,D,1,0.26,0.2516,0.252,0.2475,0.2503,0.2586,0,53885
D1,bun-mai-hei-2026-01-13,2026-01-13T19:30:00+00:00,D,6,0.26,0.2516,0.252,0.2475,0.2503,0.2586,0,53885
D1,bun-mai-hei-2026-01-13,2026-01-13T19:30:00+00:00,D,24,0.25,0.2516,0.252,0.2475,0.2503,0.2586,0,53885
D1,bun-mai-hei-2026-01-13,2026-01-13T19:30:00+00:00,A,1,0.2,0.2105,0.2079,0.209,0.1727,0.2032,0,171601
D1,bun-mai-hei-2026-01-13,2026-01-13T19:30:00+00:00,A,6,0.21,0.2105,0.2079,0.209,0.1727,0.2032,0,171601
D1,bun-mai-hei-2026-01-13,2026-01-13T19:30:00+00:00,A,24,0.17,0.2105,0.2079,0.209,0.1727,0.2032,0,171601
D1,bun-wol-pau-2026-01-14,2026-01-14T17:30:00+00:00,H,1,0.52,0.5005,0.5125,0.5222,0.5087,0.5159,1,337732
D1,bun-wol-pau-2026-01-14,2026-01-14T17:30:00+00:00,H,6,0.53,0.5005,0.5125,0.5222,0.5087,0.5159,1,337732
D1,bun-wol-pau-2026-01-14,2026-01-14T17:30:00+00:00,H,24,0.49,0.5005,0.5125,0.5222,0.5087,0.5159,1,337732
D1,bun-wol-pau-2026-01-14,2026-01-14T17:30:00+00:00,D,1,0.26,0.2614,0.2702,0.2654,0.2578,0.2766,0,65046
D1,bun-wol-pau-2026-01-14,2026-01-14T17:30:00+00:00,D,6,0.26,0.2614,0.2702,0.2654,0.2578,0.2766,0,65046
D1,bun-wol-pau-2026-01-14,2026-01-14T17:30:00+00:00,D,24,0.27,0.2614,0.2702,0.2654,0.2578,0.2766,0,65046
D1,bun-wol-pau-2026-01-14,2026-01-14T17:30:00+00:00,A,1,0.22,0.2381,0.2173,0.2124,0.2335,0.2075,0,125742
D1,bun-wol-pau-2026-01-14,2026-01-14T17:30:00+00:00,A,6,0.22,0.2381,0.2173,0.2124,0.2335,0.2075,0,125742
D1,bun-wol-pau-2026-01-14,2026-01-14T17:30:00+00:00,A,24,0.23,0.2381,0.2173,0.2124,0.2335,0.2075,0,125742
D1,bun-lei-fre-2026-01-14,2026-01-14T19:30:00+00:00,H,1,0.55,0.5442,0.5512,0.5397,0.5602,0.5691,1,407954
D1,bun-lei-fre-2026-01-14,2026-01-14T19:30:00+00:00,H,6,0.54,0.5442,0.5512,0.5397,0.5602,0.5691,1,407954
D1,bun-lei-fre-2026-01-14,2026-01-14T19:30:00+00:00,H,24,0.56,0.5442,0.5512,0.5397,0.5602,0.5691,1,407954
D1,bun-lei-fre-2026-01-14,2026-01-14T19:30:00+00:00,D,1,0.25,0.2382,0.2417,0.2422,0.2316,0.2429,0,112945
D1,bun-lei-fre-2026-01-14,2026-01-14T19:30:00+00:00,D,6,0.25,0.2382,0.2417,0.2422,0.2316,0.2429,0,112945
D1,bun-lei-fre-2026-01-14,2026-01-14T19:30:00+00:00,D,24,0.23,0.2382,0.2417,0.2422,0.2316,0.2429,0,112945
D1,bun-lei-fre-2026-01-14,2026-01-14T19:30:00+00:00,A,1,0.2,0.2177,0.2071,0.2181,0.2081,0.1879,0,98906
D1,bun-lei-fre-2026-01-14,2026-01-14T19:30:00+00:00,A,6,0.21,0.2177,0.2071,0.2181,0.2081,0.1879,0,98906
D1,bun-lei-fre-2026-01-14,2026-01-14T19:30:00+00:00,A,24,0.2,0.2177,0.2071,0.2181,0.2081,0.1879,0,98906
D1,bun-dor-wer-2026-01-13,2026-01-13T19:30:00+00:00,H,1,0.69,0.6884,0.6751,0.6656,0.708,0.6933,1,690643
D1,bun-dor-wer-2026-01-13,2026-01-13T19:30:00+00:00,H,6,0.71,0.6884,0.6751,0.6656,0.708,0.6933,1,690643
D1,bun-dor-wer-2026-01-13,2026-01-13T19:30:00+00:00,H,24,0.73,0.6884,0.6751,0.6656,0.708,0.6933,1,690643
D1,bun-dor-wer-2026-01-13,2026-01-13T19:30:00+00:00,D,1,0.19,0.1821,0.1883,0.189,0.1707,0.1849,0,40988
D1,bun-dor-wer-2026-01-13,2026-01-13T19:30:00+00:00,D,6,0.17,0.1821,0.1883,0.189,0.1707,0.1849,0,40988
D1,bun-dor-wer-2026-01-13,2026-01-13T19:30:00+00:00,D,24,0.18,0.1821,0.1883,0.189,0.1707,0.1849,0,40988
D1,bun-dor-wer-2026-01-13,2026-01-13T19:30:00+00:00,A,1,0.12,0.1295,0.1366,0.1454,0.1213,0.1218,0,200839
D1,bun-dor-wer-2026-01-13,2026-01-13T19:30:00+00:00,A,6,0.12,0.1295,0.1366,0.1454,0.1213,0.1218,0,200839
D1,bun-dor-wer-2026-01-13,2026-01-13T19:30:00+00:00,A,24,0.1,0.1295,0.1366,0.1454,0.1213,0.1218,0,200839
D1,bun-hof-moe-2026-01-14,2026-01-14T19:30:00+00:00,H,1,0.5,0.5164,0.4952,0.4861,0.5226,0.4871,1,255892
D1,bun-hof-moe-2026-01-14,2026-01-14T19:30:00+00:00,H,6,0.51,0.5164,0.4952,0.4861,0.5226,0.4871,1,255892
D1,bun-hof-moe-2026-01-14,2026-01-14T19:30:00+00:00,H,24,0.53,0.5164,0.4952,0.4861,0.5226,0.4871,1,255892
D1,bun-hof-moe-2026-01-14,2026-01-14T19:30:00+00:00,D,1,0.25,0.2421,0.247,0.2431,0.2387,0.2548,0,294403
D1,bun-hof-moe-2026-01-14,2026-01-14T19:30:00+00:00,D,6,0.25,0.2421,0.247,0.2431,0.2387,0.2548,0,294403
D1,bun-hof-moe-2026-01-14,2026-01-14T19:30:00+00:00,D,24,0.25,0.2421,0.247,0.2431,0.2387,0.2548,0,294403
D1,bun-hof-moe-2026-01-14,2026-01-14T19:30:00+00:00,A,1,0.25,0.2415,0.2578,0.2708,0.2387,0.2581,0,130591
D1,bun-hof-moe-2026-01-14,2026-01-14T19:30:00+00:00,A,6,0.24,0.2415,0.2578,0.2708,0.2387,0.2581,0,130591
D1,bun-hof-moe-2026-01-14,2026-01-14T19:30:00+00:00,A,24,0.23,0.2415,0.2578,0.2708,0.2387,0.2581,0,130591
D1,bun-koe-bay-2026-01-14,2026-01-14T19:30:00+00:00,H,1,0.07,0.0947,0.0973,0.0852,0.1015,0.0793,0,279059
D1,bun-koe-bay-2026-01-14,2026-01-14T19:30:00+00:00,H,6,0.07,0.0947,0.0973,0.0852,0.1015,0.0793,0,279059
D1,bun-koe-bay-2026-01-14,2026-01-14T19:30:00+00:00,H,24,0.09,0.0947,0.0973,0.0852,0.1015,0.0793,0,279059
D1,bun-koe-bay-2026-01-14,2026-01-14T19:30:00+00:00,D,1,0.13,0.1367,0.1384,0.1339,0.1401,0.134,0,89834
D1,bun-koe-bay-2026-01-14,2026-01-14T19:30:00+00:00,D,6,0.14,0.1367,0.1384,0.1339,0.1401,0.134,0,89834
D1,bun-koe-bay-2026-01-14,2026-01-14T19:30:00+00:00,D,24,0.12,0.1367,0.1384,0.1339,0.1401,0.134,0,89834
D1,bun-koe-bay-2026-01-14,2026-01-14T19:30:00+00:00,A,1,0.81,0.7686,0.7642,0.7809,0.7584,0.7867,1,1080179
D1,bun-koe-bay-2026-01-14,2026-01-14T19:30:00+00:00,A,6,0.8,0.7686,0.7642,0.7809,0.7584,0.7867,1,1080179
D1,bun-koe-bay-2026-01-14,2026-01-14T19:30:00+00:00,A,24,0.8,0.7686,0.7642,0.7809,0.7584,0.7867,1,1080179
D1,bun-wer-ein-2026-01-16,2026-01-16T19:30:00+00:00,H,1,0.34,0.3544,0.3648,0.3594,nan,0.3747,0,2883276
D1,bun-wer-ein-2026-01-16,2026-01-16T19:30:00+00:00,H,6,0.35,0.3544,0.3648,0.3594,nan,0.3747,0,2883276
D1,bun-wer-ein-2026-01-16,2026-01-16T19:30:00+00:00,H,24,0.38,0.3544,0.3648,0.3594,nan,0.3747,0,2883276
D1,bun-wer-ein-2026-01-16,2026-01-16T19:30:00+00:00,D,1,0.27,0.2684,0.2718,0.2625,nan,0.2694,1,127346
D1,bun-wer-ein-2026-01-16,2026-01-16T19:30:00+00:00,D,6,0.27,0.2684,0.2718,0.2625,nan,0.2694,1,127346
D1,bun-wer-ein-2026-01-16,2026-01-16T19:30:00+00:00,D,24,0.27,0.2684,0.2718,0.2625,nan,0.2694,1,127346
D1,bun-wer-ein-2026-01-16,2026-01-16T19:30:00+00:00,A,1,0.38,0.3772,0.3634,0.3781,nan,0.3559,0,694086
D1,bun-wer-ein-2026-01-16,2026-01-16T19:30:00+00:00,A,6,0.39,0.3772,0.3634,0.3781,nan,0.3559,0,694086
D1,bun-wer-ein-2026-01-16,2026-01-16T19:30:00+00:00,A,24,0.36,0.3772,0.3634,0.3781,nan,0.3559,0,694086
D1,bun-aug-uni-2026-01-15,2026-01-15T19:30:00+00:00,H,1,0.36,0.3674,0.3629,0.3775,nan,0.3645,0,200130
D1,bun-aug-uni-2026-01-15,2026-01-15T19:30:00+00:00,H,6,0.34,0.3674,0.3629,0.3775,nan,0.3645,0,200130
D1,bun-aug-uni-2026-01-15,2026-01-15T19:30:00+00:00,H,24,0.36,0.3674,0.3629,0.3775,nan,0.3645,0,200130
D1,bun-aug-uni-2026-01-15,2026-01-15T19:30:00+00:00,D,1,0.3,0.2993,0.3003,0.2949,nan,0.305,1,63896
D1,bun-aug-uni-2026-01-15,2026-01-15T19:30:00+00:00,D,6,0.31,0.2993,0.3003,0.2949,nan,0.305,1,63896
D1,bun-aug-uni-2026-01-15,2026-01-15T19:30:00+00:00,D,24,0.31,0.2993,0.3003,0.2949,nan,0.305,1,63896
D1,bun-aug-uni-2026-01-15,2026-01-15T19:30:00+00:00,A,1,0.34,0.3334,0.3369,0.3277,nan,0.3305,0,361892
D1,bun-aug-uni-2026-01-15,2026-01-15T19:30:00+00:00,A,6,0.35,0.3334,0.3369,0.3277,nan,0.3305,0,361892
D1,bun-aug-uni-2026-01-15,2026-01-15T19:30:00+00:00,A,24,0.34,0.3334,0.3369,0.3277,nan,0.3305,0,361892
D1,bun-hsv-moe-2026-01-17,2026-01-17T14:30:00+00:00,H,1,0.4,0.3919,0.39,0.3883,nan,0.3903,0,59209
D1,bun-hsv-moe-2026-01-17,2026-01-17T14:30:00+00:00,H,6,0.4,0.3919,0.39,0.3883,nan,0.3903,0,59209
D1,bun-hsv-moe-2026-01-17,2026-01-17T14:30:00+00:00,H,24,0.3954,0.3919,0.39,0.3883,nan,0.3903,0,59209
D1,bun-hsv-moe-2026-01-17,2026-01-17T14:30:00+00:00,D,1,0.29,0.2723,0.2756,0.2718,nan,0.2793,1,30317
D1,bun-hsv-moe-2026-01-17,2026-01-17T14:30:00+00:00,D,6,0.28,0.2723,0.2756,0.2718,nan,0.2793,1,30317
D1,bun-hsv-moe-2026-01-17,2026-01-17T14:30:00+00:00,D,24,0.28,0.2723,0.2756,0.2718,nan,0.2793,1,30317
D1,bun-hsv-moe-2026-01-17,2026-01-17T14:30:00+00:00,A,1,0.3261,0.3357,0.3344,0.3398,nan,0.3305,0,53421
D1,bun-hsv-moe-2026-01-17,2026-01-17T14:30:00+00:00,A,6,0.33,0.3357,0.3344,0.3398,nan,0.3305,0,53421
D1,bun-hsv-moe-2026-01-17,2026-01-17T14:30:00+00:00,A,24,0.34,0.3357,0.3344,0.3398,nan,0.3305,0,53421
D1,bun-hof-b04-2026-01-17,2026-01-17T14:30:00+00:00,H,1,0.42,0.3956,0.4071,0.4069,nan,0.4072,1,165419
D1,bun-hof-b04-2026-01-17,2026-01-17T14:30:00+00:00,H,6,0.42,0.3956,0.4071,0.4069,nan,0.4072,1,165419
D1,bun-hof-b04-2026-01-17,2026-01-17T14:30:00+00:00,H,24,0.42,0.3956,0.4071,0.4069,nan,0.4072,1,165419
D1,bun-hof-b04-2026-01-17,2026-01-17T14:30:00+00:00,D,1,0.26,0.2507,0.2535,0.2516,nan,0.2548,0,22636
D1,bun-hof-b04-2026-01-17,2026-01-17T14:30:00+00:00,D,6,0.26,0.2507,0.2535,0.2516,nan,0.2548,0,22636
D1,bun-hof-b04-2026-01-17,2026-01-17T14:30:00+00:00,D,24,0.25,0.2507,0.2535,0.2516,nan,0.2548,0,22636
D1,bun-hof-b04-2026-01-17,2026-01-17T14:30:00+00:00,A,1,0.33,0.3538,0.3395,0.3415,nan,0.338,0,437034
D1,bun-hof-b04-2026-01-17,2026-01-17T14:30:00+00:00,A,6,0.33,0.3538,0.3395,0.3415,nan,0.338,0,437034
D1,bun-hof-b04-2026-01-17,2026-01-17T14:30:00+00:00,A,24,0.34,0.3538,0.3395,0.3415,nan,0.338,0,437034
D1,bun-koe-mai-2026-01-17,2026-01-17T14:30:00+00:00,H,1,0.45,0.436,0.4519,0.4545,nan,0.454,1,156963
D1,bun-koe-mai-2026-01-17,2026-01-17T14:30:00+00:00,H,6,0.46,0.436,0.4519,0.4545,nan,0.454,1,156963
D1,bun-koe-mai-2026-01-17,2026-01-17T14:30:00+00:00,H,24,0.44,0.436,0.4519,0.4545,nan,0.454,1,156963
D1,bun-koe-mai-2026-01-17,2026-01-17T14:30:00+00:00,D,1,0.27,0.2655,0.2709,0.2727,nan,0.2711,0,37884
D1,bun-koe-mai-2026-01-17,2026-01-17T14:30:00+00:00,D,6,0.28,0.2655,0.2709,0.2727,nan,0.2711,0,37884
D1,bun-koe-mai-2026-01-17,2026-01-17T14:30:00+00:00,D,24,0.27,0.2655,0.2709,0.2727,nan,0.2711,0,37884
D1,bun-koe-mai-2026-01-17,2026-01-17T14:30:00+00:00,A,1,0.28,0.2985,0.2773,0.2727,nan,0.2749,0,50166
D1,bun-koe-mai-2026-01-17,2026-01-17T14:30:00+00:00,A,6,0.28,0.2985,0.2773,0.2727,nan,0.2749,0,50166
D1,bun-koe-mai-2026-01-17,2026-01-17T14:30:00+00:00,A,24,0.3,0.2985,0.2773,0.2727,nan,0.2749,0,50166
D1,bun-wol-hei-2026-01-17,2026-01-17T14:30:00+00:00,H,1,0.59,0.5681,0.5656,0.5685,nan,0.5753,0,158154
D1,bun-wol-hei-2026-01-17,2026-01-17T14:30:00+00:00,H,6,0.59,0.5681,0.5656,0.5685,nan,0.5753,0,158154
D1,bun-wol-hei-2026-01-17,2026-01-17T14:30:00+00:00,H,24,0.6,0.5681,0.5656,0.5685,nan,0.5753,0,158154
D1,bun-wol-hei-2026-01-17,2026-01-17T14:30:00+00:00,D,1,0.24,0.2349,0.2355,0.2316,nan,0.237,1,25044
D1,bun-wol-hei-2026-01-17,2026-01-17T14:30:00+00:00,D,6,0.24,0.2349,0.2355,0.2316,nan,0.237,1,25044
D1,bun-wol-hei-2026-01-17,2026-01-17T14:30:00+00:00,D,24,0.23,0.2349,0.2355,0.2316,nan,0.237,1,25044
D1,bun-wol-hei-2026-01-17,2026-01-17T14:30:00+00:00,A,1,0.18,0.1969,0.1989,0.1999,nan,0.1878,0,54699
D1,bun-wol-hei-2026-01-17,2026-01-17T14:30:00+00:00,A,6,0.18,0.1969,0.1989,0.1999,nan,0.1878,0,54699
D1,bun-wol-hei-2026-01-17,2026-01-17T14:30:00+00:00,A,24,0.17,0.1969,0.1989,0.1999,nan,0.1878,0,54699
D1,bun-dor-pau-2026-01-17,2026-01-17T14:30:00+00:00,H,1,0.75,0.7126,0.7239,0.7077,nan,0.7325,1,565383
D1,bun-dor-pau-2026-01-17,2026-01-17T14:30:00+00:00,H,6,0.76,0.7126,0.7239,0.7077,nan,0.7325,1,565383
D1,bun-dor-pau-2026-01-17,2026-01-17T14:30:00+00:00,H,24,0.75,0.7126,0.7239,0.7077,nan,0.7325,1,565383
D1,bun-dor-pau-2026-01-17,2026-01-17T14:30:00+00:00,D,1,0.18,0.1844,0.1845,0.1982,nan,0.1845,0,91735
D1,bun-dor-pau-2026-01-17,2026-01-17T14:30:00+00:00,D,6,0.18,0.1844,0.1845,0.1982,nan,0.1845,0,91735
D1,bun-dor-pau-2026-01-17,2026-01-17T14:30:00+00:00,D,24,0.18,0.1844,0.1845,0.1982,nan,0.1845,0,91735
D1,bun-dor-pau-2026-01-17,2026-01-17T14:30:00+00:00,A,1,0.09,0.1029,0.0916,0.0941,nan,0.083,0,109759
D1,bun-dor-pau-2026-01-17,2026-01-17T14:30:00+00:00,A,6,0.07,0.1029,0.0916,0.0941,nan,0.083,0,109759
D1,bun-dor-pau-2026-01-17,2026-01-17T14:30:00+00:00,A,24,0.09,0.1029,0.0916,0.0941,nan,0.083,0,109759
D1,bun-lei-bay-2026-01-17,2026-01-17T17:30:00+00:00,H,1,0.19,0.1913,0.2286,0.2361,nan,0.2164,0,444707
D1,bun-lei-bay-2026-01-17,2026-01-17T17:30:00+00:00,H,6,0.19,0.1913,0.2286,0.2361,nan,0.2164,0,444707
D1,bun-lei-bay-2026-01-17,2026-01-17T17:30:00+00:00,H,24,0.18,0.1913,0.2286,0.2361,nan,0.2164,0,444707
D1,bun-lei-bay-2026-01-17,2026-01-17T17:30:00+00:00,D,1,0.21,0.1999,0.2175,0.2181,nan,0.2212,0,50126
D1,bun-lei-bay-2026-01-17,2026-01-17T17:30:00+00:00,D,6,0.2,0.1999,0.2175,0.2181,nan,0.2212,0,50126
D1,bun-lei-bay-2026-01-17,2026-01-17T17:30:00+00:00,D,24,0.19,0.1999,0.2175,0.2181,nan,0.2212,0,50126
D1,bun-lei-bay-2026-01-17,2026-01-17T17:30:00+00:00,A,1,0.6,0.6088,0.5539,0.5458,nan,0.5624,1,1217298
D1,bun-lei-bay-2026-01-17,2026-01-17T17:30:00+00:00,A,6,0.61,0.6088,0.5539,0.5458,nan,0.5624,1,1217298
D1,bun-lei-bay-2026-01-17,2026-01-17T17:30:00+00:00,A,24,0.62,0.6088,0.5539,0.5458,nan,0.5624,1,1217298
D1,bun-stu-uni-2026-01-18,2026-01-18T14:30:00+00:00,H,1,0.61,0.5701,0.5966,0.5914,nan,0.595,0,443682
D1,bun-stu-uni-2026-01-18,2026-01-18T14:30:00+00:00,H,6,0.6,0.5701,0.5966,0.5914,nan,0.595,0,443682
D1,bun-stu-uni-2026-01-18,2026-01-18T14:30:00+00:00,H,24,0.58,0.5701,0.5966,0.5914,nan,0.595,0,443682
D1,bun-stu-uni-2026-01-18,2026-01-18T14:30:00+00:00,D,1,0.23,0.2422,0.231,0.2366,nan,0.2366,1,187421
D1,bun-stu-uni-2026-01-18,2026-01-18T14:30:00+00:00,D,6,0.24,0.2422,0.231,0.2366,nan,0.2366,1,187421
D1,bun-stu-uni-2026-01-18,2026-01-18T14:30:00+00:00,D,24,0.25,0.2422,0.231,0.2366,nan,0.2366,1,187421
D1,bun-stu-uni-2026-01-18,2026-01-18T14:30:00+00:00,A,1,0.16,0.1877,0.1723,0.172,nan,0.1684,0,130225
D1,bun-stu-uni-2026-01-18,2026-01-18T14:30:00+00:00,A,6,0.16,0.1877,0.1723,0.172,nan,0.1684,0,130225
D1,bun-stu-uni-2026-01-18,2026-01-18T14:30:00+00:00,A,24,0.18,0.1877,0.1723,0.172,nan,0.1684,0,130225
D1,bun-aug-fre-2026-01-18,2026-01-18T16:30:00+00:00,H,1,0.36,0.3311,0.3635,0.371,nan,0.3637,0,148307
D1,bun-aug-fre-2026-01-18,2026-01-18T16:30:00+00:00,H,6,0.3488,0.3311,0.3635,0.371,nan,0.3637,0,148307
D1,bun-aug-fre-2026-01-18,2026-01-18T16:30:00+00:00,H,24,0.32,0.3311,0.3635,0.371,nan,0.3637,0,148307
D1,bun-aug-fre-2026-01-18,2026-01-18T16:30:00+00:00,D,1,0.29,0.2848,0.2942,0.2911,nan,0.2974,1,83452
D1,bun-aug-fre-2026-01-18,2026-01-18T16:30:00+00:00,D,6,0.3,0.2848,0.2942,0.2911,nan,0.2974,1,83452
D1,bun-aug-fre-2026-01-18,2026-01-18T16:30:00+00:00,D,24,0.28,0.2848,0.2942,0.2911,nan,0.2974,1,83452
D1,bun-aug-fre-2026-01-18,2026-01-18T16:30:00+00:00,A,1,0.35,0.384,0.3423,0.3379,nan,0.3389,0,127072
D1,bun-aug-fre-2026-01-18,2026-01-18T16:30:00+00:00,A,6,0.36,0.384,0.3423,0.3379,nan,0.3389,0,127072
D1,bun-aug-fre-2026-01-18,2026-01-18T16:30:00+00:00,A,24,0.37,0.384,0.3423,0.3379,nan,0.3389,0,127072
D1,bun-b04-wer-2026-01-24,2026-01-24T14:30:00+00:00,H,1,0.62,0.5888,0.6102,0.6068,nan,0.6179,1,176337
D1,bun-b04-wer-2026-01-24,2026-01-24T14:30:00+00:00,H,6,0.62,0.5888,0.6102,0.6068,nan,0.6179,1,176337
D1,bun-b04-wer-2026-01-24,2026-01-24T14:30:00+00:00,H,24,0.61,0.5888,0.6102,0.6068,nan,0.6179,1,176337
D1,bun-b04-wer-2026-01-24,2026-01-24T14:30:00+00:00,D,1,0.22,0.2213,0.2131,0.22,nan,0.2163,0,40669
D1,bun-b04-wer-2026-01-24,2026-01-24T14:30:00+00:00,D,6,0.22,0.2213,0.2131,0.22,nan,0.2163,0,40669
D1,bun-b04-wer-2026-01-24,2026-01-24T14:30:00+00:00,D,24,0.22,0.2213,0.2131,0.22,nan,0.2163,0,40669
D1,bun-b04-wer-2026-01-24,2026-01-24T14:30:00+00:00,A,1,0.17,0.1899,0.1767,0.1732,nan,0.1658,0,45129
D1,bun-b04-wer-2026-01-24,2026-01-24T14:30:00+00:00,A,6,0.17,0.1899,0.1767,0.1732,nan,0.1658,0,45129
D1,bun-b04-wer-2026-01-24,2026-01-24T14:30:00+00:00,A,24,0.18,0.1899,0.1767,0.1732,nan,0.1658,0,45129
D1,bun-pau-hsv-2026-01-23,2026-01-23T19:30:00+00:00,H,1,0.32,0.3296,0.3347,0.3372,nan,0.3356,0,157404
D1,bun-pau-hsv-2026-01-23,2026-01-23T19:30:00+00:00,H,6,0.33,0.3296,0.3347,0.3372,nan,0.3356,0,157404
D1,bun-pau-hsv-2026-01-23,2026-01-23T19:30:00+00:00,H,24,0.37,0.3296,0.3347,0.3372,nan,0.3356,0,157404
D1,bun-pau-hsv-2026-01-23,2026-01-23T19:30:00+00:00,D,1,0.32,0.325,0.3232,0.3256,nan,0.3311,1,33920
D1,bun-pau-hsv-2026-01-23,2026-01-23T19:30:00+00:00,D,6,0.33,0.325,0.3232,0.3256,nan,0.3311,1,33920
D1,bun-pau-hsv-2026-01-23,2026-01-23T19:30:00+00:00,D,24,0.31,0.325,0.3232,0.3256,nan,0.3311,1,33920
D1,bun-pau-hsv-2026-01-23,2026-01-23T19:30:00+00:00,A,1,0.3623,0.3454,0.342,0.3372,nan,0.3333,0,115051
D1,bun-pau-hsv-2026-01-23,2026-01-23T19:30:00+00:00,A,6,0.34,0.3454,0.342,0.3372,nan,0.3333,0,115051
D1,bun-pau-hsv-2026-01-23,2026-01-23T19:30:00+00:00,A,24,0.33,0.3454,0.342,0.3372,nan,0.3333,0,115051
D1,bun-ein-hof-2026-01-24,2026-01-24T14:30:00+00:00,H,1,0.31,0.342,0.3137,0.3128,nan,0.3094,0,172855
D1,bun-ein-hof-2026-01-24,2026-01-24T14:30:00+00:00,H,6,0.31,0.342,0.3137,0.3128,nan,0.3094,0,172855
D1,bun-ein-hof-2026-01-24,2026-01-24T14:30:00+00:00,H,24,0.32,0.342,0.3137,0.3128,nan,0.3094,0,172855
D1,bun-ein-hof-2026-01-24,2026-01-24T14:30:00+00:00,D,1,0.26,0.2572,0.262,0.2607,nan,0.2676,0,24424
D1,bun-ein-hof-2026-01-24,2026-01-24T14:30:00+00:00,D,6,0.26,0.2572,0.262,0.2607,nan,0.2676,0,24424
D1,bun-ein-hof-2026-01-24,2026-01-24T14:30:00+00:00,D,24,0.26,0.2572,0.262,0.2607,nan,0.2676,0,24424
D1,bun-ein-hof-2026-01-24,2026-01-24T14:30:00+00:00,A,1,0.44,0.4007,0.4244,0.4265,nan,0.4231,1,711389
D1,bun-ein-hof-2026-01-24,2026-01-24T14:30:00+00:00,A,6,0.43,0.4007,0.4244,0.4265,nan,0.4231,1,711389
D1,bun-ein-hof-2026-01-24,2026-01-24T14:30:00+00:00,A,24,0.43,0.4007,0.4244,0.4265,nan,0.4231,1,711389
D1,bun-mai-wol-2026-01-24,2026-01-24T14:30:00+00:00,H,1,0.42,0.405,0.4105,0.4229,nan,0.4127,1,114556
D1,bun-mai-wol-2026-01-24,2026-01-24T14:30:00+00:00,H,6,0.42,0.405,0.4105,0.4229,nan,0.4127,1,114556
D1,bun-mai-wol-2026-01-24,2026-01-24T14:30:00+00:00,H,24,0.4,0.405,0.4105,0.4229,nan,0.4127,1,114556
D1,bun-mai-wol-2026-01-24,2026-01-24T14:30:00+00:00,D,1,0.28,0.2735,0.2823,0.2798,nan,0.2871,0,14458
D1,bun-mai-wol-2026-01-24,2026-01-24T14:30:00+00:00,D,6,0.29,0.2735,0.2823,0.2798,nan,0.2871,0,14458
D1,bun-mai-wol-2026-01-24,2026-01-24T14:30:00+00:00,D,24,0.28,0.2735,0.2823,0.2798,nan,0.2871,0,14458
D1,bun-mai-wol-2026-01-24,2026-01-24T14:30:00+00:00,A,1,0.31,0.3215,0.3072,0.2973,nan,0.3002,0,36397
D1,bun-mai-wol-2026-01-24,2026-01-24T14:30:00+00:00,A,6,0.31,0.3215,0.3072,0.2973,nan,0.3002,0,36397
D1,bun-mai-wol-2026-01-24,2026-01-24T14:30:00+00:00,A,24,0.33,0.3215,0.3072,0.2973,nan,0.3002,0,36397
D1,bun-hei-lei-2026-01-24,2026-01-24T14:30:00+00:00,H,1,0.18,0.184,0.204,0.2163,nan,0.1918,0,45824
D1,bun-hei-lei-2026-01-24,2026-01-24T14:30:00+00:00,H,6,0.2,0.184,0.204,0.2163,nan,0.1918,0,45824
D1,bun-hei-lei-2026-01-24,2026-01-24T14:30:00+00:00,H,24,0.18,0.184,0.204,0.2163,nan,0.1918,0,45824
D1,bun-hei-lei-2026-01-24,2026-01-24T14:30:00+00:00,D,1,0.22,0.2169,0.2167,0.2163,nan,0.2216,0,25756
D1,bun-hei-lei-2026-01-24,2026-01-24T14:30:00+00:00,D,6,0.22,0.2169,0.2167,0.2163,nan,0.2216,0,25756
D1,bun-hei-lei-2026-01-24,2026-01-24T14:30:00+00:00,D,24,0.22,0.2169,0.2167,0.2163,nan,0.2216,0,25756
D1,bun-hei-lei-2026-01-24,2026-01-24T14:30:00+00:00,A,1,0.6,0.5991,0.5793,0.5675,nan,0.5866,1,278450
D1,bun-hei-lei-2026-01-24,2026-01-24T14:30:00+00:00,A,6,0.59,0.5991,0.5793,0.5675,nan,0.5866,1,278450
D1,bun-hei-lei-2026-01-24,2026-01-24T14:30:00+00:00,A,24,0.62,0.5991,0.5793,0.5675,nan,0.5866,1,278450
D1,bun-bay-aug-2026-01-24,2026-01-24T14:30:00+00:00,H,1,0.88,0.8634,0.8415,0.8478,nan,0.867,0,1866620
D1,bun-bay-aug-2026-01-24,2026-01-24T14:30:00+00:00,H,6,0.89,0.8634,0.8415,0.8478,nan,0.867,0,1866620
D1,bun-bay-aug-2026-01-24,2026-01-24T14:30:00+00:00,H,24,0.9,0.8634,0.8415,0.8478,nan,0.867,0,1866620
D1,bun-bay-aug-2026-01-24,2026-01-24T14:30:00+00:00,D,1,0.07,0.0909,0.101,0.0958,nan,0.0859,0,110365
D1,bun-bay-aug-2026-01-24,2026-01-24T14:30:00+00:00,D,6,0.06,0.0909,0.101,0.0958,nan,0.0859,0,110365
D1,bun-bay-aug-2026-01-24,2026-01-24T14:30:00+00:00,D,24,0.06,0.0909,0.101,0.0958,nan,0.0859,0,110365
D1,bun-bay-aug-2026-01-24,2026-01-24T14:30:00+00:00,A,1,0.035,0.0456,0.0575,0.0564,nan,0.0471,1,269638
D1,bun-bay-aug-2026-01-24,2026-01-24T14:30:00+00:00,A,6,0.03,0.0456,0.0575,0.0564,nan,0.0471,1,269638
D1,bun-bay-aug-2026-01-24,2026-01-24T14:30:00+00:00,A,24,0.0321,0.0456,0.0575,0.0564,nan,0.0471,1,269638
D1,bun-moe-stu-2026-01-25,2026-01-25T14:30:00+00:00,H,1,0.31,0.3239,0.3273,0.33,nan,0.3207,0,122294
D1,bun-moe-stu-2026-01-25,2026-01-25T14:30:00+00:00,H,6,0.3,0.3239,0.3273,0.33,nan,0.3207,0,122294
D1,bun-moe-stu-2026-01-25,2026-01-25T14:30:00+00:00,H,24,0.32,0.3239,0.3273,0.33,nan,0.3207,0,122294
D1,bun-moe-stu-2026-01-25,2026-01-25T14:30:00+00:00,D,1,0.27,0.2564,0.2611,0.2568,nan,0.2651,0,9759
D1,bun-moe-stu-2026-01-25,2026-01-25T14:30:00+00:00,D,6,0.27,0.2564,0.2611,0.2568,nan,0.2651,0,9759
D1,bun-moe-stu-2026-01-25,2026-01-25T14:30:00+00:00,D,24,0.26,0.2564,0.2611,0.2568,nan,0.2651,0,9759
D1,bun-moe-stu-2026-01-25,2026-01-25T14:30:00+00:00,A,1,0.42,0.4197,0.4116,0.4132,nan,0.4142,1,721830
D1,bun-moe-stu-2026-01-25,2026-01-25T14:30:00+00:00,A,6,0.44,0.4197,0.4116,0.4132,nan,0.4142,1,721830
D1,bun-moe-stu-2026-01-25,2026-01-25T14:30:00+00:00,A,24,0.42,0.4197,0.4116,0.4132,nan,0.4142,1,721830
D1,bun-fre-koe-2026-01-25,2026-01-25T16:30:00+00:00,H,1,0.49,0.4922,0.4751,0.4735,nan,0.4829,1,204402
D1,bun-fre-koe-2026-01-25,2026-01-25T16:30:00+00:00,H,6,0.5,0.4922,0.4751,0.4735,nan,0.4829,1,204402
D1,bun-fre-koe-2026-01-25,2026-01-25T16:30:00+00:00,H,24,0.5,0.4922,0.4751,0.4735,nan,0.4829,1,204402
D1,bun-fre-koe-2026-01-25,2026-01-25T16:30:00+00:00,D,1,0.27,0.2605,0.2613,0.2559,nan,0.2653,0,29785
D1,bun-fre-koe-2026-01-25,2026-01-25T16:30:00+00:00,D,6,0.27,0.2605,0.2613,0.2559,nan,0.2653,0,29785
D1,bun-fre-koe-2026-01-25,2026-01-25T16:30:00+00:00,D,24,0.26,0.2605,0.2613,0.2559,nan,0.2653,0,29785
D1,bun-fre-koe-2026-01-25,2026-01-25T16:30:00+00:00,A,1,0.26,0.2474,0.2635,0.2706,nan,0.2518,0,59803
D1,bun-fre-koe-2026-01-25,2026-01-25T16:30:00+00:00,A,6,0.25,0.2474,0.2635,0.2706,nan,0.2518,0,59803
D1,bun-fre-koe-2026-01-25,2026-01-25T16:30:00+00:00,A,24,0.25,0.2474,0.2635,0.2706,nan,0.2518,0,59803
D1,bun-koe-wol-2026-01-30,2026-01-30T19:30:00+00:00,H,1,0.48,0.476,0.4634,0.4597,nan,0.4748,1,560658
D1,bun-koe-wol-2026-01-30,2026-01-30T19:30:00+00:00,H,6,0.48,0.476,0.4634,0.4597,nan,0.4748,1,560658
D1,bun-koe-wol-2026-01-30,2026-01-30T19:30:00+00:00,H,24,0.45,0.476,0.4634,0.4597,nan,0.4748,1,560658
D1,bun-koe-wol-2026-01-30,2026-01-30T19:30:00+00:00,D,1,0.25,0.2514,0.2599,0.2547,nan,0.2557,0,83278
D1,bun-koe-wol-2026-01-30,2026-01-30T19:30:00+00:00,D,6,0.26,0.2514,0.2599,0.2547,nan,0.2557,0,83278
D1,bun-koe-wol-2026-01-30,2026-01-30T19:30:00+00:00,D,24,0.27,0.2514,0.2599,0.2547,nan,0.2557,0,83278
D1,bun-koe-wol-2026-01-30,2026-01-30T19:30:00+00:00,A,1,0.27,0.2726,0.2767,0.2856,nan,0.2695,0,124447
D1,bun-koe-wol-2026-01-30,2026-01-30T19:30:00+00:00,A,6,0.27,0.2726,0.2767,0.2856,nan,0.2695,0,124447
D1,bun-koe-wol-2026-01-30,2026-01-30T19:30:00+00:00,A,24,0.29,0.2726,0.2767,0.2856,nan,0.2695,0,124447
D1,bun-hof-uni-2026-01-31,2026-01-31T14:30:00+00:00,H,1,0.52,0.5273,0.5191,0.5216,nan,0.5214,1,683228
D1,bun-hof-uni-2026-01-31,2026-01-31T14:30:00+00:00,H,6,0.51,0.5273,0.5191,0.5216,nan,0.5214,1,683228
D1,bun-hof-uni-2026-01-31,2026-01-31T14:30:00+00:00,H,24,0.55,0.5273,0.5191,0.5216,nan,0.5214,1,683228
D1,bun-hof-uni-2026-01-31,2026-01-31T14:30:00+00:00,D,1,0.27,0.2544,0.2588,0.2512,nan,0.2678,0,51933
D1,bun-hof-uni-2026-01-31,2026-01-31T14:30:00+00:00,D,6,0.27,0.2544,0.2588,0.2512,nan,0.2678,0,51933
D1,bun-hof-uni-2026-01-31,2026-01-31T14:30:00+00:00,D,24,0.26,0.2544,0.2588,0.2512,nan,0.2678,0,51933
D1,bun-hof-uni-2026-01-31,2026-01-31T14:30:00+00:00,A,1,0.21,0.2183,0.2221,0.2273,nan,0.2108,0,64574
D1,bun-hof-uni-2026-01-31,2026-01-31T14:30:00+00:00,A,6,0.23,0.2183,0.2221,0.2273,nan,0.2108,0,64574
D1,bun-hof-uni-2026-01-31,2026-01-31T14:30:00+00:00,A,24,0.21,0.2183,0.2221,0.2273,nan,0.2108,0,64574
D1,bun-lei-mai-2026-01-31,2026-01-31T14:30:00+00:00,H,1,0.62,0.616,0.6189,0.6218,nan,0.6252,0,188343
D1,bun-lei-mai-2026-01-31,2026-01-31T14:30:00+00:00,H,6,0.61,0.616,0.6189,0.6218,nan,0.6252,0,188343
D1,bun-lei-mai-2026-01-31,2026-01-31T14:30:00+00:00,H,24,0.6397,0.616,0.6189,0.6218,nan,0.6252,0,188343
D1,bun-lei-mai-2026-01-31,2026-01-31T14:30:00+00:00,D,1,0.22,0.2109,0.2081,0.2029,nan,0.2102,0,47759
D1,bun-lei-mai-2026-01-31,2026-01-31T14:30:00+00:00,D,6,0.23,0.2109,0.2081,0.2029,nan,0.2102,0,47759
D1,bun-lei-mai-2026-01-31,2026-01-31T14:30:00+00:00,D,24,0.2,0.2109,0.2081,0.2029,nan,0.2102,0,47759
D1,bun-lei-mai-2026-01-31,2026-01-31T14:30:00+00:00,A,1,0.16,0.1731,0.1729,0.1752,nan,0.1646,1,111718
D1,bun-lei-mai-2026-01-31,2026-01-31T14:30:00+00:00,A,6,0.17,0.1731,0.1729,0.1752,nan,0.1646,1,111718
D1,bun-lei-mai-2026-01-31,2026-01-31T14:30:00+00:00,A,24,0.16,0.1731,0.1729,0.1752,nan,0.1646,1,111718
D1,bun-ein-b04-2026-01-31,2026-01-31T14:30:00+00:00,H,1,0.31,0.3208,0.2781,0.2773,nan,0.2691,0,69207
D1,bun-ein-b04-2026-01-31,2026-01-31T14:30:00+00:00,H,6,0.29,0.3208,0.2781,0.2773,nan,0.2691,0,69207
D1,bun-ein-b04-2026-01-31,2026-01-31T14:30:00+00:00,H,24,0.32,0.3208,0.2781,0.2773,nan,0.2691,0,69207
D1,bun-ein-b04-2026-01-31,2026-01-31T14:30:00+00:00,D,1,0.26,0.2553,0.2611,0.2514,nan,0.2655,0,21226
D1,bun-ein-b04-2026-01-31,2026-01-31T14:30:00+00:00,D,6,0.25,0.2553,0.2611,0.2514,nan,0.2655,0,21226
D1,bun-ein-b04-2026-01-31,2026-01-31T14:30:00+00:00,D,24,0.26,0.2553,0.2611,0.2514,nan,0.2655,0,21226
D1,bun-ein-b04-2026-01-31,2026-01-31T14:30:00+00:00,A,1,0.43,0.4239,0.4608,0.4713,nan,0.4653,1,283940
D1,bun-ein-b04-2026-01-31,2026-01-31T14:30:00+00:00,A,6,0.46,0.4239,0.4608,0.4713,nan,0.4653,1,283940
D1,bun-ein-b04-2026-01-31,2026-01-31T14:30:00+00:00,A,24,0.44,0.4239,0.4608,0.4713,nan,0.4653,1,283940
D1,bun-wer-moe-2026-01-31,2026-01-31T14:30:00+00:00,H,1,0.43,0.3975,0.4383,0.4427,nan,0.4473,0,465395
D1,bun-wer-moe-2026-01-31,2026-01-31T14:30:00+00:00,H,6,0.44,0.3975,0.4383,0.4427,nan,0.4473,0,465395
D1,bun-wer-moe-2026-01-31,2026-01-31T14:30:00+00:00,H,24,0.4,0.3975,0.4383,0.4427,nan,0.4473,0,465395
D1,bun-wer-moe-2026-01-31,2026-01-31T14:30:00+00:00,D,1,0.27,0.2677,0.2695,0.2644,nan,0.2648,1,60012
D1,bun-wer-moe-2026-01-31,2026-01-31T14:30:00+00:00,D,6,0.26,0.2677,0.2695,0.2644,nan,0.2648,1,60012
D1,bun-wer-moe-2026-01-31,2026-01-31T14:30:00+00:00,D,24,0.28,0.2677,0.2695,0.2644,nan,0.2648,1,60012
D1,bun-wer-moe-2026-01-31,2026-01-31T14:30:00+00:00,A,1,0.3,0.3348,0.2922,0.2929,nan,0.2878,0,73072
D1,bun-wer-moe-2026-01-31,2026-01-31T14:30:00+00:00,A,6,0.29,0.3348,0.2922,0.2929,nan,0.2878,0,73072
D1,bun-wer-moe-2026-01-31,2026-01-31T14:30:00+00:00,A,24,0.34,0.3348,0.2922,0.2929,nan,0.2878,0,73072
D1,bun-uni-dor-2026-01-24,2026-01-24T17:30:00+00:00,H,1,0.27,0.2626,0.2929,0.2975,nan,0.2835,0,93998
D1,bun-uni-dor-2026-01-24,2026-01-24T17:30:00+00:00,H,6,0.27,0.2626,0.2929,0.2975,nan,0.2835,0,93998
D1,bun-uni-dor-2026-01-24,2026-01-24T17:30:00+00:00,H,24,0.26,0.2626,0.2929,0.2975,nan,0.2835,0,93998
D1,bun-uni-dor-2026-01-24,2026-01-24T17:30:00+00:00,D,1,0.3,0.2757,0.2893,0.2885,nan,0.2962,0,27483
D1,bun-uni-dor-2026-01-24,2026-01-24T17:30:00+00:00,D,6,0.3,0.2757,0.2893,0.2885,nan,0.2962,0,27483
D1,bun-uni-dor-2026-01-24,2026-01-24T17:30:00+00:00,D,24,0.28,0.2757,0.2893,0.2885,nan,0.2962,0,27483
D1,bun-uni-dor-2026-01-24,2026-01-24T17:30:00+00:00,A,1,0.43,0.4617,0.4178,0.414,nan,0.4204,1,1048460
D1,bun-uni-dor-2026-01-24,2026-01-24T17:30:00+00:00,A,6,0.43,0.4617,0.4178,0.414,nan,0.4204,1,1048460
D1,bun-uni-dor-2026-01-24,2026-01-24T17:30:00+00:00,A,24,0.46,0.4617,0.4178,0.414,nan,0.4204,1,1048460
D1,bun-aug-pau-2026-01-31,2026-01-31T14:30:00+00:00,H,1,0.47,0.4758,0.4458,0.4512,nan,0.443,1,265203
D1,bun-aug-pau-2026-01-31,2026-01-31T14:30:00+00:00,H,6,0.47,0.4758,0.4458,0.4512,nan,0.443,1,265203
D1,bun-aug-pau-2026-01-31,2026-01-31T14:30:00+00:00,H,24,0.49,0.4758,0.4458,0.4512,nan,0.443,1,265203
D1,bun-aug-pau-2026-01-31,2026-01-31T14:30:00+00:00,D,1,0.31,0.2911,0.3074,0.2961,nan,0.315,0,44929
D1,bun-aug-pau-2026-01-31,2026-01-31T14:30:00+00:00,D,6,0.3,0.2911,0.3074,0.2961,nan,0.315,0,44929
D1,bun-aug-pau-2026-01-31,2026-01-31T14:30:00+00:00,D,24,0.3,0.2911,0.3074,0.2961,nan,0.315,0,44929
D1,bun-aug-pau-2026-01-31,2026-01-31T14:30:00+00:00,A,1,0.21,0.2332,0.2469,0.2527,nan,0.242,0,107343
D1,bun-aug-pau-2026-01-31,2026-01-31T14:30:00+00:00,A,6,0.24,0.2332,0.2469,0.2527,nan,0.242,0,107343
D1,bun-aug-pau-2026-01-31,2026-01-31T14:30:00+00:00,A,24,0.24,0.2332,0.2469,0.2527,nan,0.242,0,107343
D1,bun-hsv-bay-2026-01-31,2026-01-31T17:30:00+00:00,H,1,0.09,0.1061,0.104,0.1262,nan,0.099,0,302174
D1,bun-hsv-bay-2026-01-31,2026-01-31T17:30:00+00:00,H,6,0.09,0.1061,0.104,0.1262,nan,0.099,0,302174
D1,bun-hsv-bay-2026-01-31,2026-01-31T17:30:00+00:00,H,24,0.09,0.1061,0.104,0.1262,nan,0.099,0,302174
D1,bun-hsv-bay-2026-01-31,2026-01-31T17:30:00+00:00,D,1,0.14,0.152,0.1578,0.1456,nan,0.1455,1,147818
D1,bun-hsv-bay-2026-01-31,2026-01-31T17:30:00+00:00,D,6,0.15,0.152,0.1578,0.1456,nan,0.1455,1,147818
D1,bun-hsv-bay-2026-01-31,2026-01-31T17:30:00+00:00,D,24,0.14,0.152,0.1578,0.1456,nan,0.1455,1,147818
D1,bun-hsv-bay-2026-01-31,2026-01-31T17:30:00+00:00,A,1,0.76,0.7419,0.7381,0.7282,nan,0.7555,0,1102905
D1,bun-hsv-bay-2026-01-31,2026-01-31T17:30:00+00:00,A,6,0.76,0.7419,0.7381,0.7282,nan,0.7555,0,1102905
D1,bun-hsv-bay-2026-01-31,2026-01-31T17:30:00+00:00,A,24,0.77,0.7419,0.7381,0.7282,nan,0.7555,0,1102905
D1,bun-stu-fre-2026-02-01,2026-02-01T14:30:00+00:00,H,1,0.58,0.5595,0.5771,0.5746,nan,0.5847,1,302894
D1,bun-stu-fre-2026-02-01,2026-02-01T14:30:00+00:00,H,6,0.58,0.5595,0.5771,0.5746,nan,0.5847,1,302894
D1,bun-stu-fre-2026-02-01,2026-02-01T14:30:00+00:00,H,24,0.58,0.5595,0.5771,0.5746,nan,0.5847,1,302894
D1,bun-stu-fre-2026-02-01,2026-02-01T14:30:00+00:00,D,1,0.23,0.2342,0.2278,0.2258,nan,0.2312,0,64421
D1,bun-stu-fre-2026-02-01,2026-02-01T14:30:00+00:00,D,6,0.24,0.2342,0.2278,0.2258,nan,0.2312,0,64421
D1,bun-stu-fre-2026-02-01,2026-02-01T14:30:00+00:00,D,24,0.24,0.2342,0.2278,0.2258,nan,0.2312,0,64421
D1,bun-stu-fre-2026-02-01,2026-02-01T14:30:00+00:00,A,1,0.19,0.2063,0.1952,0.1996,nan,0.1841,0,45577
D1,bun-stu-fre-2026-02-01,2026-02-01T14:30:00+00:00,A,6,0.2,0.2063,0.1952,0.1996,nan,0.1841,0,45577
D1,bun-stu-fre-2026-02-01,2026-02-01T14:30:00+00:00,A,24,0.2,0.2063,0.1952,0.1996,nan,0.1841,0,45577
D1,bun-dor-hei-2026-02-01,2026-02-01T16:30:00+00:00,H,1,0.78,0.7658,0.7491,0.7436,nan,0.7741,1,834521
D1,bun-dor-hei-2026-02-01,2026-02-01T16:30:00+00:00,H,6,0.78,0.7658,0.7491,0.7436,nan,0.7741,1,834521
D1,bun-dor-hei-2026-02-01,2026-02-01T16:30:00+00:00,H,24,0.8,0.7658,0.7491,0.7436,nan,0.7741,1,834521
D1,bun-dor-hei-2026-02-01,2026-02-01T16:30:00+00:00,D,1,0.15,0.1502,0.1565,0.1453,nan,0.1427,0,54574
D1,bun-dor-hei-2026-02-01,2026-02-01T16:30:00+00:00,D,6,0.15,0.1502,0.1565,0.1453,nan,0.1427,0,54574
D1,bun-dor-hei-2026-02-01,2026-02-01T16:30:00+00:00,D,24,0.14,0.1502,0.1565,0.1453,nan,0.1427,0,54574
D1,bun-dor-hei-2026-02-01,2026-02-01T16:30:00+00:00,A,1,0.08,0.0839,0.0944,0.1111,nan,0.0832,0,176086
D1,bun-dor-hei-2026-02-01,2026-02-01T16:30:00+00:00,A,6,0.08,0.0839,0.0944,0.1111,nan,0.0832,0,176086
D1,bun-dor-hei-2026-02-01,2026-02-01T16:30:00+00:00,A,24,0.07,0.0839,0.0944,0.1111,nan,0.0832,0,176086
D1,bun-uni-ein-2026-02-06,2026-02-06T19:30:00+00:00,H,1,0.46,0.461,0.439,0.4452,nan,0.4478,0,291484
D1,bun-uni-ein-2026-02-06,2026-02-06T19:30:00+00:00,H,6,0.47,0.461,0.439,0.4452,nan,0.4478,0,291484
D1,bun-uni-ein-2026-02-06,2026-02-06T19:30:00+00:00,H,24,0.47,0.461,0.439,0.4452,nan,0.4478,0,291484
D1,bun-uni-ein-2026-02-06,2026-02-06T19:30:00+00:00,D,1,0.27,0.2718,0.2771,0.2671,nan,0.2761,1,72499
D1,bun-uni-ein-2026-02-06,2026-02-06T19:30:00+00:00,D,6,0.28,0.2718,0.2771,0.2671,nan,0.2761,1,72499
D1,bun-uni-ein-2026-02-06,2026-02-06T19:30:00+00:00,D,24,0.28,0.2718,0.2771,0.2671,nan,0.2761,1,72499
D1,bun-uni-ein-2026-02-06,2026-02-06T19:30:00+00:00,A,1,0.28,0.2672,0.2838,0.2877,nan,0.2761,0,161895
D1,bun-uni-ein-2026-02-06,2026-02-06T19:30:00+00:00,A,6,0.27,0.2672,0.2838,0.2877,nan,0.2761,0,161895
D1,bun-uni-ein-2026-02-06,2026-02-06T19:30:00+00:00,A,24,0.26,0.2672,0.2838,0.2877,nan,0.2761,0,161895
D1,bun-mai-aug-2026-02-07,2026-02-07T14:30:00+00:00,H,1,0.49,0.4588,0.4853,0.4953,nan,0.4869,1,165300
D1,bun-mai-aug-2026-02-07,2026-02-07T14:30:00+00:00,H,6,0.48,0.4588,0.4853,0.4953,nan,0.4869,1,165300
D1,bun-mai-aug-2026-02-07,2026-02-07T14:30:00+00:00,H,24,0.47,0.4588,0.4853,0.4953,nan,0.4869,1,165300
D1,bun-mai-aug-2026-02-07,2026-02-07T14:30:00+00:00,D,1,0.27,0.2667,0.2637,0.2557,nan,0.2648,0,84547
D1,bun-mai-aug-2026-02-07,2026-02-07T14:30:00+00:00,D,6,0.27,0.2667,0.2637,0.2557,nan,0.2648,0,84547
D1,bun-mai-aug-2026-02-07,2026-02-07T14:30:00+00:00,D,24,0.27,0.2667,0.2637,0.2557,nan,0.2648,0,84547
D1,bun-mai-aug-2026-02-07,2026-02-07T14:30:00+00:00,A,1,0.25,0.2745,0.251,0.249,nan,0.2483,0,87151
D1,bun-mai-aug-2026-02-07,2026-02-07T14:30:00+00:00,A,6,0.25,0.2745,0.251,0.249,nan,0.2483,0,87151
D1,bun-mai-aug-2026-02-07,2026-02-07T14:30:00+00:00,A,24,0.27,0.2745,0.251,0.249,nan,0.2483,0,87151
D1,bun-wol-dor-2026-02-07,2026-02-07T14:30:00+00:00,H,1,0.19,0.2204,0.2108,0.2252,nan,0.2031,0,115605
D1,bun-wol-dor-2026-02-07,2026-02-07T14:30:00+00:00,H,6,0.2,0.2204,0.2108,0.2252,nan,0.2031,0,115605
D1,bun-wol-dor-2026-02-07,2026-02-07T14:30:00+00:00,H,24,0.21,0.2204,0.2108,0.2252,nan,0.2031,0,115605
D1,bun-wol-dor-2026-02-07,2026-02-07T14:30:00+00:00,D,1,0.24,0.2331,0.2261,0.2184,nan,0.2314,0,26369
D1,bun-wol-dor-2026-02-07,2026-02-07T14:30:00+00:00,D,6,0.23,0.2331,0.2261,0.2184,nan,0.2314,0,26369
D1,bun-wol-dor-2026-02-07,2026-02-07T14:30:00+00:00,D,24,0.24,0.2331,0.2261,0.2184,nan,0.2314,0,26369
D1,bun-wol-dor-2026-02-07,2026-02-07T14:30:00+00:00,A,1,0.58,0.5465,0.5631,0.5564,nan,0.5655,1,669786
D1,bun-wol-dor-2026-02-07,2026-02-07T14:30:00+00:00,A,6,0.57,0.5465,0.5631,0.5564,nan,0.5655,1,669786
D1,bun-wol-dor-2026-02-07,2026-02-07T14:30:00+00:00,A,24,0.56,0.5465,0.5631,0.5564,nan,0.5655,1,669786
D1,bun-pau-stu-2026-02-07,2026-02-07T14:30:00+00:00,H,1,0.19,0.2227,0.1965,0.1895,nan,0.1951,1,372927
D1,bun-pau-stu-2026-02-07,2026-02-07T14:30:00+00:00,H,6,0.19,0.2227,0.1965,0.1895,nan,0.1951,1,372927
D1,bun-pau-stu-2026-02-07,2026-02-07T14:30:00+00:00,H,24,0.21,0.2227,0.1965,0.1895,nan,0.1951,1,372927
D1,bun-pau-stu-2026-02-07,2026-02-07T14:30:00+00:00,D,1,0.26,0.2577,0.2497,0.243,nan,0.2427,0,44773
D1,bun-pau-stu-2026-02-07,2026-02-07T14:30:00+00:00,D,6,0.26,0.2577,0.2497,0.243,nan,0.2427,0,44773
D1,bun-pau-stu-2026-02-07,2026-02-07T14:30:00+00:00,D,24,0.26,0.2577,0.2497,0.243,nan,0.2427,0,44773
D1,bun-pau-stu-2026-02-07,2026-02-07T14:30:00+00:00,A,1,0.56,0.5196,0.5538,0.5675,nan,0.5622,0,194613
D1,bun-pau-stu-2026-02-07,2026-02-07T14:30:00+00:00,A,6,0.55,0.5196,0.5538,0.5675,nan,0.5622,0,194613
D1,bun-pau-stu-2026-02-07,2026-02-07T14:30:00+00:00,A,24,0.54,0.5196,0.5538,0.5675,nan,0.5622,0,194613
D1,bun-hei-hsv-2026-02-07,2026-02-07T14:30:00+00:00,H,1,0.32,0.3368,0.3281,0.3371,nan,0.3265,0,19034
D1,bun-hei-hsv-2026-02-07,2026-02-07T14:30:00+00:00,H,6,0.33,0.3368,0.3281,0.3371,nan,0.3265,0,19034
D1,bun-hei-hsv-2026-02-07,2026-02-07T14:30:00+00:00,H,24,0.34,0.3368,0.3281,0.3371,nan,0.3265,0,19034
D1,bun-hei-hsv-2026-02-07,2026-02-07T14:30:00+00:00,D,1,0.29,0.2746,0.2795,0.2776,nan,0.2845,0,12614
D1,bun-hei-hsv-2026-02-07,2026-02-07T14:30:00+00:00,D,6,0.28,0.2746,0.2795,0.2776,nan,0.2845,0,12614
D1,bun-hei-hsv-2026-02-07,2026-02-07T14:30:00+00:00,D,24,0.28,0.2746,0.2795,0.2776,nan,0.2845,0,12614
D1,bun-hei-hsv-2026-02-07,2026-02-07T14:30:00+00:00,A,1,0.4,0.3886,0.3924,0.3853,nan,0.389,1,177978
D1,bun-hei-hsv-2026-02-07,2026-02-07T14:30:00+00:00,A,6,0.38,0.3886,0.3924,0.3853,nan,0.389,1,177978
D1,bun-hei-hsv-2026-02-07,2026-02-07T14:30:00+00:00,A,24,0.4,0.3886,0.3924,0.3853,nan,0.389,1,177978
D1,bun-moe-b04-2026-02-07,2026-02-07T17:30:00+00:00,H,1,0.25,0.2745,0.2708,0.2795,nan,0.266,0,97872
D1,bun-moe-b04-2026-02-07,2026-02-07T17:30:00+00:00,H,6,0.26,0.2745,0.2708,0.2795,nan,0.266,0,97872
D1,bun-moe-b04-2026-02-07,2026-02-07T17:30:00+00:00,H,24,0.26,0.2745,0.2708,0.2795,nan,0.266,0,97872
D1,bun-moe-b04-2026-02-07,2026-02-07T17:30:00+00:00,D,1,0.25,0.2551,0.2581,0.2569,nan,0.2591,1,85413
D1,bun-moe-b04-2026-02-07,2026-02-07T17:30:00+00:00,D,6,0.25,0.2551,0.2581,0.2569,nan,0.2591,1,85413
D1,bun-moe-b04-2026-02-07,2026-02-07T17:30:00+00:00,D,24,0.26,0.2551,0.2581,0.2569,nan,0.2591,1,85413
D1,bun-moe-b04-2026-02-07,2026-02-07T17:30:00+00:00,A,1,0.48,0.4704,0.4711,0.4636,nan,0.475,0,173538
D1,bun-moe-b04-2026-02-07,2026-02-07T17:30:00+00:00,A,6,0.48,0.4704,0.4711,0.4636,nan,0.475,0,173538
D1,bun-moe-b04-2026-02-07,2026-02-07T17:30:00+00:00,A,24,0.49,0.4704,0.4711,0.4636,nan,0.475,0,173538
D1,bun-fre-wer-2026-02-07,2026-02-07T14:30:00+00:00,H,1,0.48,0.5227,0.4476,0.4509,nan,0.4485,1,458401
D1,bun-fre-wer-2026-02-07,2026-02-07T14:30:00+00:00,H,6,0.48,0.5227,0.4476,0.4509,nan,0.4485,1,458401
D1,bun-fre-wer-2026-02-07,2026-02-07T14:30:00+00:00,H,24,0.54,0.5227,0.4476,0.4509,nan,0.4485,1,458401
D1,bun-fre-wer-2026-02-07,2026-02-07T14:30:00+00:00,D,1,0.27,0.2529,0.2815,0.2785,nan,0.2929,0,54603
D1,bun-fre-wer-2026-02-07,2026-02-07T14:30:00+00:00,D,6,0.27,0.2529,0.2815,0.2785,nan,0.2929,0,54603
D1,bun-fre-wer-2026-02-07,2026-02-07T14:30:00+00:00,D,24,0.25,0.2529,0.2815,0.2785,nan,0.2929,0,54603
D1,bun-fre-wer-2026-02-07,2026-02-07T14:30:00+00:00,A,1,0.26,0.2244,0.2709,0.2706,nan,0.2586,0,70668
D1,bun-fre-wer-2026-02-07,2026-02-07T14:30:00+00:00,A,6,0.25,0.2244,0.2709,0.2706,nan,0.2586,0,70668
D1,bun-fre-wer-2026-02-07,2026-02-07T14:30:00+00:00,A,24,0.22,0.2244,0.2709,0.2706,nan,0.2586,0,70668
D1,bun-koe-lei-2026-02-08,2026-02-08T14:30:00+00:00,H,1,0.28,0.298,0.2845,0.28,nan,0.2714,0,87647
D1,bun-koe-lei-2026-02-08,2026-02-08T14:30:00+00:00,H,6,0.28,0.298,0.2845,0.28,nan,0.2714,0,87647
D1,bun-koe-lei-2026-02-08,2026-02-08T14:30:00+00:00,H,24,0.28,0.298,0.2845,0.28,nan,0.2714,0,87647
D1,bun-koe-lei-2026-02-08,2026-02-08T14:30:00+00:00,D,1,0.25,0.2456,0.2446,0.2441,nan,0.2477,0,30293
D1,bun-koe-lei-2026-02-08,2026-02-08T14:30:00+00:00,D,6,0.25,0.2456,0.2446,0.2441,nan,0.2477,0,30293
D1,bun-koe-lei-2026-02-08,2026-02-08T14:30:00+00:00,D,24,0.25,0.2456,0.2446,0.2441,nan,0.2477,0,30293
D1,bun-koe-lei-2026-02-08,2026-02-08T14:30:00+00:00,A,1,0.48,0.4564,0.4709,0.476,nan,0.4809,1,342447
D1,bun-koe-lei-2026-02-08,2026-02-08T14:30:00+00:00,A,6,0.48,0.4564,0.4709,0.476,nan,0.4809,1,342447
D1,bun-koe-lei-2026-02-08,2026-02-08T14:30:00+00:00,A,24,0.48,0.4564,0.4709,0.476,nan,0.4809,1,342447
D1,bun-bay-hof-2026-02-08,2026-02-08T16:30:00+00:00,H,1,0.77,0.7418,0.7705,0.7874,nan,0.7892,1,1840708
D1,bun-bay-hof-2026-02-08,2026-02-08T16:30:00+00:00,H,6,0.77,0.7418,0.7705,0.7874,nan,0.7892,1,1840708
D1,bun-bay-hof-2026-02-08,2026-02-08T16:30:00+00:00,H,24,0.77,0.7418,0.7705,0.7874,nan,0.7892,1,1840708
D1,bun-bay-hof-2026-02-08,2026-02-08T16:30:00+00:00,D,1,0.13,0.1474,0.1337,0.1181,nan,0.1243,0,32481
D1,bun-bay-hof-2026-02-08,2026-02-08T16:30:00+00:00,D,6,0.14,0.1474,0.1337,0.1181,nan,0.1243,0,32481
D1,bun-bay-hof-2026-02-08,2026-02-08T16:30:00+00:00,D,24,0.13,0.1474,0.1337,0.1181,nan,0.1243,0,32481
D1,bun-bay-hof-2026-02-08,2026-02-08T16:30:00+00:00,A,1,0.1,0.1107,0.0957,0.0945,nan,0.0865,0,142852
D1,bun-bay-hof-2026-02-08,2026-02-08T16:30:00+00:00,A,6,0.1,0.1107,0.0957,0.0945,nan,0.0865,0,142852
D1,bun-bay-hof-2026-02-08,2026-02-08T16:30:00+00:00,A,24,0.1,0.1107,0.0957,0.0945,nan,0.0865,0,142852
D1,bun-dor-mai-2026-02-13,2026-02-13T19:30:00+00:00,H,1,0.59,0.6155,0.5735,0.5746,nan,0.5821,1,893013
D1,bun-dor-mai-2026-02-13,2026-02-13T19:30:00+00:00,H,6,0.6,0.6155,0.5735,0.5746,nan,0.5821,1,893013
D1,bun-dor-mai-2026-02-13,2026-02-13T19:30:00+00:00,H,24,0.64,0.6155,0.5735,0.5746,nan,0.5821,1,893013
D1,bun-dor-mai-2026-02-13,2026-02-13T19:30:00+00:00,D,1,0.22,0.2151,0.2294,0.2258,nan,0.237,0,83056
D1,bun-dor-mai-2026-02-13,2026-02-13T19:30:00+00:00,D,6,0.22,0.2151,0.2294,0.2258,nan,0.237,0,83056
D1,bun-dor-mai-2026-02-13,2026-02-13T19:30:00+00:00,D,24,0.22,0.2151,0.2294,0.2258,nan,0.237,0,83056
D1,bun-dor-mai-2026-02-13,2026-02-13T19:30:00+00:00,A,1,0.18,0.1695,0.1972,0.1996,nan,0.181,0,149579
D1,bun-dor-mai-2026-02-13,2026-02-13T19:30:00+00:00,A,6,0.17,0.1695,0.1972,0.1996,nan,0.181,0,149579
D1,bun-dor-mai-2026-02-13,2026-02-13T19:30:00+00:00,A,24,0.16,0.1695,0.1972,0.1996,nan,0.181,0,149579
D1,bun-ein-moe-2026-02-14,2026-02-14T14:30:00+00:00,H,1,0.4431,0.4869,0.4442,0.4337,nan,0.436,1,1173777
D1,bun-ein-moe-2026-02-14,2026-02-14T14:30:00+00:00,H,6,0.48,0.4869,0.4442,0.4337,nan,0.436,1,1173777
D1,bun-ein-moe-2026-02-14,2026-02-14T14:30:00+00:00,H,24,0.5,0.4869,0.4442,0.4337,nan,0.436,1,1173777
D1,bun-ein-moe-2026-02-14,2026-02-14T14:30:00+00:00,D,1,0.28,0.2611,0.2714,0.2726,nan,0.28,0,88909
D1,bun-ein-moe-2026-02-14,2026-02-14T14:30:00+00:00,D,6,0.27,0.2611,0.2714,0.2726,nan,0.28,0,88909
D1,bun-ein-moe-2026-02-14,2026-02-14T14:30:00+00:00,D,24,0.27,0.2611,0.2714,0.2726,nan,0.28,0,88909
D1,bun-ein-moe-2026-02-14,2026-02-14T14:30:00+00:00,A,1,0.27,0.252,0.2845,0.2936,nan,0.284,0,173986
D1,bun-ein-moe-2026-02-14,2026-02-14T14:30:00+00:00,A,6,0.25,0.252,0.2845,0.2936,nan,0.284,0,173986
D1,bun-ein-moe-2026-02-14,2026-02-14T14:30:00+00:00,A,24,0.23,0.252,0.2845,0.2936,nan,0.284,0,173986
D1,bun-wer-bay-2026-02-14,2026-02-14T14:30:00+00:00,H,1,0.09,0.1157,0.1195,0.1186,nan,0.1035,0,947531
D1,bun-wer-bay-2026-02-14,2026-02-14T14:30:00+00:00,H,6,0.09,0.1157,0.1195,0.1186,nan,0.1035,0,947531
D1,bun-wer-bay-2026-02-14,2026-02-14T14:30:00+00:00,H,24,0.1,0.1157,0.1195,0.1186,nan,0.1035,0,947531
D1,bun-wer-bay-2026-02-14,2026-02-14T14:30:00+00:00,D,1,0.15,0.1611,0.1615,0.1518,nan,0.1552,0,109664
D1,bun-wer-bay-2026-02-14,2026-02-14T14:30:00+00:00,D,6,0.15,0.1611,0.1615,0.1518,nan,0.1552,0,109664
D1,bun-wer-bay-2026-02-14,2026-02-14T14:30:00+00:00,D,24,0.15,0.1611,0.1615,0.1518,nan,0.1552,0,109664
D1,bun-wer-bay-2026-02-14,2026-02-14T14:30:00+00:00,A,1,0.76,0.7231,0.7189,0.7297,nan,0.7413,1,2343727
D1,bun-wer-bay-2026-02-14,2026-02-14T14:30:00+00:00,A,6,0.76,0.7231,0.7189,0.7297,nan,0.7413,1,2343727
D1,bun-wer-bay-2026-02-14,2026-02-14T14:30:00+00:00,A,24,0.76,0.7231,0.7189,0.7297,nan,0.7413,1,2343727
D1,bun-hsv-uni-2026-02-14,2026-02-14T14:30:00+00:00,H,1,0.38,0.3761,0.4026,0.4121,nan,0.4105,1,280711
D1,bun-hsv-uni-2026-02-14,2026-02-14T14:30:00+00:00,H,6,0.39,0.3761,0.4026,0.4121,nan,0.4105,1,280711
D1,bun-hsv-uni-2026-02-14,2026-02-14T14:30:00+00:00,H,24,0.37,0.3761,0.4026,0.4121,nan,0.4105,1,280711
D1,bun-hsv-uni-2026-02-14,2026-02-14T14:30:00+00:00,D,1,0.3,0.2964,0.2987,0.2917,nan,0.3057,0,23505
D1,bun-hsv-uni-2026-02-14,2026-02-14T14:30:00+00:00,D,6,0.31,0.2964,0.2987,0.2917,nan,0.3057,0,23505
D1,bun-hsv-uni-2026-02-14,2026-02-14T14:30:00+00:00,D,24,0.29,0.2964,0.2987,0.2917,nan,0.3057,0,23505
D1,bun-hsv-uni-2026-02-14,2026-02-14T14:30:00+00:00,A,1,0.31,0.3275,0.2987,0.2962,nan,0.2838,0,56282
D1,bun-hsv-uni-2026-02-14,2026-02-14T14:30:00+00:00,A,6,0.31,0.3275,0.2987,0.2962,nan,0.2838,0,56282
D1,bun-hsv-uni-2026-02-14,2026-02-14T14:30:00+00:00,A,24,0.33,0.3275,0.2987,0.2962,nan,0.2838,0,56282
D1,bun-hof-fre-2026-02-14,2026-02-14T14:30:00+00:00,H,1,0.56,0.5442,0.5528,0.547,nan,0.5572,1,626108
D1,bun-hof-fre-2026-02-14,2026-02-14T14:30:00+00:00,H,6,0.57,0.5442,0.5528,0.547,nan,0.5572,1,626108
D1,bun-hof-fre-2026-02-14,2026-02-14T14:30:00+00:00,H,24,0.57,0.5442,0.5528,0.547,nan,0.5572,1,626108
D1,bun-hof-fre-2026-02-14,2026-02-14T14:30:00+00:00,D,1,0.24,0.2431,0.2397,0.2427,nan,0.2433,0,36150
D1,bun-hof-fre-2026-02-14,2026-02-14T14:30:00+00:00,D,6,0.24,0.2431,0.2397,0.2427,nan,0.2433,0,36150
D1,bun-hof-fre-2026-02-14,2026-02-14T14:30:00+00:00,D,24,0.25,0.2431,0.2397,0.2427,nan,0.2433,0,36150
D1,bun-hof-fre-2026-02-14,2026-02-14T14:30:00+00:00,A,1,0.2,0.2127,0.2075,0.2103,nan,0.1995,0,69888
D1,bun-hof-fre-2026-02-14,2026-02-14T14:30:00+00:00,A,6,0.19,0.2127,0.2075,0.2103,nan,0.1995,0,69888
D1,bun-hof-fre-2026-02-14,2026-02-14T14:30:00+00:00,A,24,0.2,0.2127,0.2075,0.2103,nan,0.1995,0,69888
D1,bun-b04-pau-2026-02-14,2026-02-14T14:30:00+00:00,H,1,0.64,0.6416,0.6239,0.6218,nan,0.6397,1,655641
D1,bun-b04-pau-2026-02-14,2026-02-14T14:30:00+00:00,H,6,0.65,0.6416,0.6239,0.6218,nan,0.6397,1,655641
D1,bun-b04-pau-2026-02-14,2026-02-14T14:30:00+00:00,H,24,0.65,0.6416,0.6239,0.6218,nan,0.6397,1,655641
D1,bun-b04-pau-2026-02-14,2026-02-14T14:30:00+00:00,D,1,0.21,0.221,0.2227,0.2197,nan,0.2217,0,58402
D1,bun-b04-pau-2026-02-14,2026-02-14T14:30:00+00:00,D,6,0.22,0.221,0.2227,0.2197,nan,0.2217,0,58402
D1,bun-b04-pau-2026-02-14,2026-02-14T14:30:00+00:00,D,24,0.22,0.221,0.2227,0.2197,nan,0.2217,0,58402
D1,bun-b04-pau-2026-02-14,2026-02-14T14:30:00+00:00,A,1,0.13,0.1374,0.1534,0.1585,nan,0.1386,0,65789
D1,bun-b04-pau-2026-02-14,2026-02-14T14:30:00+00:00,A,6,0.13,0.1374,0.1534,0.1585,nan,0.1386,0,65789
D1,bun-b04-pau-2026-02-14,2026-02-14T14:30:00+00:00,A,24,0.13,0.1374,0.1534,0.1585,nan,0.1386,0,65789
D1,bun-stu-koe-2026-02-14,2026-02-14T17:30:00+00:00,H,1,0.65,0.6536,0.6327,0.6306,nan,0.6528,1,355319
D1,bun-stu-koe-2026-02-14,2026-02-14T17:30:00+00:00,H,6,0.66,0.6536,0.6327,0.6306,nan,0.6528,1,355319
D1,bun-stu-koe-2026-02-14,2026-02-14T17:30:00+00:00,H,24,0.67,0.6536,0.6327,0.6306,nan,0.6528,1,355319
D1,bun-stu-koe-2026-02-14,2026-02-14T17:30:00+00:00,D,1,0.2,0.1959,0.2002,0.1892,nan,0.1958,0,31612
D1,bun-stu-koe-2026-02-14,2026-02-14T17:30:00+00:00,D,6,0.19,0.1959,0.2002,0.1892,nan,0.1958,0,31612
D1,bun-stu-koe-2026-02-14,2026-02-14T17:30:00+00:00,D,24,0.19,0.1959,0.2002,0.1892,nan,0.1958,0,31612
D1,bun-stu-koe-2026-02-14,2026-02-14T17:30:00+00:00,A,1,0.15,0.1505,0.1671,0.1802,nan,0.1513,0,91469
D1,bun-stu-koe-2026-02-14,2026-02-14T17:30:00+00:00,A,6,0.15,0.1505,0.1671,0.1802,nan,0.1513,0,91469
D1,bun-stu-koe-2026-02-14,2026-02-14T17:30:00+00:00,A,24,0.15,0.1505,0.1671,0.1802,nan,0.1513,0,91469
D1,bun-aug-hei-2026-02-15,2026-02-15T14:30:00+00:00,H,1,0.51,0.5157,0.5022,0.4983,nan,0.5019,1,1624050
D1,bun-aug-hei-2026-02-15,2026-02-15T14:30:00+00:00,H,6,0.5228,0.5157,0.5022,0.4983,nan,0.5019,1,1624050
D1,bun-aug-hei-2026-02-15,2026-02-15T14:30:00+00:00,H,24,0.51,0.5157,0.5022,0.4983,nan,0.5019,1,1624050
D1,bun-aug-hei-2026-02-15,2026-02-15T14:30:00+00:00,D,1,0.27,0.2544,0.2538,0.2525,nan,0.2615,0,66656
D1,bun-aug-hei-2026-02-15,2026-02-15T14:30:00+00:00,D,6,0.25,0.2544,0.2538,0.2525,nan,0.2615,0,66656
D1,bun-aug-hei-2026-02-15,2026-02-15T14:30:00+00:00,D,24,0.26,0.2544,0.2538,0.2525,nan,0.2615,0,66656
D1,bun-aug-hei-2026-02-15,2026-02-15T14:30:00+00:00,A,1,0.23,0.2299,0.2439,0.2492,nan,0.2366,0,248271
D1,bun-aug-hei-2026-02-15,2026-02-15T14:30:00+00:00,A,6,0.22,0.2299,0.2439,0.2492,nan,0.2366,0,248271
D1,bun-aug-hei-2026-02-15,2026-02-15T14:30:00+00:00,A,24,0.23,0.2299,0.2439,0.2492,nan,0.2366,0,248271
D1,bun-lei-wol-2026-02-15,2026-02-15T16:30:00+00:00,H,1,0.63,0.6501,0.6234,0.6295,nan,0.6386,0,907612
D1,bun-lei-wol-2026-02-15,2026-02-15T16:30:00+00:00,H,6,0.64,0.6501,0.6234,0.6295,nan,0.6386,0,907612
D1,bun-lei-wol-2026-02-15,2026-02-15T16:30:00+00:00,H,24,0.6651,0.6501,0.6234,0.6295,nan,0.6386,0,907612
D1,bun-lei-wol-2026-02-15,2026-02-15T16:30:00+00:00,D,1,0.21,0.1946,0.202,0.1988,nan,0.1953,1,186827
D1,bun-lei-wol-2026-02-15,2026-02-15T16:30:00+00:00,D,6,0.2,0.1946,0.202,0.1988,nan,0.1953,1,186827
D1,bun-lei-wol-2026-02-15,2026-02-15T16:30:00+00:00,D,24,0.18,0.1946,0.202,0.1988,nan,0.1953,1,186827
D1,bun-lei-wol-2026-02-15,2026-02-15T16:30:00+00:00,A,1,0.17,0.1553,0.1746,0.1717,nan,0.166,0,375354
D1,bun-lei-wol-2026-02-15,2026-02-15T16:30:00+00:00,A,6,0.17,0.1553,0.1746,0.1717,nan,0.166,0,375354
D1,bun-lei-wol-2026-02-15,2026-02-15T16:30:00+00:00,A,24,0.14,0.1553,0.1746,0.1717,nan,0.166,0,375354
D1,bun-mai-hsv-2026-02-20,2026-02-20T19:30:00+00:00,H,1,0.47,0.4587,0.4568,0.4543,nan,0.4609,0,162901
D1,bun-mai-hsv-2026-02-20,2026-02-20T19:30:00+00:00,H,6,0.47,0.4587,0.4568,0.4543,nan,0.4609,0,162901
D1,bun-mai-hsv-2026-02-20,2026-02-20T19:30:00+00:00,H,24,0.48,0.4587,0.4568,0.4543,nan,0.4609,0,162901
D1,bun-mai-hsv-2026-02-20,2026-02-20T19:30:00+00:00,D,1,0.28,0.2726,0.2728,0.2806,nan,0.2805,1,93154
D1,bun-mai-hsv-2026-02-20,2026-02-20T19:30:00+00:00,D,6,0.27,0.2726,0.2728,0.2806,nan,0.2805,1,93154
D1,bun-mai-hsv-2026-02-20,2026-02-20T19:30:00+00:00,D,24,0.29,0.2726,0.2728,0.2806,nan,0.2805,1,93154
D1,bun-mai-hsv-2026-02-20,2026-02-20T19:30:00+00:00,A,1,0.2608,0.2687,0.2704,0.265,nan,0.2586,0,206363
D1,bun-mai-hsv-2026-02-20,2026-02-20T19:30:00+00:00,A,6,0.26,0.2687,0.2704,0.265,nan,0.2586,0,206363
D1,bun-mai-hsv-2026-02-20,2026-02-20T19:30:00+00:00,A,24,0.24,0.2687,0.2704,0.265,nan,0.2586,0,206363
D1,bun-bay-ein-2026-02-21,2026-02-21T14:30:00+00:00,H,1,0.9,0.8249,0.8657,0.872,nan,0.8959,1,717737
D1,bun-bay-ein-2026-02-21,2026-02-21T14:30:00+00:00,H,6,0.87,0.8249,0.8657,0.872,nan,0.8959,1,717737
D1,bun-bay-ein-2026-02-21,2026-02-21T14:30:00+00:00,H,24,0.86,0.8249,0.8657,0.872,nan,0.8959,1,717737
D1,bun-bay-ein-2026-02-21,2026-02-21T14:30:00+00:00,D,1,0.07,0.109,0.0859,0.0785,nan,0.0686,0,39923
D1,bun-bay-ein-2026-02-21,2026-02-21T14:30:00+00:00,D,6,0.09,0.109,0.0859,0.0785,nan,0.0686,0,39923
D1,bun-bay-ein-2026-02-21,2026-02-21T14:30:00+00:00,D,24,0.1,0.109,0.0859,0.0785,nan,0.0686,0,39923
D1,bun-bay-ein-2026-02-21,2026-02-21T14:30:00+00:00,A,1,0.039,0.0661,0.0484,0.0496,nan,0.0355,0,221703
D1,bun-bay-ein-2026-02-21,2026-02-21T14:30:00+00:00,A,6,0.05,0.0661,0.0484,0.0496,nan,0.0355,0,221703
D1,bun-bay-ein-2026-02-21,2026-02-21T14:30:00+00:00,A,24,0.06,0.0661,0.0484,0.0496,nan,0.0355,0,221703
D1,bun-wol-aug-2026-02-21,2026-02-21T14:30:00+00:00,H,1,0.44,0.4592,0.4279,0.4283,nan,0.432,0,478238
D1,bun-wol-aug-2026-02-21,2026-02-21T14:30:00+00:00,H,6,0.45,0.4592,0.4279,0.4283,nan,0.432,0,478238
D1,bun-wol-aug-2026-02-21,2026-02-21T14:30:00+00:00,H,24,0.46,0.4592,0.4279,0.4283,nan,0.432,0,478238
D1,bun-wol-aug-2026-02-21,2026-02-21T14:30:00+00:00,D,1,0.28,0.2747,0.2764,0.2772,nan,0.2799,0,63868
D1,bun-wol-aug-2026-02-21,2026-02-21T14:30:00+00:00,D,6,0.28,0.2747,0.2764,0.2772,nan,0.2799,0,63868
D1,bun-wol-aug-2026-02-21,2026-02-21T14:30:00+00:00,D,24,0.28,0.2747,0.2764,0.2772,nan,0.2799,0,63868
D1,bun-wol-aug-2026-02-21,2026-02-21T14:30:00+00:00,A,1,0.29,0.2661,0.2956,0.2945,nan,0.288,1,116274
D1,bun-wol-aug-2026-02-21,2026-02-21T14:30:00+00:00,A,6,0.28,0.2661,0.2956,0.2945,nan,0.288,1,116274
D1,bun-wol-aug-2026-02-21,2026-02-21T14:30:00+00:00,A,24,0.26,0.2661,0.2956,0.2945,nan,0.288,1,116274
D1,bun-uni-b04-2026-02-21,2026-02-21T14:30:00+00:00,H,1,0.31,0.3239,0.3031,0.2975,nan,0.297,1,138499
D1,bun-uni-b04-2026-02-21,2026-02-21T14:30:00+00:00,H,6,0.3,0.3239,0.3031,0.2975,nan,0.297,1,138499
D1,bun-uni-b04-2026-02-21,2026-02-21T14:30:00+00:00,H,24,0.31,0.3239,0.3031,0.2975,nan,0.297,1,138499
D1,bun-uni-b04-2026-02-21,2026-02-21T14:30:00+00:00,D,1,0.29,0.2794,0.2883,0.2975,nan,0.2884,0,109204
D1,bun-uni-b04-2026-02-21,2026-02-21T14:30:00+00:00,D,6,0.28,0.2794,0.2883,0.2975,nan,0.2884,0,109204
D1,bun-uni-b04-2026-02-21,2026-02-21T14:30:00+00:00,D,24,0.29,0.2794,0.2883,0.2975,nan,0.2884,0,109204
D1,bun-uni-b04-2026-02-21,2026-02-21T14:30:00+00:00,A,1,0.4086,0.3967,0.4086,0.4051,nan,0.4146,0,493631
D1,bun-uni-b04-2026-02-21,2026-02-21T14:30:00+00:00,A,6,0.42,0.3967,0.4086,0.4051,nan,0.4146,0,493631
D1,bun-uni-b04-2026-02-21,2026-02-21T14:30:00+00:00,A,24,0.41,0.3967,0.4086,0.4051,nan,0.4146,0,493631
D1,bun-koe-hof-2026-02-21,2026-02-21T14:30:00+00:00,H,1,0.25,0.2906,0.2741,0.2906,nan,0.261,0,127693
D1,bun-koe-hof-2026-02-21,2026-02-21T14:30:00+00:00,H,6,0.28,0.2906,0.2741,0.2906,nan,0.261,0,127693
D1,bun-koe-hof-2026-02-21,2026-02-21T14:30:00+00:00,H,24,0.28,0.2906,0.2741,0.2906,nan,0.261,0,127693
D1,bun-koe-hof-2026-02-21,2026-02-21T14:30:00+00:00,D,1,0.26,0.2529,0.2534,0.2486,nan,0.2576,1,79117
D1,bun-koe-hof-2026-02-21,2026-02-21T14:30:00+00:00,D,6,0.26,0.2529,0.2534,0.2486,nan,0.2576,1,79117
D1,bun-koe-hof-2026-02-21,2026-02-21T14:30:00+00:00,D,24,0.25,0.2529,0.2534,0.2486,nan,0.2576,1,79117
D1,bun-koe-hof-2026-02-21,2026-02-21T14:30:00+00:00,A,1,0.49,0.4565,0.4725,0.4608,nan,0.4814,0,513112
D1,bun-koe-hof-2026-02-21,2026-02-21T14:30:00+00:00,A,6,0.47,0.4565,0.4725,0.4608,nan,0.4814,0,513112
D1,bun-koe-hof-2026-02-21,2026-02-21T14:30:00+00:00,A,24,0.46,0.4565,0.4725,0.4608,nan,0.4814,0,513112
D1,bun-fre-moe-2026-02-22,2026-02-22T14:30:00+00:00,H,1,0.48,0.4772,0.4562,0.4517,nan,0.4485,1,1090082
D1,bun-fre-moe-2026-02-22,2026-02-22T14:30:00+00:00,H,6,0.48,0.4772,0.4562,0.4517,nan,0.4485,1,1090082
D1,bun-fre-moe-2026-02-22,2026-02-22T14:30:00+00:00,H,24,0.49,0.4772,0.4562,0.4517,nan,0.4485,1,1090082
D1,bun-fre-moe-2026-02-22,2026-02-22T14:30:00+00:00,D,1,0.28,0.286,0.2813,0.2919,nan,0.2929,0,91247
D1,bun-fre-moe-2026-02-22,2026-02-22T14:30:00+00:00,D,6,0.28,0.286,0.2813,0.2919,nan,0.2929,0,91247
D1,bun-fre-moe-2026-02-22,2026-02-22T14:30:00+00:00,D,24,0.29,0.286,0.2813,0.2919,nan,0.2929,0,91247
D1,bun-fre-moe-2026-02-22,2026-02-22T14:30:00+00:00,A,1,0.24,0.2368,0.2625,0.2564,nan,0.2586,0,74270
D1,bun-fre-moe-2026-02-22,2026-02-22T14:30:00+00:00,A,6,0.23,0.2368,0.2625,0.2564,nan,0.2586,0,74270
D1,bun-fre-moe-2026-02-22,2026-02-22T14:30:00+00:00,A,24,0.22,0.2368,0.2625,0.2564,nan,0.2586,0,74270
D1,bun-lei-dor-2026-02-21,2026-02-21T17:30:00+00:00,H,1,0.47,0.4377,0.4759,0.4913,nan,0.4863,0,4130289
D1,bun-lei-dor-2026-02-21,2026-02-21T17:30:00+00:00,H,6,0.47,0.4377,0.4759,0.4913,nan,0.4863,0,4130289
D1,bun-lei-dor-2026-02-21,2026-02-21T17:30:00+00:00,H,24,0.44,0.4377,0.4759,0.4913,nan,0.4863,0,4130289
D1,bun-lei-dor-2026-02-21,2026-02-21T17:30:00+00:00,D,1,0.25,0.2414,0.2416,0.2406,nan,0.2419,1,112021
D1,bun-lei-dor-2026-02-21,2026-02-21T17:30:00+00:00,D,6,0.24,0.2414,0.2416,0.2406,nan,0.2419,1,112021
D1,bun-lei-dor-2026-02-21,2026-02-21T17:30:00+00:00,D,24,0.24,0.2414,0.2416,0.2406,nan,0.2419,1,112021
D1,bun-lei-dor-2026-02-21,2026-02-21T17:30:00+00:00,A,1,0.3,0.3208,0.2824,0.2681,nan,0.2718,0,777158
D1,bun-lei-dor-2026-02-21,2026-02-21T17:30:00+00:00,A,6,0.3,0.3208,0.2824,0.2681,nan,0.2718,0,777158
D1,bun-lei-dor-2026-02-21,2026-02-21T17:30:00+00:00,A,24,0.32,0.3208,0.2824,0.2681,nan,0.2718,0,777158
D1,bun-pau-wer-2026-02-22,2026-02-22T16:30:00+00:00,H,1,0.35,0.3463,0.3543,0.3599,nan,0.3554,1,88969
D1,bun-pau-wer-2026-02-22,2026-02-22T16:30:00+00:00,H,6,0.35,0.3463,0.3543,0.3599,nan,0.3554,1,88969
D1,bun-pau-wer-2026-02-22,2026-02-22T16:30:00+00:00,H,24,0.36,0.3463,0.3543,0.3599,nan,0.3554,1,88969
D1,bun-pau-wer-2026-02-22,2026-02-22T16:30:00+00:00,D,1,0.31,0.3036,0.3019,0.2958,nan,0.3062,0,67126
D1,bun-pau-wer-2026-02-22,2026-02-22T16:30:00+00:00,D,6,0.31,0.3036,0.3019,0.2958,nan,0.3062,0,67126
D1,bun-pau-wer-2026-02-22,2026-02-22T16:30:00+00:00,D,24,0.3,0.3036,0.3019,0.2958,nan,0.3062,0,67126
D1,bun-pau-wer-2026-02-22,2026-02-22T16:30:00+00:00,A,1,0.34,0.3502,0.3439,0.3442,nan,0.3385,0,39371
D1,bun-pau-wer-2026-02-22,2026-02-22T16:30:00+00:00,A,6,0.35,0.3502,0.3439,0.3442,nan,0.3385,0,39371
D1,bun-pau-wer-2026-02-22,2026-02-22T16:30:00+00:00,A,24,0.35,0.3502,0.3439,0.3442,nan,0.3385,0,39371
D1,bun-b04-mai-2026-02-28,2026-02-28T14:30:00+00:00,H,1,0.57,0.5591,0.5584,0.5683,nan,0.5742,0,461698
D1,bun-b04-mai-2026-02-28,2026-02-28T14:30:00+00:00,H,6,0.55,0.5591,0.5584,0.5683,nan,0.5742,0,461698
D1,bun-b04-mai-2026-02-28,2026-02-28T14:30:00+00:00,H,24,0.57,0.5591,0.5584,0.5683,nan,0.5742,0,461698
D1,bun-b04-mai-2026-02-28,2026-02-28T14:30:00+00:00,D,1,0.24,0.2352,0.2345,0.2233,nan,0.231,1,45740
D1,bun-b04-mai-2026-02-28,2026-02-28T14:30:00+00:00,D,6,0.24,0.2352,0.2345,0.2233,nan,0.231,1,45740
D1,bun-b04-mai-2026-02-28,2026-02-28T14:30:00+00:00,D,24,0.23,0.2352,0.2345,0.2233,nan,0.231,1,45740
D1,bun-b04-mai-2026-02-28,2026-02-28T14:30:00+00:00,A,1,0.2,0.2057,0.2071,0.2084,nan,0.1948,0,122157
D1,bun-b04-mai-2026-02-28,2026-02-28T14:30:00+00:00,A,6,0.2,0.2057,0.2071,0.2084,nan,0.1948,0,122157
D1,bun-b04-mai-2026-02-28,2026-02-28T14:30:00+00:00,A,24,0.2,0.2057,0.2071,0.2084,nan,0.1948,0,122157
D1,bun-aug-koe-2026-02-27,2026-02-27T19:30:00+00:00,H,1,0.43,0.4287,0.4337,0.4303,nan,0.4321,1,1800419
D1,bun-aug-koe-2026-02-27,2026-02-27T19:30:00+00:00,H,6,0.44,0.4287,0.4337,0.4303,nan,0.4321,1,1800419
D1,bun-aug-koe-2026-02-27,2026-02-27T19:30:00+00:00,H,24,0.44,0.4287,0.4337,0.4303,nan,0.4321,1,1800419
D1,bun-aug-koe-2026-02-27,2026-02-27T19:30:00+00:00,D,1,0.28,0.2761,0.2763,0.2784,nan,0.284,0,157731
D1,bun-aug-koe-2026-02-27,2026-02-27T19:30:00+00:00,D,6,0.28,0.2761,0.2763,0.2784,nan,0.284,0,157731
D1,bun-aug-koe-2026-02-27,2026-02-27T19:30:00+00:00,D,24,0.28,0.2761,0.2763,0.2784,nan,0.284,0,157731
D1,bun-aug-koe-2026-02-27,2026-02-27T19:30:00+00:00,A,1,0.29,0.2952,0.29,0.2913,nan,0.284,0,90872
D1,bun-aug-koe-2026-02-27,2026-02-27T19:30:00+00:00,A,6,0.29,0.2952,0.29,0.2913,nan,0.284,0,90872
D1,bun-aug-koe-2026-02-27,2026-02-27T19:30:00+00:00,A,24,0.2837,0.2952,0.29,0.2913,nan,0.284,0,90872
D1,bun-moe-uni-2026-02-28,2026-02-28T14:30:00+00:00,H,1,0.41,0.3956,0.4004,0.4048,nan,0.3958,1,442179
D1,bun-moe-uni-2026-02-28,2026-02-28T14:30:00+00:00,H,6,0.41,0.3956,0.4004,0.4048,nan,0.3958,1,442179
D1,bun-moe-uni-2026-02-28,2026-02-28T14:30:00+00:00,H,24,0.41,0.3956,0.4004,0.4048,nan,0.3958,1,442179
D1,bun-moe-uni-2026-02-28,2026-02-28T14:30:00+00:00,D,1,0.3,0.29,0.2883,0.2883,nan,0.2998,0,59657
D1,bun-moe-uni-2026-02-28,2026-02-28T14:30:00+00:00,D,6,0.3,0.29,0.2883,0.2883,nan,0.2998,0,59657
D1,bun-moe-uni-2026-02-28,2026-02-28T14:30:00+00:00,D,24,0.2848,0.29,0.2883,0.2883,nan,0.2998,0,59657
D1,bun-moe-uni-2026-02-28,2026-02-28T14:30:00+00:00,A,1,0.31,0.3144,0.3113,0.3069,nan,0.3044,0,25943
D1,bun-moe-uni-2026-02-28,2026-02-28T14:30:00+00:00,A,6,0.31,0.3144,0.3113,0.3069,nan,0.3044,0,25943
D1,bun-moe-uni-2026-02-28,2026-02-28T14:30:00+00:00,A,24,0.31,0.3144,0.3113,0.3069,nan,0.3044,0,25943
D1,bun-hof-pau-2026-02-28,2026-02-28T14:30:00+00:00,H,1,0.67,0.6356,0.6224,0.6264,nan,0.6371,0,618636
D1,bun-hof-pau-2026-02-28,2026-02-28T14:30:00+00:00,H,6,0.67,0.6356,0.6224,0.6264,nan,0.6371,0,618636
D1,bun-hof-pau-2026-02-28,2026-02-28T14:30:00+00:00,H,24,0.668,0.6356,0.6224,0.6264,nan,0.6371,0,618636
D1,bun-hof-pau-2026-02-28,2026-02-28T14:30:00+00:00,D,1,0.2,0.2158,0.2238,0.217,nan,0.2209,0,136509
D1,bun-hof-pau-2026-02-28,2026-02-28T14:30:00+00:00,D,6,0.21,0.2158,0.2238,0.217,nan,0.2209,0,136509
D1,bun-hof-pau-2026-02-28,2026-02-28T14:30:00+00:00,D,24,0.21,0.2158,0.2238,0.217,nan,0.2209,0,136509
D1,bun-hof-pau-2026-02-28,2026-02-28T14:30:00+00:00,A,1,0.12,0.1486,0.1538,0.1566,nan,0.142,1,77684
D1,bun-hof-pau-2026-02-28,2026-02-28T14:30:00+00:00,A,6,0.14,0.1486,0.1538,0.1566,nan,0.142,1,77684
D1,bun-hof-pau-2026-02-28,2026-02-28T14:30:00+00:00,A,24,0.14,0.1486,0.1538,0.1566,nan,0.142,1,77684
D1,bun-wer-hei-2026-02-28,2026-02-28T14:30:00+00:00,H,1,0.6,0.5277,0.5876,0.5973,nan,0.5994,1,255403
D1,bun-wer-hei-2026-02-28,2026-02-28T14:30:00+00:00,H,6,0.57,0.5277,0.5876,0.5973,nan,0.5994,1,255403
D1,bun-wer-hei-2026-02-28,2026-02-28T14:30:00+00:00,H,24,0.55,0.5277,0.5876,0.5973,nan,0.5994,1,255403
D1,bun-wer-hei-2026-02-28,2026-02-28T14:30:00+00:00,D,1,0.22,0.2445,0.2233,0.2207,nan,0.2163,0,165540
D1,bun-wer-hei-2026-02-28,2026-02-28T14:30:00+00:00,D,6,0.23,0.2445,0.2233,0.2207,nan,0.2163,0,165540
D1,bun-wer-hei-2026-02-28,2026-02-28T14:30:00+00:00,D,24,0.24,0.2445,0.2233,0.2207,nan,0.2163,0,165540
D1,bun-wer-hei-2026-02-28,2026-02-28T14:30:00+00:00,A,1,0.19,0.2278,0.1892,0.182,nan,0.1843,0,161947
D1,bun-wer-hei-2026-02-28,2026-02-28T14:30:00+00:00,A,6,0.2,0.2278,0.1892,0.182,nan,0.1843,0,161947
D1,bun-wer-hei-2026-02-28,2026-02-28T14:30:00+00:00,A,24,0.22,0.2278,0.1892,0.182,nan,0.1843,0,161947
D1,bun-hei-stu-2026-02-22,2026-02-22T18:30:00+00:00,H,1,0.2,0.2126,0.2129,0.2177,nan,0.1948,0,175178
D1,bun-hei-stu-2026-02-22,2026-02-22T18:30:00+00:00,H,6,0.21,0.2126,0.2129,0.2177,nan,0.1948,0,175178
D1,bun-hei-stu-2026-02-22,2026-02-22T18:30:00+00:00,H,24,0.2,0.2126,0.2129,0.2177,nan,0.1948,0,175178
D1,bun-hei-stu-2026-02-22,2026-02-22T18:30:00+00:00,D,1,0.22,0.2304,0.2235,0.2177,nan,0.2208,1,66800
D1,bun-hei-stu-2026-02-22,2026-02-22T18:30:00+00:00,D,6,0.23,0.2304,0.2235,0.2177,nan,0.2208,1,66800
D1,bun-hei-stu-2026-02-22,2026-02-22T18:30:00+00:00,D,24,0.22,0.2304,0.2235,0.2177,nan,0.2208,1,66800
D1,bun-hei-stu-2026-02-22,2026-02-22T18:30:00+00:00,A,1,0.58,0.5569,0.5635,0.5645,nan,0.5844,0,595187
D1,bun-hei-stu-2026-02-22,2026-02-22T18:30:00+00:00,A,6,0.58,0.5569,0.5635,0.5645,nan,0.5844,0,595187
D1,bun-hei-stu-2026-02-22,2026-02-22T18:30:00+00:00,A,24,0.56,0.5569,0.5635,0.5645,nan,0.5844,0,595187
D1,bun-dor-bay-2026-02-28,2026-02-28T17:30:00+00:00,H,1,0.21,0.2135,0.2231,0.2248,nan,0.2254,0,347036
D1,bun-dor-bay-2026-02-28,2026-02-28T17:30:00+00:00,H,6,0.21,0.2135,0.2231,0.2248,nan,0.2254,0,347036
D1,bun-dor-bay-2026-02-28,2026-02-28T17:30:00+00:00,H,24,0.21,0.2135,0.2231,0.2248,nan,0.2254,0,347036
D1,bun-dor-bay-2026-02-28,2026-02-28T17:30:00+00:00,D,1,0.21,0.2069,0.2144,0.2098,nan,0.211,0,105500
D1,bun-dor-bay-2026-02-28,2026-02-28T17:30:00+00:00,D,6,0.21,0.2069,0.2144,0.2098,nan,0.211,0,105500
D1,bun-dor-bay-2026-02-28,2026-02-28T17:30:00+00:00,D,24,0.21,0.2069,0.2144,0.2098,nan,0.211,0,105500
D1,bun-dor-bay-2026-02-28,2026-02-28T17:30:00+00:00,A,1,0.59,0.5796,0.5624,0.5654,nan,0.5635,1,2026368
D1,bun-dor-bay-2026-02-28,2026-02-28T17:30:00+00:00,A,6,0.59,0.5796,0.5624,0.5654,nan,0.5635,1,2026368
D1,bun-dor-bay-2026-02-28,2026-02-28T17:30:00+00:00,A,24,0.6,0.5796,0.5624,0.5654,nan,0.5635,1,2026368
D1,bun-ein-fre-2026-03-01,2026-03-01T16:30:00+00:00,H,1,0.43,0.4279,0.4221,0.4222,nan,0.4221,1,285159
D1,bun-ein-fre-2026-03-01,2026-03-01T16:30:00+00:00,H,6,0.46,0.4279,0.4221,0.4222,nan,0.4221,1,285159
D1,bun-ein-fre-2026-03-01,2026-03-01T16:30:00+00:00,H,24,0.45,0.4279,0.4221,0.4222,nan,0.4221,1,285159
D1,bun-ein-fre-2026-03-01,2026-03-01T16:30:00+00:00,D,1,0.27,0.2712,0.2716,0.2714,nan,0.2806,0,25859
D1,bun-ein-fre-2026-03-01,2026-03-01T16:30:00+00:00,D,6,0.27,0.2712,0.2716,0.2714,nan,0.2806,0,25859
D1,bun-ein-fre-2026-03-01,2026-03-01T16:30:00+00:00,D,24,0.27,0.2712,0.2716,0.2714,nan,0.2806,0,25859
D1,bun-ein-fre-2026-03-01,2026-03-01T16:30:00+00:00,A,1,0.29,0.3009,0.3062,0.3064,nan,0.2973,0,204398
D1,bun-ein-fre-2026-03-01,2026-03-01T16:30:00+00:00,A,6,0.27,0.3009,0.3062,0.3064,nan,0.2973,0,204398
D1,bun-ein-fre-2026-03-01,2026-03-01T16:30:00+00:00,A,24,0.28,0.3009,0.3062,0.3064,nan,0.2973,0,204398
D1,bun-stu-wol-2026-03-01,2026-03-01T14:30:00+00:00,H,1,0.7,0.6175,0.6845,0.6763,nan,0.7005,1,240905
D1,bun-stu-wol-2026-03-01,2026-03-01T14:30:00+00:00,H,6,0.67,0.6175,0.6845,0.6763,nan,0.7005,1,240905
D1,bun-stu-wol-2026-03-01,2026-03-01T14:30:00+00:00,H,24,0.67,0.6175,0.6845,0.6763,nan,0.7005,1,240905
D1,bun-stu-wol-2026-03-01,2026-03-01T14:30:00+00:00,D,1,0.18,0.2045,0.1737,0.1722,nan,0.1686,0,19894
D1,bun-stu-wol-2026-03-01,2026-03-01T14:30:00+00:00,D,6,0.18,0.2045,0.1737,0.1722,nan,0.1686,0,19894
D1,bun-stu-wol-2026-03-01,2026-03-01T14:30:00+00:00,D,24,0.19,0.2045,0.1737,0.1722,nan,0.1686,0,19894
D1,bun-stu-wol-2026-03-01,2026-03-01T14:30:00+00:00,A,1,0.13,0.178,0.1419,0.1515,nan,0.1309,0,86153
D1,bun-stu-wol-2026-03-01,2026-03-01T14:30:00+00:00,A,6,0.15,0.178,0.1419,0.1515,nan,0.1309,0,86153
D1,bun-stu-wol-2026-03-01,2026-03-01T14:30:00+00:00,A,24,0.16,0.178,0.1419,0.1515,nan,0.1309,0,86153
D1,bun-bay-moe-2026-03-06,2026-03-06T19:30:00+00:00,H,1,0.8,0.7916,0.7784,0.7764,nan,0.7895,1,0
D1,bun-bay-moe-2026-03-06,2026-03-06T19:30:00+00:00,H,6,0.82,0.7916,0.7784,0.7764,nan,0.7895,1,0
D1,bun-bay-moe-2026-03-06,2026-03-06T19:30:00+00:00,H,24,0.85,0.7916,0.7784,0.7764,nan,0.7895,1,0
D1,bun-bay-moe-2026-03-06,2026-03-06T19:30:00+00:00,D,1,0.12,0.1268,0.133,0.1184,nan,0.1309,0,0
D1,bun-bay-moe-2026-03-06,2026-03-06T19:30:00+00:00,D,6,0.11,0.1268,0.133,0.1184,nan,0.1309,0,0
D1,bun-bay-moe-2026-03-06,2026-03-06T19:30:00+00:00,D,24,0.1,0.1268,0.133,0.1184,nan,0.1309,0,0
D1,bun-bay-moe-2026-03-06,2026-03-06T19:30:00+00:00,A,1,0.08,0.0816,0.0886,0.1052,nan,0.0796,0,0
D1,bun-bay-moe-2026-03-06,2026-03-06T19:30:00+00:00,A,6,0.0671,0.0816,0.0886,0.1052,nan,0.0796,0,0
D1,bun-bay-moe-2026-03-06,2026-03-06T19:30:00+00:00,A,24,0.05,0.0816,0.0886,0.1052,nan,0.0796,0,0
D1,bun-lei-aug-2026-03-07,2026-03-07T14:30:00+00:00,H,1,0.709,0.6618,0.7044,0.7102,nan,0.7173,1,0
D1,bun-lei-aug-2026-03-07,2026-03-07T14:30:00+00:00,H,6,0.68,0.6618,0.7044,0.7102,nan,0.7173,1,0
D1,bun-lei-aug-2026-03-07,2026-03-07T14:30:00+00:00,H,24,0.67,0.6618,0.7044,0.7102,nan,0.7173,1,0
D1,bun-lei-aug-2026-03-07,2026-03-07T14:30:00+00:00,D,1,0.18,0.1912,0.1728,0.1717,nan,0.1719,0,0
D1,bun-lei-aug-2026-03-07,2026-03-07T14:30:00+00:00,D,6,0.18,0.1912,0.1728,0.1717,nan,0.1719,0,0
D1,bun-lei-aug-2026-03-07,2026-03-07T14:30:00+00:00,D,24,0.18,0.1912,0.1728,0.1717,nan,0.1719,0,0
D1,bun-lei-aug-2026-03-07,2026-03-07T14:30:00+00:00,A,1,0.12,0.147,0.1228,0.1181,nan,0.1108,0,0
D1,bun-lei-aug-2026-03-07,2026-03-07T14:30:00+00:00,A,6,0.139,0.147,0.1228,0.1181,nan,0.1108,0,0
D1,bun-lei-aug-2026-03-07,2026-03-07T14:30:00+00:00,A,24,0.14,0.147,0.1228,0.1181,nan,0.1108,0,0
D1,bun-fre-b04-2026-03-07,2026-03-07T14:30:00+00:00,H,1,0.319,0.3257,0.3196,0.3265,nan,0.3069,0,0
D1,bun-fre-b04-2026-03-07,2026-03-07T14:30:00+00:00,H,6,0.319,0.3257,0.3196,0.3265,nan,0.3069,0,0
D1,bun-fre-b04-2026-03-07,2026-03-07T14:30:00+00:00,H,24,0.32,0.3257,0.3196,0.3265,nan,0.3069,0,0
D1,bun-fre-b04-2026-03-07,2026-03-07T14:30:00+00:00,D,1,0.29,0.278,0.2788,0.2705,nan,0.281,1,0
D1,bun-fre-b04-2026-03-07,2026-03-07T14:30:00+00:00,D,6,0.29,0.278,0.2788,0.2705,nan,0.281,1,0
D1,bun-fre-b04-2026-03-07,2026-03-07T14:30:00+00:00,D,24,0.29,0.278,0.2788,0.2705,nan,0.281,1,0
D1,bun-fre-b04-2026-03-07,2026-03-07T14:30:00+00:00,A,1,0.41,0.3963,0.4016,0.4029,nan,0.4121,0,0
D1,bun-fre-b04-2026-03-07,2026-03-07T14:30:00+00:00,A,6,0.41,0.3963,0.4016,0.4029,nan,0.4121,0,0
D1,bun-fre-b04-2026-03-07,2026-03-07T14:30:00+00:00,A,24,0.4,0.3963,0.4016,0.4029,nan,0.4121,0,0
D1,bun-hsv-lei-2026-03-01,2026-03-01T18:30:00+00:00,H,1,0.24,0.2991,0.2524,0.2497,nan,0.2485,0,148076
D1,bun-hsv-lei-2026-03-01,2026-03-01T18:30:00+00:00,H,6,0.25,0.2991,0.2524,0.2497,nan,0.2485,0,148076
D1,bun-hsv-lei-2026-03-01,2026-03-01T18:30:00+00:00,H,24,0.25,0.2991,0.2524,0.2497,nan,0.2485,0,148076
D1,bun-hsv-lei-2026-03-01,2026-03-01T18:30:00+00:00,D,1,0.24,0.2543,0.2427,0.2373,nan,0.2366,0,70377
D1,bun-hsv-lei-2026-03-01,2026-03-01T18:30:00+00:00,D,6,0.26,0.2543,0.2427,0.2373,nan,0.2366,0,70377
D1,bun-hsv-lei-2026-03-01,2026-03-01T18:30:00+00:00,D,24,0.25,0.2543,0.2427,0.2373,nan,0.2366,0,70377
D1,bun-hsv-lei-2026-03-01,2026-03-01T18:30:00+00:00,A,1,0.51,0.4466,0.5049,0.513,nan,0.5149,1,549008
D1,bun-hsv-lei-2026-03-01,2026-03-01T18:30:00+00:00,A,6,0.49,0.4466,0.5049,0.513,nan,0.5149,1,549008
D1,bun-hsv-lei-2026-03-01,2026-03-01T18:30:00+00:00,A,24,0.48,0.4466,0.5049,0.513,nan,0.5149,1,549008
D1,bun-hei-hof-2026-03-07,2026-03-07T14:30:00+00:00,H,1,0.16,0.1919,0.1726,0.1717,nan,0.1554,0,0
D1,bun-hei-hof-2026-03-07,2026-03-07T14:30:00+00:00,H,6,0.1708,0.1919,0.1726,0.1717,nan,0.1554,0,0
D1,bun-hei-hof-2026-03-07,2026-03-07T14:30:00+00:00,H,24,0.19,0.1919,0.1726,0.1717,nan,0.1554,0,0
D1,bun-hei-hof-2026-03-07,2026-03-07T14:30:00+00:00,D,1,0.21,0.2168,0.2055,0.1988,nan,0.2072,0,0
D1,bun-hei-hof-2026-03-07,2026-03-07T14:30:00+00:00,D,6,0.21,0.2168,0.2055,0.1988,nan,0.2072,0,0
D1,bun-hei-hof-2026-03-07,2026-03-07T14:30:00+00:00,D,24,0.22,0.2168,0.2055,0.1988,nan,0.2072,0,0
D1,bun-hei-hof-2026-03-07,2026-03-07T14:30:00+00:00,A,1,0.639,0.5914,0.6219,0.6295,nan,0.6375,1,0
D1,bun-hei-hof-2026-03-07,2026-03-07T14:30:00+00:00,A,6,0.62,0.5914,0.6219,0.6295,nan,0.6375,1,0
D1,bun-hei-hof-2026-03-07,2026-03-07T14:30:00+00:00,A,24,0.61,0.5914,0.6219,0.6295,nan,0.6375,1,0
D1,bun-mai-stu-2026-03-07,2026-03-07T14:30:00+00:00,H,1,0.251,0.3054,0.2703,0.2691,nan,0.2648,0,0
D1,bun-mai-stu-2026-03-07,2026-03-07T14:30:00+00:00,H,6,0.261,0.3054,0.2703,0.2691,nan,0.2648,0,0
D1,bun-mai-stu-2026-03-07,2026-03-07T14:30:00+00:00,H,24,0.3,0.3054,0.2703,0.2691,nan,0.2648,0,0
D1,bun-mai-stu-2026-03-07,2026-03-07T14:30:00+00:00,D,1,0.24,0.2552,0.2488,0.2479,nan,0.2483,1,0
D1,bun-mai-stu-2026-03-07,2026-03-07T14:30:00+00:00,D,6,0.241,0.2552,0.2488,0.2479,nan,0.2483,1,0
D1,bun-mai-stu-2026-03-07,2026-03-07T14:30:00+00:00,D,24,0.25,0.2552,0.2488,0.2479,nan,0.2483,1,0
D1,bun-mai-stu-2026-03-07,2026-03-07T14:30:00+00:00,A,1,0.499,0.4394,0.481,0.483,nan,0.4869,0,0
D1,bun-mai-stu-2026-03-07,2026-03-07T14:30:00+00:00,A,6,0.5,0.4394,0.481,0.483,nan,0.4869,0,0
D1,bun-mai-stu-2026-03-07,2026-03-07T14:30:00+00:00,A,24,0.46,0.4394,0.481,0.483,nan,0.4869,0,0
D1,bun-wol-hsv-2026-03-07,2026-03-07T14:30:00+00:00,H,1,0.389,0.405,0.3669,0.3704,nan,0.3703,0,0
D1,bun-wol-hsv-2026-03-07,2026-03-07T14:30:00+00:00,H,6,0.399,0.405,0.3669,0.3704,nan,0.3703,0,0
D1,bun-wol-hsv-2026-03-07,2026-03-07T14:30:00+00:00,H,24,0.4,0.405,0.3669,0.3704,nan,0.3703,0,0
D1,bun-wol-hsv-2026-03-07,2026-03-07T14:30:00+00:00,D,1,0.271,0.2646,0.2787,0.2862,nan,0.2777,0,0
D1,bun-wol-hsv-2026-03-07,2026-03-07T14:30:00+00:00,D,6,0.279,0.2646,0.2787,0.2862,nan,0.2777,0,0
D1,bun-wol-hsv-2026-03-07,2026-03-07T14:30:00+00:00,D,24,0.27,0.2646,0.2787,0.2862,nan,0.2777,0,0
D1,bun-wol-hsv-2026-03-07,2026-03-07T14:30:00+00:00,A,1,0.35,0.3303,0.3544,0.3434,nan,0.352,1,0
D1,bun-wol-hsv-2026-03-07,2026-03-07T14:30:00+00:00,A,6,0.339,0.3303,0.3544,0.3434,nan,0.352,1,0
D1,bun-wol-hsv-2026-03-07,2026-03-07T14:30:00+00:00,A,24,0.33,0.3303,0.3544,0.3434,nan,0.352,1,0
D1,bun-koe-dor-2026-03-07,2026-03-07T17:30:00+00:00,H,1,0.23,0.2271,0.2326,0.2368,nan,0.2313,0,0
D1,bun-koe-dor-2026-03-07,2026-03-07T17:30:00+00:00,H,6,0.231,0.2271,0.2326,0.2368,nan,0.2313,0,0
D1,bun-koe-dor-2026-03-07,2026-03-07T17:30:00+00:00,H,24,0.23,0.2271,0.2326,0.2368,nan,0.2313,0,0
D1,bun-koe-dor-2026-03-07,2026-03-07T17:30:00+00:00,D,1,0.24,0.2346,0.2379,0.2368,nan,0.2313,0,0
D1,bun-koe-dor-2026-03-07,2026-03-07T17:30:00+00:00,D,6,0.24,0.2346,0.2379,0.2368,nan,0.2313,0,0
D1,bun-koe-dor-2026-03-07,2026-03-07T17:30:00+00:00,D,24,0.24,0.2346,0.2379,0.2368,nan,0.2313,0,0
D1,bun-koe-dor-2026-03-07,2026-03-07T17:30:00+00:00,A,1,0.54,0.5383,0.5295,0.5263,nan,0.5375,1,0
D1,bun-koe-dor-2026-03-07,2026-03-07T17:30:00+00:00,A,6,0.53,0.5383,0.5295,0.5263,nan,0.5375,1,0
D1,bun-koe-dor-2026-03-07,2026-03-07T17:30:00+00:00,A,24,0.54,0.5383,0.5295,0.5263,nan,0.5375,1,0
D1,bun-moe-pau-2026-03-13,2026-03-13T19:30:00+00:00,H,1,0.5,0.494,0.491,0.4959,nan,0.4964,1,0
D1,bun-moe-pau-2026-03-13,2026-03-13T19:30:00+00:00,H,6,0.5,0.494,0.491,0.4959,nan,0.4964,1,0
D1,bun-moe-pau-2026-03-13,2026-03-13T19:30:00+00:00,H,24,0.489,0.494,0.491,0.4959,nan,0.4964,1,0
D1,bun-moe-pau-2026-03-13,2026-03-13T19:30:00+00:00,D,1,0.29,0.2836,0.2842,0.2786,nan,0.2878,0,0
D1,bun-moe-pau-2026-03-13,2026-03-13T19:30:00+00:00,D,6,0.28,0.2836,0.2842,0.2786,nan,0.2878,0,0
D1,bun-moe-pau-2026-03-13,2026-03-13T19:30:00+00:00,D,24,0.29,0.2836,0.2842,0.2786,nan,0.2878,0,0
D1,bun-moe-pau-2026-03-13,2026-03-13T19:30:00+00:00,A,1,0.22,0.2224,0.2249,0.2255,nan,0.2158,0,0
D1,bun-moe-pau-2026-03-13,2026-03-13T19:30:00+00:00,A,6,0.22,0.2224,0.2249,0.2255,nan,0.2158,0,0
D1,bun-moe-pau-2026-03-13,2026-03-13T19:30:00+00:00,A,24,0.23,0.2224,0.2249,0.2255,nan,0.2158,0,0
D1,bun-pau-ein-2026-03-08,2026-03-08T14:30:00+00:00,H,1,0.36,0.3532,0.3702,0.3805,nan,0.3797,0,0
D1,bun-pau-ein-2026-03-08,2026-03-08T14:30:00+00:00,H,6,0.36,0.3532,0.3702,0.3805,nan,0.3797,0,0
D1,bun-pau-ein-2026-03-08,2026-03-08T14:30:00+00:00,H,24,0.34,0.3532,0.3702,0.3805,nan,0.3797,0,0
D1,bun-pau-ein-2026-03-08,2026-03-08T14:30:00+00:00,D,1,0.29,0.2826,0.2867,0.2798,nan,0.2842,1,0
D1,bun-pau-ein-2026-03-08,2026-03-08T14:30:00+00:00,D,6,0.29,0.2826,0.2867,0.2798,nan,0.2842,1,0
D1,bun-pau-ein-2026-03-08,2026-03-08T14:30:00+00:00,D,24,0.29,0.2826,0.2867,0.2798,nan,0.2842,1,0
D1,bun-pau-ein-2026-03-08,2026-03-08T14:30:00+00:00,A,1,0.36,0.3642,0.3432,0.3397,nan,0.3361,0,0
D1,bun-pau-ein-2026-03-08,2026-03-08T14:30:00+00:00,A,6,0.359,0.3642,0.3432,0.3397,nan,0.3361,0,0
D1,bun-pau-ein-2026-03-08,2026-03-08T14:30:00+00:00,A,24,0.39,0.3642,0.3432,0.3397,nan,0.3361,0,0
D1,bun-uni-wer-2026-03-08,2026-03-08T16:30:00+00:00,H,1,0.3997,0.4248,0.3961,0.389,nan,0.3864,0,0
D1,bun-uni-wer-2026-03-08,2026-03-08T16:30:00+00:00,H,6,0.401,0.4248,0.3961,0.389,nan,0.3864,0,0
D1,bun-uni-wer-2026-03-08,2026-03-08T16:30:00+00:00,H,24,0.42,0.4248,0.3961,0.389,nan,0.3864,0,0
D1,bun-uni-wer-2026-03-08,2026-03-08T16:30:00+00:00,D,1,0.31,0.2832,0.2952,0.2933,nan,0.3115,0,0
D1,bun-uni-wer-2026-03-08,2026-03-08T16:30:00+00:00,D,6,0.3,0.2832,0.2952,0.2933,nan,0.3115,0,0
D1,bun-uni-wer-2026-03-08,2026-03-08T16:30:00+00:00,D,24,0.28,0.2832,0.2952,0.2933,nan,0.3115,0,0
D1,bun-uni-wer-2026-03-08,2026-03-08T16:30:00+00:00,A,1,0.301,0.292,0.3088,0.3177,nan,0.3021,1,0
D1,bun-uni-wer-2026-03-08,2026-03-08T16:30:00+00:00,A,6,0.3,0.292,0.3088,0.3177,nan,0.3021,1,0
D1,bun-uni-wer-2026-03-08,2026-03-08T16:30:00+00:00,A,24,0.3,0.292,0.3088,0.3177,nan,0.3021,1,0
D1,bun-hof-wol-2026-03-14,2026-03-14T14:30:00+00:00,H,1,0.6958,0.6495,0.6658,0.6505,nan,0.6711,0,0
D1,bun-hof-wol-2026-03-14,2026-03-14T14:30:00+00:00,H,6,0.69,0.6495,0.6658,0.6505,nan,0.6711,0,0
D1,bun-hof-wol-2026-03-14,2026-03-14T14:30:00+00:00,H,24,0.67,0.6495,0.6658,0.6505,nan,0.6711,0,0
D1,bun-hof-wol-2026-03-14,2026-03-14T14:30:00+00:00,D,1,0.18,0.1957,0.1889,0.1986,nan,0.191,1,72704
D1,bun-hof-wol-2026-03-14,2026-03-14T14:30:00+00:00,D,6,0.18,0.1957,0.1889,0.1986,nan,0.191,1,72704
D1,bun-hof-wol-2026-03-14,2026-03-14T14:30:00+00:00,D,24,0.19,0.1957,0.1889,0.1986,nan,0.191,1,72704
D1,bun-hof-wol-2026-03-14,2026-03-14T14:30:00+00:00,A,1,0.12,0.1548,0.1453,0.1509,nan,0.1379,0,0
D1,bun-hof-wol-2026-03-14,2026-03-14T14:30:00+00:00,A,6,0.13,0.1548,0.1453,0.1509,nan,0.1379,0,0
D1,bun-hof-wol-2026-03-14,2026-03-14T14:30:00+00:00,A,24,0.14,0.1548,0.1453,0.1509,nan,0.1379,0,0
D1,bun-ein-hei-2026-03-14,2026-03-14T14:30:00+00:00,H,1,0.62,0.6148,0.5829,0.5786,nan,0.5786,1,0
D1,bun-ein-hei-2026-03-14,2026-03-14T14:30:00+00:00,H,6,0.62,0.6148,0.5829,0.5786,nan,0.5786,1,0
D1,bun-ein-hei-2026-03-14,2026-03-14T14:30:00+00:00,H,24,0.64,0.6148,0.5829,0.5786,nan,0.5786,1,0
D1,bun-ein-hei-2026-03-14,2026-03-14T14:30:00+00:00,D,1,0.21,0.2134,0.2203,0.2205,nan,0.2262,0,0
D1,bun-ein-hei-2026-03-14,2026-03-14T14:30:00+00:00,D,6,0.21,0.2134,0.2203,0.2205,nan,0.2262,0,0
D1,bun-ein-hei-2026-03-14,2026-03-14T14:30:00+00:00,D,24,0.21,0.2134,0.2203,0.2205,nan,0.2262,0,0
D1,bun-ein-hei-2026-03-14,2026-03-14T14:30:00+00:00,A,1,0.18,0.1718,0.1968,0.201,nan,0.1952,0,0
D1,bun-ein-hei-2026-03-14,2026-03-14T14:30:00+00:00,A,6,0.17,0.1718,0.1968,0.201,nan,0.1952,0,0
D1,bun-ein-hei-2026-03-14,2026-03-14T14:30:00+00:00,A,24,0.16,0.1718,0.1968,0.201,nan,0.1952,0,0
D1,bun-dor-aug-2026-03-14,2026-03-14T14:30:00+00:00,H,1,0.66,0.6692,0.6133,0.6044,nan,0.6237,1,0
D1,bun-dor-aug-2026-03-14,2026-03-14T14:30:00+00:00,H,6,0.66,0.6692,0.6133,0.6044,nan,0.6237,1,0
D1,bun-dor-aug-2026-03-14,2026-03-14T14:30:00+00:00,H,24,0.69,0.6692,0.6133,0.6044,nan,0.6237,1,0
D1,bun-dor-aug-2026-03-14,2026-03-14T14:30:00+00:00,D,1,0.2,0.192,0.2099,0.2082,nan,0.211,0,0
D1,bun-dor-aug-2026-03-14,2026-03-14T14:30:00+00:00,D,6,0.2,0.192,0.2099,0.2082,nan,0.211,0,0
D1,bun-dor-aug-2026-03-14,2026-03-14T14:30:00+00:00,D,24,0.19,0.192,0.2099,0.2082,nan,0.211,0,0
D1,bun-dor-aug-2026-03-14,2026-03-14T14:30:00+00:00,A,1,0.15,0.1388,0.1767,0.1874,nan,0.1653,0,0
D1,bun-dor-aug-2026-03-14,2026-03-14T14:30:00+00:00,A,6,0.15,0.1388,0.1767,0.1874,nan,0.1653,0,0
D1,bun-dor-aug-2026-03-14,2026-03-14T14:30:00+00:00,A,24,0.13,0.1388,0.1767,0.1874,nan,0.1653,0,0
D1,bun-hsv-koe-2026-03-14,2026-03-14T17:30:00+00:00,H,1,0.4,0.4455,0.4032,0.4081,nan,0.4062,0,0
D1,bun-hsv-koe-2026-03-14,2026-03-14T17:30:00+00:00,H,6,0.42,0.4455,0.4032,0.4081,nan,0.4062,0,0
D1,bun-hsv-koe-2026-03-14,2026-03-14T17:30:00+00:00,H,24,0.44,0.4455,0.4032,0.4081,nan,0.4062,0,0
D1,bun-hsv-koe-2026-03-14,2026-03-14T17:30:00+00:00,D,1,0.28,0.2645,0.2719,0.2682,nan,0.2792,1,0
D1,bun-hsv-koe-2026-03-14,2026-03-14T17:30:00+00:00,D,6,0.27,0.2645,0.2719,0.2682,nan,0.2792,1,0
D1,bun-hsv-koe-2026-03-14,2026-03-14T17:30:00+00:00,D,24,0.28,0.2645,0.2719,0.2682,nan,0.2792,1,0
D1,bun-hsv-koe-2026-03-14,2026-03-14T17:30:00+00:00,A,1,0.33,0.29,0.3248,0.3237,nan,0.3146,0,0
D1,bun-hsv-koe-2026-03-14,2026-03-14T17:30:00+00:00,A,6,0.32,0.29,0.3248,0.3237,nan,0.3146,0,0
D1,bun-hsv-koe-2026-03-14,2026-03-14T17:30:00+00:00,A,24,0.29,0.29,0.3248,0.3237,nan,0.3146,0,0
D1,bun-b04-bay-2026-03-14,2026-03-14T14:30:00+00:00,H,1,0.18,0.1873,0.1909,0.199,nan,0.1772,0,0
D1,bun-b04-bay-2026-03-14,2026-03-14T14:30:00+00:00,H,6,0.18,0.1873,0.1909,0.199,nan,0.1772,0,0
D1,bun-b04-bay-2026-03-14,2026-03-14T14:30:00+00:00,H,24,0.18,0.1873,0.1909,0.199,nan,0.1772,0,0
D1,bun-b04-bay-2026-03-14,2026-03-14T14:30:00+00:00,D,1,0.2,0.2032,0.2007,0.199,nan,0.1985,1,0
D1,bun-b04-bay-2026-03-14,2026-03-14T14:30:00+00:00,D,6,0.2,0.2032,0.2007,0.199,nan,0.1985,1,0
D1,bun-b04-bay-2026-03-14,2026-03-14T14:30:00+00:00,D,24,0.2,0.2032,0.2007,0.199,nan,0.1985,1,0
D1,bun-b04-bay-2026-03-14,2026-03-14T14:30:00+00:00,A,1,0.62,0.6095,0.6085,0.602,nan,0.6242,0,0
D1,bun-b04-bay-2026-03-14,2026-03-14T14:30:00+00:00,A,6,0.64,0.6095,0.6085,0.602,nan,0.6242,0,0
D1,bun-b04-bay-2026-03-14,2026-03-14T14:30:00+00:00,A,24,0.64,0.6095,0.6085,0.602,nan,0.6242,0,0
D1,bun-wer-mai-2026-03-15,2026-03-15T14:30:00+00:00,H,1,0.44,0.4242,0.4192,0.4157,nan,0.4239,0,0
D1,bun-wer-mai-2026-03-15,2026-03-15T14:30:00+00:00,H,6,0.46,0.4242,0.4192,0.4157,nan,0.4239,0,0
D1,bun-wer-mai-2026-03-15,2026-03-15T14:30:00+00:00,H,24,0.45,0.4242,0.4192,0.4157,nan,0.4239,0,0
D1,bun-wer-mai-2026-03-15,2026-03-15T14:30:00+00:00,D,1,0.27,0.2697,0.2698,0.2656,nan,0.2755,0,57861
D1,bun-wer-mai-2026-03-15,2026-03-15T14:30:00+00:00,D,6,0.27,0.2697,0.2698,0.2656,nan,0.2755,0,57861
D1,bun-wer-mai-2026-03-15,2026-03-15T14:30:00+00:00,D,24,0.28,0.2697,0.2698,0.2656,nan,0.2755,0,57861
D1,bun-wer-mai-2026-03-15,2026-03-15T14:30:00+00:00,A,1,0.29,0.306,0.3109,0.3187,nan,0.3006,1,0
D1,bun-wer-mai-2026-03-15,2026-03-15T14:30:00+00:00,A,6,0.27,0.306,0.3109,0.3187,nan,0.3006,1,0
D1,bun-wer-mai-2026-03-15,2026-03-15T14:30:00+00:00,A,24,0.3,0.306,0.3109,0.3187,nan,0.3006,1,0
D1,bun-fre-uni-2026-03-15,2026-03-15T16:30:00+00:00,H,1,0.44,0.4427,0.4966,0.4993,nan,0.5011,0,0
D1,bun-fre-uni-2026-03-15,2026-03-15T16:30:00+00:00,H,6,0.45,0.4427,0.4966,0.4993,nan,0.5011,0,0
D1,bun-fre-uni-2026-03-15,2026-03-15T16:30:00+00:00,H,24,0.45,0.4427,0.4966,0.4993,nan,0.5011,0,0
D1,bun-fre-uni-2026-03-15,2026-03-15T16:30:00+00:00,D,1,0.29,0.2865,0.2651,0.2635,nan,0.2682,0,0
D1,bun-fre-uni-2026-03-15,2026-03-15T16:30:00+00:00,D,6,0.28,0.2865,0.2651,0.2635,nan,0.2682,0,0
D1,bun-fre-uni-2026-03-15,2026-03-15T16:30:00+00:00,D,24,0.29,0.2865,0.2651,0.2635,nan,0.2682,0,0
D1,bun-fre-uni-2026-03-15,2026-03-15T16:30:00+00:00,A,1,0.27,0.2708,0.2382,0.2372,nan,0.2307,1,0
D1,bun-fre-uni-2026-03-15,2026-03-15T16:30:00+00:00,A,6,0.26,0.2708,0.2382,0.2372,nan,0.2307,1,0
D1,bun-fre-uni-2026-03-15,2026-03-15T16:30:00+00:00,A,24,0.27,0.2708,0.2382,0.2372,nan,0.2307,1,0
D1,bun-stu-lei-2026-03-15,2026-03-15T18:30:00+00:00,H,1,0.39,0.412,0.3908,0.3834,nan,0.3956,1,0
D1,bun-stu-lei-2026-03-15,2026-03-15T18:30:00+00:00,H,6,0.38,0.412,0.3908,0.3834,nan,0.3956,1,0
D1,bun-stu-lei-2026-03-15,2026-03-15T18:30:00+00:00,H,24,0.4,0.412,0.3908,0.3834,nan,0.3956,1,0
D1,bun-stu-lei-2026-03-15,2026-03-15T18:30:00+00:00,D,1,0.24,0.2419,0.2399,0.2409,nan,0.2432,0,0
D1,bun-stu-lei-2026-03-15,2026-03-15T18:30:00+00:00,D,6,0.25,0.2419,0.2399,0.2409,nan,0.2432,0,0
D1,bun-stu-lei-2026-03-15,2026-03-15T18:30:00+00:00,D,24,0.25,0.2419,0.2399,0.2409,nan,0.2432,0,0
D1,bun-stu-lei-2026-03-15,2026-03-15T18:30:00+00:00,A,1,0.37,0.3461,0.3693,0.3757,nan,0.3612,0,0
D1,bun-stu-lei-2026-03-15,2026-03-15T18:30:00+00:00,A,6,0.38,0.3461,0.3693,0.3757,nan,0.3612,0,0
D1,bun-stu-lei-2026-03-15,2026-03-15T18:30:00+00:00,A,24,0.37,0.3461,0.3693,0.3757,nan,0.3612,0,0
D1,bun-lei-hof-2026-03-20,2026-03-20T19:30:00+00:00,H,1,0.5,0.4942,0.4931,0.4971,nan,0.5011,1,0
D1,bun-lei-hof-2026-03-20,2026-03-20T19:30:00+00:00,H,6,0.49,0.4942,0.4931,0.4971,nan,0.5011,1,0
D1,bun-lei-hof-2026-03-20,2026-03-20T19:30:00+00:00,H,24,0.51,0.4942,0.4931,0.4971,nan,0.5011,1,0
D1,bun-lei-hof-2026-03-20,2026-03-20T19:30:00+00:00,D,1,0.24,0.2296,0.2354,0.2316,nan,0.2432,0,0
D1,bun-lei-hof-2026-03-20,2026-03-20T19:30:00+00:00,D,6,0.24,0.2296,0.2354,0.2316,nan,0.2432,0,0
D1,bun-lei-hof-2026-03-20,2026-03-20T19:30:00+00:00,D,24,0.22,0.2296,0.2354,0.2316,nan,0.2432,0,0
D1,bun-lei-hof-2026-03-20,2026-03-20T19:30:00+00:00,A,1,0.27,0.2762,0.2715,0.2713,nan,0.2557,0,0
D1,bun-lei-hof-2026-03-20,2026-03-20T19:30:00+00:00,A,6,0.28,0.2762,0.2715,0.2713,nan,0.2557,0,0
D1,bun-lei-hof-2026-03-20,2026-03-20T19:30:00+00:00,A,24,0.26,0.2762,0.2715,0.2713,nan,0.2557,0,0
D1,bun-wol-wer-2026-03-21,2026-03-21T14:30:00+00:00,H,1,0.4,0.4017,0.4017,0.4132,nan,0.401,0,0
D1,bun-wol-wer-2026-03-21,2026-03-21T14:30:00+00:00,H,6,0.4,0.4017,0.4017,0.4132,nan,0.401,0,0
D1,bun-wol-wer-2026-03-21,2026-03-21T14:30:00+00:00,H,24,0.41,0.4017,0.4017,0.4132,nan,0.401,0,0
D1,bun-wol-wer-2026-03-21,2026-03-21T14:30:00+00:00,D,1,0.27,0.2618,0.2626,0.2568,nan,0.2652,0,0
D1,bun-wol-wer-2026-03-21,2026-03-21T14:30:00+00:00,D,6,0.26,0.2618,0.2626,0.2568,nan,0.2652,0,0
D1,bun-wol-wer-2026-03-21,2026-03-21T14:30:00+00:00,D,24,0.27,0.2618,0.2626,0.2568,nan,0.2652,0,0
D1,bun-wol-wer-2026-03-21,2026-03-21T14:30:00+00:00,A,1,0.35,0.3365,0.3357,0.33,nan,0.3337,1,0
D1,bun-wol-wer-2026-03-21,2026-03-21T14:30:00+00:00,A,6,0.33,0.3365,0.3357,0.33,nan,0.3337,1,0
D1,bun-wol-wer-2026-03-21,2026-03-21T14:30:00+00:00,A,24,0.34,0.3365,0.3357,0.33,nan,0.3337,1,0
D1,bun-bay-uni-2026-03-21,2026-03-21T14:30:00+00:00,H,1,0.85,0.807,0.8302,0.8235,nan,0.8538,1,0
D1,bun-bay-uni-2026-03-21,2026-03-21T14:30:00+00:00,H,6,0.85,0.807,0.8302,0.8235,nan,0.8538,1,0
D1,bun-bay-uni-2026-03-21,2026-03-21T14:30:00+00:00,H,24,0.84,0.807,0.8302,0.8235,nan,0.8538,1,0
D1,bun-bay-uni-2026-03-21,2026-03-21T14:30:00+00:00,D,1,0.09,0.123,0.1082,0.1043,nan,0.099,0,0
D1,bun-bay-uni-2026-03-21,2026-03-21T14:30:00+00:00,D,6,0.09,0.123,0.1082,0.1043,nan,0.099,0,0
D1,bun-bay-uni-2026-03-21,2026-03-21T14:30:00+00:00,D,24,0.09,0.123,0.1082,0.1043,nan,0.099,0,0
D1,bun-bay-uni-2026-03-21,2026-03-21T14:30:00+00:00,A,1,0.06,0.07,0.0616,0.0722,nan,0.0472,0,188336
D1,bun-bay-uni-2026-03-21,2026-03-21T14:30:00+00:00,A,6,0.06,0.07,0.0616,0.0722,nan,0.0472,0,188336
D1,bun-bay-uni-2026-03-21,2026-03-21T14:30:00+00:00,A,24,0.05,0.07,0.0616,0.0722,nan,0.0472,0,188336
D1,bun-koe-moe-2026-03-21,2026-03-21T14:30:00+00:00,H,1,0.42,0.4155,0.408,0.4011,nan,0.4066,0,0
D1,bun-koe-moe-2026-03-21,2026-03-21T14:30:00+00:00,H,6,0.42,0.4155,0.408,0.4011,nan,0.4066,0,0
D1,bun-koe-moe-2026-03-21,2026-03-21T14:30:00+00:00,H,24,0.43,0.4155,0.408,0.4011,nan,0.4066,0,0
D1,bun-koe-moe-2026-03-21,2026-03-21T14:30:00+00:00,D,1,0.29,0.2718,0.2793,0.2807,nan,0.2834,1,0
D1,bun-koe-moe-2026-03-21,2026-03-21T14:30:00+00:00,D,6,0.29,0.2718,0.2793,0.2807,nan,0.2834,1,0
D1,bun-koe-moe-2026-03-21,2026-03-21T14:30:00+00:00,D,24,0.27,0.2718,0.2793,0.2807,nan,0.2834,1,0
D1,bun-koe-moe-2026-03-21,2026-03-21T14:30:00+00:00,A,1,0.31,0.3127,0.3128,0.3182,nan,0.31,0,106432
D1,bun-koe-moe-2026-03-21,2026-03-21T14:30:00+00:00,A,6,0.3,0.3127,0.3128,0.3182,nan,0.31,0,106432
D1,bun-koe-moe-2026-03-21,2026-03-21T14:30:00+00:00,A,24,0.31,0.3127,0.3128,0.3182,nan,0.31,0,106432
D1,bun-hei-b04-2026-03-21,2026-03-21T14:30:00+00:00,H,1,0.16,0.1835,0.1786,0.1874,nan,0.1654,0,0
D1,bun-hei-b04-2026-03-21,2026-03-21T14:30:00+00:00,H,6,0.17,0.1835,0.1786,0.1874,nan,0.1654,0,0
D1,bun-hei-b04-2026-03-21,2026-03-21T14:30:00+00:00,H,24,0.18,0.1835,0.1786,0.1874,nan,0.1654,0,0
D1,bun-hei-b04-2026-03-21,2026-03-21T14:30:00+00:00,D,1,0.2,0.2166,0.2047,0.2082,nan,0.2025,1,0
D1,bun-hei-b04-2026-03-21,2026-03-21T14:30:00+00:00,D,6,0.21,0.2166,0.2047,0.2082,nan,0.2025,1,0
D1,bun-hei-b04-2026-03-21,2026-03-21T14:30:00+00:00,D,24,0.22,0.2166,0.2047,0.2082,nan,0.2025,1,0
D1,bun-hei-b04-2026-03-21,2026-03-21T14:30:00+00:00,A,1,0.64,0.5999,0.6168,0.6044,nan,0.6321,0,0
D1,bun-hei-b04-2026-03-21,2026-03-21T14:30:00+00:00,A,6,0.63,0.5999,0.6168,0.6044,nan,0.6321,0,0
D1,bun-hei-b04-2026-03-21,2026-03-21T14:30:00+00:00,A,24,0.62,0.5999,0.6168,0.6044,nan,0.6321,0,0
D1,bun-dor-hsv-2026-03-21,2026-03-21T17:30:00+00:00,H,1,0.71,0.6752,0.6668,0.6627,nan,0.6788,1,0
D1,bun-dor-hsv-2026-03-21,2026-03-21T17:30:00+00:00,H,6,0.7,0.6752,0.6668,0.6627,nan,0.6788,1,0
D1,bun-dor-hsv-2026-03-21,2026-03-21T17:30:00+00:00,H,24,0.7,0.6752,0.6668,0.6627,nan,0.6788,1,0
D1,bun-dor-hsv-2026-03-21,2026-03-21T17:30:00+00:00,D,1,0.17,0.1909,0.1967,0.2009,nan,0.1996,0,0
D1,bun-dor-hsv-2026-03-21,2026-03-21T17:30:00+00:00,D,6,0.19,0.1909,0.1967,0.2009,nan,0.1996,0,0
D1,bun-dor-hsv-2026-03-21,2026-03-21T17:30:00+00:00,D,24,0.19,0.1909,0.1967,0.2009,nan,0.1996,0,0
D1,bun-dor-hsv-2026-03-21,2026-03-21T17:30:00+00:00,A,1,0.11,0.1339,0.1365,0.1363,nan,0.1217,0,0
D1,bun-dor-hsv-2026-03-21,2026-03-21T17:30:00+00:00,A,6,0.12,0.1339,0.1365,0.1363,nan,0.1217,0,0
D1,bun-dor-hsv-2026-03-21,2026-03-21T17:30:00+00:00,A,24,0.13,0.1339,0.1365,0.1363,nan,0.1217,0,0
D1,bun-mai-ein-2026-03-22,2026-03-22T14:30:00+00:00,H,1,0.43,0.4478,0.4369,0.4427,nan,0.4438,1,0
D1,bun-mai-ein-2026-03-22,2026-03-22T14:30:00+00:00,H,6,0.44,0.4478,0.4369,0.4427,nan,0.4438,1,0
D1,bun-mai-ein-2026-03-22,2026-03-22T14:30:00+00:00,H,24,0.44,0.4478,0.4369,0.4427,nan,0.4438,1,0
D1,bun-mai-ein-2026-03-22,2026-03-22T14:30:00+00:00,D,1,0.27,0.2602,0.2676,0.2644,nan,0.2761,0,0
D1,bun-mai-ein-2026-03-22,2026-03-22T14:30:00+00:00,D,6,0.27,0.2602,0.2676,0.2644,nan,0.2761,0,0
D1,bun-mai-ein-2026-03-22,2026-03-22T14:30:00+00:00,D,24,0.26,0.2602,0.2676,0.2644,nan,0.2761,0,0
D1,bun-mai-ein-2026-03-22,2026-03-22T14:30:00+00:00,A,1,0.3,0.292,0.2954,0.2929,nan,0.28,0,0
D1,bun-mai-ein-2026-03-22,2026-03-22T14:30:00+00:00,A,6,0.3,0.292,0.2954,0.2929,nan,0.28,0,0
D1,bun-mai-ein-2026-03-22,2026-03-22T14:30:00+00:00,A,24,0.28,0.292,0.2954,0.2929,nan,0.28,0,0
D1,bun-pau-fre-2026-03-22,2026-03-22T16:30:00+00:00,H,1,0.36,0.35,0.3525,0.3519,nan,0.3503,0,0
D1,bun-pau-fre-2026-03-22,2026-03-22T16:30:00+00:00,H,6,0.35,0.35,0.3525,0.3519,nan,0.3503,0,0
D1,bun-pau-fre-2026-03-22,2026-03-22T16:30:00+00:00,H,24,0.35,0.35,0.3525,0.3519,nan,0.3503,0,0
D1,bun-pau-fre-2026-03-22,2026-03-22T16:30:00+00:00,D,1,0.32,0.3052,0.3126,0.3121,nan,0.3158,0,0
D1,bun-pau-fre-2026-03-22,2026-03-22T16:30:00+00:00,D,6,0.32,0.3052,0.3126,0.3121,nan,0.3158,0,0
D1,bun-pau-fre-2026-03-22,2026-03-22T16:30:00+00:00,D,24,0.3,0.3052,0.3126,0.3121,nan,0.3158,0,0
D1,bun-pau-fre-2026-03-22,2026-03-22T16:30:00+00:00,A,1,0.34,0.3448,0.3349,0.336,nan,0.3339,1,0
D1,bun-pau-fre-2026-03-22,2026-03-22T16:30:00+00:00,A,6,0.34,0.3448,0.3349,0.336,nan,0.3339,1,0
D1,bun-pau-fre-2026-03-22,2026-03-22T16:30:00+00:00,A,24,0.35,0.3448,0.3349,0.336,nan,0.3339,1,0
D1,bun-aug-stu-2026-03-22,2026-03-22T18:30:00+00:00,H,1,0.28,0.2777,0.2782,0.2724,nan,0.2656,0,0
D1,bun-aug-stu-2026-03-22,2026-03-22T18:30:00+00:00,H,6,0.27,0.2777,0.2782,0.2724,nan,0.2656,0,0
D1,bun-aug-stu-2026-03-22,2026-03-22T18:30:00+00:00,H,24,0.28,0.2777,0.2782,0.2724,nan,0.2656,0,0
D1,bun-aug-stu-2026-03-22,2026-03-22T18:30:00+00:00,D,1,0.25,0.2488,0.2507,0.2509,nan,0.2554,0,0
D1,bun-aug-stu-2026-03-22,2026-03-22T18:30:00+00:00,D,6,0.25,0.2488,0.2507,0.2509,nan,0.2554,0,0
D1,bun-aug-stu-2026-03-22,2026-03-22T18:30:00+00:00,D,24,0.24,0.2488,0.2507,0.2509,nan,0.2554,0,0
D1,bun-aug-stu-2026-03-22,2026-03-22T18:30:00+00:00,A,1,0.47,0.4736,0.4711,0.4767,nan,0.4789,1,0
D1,bun-aug-stu-2026-03-22,2026-03-22T18:30:00+00:00,A,6,0.47,0.4736,0.4711,0.4767,nan,0.4789,1,0
D1,bun-aug-stu-2026-03-22,2026-03-22T18:30:00+00:00,A,24,0.48,0.4736,0.4711,0.4767,nan,0.4789,1,0
D1,bun-b04-wol-2026-04-04,2026-04-04T13:30:00+00:00,H,1,0.67,0.6718,0.6608,0.6505,nan,0.6669,1,814212
D1,bun-b04-wol-2026-04-04,2026-04-04T13:30:00+00:00,H,6,0.68,0.6718,0.6608,0.6505,nan,0.6669,1,814212
D1,bun-b04-wol-2026-04-04,2026-04-04T13:30:00+00:00,H,24,0.69,0.6718,0.6608,0.6505,nan,0.6669,1,814212
D1,bun-b04-wol-2026-04-04,2026-04-04T13:30:00+00:00,D,1,0.19,0.1894,0.1923,0.1986,nan,0.1911,0,73768
D1,bun-b04-wol-2026-04-04,2026-04-04T13:30:00+00:00,D,6,0.18,0.1894,0.1923,0.1986,nan,0.1911,0,73768
D1,bun-b04-wol-2026-04-04,2026-04-04T13:30:00+00:00,D,24,0.19,0.1894,0.1923,0.1986,nan,0.1911,0,73768
D1,bun-b04-wol-2026-04-04,2026-04-04T13:30:00+00:00,A,1,0.14,0.1388,0.1469,0.1509,nan,0.142,0,274035
D1,bun-b04-wol-2026-04-04,2026-04-04T13:30:00+00:00,A,6,0.13,0.1388,0.1469,0.1509,nan,0.142,0,274035
D1,bun-b04-wol-2026-04-04,2026-04-04T13:30:00+00:00,A,24,0.13,0.1388,0.1469,0.1509,nan,0.142,0,274035
D1,bun-moe-hei-2026-04-04,2026-04-04T13:30:00+00:00,H,1,0.6177,0.5989,0.5911,0.5978,nan,0.5993,0,96858
D1,bun-moe-hei-2026-04-04,2026-04-04T13:30:00+00:00,H,6,0.62,0.5989,0.5911,0.5978,nan,0.5993,0,96858
D1,bun-moe-hei-2026-04-04,2026-04-04T13:30:00+00:00,H,24,0.61,0.5989,0.5911,0.5978,nan,0.5993,0,96858
D1,bun-moe-hei-2026-04-04,2026-04-04T13:30:00+00:00,D,1,0.22,0.2214,0.2227,0.2235,nan,0.2261,1,34325
D1,bun-moe-hei-2026-04-04,2026-04-04T13:30:00+00:00,D,6,0.21,0.2214,0.2227,0.2235,nan,0.2261,1,34325
D1,bun-moe-hei-2026-04-04,2026-04-04T13:30:00+00:00,D,24,0.22,0.2214,0.2227,0.2235,nan,0.2261,1,34325
D1,bun-moe-hei-2026-04-04,2026-04-04T13:30:00+00:00,A,1,0.17,0.1797,0.1861,0.1788,nan,0.1745,0,7415
D1,bun-moe-hei-2026-04-04,2026-04-04T13:30:00+00:00,A,6,0.17,0.1797,0.1861,0.1788,nan,0.1745,0,7415
D1,bun-moe-hei-2026-04-04,2026-04-04T13:30:00+00:00,A,24,0.16,0.1797,0.1861,0.1788,nan,0.1745,0,7415
D1,bun-wer-lei-2026-04-04,2026-04-04T13:30:00+00:00,H,1,0.24,0.2732,0.2514,0.2537,nan,0.2432,0,36097
D1,bun-wer-lei-2026-04-04,2026-04-04T13:30:00+00:00,H,6,0.26,0.2732,0.2514,0.2537,nan,0.2432,0,36097
D1,bun-wer-lei-2026-04-04,2026-04-04T13:30:00+00:00,H,24,0.27,0.2732,0.2514,0.2537,nan,0.2432,0,36097
D1,bun-wer-lei-2026-04-04,2026-04-04T13:30:00+00:00,D,1,0.23,0.2427,0.2375,0.232,nan,0.2374,0,20502
D1,bun-wer-lei-2026-04-04,2026-04-04T13:30:00+00:00,D,6,0.23,0.2427,0.2375,0.232,nan,0.2374,0,20502
D1,bun-wer-lei-2026-04-04,2026-04-04T13:30:00+00:00,D,24,0.24,0.2427,0.2375,0.232,nan,0.2374,0,20502
D1,bun-wer-lei-2026-04-04,2026-04-04T13:30:00+00:00,A,1,0.52,0.4841,0.5111,0.5143,nan,0.5194,1,169514
D1,bun-wer-lei-2026-04-04,2026-04-04T13:30:00+00:00,A,6,0.51,0.4841,0.5111,0.5143,nan,0.5194,1,169514
D1,bun-wer-lei-2026-04-04,2026-04-04T13:30:00+00:00,A,24,0.5,0.4841,0.5111,0.5143,nan,0.5194,1,169514
D1,bun-fre-bay-2026-04-04,2026-04-04T13:30:00+00:00,H,1,0.14,0.1403,0.1725,0.1806,nan,0.1684,0,378694
D1,bun-fre-bay-2026-04-04,2026-04-04T13:30:00+00:00,H,6,0.14,0.1403,0.1725,0.1806,nan,0.1684,0,378694
D1,bun-fre-bay-2026-04-04,2026-04-04T13:30:00+00:00,H,24,0.13,0.1403,0.1725,0.1806,nan,0.1684,0,378694
D1,bun-fre-bay-2026-04-04,2026-04-04T13:30:00+00:00,D,1,0.19,0.1776,0.2032,0.1996,nan,0.2028,0,195910
D1,bun-fre-bay-2026-04-04,2026-04-04T13:30:00+00:00,D,6,0.17,0.1776,0.2032,0.1996,nan,0.2028,0,195910
D1,bun-fre-bay-2026-04-04,2026-04-04T13:30:00+00:00,D,24,0.17,0.1776,0.2032,0.1996,nan,0.2028,0,195910
D1,bun-fre-bay-2026-04-04,2026-04-04T13:30:00+00:00,A,1,0.68,0.6821,0.6244,0.6198,nan,0.6288,1,2006243
D1,bun-fre-bay-2026-04-04,2026-04-04T13:30:00+00:00,A,6,0.69,0.6821,0.6244,0.6198,nan,0.6288,1,2006243
D1,bun-fre-bay-2026-04-04,2026-04-04T13:30:00+00:00,A,24,0.7,0.6821,0.6244,0.6198,nan,0.6288,1,2006243
D1,bun-hsv-aug-2026-04-04,2026-04-04T13:30:00+00:00,H,1,0.39,0.4212,0.3959,0.4029,nan,0.3987,0,259114
D1,bun-hsv-aug-2026-04-04,2026-04-04T13:30:00+00:00,H,6,0.42,0.4212,0.3959,0.4029,nan,0.3987,0,259114
D1,bun-hsv-aug-2026-04-04,2026-04-04T13:30:00+00:00,H,24,0.41,0.4212,0.3959,0.4029,nan,0.3987,0,259114
D1,bun-hsv-aug-2026-04-04,2026-04-04T13:30:00+00:00,D,1,0.28,0.2742,0.2784,0.2705,nan,0.2848,1,134150
D1,bun-hsv-aug-2026-04-04,2026-04-04T13:30:00+00:00,D,6,0.28,0.2742,0.2784,0.2705,nan,0.2848,1,134150
D1,bun-hsv-aug-2026-04-04,2026-04-04T13:30:00+00:00,D,24,0.28,0.2742,0.2784,0.2705,nan,0.2848,1,134150
D1,bun-hsv-aug-2026-04-04,2026-04-04T13:30:00+00:00,A,1,0.33,0.3046,0.3258,0.3265,nan,0.3165,0,156837
D1,bun-hsv-aug-2026-04-04,2026-04-04T13:30:00+00:00,A,6,0.31,0.3046,0.3258,0.3265,nan,0.3165,0,156837
D1,bun-hsv-aug-2026-04-04,2026-04-04T13:30:00+00:00,A,24,0.31,0.3046,0.3258,0.3265,nan,0.3165,0,156837
D1,bun-stu-dor-2026-04-04,2026-04-04T16:30:00+00:00,H,1,0.43,0.4096,0.4025,0.4006,nan,0.4011,0,127135
D1,bun-stu-dor-2026-04-04,2026-04-04T16:30:00+00:00,H,6,0.43,0.4096,0.4025,0.4006,nan,0.4011,0,127135
D1,bun-stu-dor-2026-04-04,2026-04-04T16:30:00+00:00,H,24,0.42,0.4096,0.4025,0.4006,nan,0.4011,0,127135
D1,bun-stu-dor-2026-04-04,2026-04-04T16:30:00+00:00,D,1,0.24,0.2419,0.2436,0.2414,nan,0.2487,0,218769
D1,bun-stu-dor-2026-04-04,2026-04-04T16:30:00+00:00,D,6,0.25,0.2419,0.2436,0.2414,nan,0.2487,0,218769
D1,bun-stu-dor-2026-04-04,2026-04-04T16:30:00+00:00,D,24,0.24,0.2419,0.2436,0.2414,nan,0.2487,0,218769
D1,bun-stu-dor-2026-04-04,2026-04-04T16:30:00+00:00,A,1,0.34,0.3485,0.3539,0.358,nan,0.3502,1,303396
D1,bun-stu-dor-2026-04-04,2026-04-04T16:30:00+00:00,A,6,0.34,0.3485,0.3539,0.358,nan,0.3502,1,303396
D1,bun-stu-dor-2026-04-04,2026-04-04T16:30:00+00:00,A,24,0.34,0.3485,0.3539,0.358,nan,0.3502,1,303396
D1,bun-hof-mai-2026-04-04,2026-04-04T13:30:00+00:00,H,1,0.53,0.5583,0.5536,0.5575,nan,0.5586,0,198483
D1,bun-hof-mai-2026-04-04,2026-04-04T13:30:00+00:00,H,6,0.57,0.5583,0.5536,0.5575,nan,0.5586,0,198483
D1,bun-hof-mai-2026-04-04,2026-04-04T13:30:00+00:00,H,24,0.58,0.5583,0.5536,0.5575,nan,0.5586,0,198483
D1,bun-hof-mai-2026-04-04,2026-04-04T13:30:00+00:00,D,1,0.25,0.2302,0.2382,0.243,nan,0.2425,0,73173
D1,bun-hof-mai-2026-04-04,2026-04-04T13:30:00+00:00,D,6,0.23,0.2302,0.2382,0.243,nan,0.2425,0,73173
D1,bun-hof-mai-2026-04-04,2026-04-04T13:30:00+00:00,D,24,0.23,0.2302,0.2382,0.243,nan,0.2425,0,73173
D1,bun-hof-mai-2026-04-04,2026-04-04T13:30:00+00:00,A,1,0.23,0.2114,0.2082,0.1995,nan,0.1989,1,62028
D1,bun-hof-mai-2026-04-04,2026-04-04T13:30:00+00:00,A,6,0.2,0.2114,0.2082,0.1995,nan,0.1989,1,62028
D1,bun-hof-mai-2026-04-04,2026-04-04T13:30:00+00:00,A,24,0.2,0.2114,0.2082,0.1995,nan,0.1989,1,62028
D1,bun-uni-pau-2026-04-05,2026-04-05T13:30:00+00:00,H,1,0.46,0.4482,0.4605,0.4512,nan,0.4728,0,1108948
D1,bun-uni-pau-2026-04-05,2026-04-05T13:30:00+00:00,H,6,0.45,0.4482,0.4605,0.4512,nan,0.4728,0,1108948
D1,bun-uni-pau-2026-04-05,2026-04-05T13:30:00+00:00,H,24,0.46,0.4482,0.4605,0.4512,nan,0.4728,0,1108948
D1,bun-uni-pau-2026-04-05,2026-04-05T13:30:00+00:00,D,1,0.31,0.2978,0.2954,0.2961,nan,0.2964,1,44102
D1,bun-uni-pau-2026-04-05,2026-04-05T13:30:00+00:00,D,6,0.3,0.2978,0.2954,0.2961,nan,0.2964,1,44102
D1,bun-uni-pau-2026-04-05,2026-04-05T13:30:00+00:00,D,24,0.3,0.2978,0.2954,0.2961,nan,0.2964,1,44102
D1,bun-uni-pau-2026-04-05,2026-04-05T13:30:00+00:00,A,1,0.26,0.254,0.244,0.2527,nan,0.2309,0,75487
D1,bun-uni-pau-2026-04-05,2026-04-05T13:30:00+00:00,A,6,0.26,0.254,0.244,0.2527,nan,0.2309,0,75487
D1,bun-uni-pau-2026-04-05,2026-04-05T13:30:00+00:00,A,24,0.24,0.254,0.244,0.2527,nan,0.2309,0,75487
D1,bun-ein-koe-2026-04-05,2026-04-05T15:30:00+00:00,H,1,0.5,0.4635,0.494,0.495,nan,0.4952,0,609287
D1,bun-ein-koe-2026-04-05,2026-04-05T15:30:00+00:00,H,6,0.5,0.4635,0.494,0.495,nan,0.4952,0,609287
D1,bun-ein-koe-2026-04-05,2026-04-05T15:30:00+00:00,H,24,0.48,0.4635,0.494,0.495,nan,0.4952,0,609287
D1,bun-ein-koe-2026-04-05,2026-04-05T15:30:00+00:00,D,1,0.26,0.2624,0.2537,0.2424,nan,0.2572,1,87968
D1,bun-ein-koe-2026-04-05,2026-04-05T15:30:00+00:00,D,6,0.26,0.2624,0.2537,0.2424,nan,0.2572,1,87968
D1,bun-ein-koe-2026-04-05,2026-04-05T15:30:00+00:00,D,24,0.26,0.2624,0.2537,0.2424,nan,0.2572,1,87968
D1,bun-ein-koe-2026-04-05,2026-04-05T15:30:00+00:00,A,1,0.25,0.274,0.2523,0.2626,nan,0.2476,0,212755
D1,bun-ein-koe-2026-04-05,2026-04-05T15:30:00+00:00,A,6,0.24,0.274,0.2523,0.2626,nan,0.2476,0,212755
D1,bun-ein-koe-2026-04-05,2026-04-05T15:30:00+00:00,A,24,0.26,0.274,0.2523,0.2626,nan,0.2476,0,212755
D1,bun-aug-hof-2026-04-10,2026-04-10T18:30:00+00:00,H,1,0.26,0.2827,0.2714,0.2653,nan,0.261,0,358031
D1,bun-aug-hof-2026-04-10,2026-04-10T18:30:00+00:00,H,6,0.28,0.2827,0.2714,0.2653,nan,0.261,0,358031
D1,bun-aug-hof-2026-04-10,2026-04-10T18:30:00+00:00,H,24,0.28,0.2827,0.2714,0.2653,nan,0.261,0,358031
D1,bun-aug-hof-2026-04-10,2026-04-10T18:30:00+00:00,D,1,0.26,0.2503,0.2445,0.2449,nan,0.248,1,178270
D1,bun-aug-hof-2026-04-10,2026-04-10T18:30:00+00:00,D,6,0.26,0.2503,0.2445,0.2449,nan,0.248,1,178270
D1,bun-aug-hof-2026-04-10,2026-04-10T18:30:00+00:00,D,24,0.26,0.2503,0.2445,0.2449,nan,0.248,1,178270
D1,bun-aug-hof-2026-04-10,2026-04-10T18:30:00+00:00,A,1,0.5,0.467,0.4841,0.4898,nan,0.491,0,247167
D1,bun-aug-hof-2026-04-10,2026-04-10T18:30:00+00:00,A,6,0.48,0.467,0.4841,0.4898,nan,0.491,0,247167
D1,bun-aug-hof-2026-04-10,2026-04-10T18:30:00+00:00,A,24,0.47,0.467,0.4841,0.4898,nan,0.491,0,247167
D1,bun-hei-uni-2026-04-11,2026-04-11T13:30:00+00:00,H,1,0.34,0.3185,0.3428,0.3505,nan,0.3386,1,329034
D1,bun-hei-uni-2026-04-11,2026-04-11T13:30:00+00:00,H,6,0.33,0.3185,0.3428,0.3505,nan,0.3386,1,329034
D1,bun-hei-uni-2026-04-11,2026-04-11T13:30:00+00:00,H,24,0.32,0.3185,0.3428,0.3505,nan,0.3386,1,329034
D1,bun-hei-uni-2026-04-11,2026-04-11T13:30:00+00:00,D,1,0.28,0.2667,0.277,0.2784,nan,0.2844,0,118205
D1,bun-hei-uni-2026-04-11,2026-04-11T13:30:00+00:00,D,6,0.28,0.2667,0.277,0.2784,nan,0.2844,0,118205
D1,bun-hei-uni-2026-04-11,2026-04-11T13:30:00+00:00,D,24,0.28,0.2667,0.277,0.2784,nan,0.2844,0,118205
D1,bun-hei-uni-2026-04-11,2026-04-11T13:30:00+00:00,A,1,0.39,0.4148,0.3802,0.3711,nan,0.377,0,494259
D1,bun-hei-uni-2026-04-11,2026-04-11T13:30:00+00:00,A,6,0.4,0.4148,0.3802,0.3711,nan,0.377,0,494259
D1,bun-hei-uni-2026-04-11,2026-04-11T13:30:00+00:00,A,24,0.41,0.4148,0.3802,0.3711,nan,0.377,0,494259
D1,bun-dor-b04-2026-04-11,2026-04-11T13:30:00+00:00,H,1,0.48,0.48,0.4568,0.4426,nan,0.4629,0,692858
D1,bun-dor-b04-2026-04-11,2026-04-11T13:30:00+00:00,H,6,0.49,0.48,0.4568,0.4426,nan,0.4629,0,692858
D1,bun-dor-b04-2026-04-11,2026-04-11T13:30:00+00:00,H,24,0.49,0.48,0.4568,0.4426,nan,0.4629,0,692858
D1,bun-dor-b04-2026-04-11,2026-04-11T13:30:00+00:00,D,1,0.25,0.2463,0.2483,0.2504,nan,0.254,0,48735
D1,bun-dor-b04-2026-04-11,2026-04-11T13:30:00+00:00,D,6,0.25,0.2463,0.2483,0.2504,nan,0.254,0,48735
D1,bun-dor-b04-2026-04-11,2026-04-11T13:30:00+00:00,D,24,0.25,0.2463,0.2483,0.2504,nan,0.254,0,48735
D1,bun-dor-b04-2026-04-11,2026-04-11T13:30:00+00:00,A,1,0.28,0.2737,0.295,0.307,nan,0.283,1,154010
D1,bun-dor-b04-2026-04-11,2026-04-11T13:30:00+00:00,A,6,0.27,0.2737,0.295,0.307,nan,0.283,1,154010
D1,bun-dor-b04-2026-04-11,2026-04-11T13:30:00+00:00,A,24,0.27,0.2737,0.295,0.307,nan,0.283,1,154010
D1,bun-lei-moe-2026-04-11,2026-04-11T13:30:00+00:00,H,1,0.68,0.6278,0.6433,0.6438,nan,0.6696,1,245919
D1,bun-lei-moe-2026-04-11,2026-04-11T13:30:00+00:00,H,6,0.66,0.6278,0.6433,0.6438,nan,0.6696,1,245919
D1,bun-lei-moe-2026-04-11,2026-04-11T13:30:00+00:00,H,24,0.65,0.6278,0.6433,0.6438,nan,0.6696,1,245919
D1,bun-lei-moe-2026-04-11,2026-04-11T13:30:00+00:00,D,1,0.2,0.2042,0.1986,0.1906,nan,0.1956,0,97568
D1,bun-lei-moe-2026-04-11,2026-04-11T13:30:00+00:00,D,6,0.2,0.2042,0.1986,0.1906,nan,0.1956,0,97568
D1,bun-lei-moe-2026-04-11,2026-04-11T13:30:00+00:00,D,24,0.19,0.2042,0.1986,0.1906,nan,0.1956,0,97568
D1,bun-lei-moe-2026-04-11,2026-04-11T13:30:00+00:00,A,1,0.13,0.1679,0.1581,0.1657,nan,0.1348,0,27351
D1,bun-lei-moe-2026-04-11,2026-04-11T13:30:00+00:00,A,6,0.14,0.1679,0.1581,0.1657,nan,0.1348,0,27351
D1,bun-lei-moe-2026-04-11,2026-04-11T13:30:00+00:00,A,24,0.15,0.1679,0.1581,0.1657,nan,0.1348,0,27351
D1,bun-wol-ein-2026-04-11,2026-04-11T13:30:00+00:00,H,1,0.38,0.3763,0.3808,0.3781,nan,0.38,0,89272
D1,bun-wol-ein-2026-04-11,2026-04-11T13:30:00+00:00,H,6,0.38,0.3763,0.3808,0.3781,nan,0.38,0,89272
D1,bun-wol-ein-2026-04-11,2026-04-11T13:30:00+00:00,H,24,0.37,0.3763,0.3808,0.3781,nan,0.38,0,89272
D1,bun-wol-ein-2026-04-11,2026-04-11T13:30:00+00:00,D,1,0.27,0.2607,0.2588,0.2625,nan,0.262,0,16942
D1,bun-wol-ein-2026-04-11,2026-04-11T13:30:00+00:00,D,6,0.27,0.2607,0.2588,0.2625,nan,0.262,0,16942
D1,bun-wol-ein-2026-04-11,2026-04-11T13:30:00+00:00,D,24,0.26,0.2607,0.2588,0.2625,nan,0.262,0,16942
D1,bun-wol-ein-2026-04-11,2026-04-11T13:30:00+00:00,A,1,0.37,0.3631,0.3603,0.3594,nan,0.3581,1,238045
D1,bun-wol-ein-2026-04-11,2026-04-11T13:30:00+00:00,A,6,0.36,0.3631,0.3603,0.3594,nan,0.3581,1,238045
D1,bun-wol-ein-2026-04-11,2026-04-11T13:30:00+00:00,A,24,0.36,0.3631,0.3603,0.3594,nan,0.3581,1,238045
D1,bun-pau-bay-2026-04-11,2026-04-11T16:30:00+00:00,H,1,0.12,0.1192,0.1141,0.1178,nan,0.0998,0,118956
D1,bun-pau-bay-2026-04-11,2026-04-11T16:30:00+00:00,H,6,0.13,0.1192,0.1141,0.1178,nan,0.0998,0,118956
D1,bun-pau-bay-2026-04-11,2026-04-11T16:30:00+00:00,H,24,0.1,0.1192,0.1141,0.1178,nan,0.0998,0,118956
D1,bun-pau-bay-2026-04-11,2026-04-11T16:30:00+00:00,D,1,0.18,0.1844,0.1697,0.1571,nan,0.161,0,221383
D1,bun-pau-bay-2026-04-11,2026-04-11T16:30:00+00:00,D,6,0.19,0.1844,0.1697,0.1571,nan,0.161,0,221383
D1,bun-pau-bay-2026-04-11,2026-04-11T16:30:00+00:00,D,24,0.18,0.1844,0.1697,0.1571,nan,0.161,0,221383
D1,bun-pau-bay-2026-04-11,2026-04-11T16:30:00+00:00,A,1,0.68,0.6964,0.7162,0.7251,nan,0.7392,1,1583917
D1,bun-pau-bay-2026-04-11,2026-04-11T16:30:00+00:00,A,6,0.7,0.6964,0.7162,0.7251,nan,0.7392,1,1583917
D1,bun-pau-bay-2026-04-11,2026-04-11T16:30:00+00:00,A,24,0.73,0.6964,0.7162,0.7251,nan,0.7392,1,1583917
D1,bun-koe-wer-2026-04-12,2026-04-12T13:30:00+00:00,H,1,0.43,0.4274,0.4101,0.4041,nan,0.4121,1,142454
D1,bun-koe-wer-2026-04-12,2026-04-12T13:30:00+00:00,H,6,0.44,0.4274,0.4101,0.4041,nan,0.4121,1,142454
D1,bun-koe-wer-2026-04-12,2026-04-12T13:30:00+00:00,H,24,0.44,0.4274,0.4101,0.4041,nan,0.4121,1,142454
D1,bun-koe-wer-2026-04-12,2026-04-12T13:30:00+00:00,D,1,0.28,0.2701,0.2779,0.2793,nan,0.281,0,75605
D1,bun-koe-wer-2026-04-12,2026-04-12T13:30:00+00:00,D,6,0.27,0.2701,0.2779,0.2793,nan,0.281,0,75605
D1,bun-koe-wer-2026-04-12,2026-04-12T13:30:00+00:00,D,24,0.28,0.2701,0.2779,0.2793,nan,0.281,0,75605
D1,bun-koe-wer-2026-04-12,2026-04-12T13:30:00+00:00,A,1,0.3,0.3025,0.312,0.3166,nan,0.3069,0,72586
D1,bun-koe-wer-2026-04-12,2026-04-12T13:30:00+00:00,A,6,0.3,0.3025,0.312,0.3166,nan,0.3069,0,72586
D1,bun-koe-wer-2026-04-12,2026-04-12T13:30:00+00:00,A,24,0.3,0.3025,0.312,0.3166,nan,0.3069,0,72586
D1,bun-stu-hsv-2026-04-12,2026-04-12T15:30:00+00:00,H,1,0.74,0.6708,0.7349,0.7362,nan,0.7494,1,682318
D1,bun-stu-hsv-2026-04-12,2026-04-12T15:30:00+00:00,H,6,0.74,0.6708,0.7349,0.7362,nan,0.7494,1,682318
D1,bun-stu-hsv-2026-04-12,2026-04-12T15:30:00+00:00,H,24,0.71,0.6708,0.7349,0.7362,nan,0.7494,1,682318
D1,bun-stu-hsv-2026-04-12,2026-04-12T15:30:00+00:00,D,1,0.15,0.1911,0.1586,0.1583,nan,0.1557,0,27542
D1,bun-stu-hsv-2026-04-12,2026-04-12T15:30:00+00:00,D,6,0.16,0.1911,0.1586,0.1583,nan,0.1557,0,27542
D1,bun-stu-hsv-2026-04-12,2026-04-12T15:30:00+00:00,D,24,0.18,0.1911,0.1586,0.1583,nan,0.1557,0,27542
D1,bun-stu-hsv-2026-04-12,2026-04-12T15:30:00+00:00,A,1,0.11,0.1381,0.1064,0.1055,nan,0.0949,0,57936
D1,bun-stu-hsv-2026-04-12,2026-04-12T15:30:00+00:00,A,6,0.1,0.1381,0.1064,0.1055,nan,0.0949,0,57936
D1,bun-stu-hsv-2026-04-12,2026-04-12T15:30:00+00:00,A,24,0.11,0.1381,0.1064,0.1055,nan,0.0949,0,57936
D1,bun-mai-fre-2026-04-12,2026-04-12T17:30:00+00:00,H,1,0.44,0.4191,0.4273,0.4179,nan,0.432,0,187018
D1,bun-mai-fre-2026-04-12,2026-04-12T17:30:00+00:00,H,6,0.43,0.4191,0.4273,0.4179,nan,0.432,0,187018
D1,bun-mai-fre-2026-04-12,2026-04-12T17:30:00+00:00,H,24,0.42,0.4191,0.4273,0.4179,nan,0.432,0,187018
D1,bun-mai-fre-2026-04-12,2026-04-12T17:30:00+00:00,D,1,0.29,0.2977,0.2938,0.3134,nan,0.288,0,238595
D1,bun-mai-fre-2026-04-12,2026-04-12T17:30:00+00:00,D,6,0.3,0.2977,0.2938,0.3134,nan,0.288,0,238595
D1,bun-mai-fre-2026-04-12,2026-04-12T17:30:00+00:00,D,24,0.29,0.2977,0.2938,0.3134,nan,0.288,0,238595
D1,bun-mai-fre-2026-04-12,2026-04-12T17:30:00+00:00,A,1,0.28,0.2832,0.2789,0.2687,nan,0.2799,1,218262
D1,bun-mai-fre-2026-04-12,2026-04-12T17:30:00+00:00,A,6,0.29,0.2832,0.2789,0.2687,nan,0.2799,1,218262
D1,bun-mai-fre-2026-04-12,2026-04-12T17:30:00+00:00,A,24,0.28,0.2832,0.2789,0.2687,nan,0.2799,1,218262
D1,bun-pau-koe-2026-04-17,2026-04-17T18:30:00+00:00,H,1,0.31,0.333,0.3328,0.3266,nan,0.3208,0,433640
D1,bun-pau-koe-2026-04-17,2026-04-17T18:30:00+00:00,H,6,0.34,0.333,0.3328,0.3266,nan,0.3208,0,433640
D1,bun-pau-koe-2026-04-17,2026-04-17T18:30:00+00:00,H,24,0.34,0.333,0.3328,0.3266,nan,0.3208,0,433640
D1,bun-pau-koe-2026-04-17,2026-04-17T18:30:00+00:00,D,1,0.29,0.2898,0.2888,0.2894,nan,0.2968,1,104329
D1,bun-pau-koe-2026-04-17,2026-04-17T18:30:00+00:00,D,6,0.29,0.2898,0.2888,0.2894,nan,0.2968,1,104329
D1,bun-pau-koe-2026-04-17,2026-04-17T18:30:00+00:00,D,24,0.29,0.2898,0.2888,0.2894,nan,0.2968,1,104329
D1,bun-pau-koe-2026-04-17,2026-04-17T18:30:00+00:00,A,1,0.38,0.3771,0.3784,0.3839,nan,0.3824,0,282011
D1,bun-pau-koe-2026-04-17,2026-04-17T18:30:00+00:00,A,6,0.39,0.3771,0.3784,0.3839,nan,0.3824,0,282011
D1,bun-pau-koe-2026-04-17,2026-04-17T18:30:00+00:00,A,24,0.36,0.3771,0.3784,0.3839,nan,0.3824,0,282011
D1,bun-b04-aug-2026-04-18,2026-04-18T13:30:00+00:00,H,1,0.7,0.6672,0.6802,0.6849,nan,0.6988,0,1221816
D1,bun-b04-aug-2026-04-18,2026-04-18T13:30:00+00:00,H,6,0.69,0.6672,0.6802,0.6849,nan,0.6988,0,1221816
D1,bun-b04-aug-2026-04-18,2026-04-18T13:30:00+00:00,H,24,0.69,0.6672,0.6802,0.6849,nan,0.6988,0,1221816
D1,bun-b04-aug-2026-04-18,2026-04-18T13:30:00+00:00,D,1,0.17,0.1922,0.1805,0.18,nan,0.1772,0,58833
D1,bun-b04-aug-2026-04-18,2026-04-18T13:30:00+00:00,D,6,0.18,0.1922,0.1805,0.18,nan,0.1772,0,58833
D1,bun-b04-aug-2026-04-18,2026-04-18T13:30:00+00:00,D,24,0.19,0.1922,0.1805,0.18,nan,0.1772,0,58833
D1,bun-b04-aug-2026-04-18,2026-04-18T13:30:00+00:00,A,1,0.14,0.1407,0.1393,0.135,nan,0.124,1,143557
D1,bun-b04-aug-2026-04-18,2026-04-18T13:30:00+00:00,A,6,0.14,0.1407,0.1393,0.135,nan,0.124,1,143557
D1,bun-b04-aug-2026-04-18,2026-04-18T13:30:00+00:00,A,24,0.12,0.1407,0.1393,0.135,nan,0.124,1,143557
D1,bun-hof-dor-2026-04-18,2026-04-18T13:30:00+00:00,H,1,0.42,0.3688,0.429,0.4409,nan,0.436,1,557083
D1,bun-hof-dor-2026-04-18,2026-04-18T13:30:00+00:00,H,6,0.39,0.3688,0.429,0.4409,nan,0.436,1,557083
D1,bun-hof-dor-2026-04-18,2026-04-18T13:30:00+00:00,H,24,0.38,0.3688,0.429,0.4409,nan,0.436,1,557083
D1,bun-hof-dor-2026-04-18,2026-04-18T13:30:00+00:00,D,1,0.25,0.2456,0.2459,0.2431,nan,0.2485,0,64185
D1,bun-hof-dor-2026-04-18,2026-04-18T13:30:00+00:00,D,6,0.24,0.2456,0.2459,0.2431,nan,0.2485,0,64185
D1,bun-hof-dor-2026-04-18,2026-04-18T13:30:00+00:00,D,24,0.25,0.2456,0.2459,0.2431,nan,0.2485,0,64185
D1,bun-hof-dor-2026-04-18,2026-04-18T13:30:00+00:00,A,1,0.34,0.3856,0.3251,0.316,nan,0.3155,0,511624
D1,bun-hof-dor-2026-04-18,2026-04-18T13:30:00+00:00,A,6,0.37,0.3856,0.3251,0.316,nan,0.3155,0,511624
D1,bun-hof-dor-2026-04-18,2026-04-18T13:30:00+00:00,A,24,0.39,0.3856,0.3251,0.316,nan,0.3155,0,511624
D1,bun-uni-wol-2026-04-18,2026-04-18T13:30:00+00:00,H,1,0.44,0.4364,0.4385,0.4454,nan,0.4451,0,1032214
D1,bun-uni-wol-2026-04-18,2026-04-18T13:30:00+00:00,H,6,0.45,0.4364,0.4385,0.4454,nan,0.4451,0,1032214
D1,bun-uni-wol-2026-04-18,2026-04-18T13:30:00+00:00,H,24,0.45,0.4364,0.4385,0.4454,nan,0.4451,0,1032214
D1,bun-uni-wol-2026-04-18,2026-04-18T13:30:00+00:00,D,1,0.27,0.2699,0.2636,0.2554,nan,0.2659,0,35778
D1,bun-uni-wol-2026-04-18,2026-04-18T13:30:00+00:00,D,6,0.27,0.2699,0.2636,0.2554,nan,0.2659,0,35778
D1,bun-uni-wol-2026-04-18,2026-04-18T13:30:00+00:00,D,24,0.27,0.2699,0.2636,0.2554,nan,0.2659,0,35778
D1,bun-uni-wol-2026-04-18,2026-04-18T13:30:00+00:00,A,1,0.29,0.2937,0.2979,0.2992,nan,0.289,1,174014
D1,bun-uni-wol-2026-04-18,2026-04-18T13:30:00+00:00,A,6,0.3,0.2937,0.2979,0.2992,nan,0.289,1,174014
D1,bun-uni-wol-2026-04-18,2026-04-18T13:30:00+00:00,A,24,0.29,0.2937,0.2979,0.2992,nan,0.289,1,174014
D1,bun-wer-hsv-2026-04-18,2026-04-18T13:30:00+00:00,H,1,0.49,0.474,0.5258,0.5389,nan,0.5313,1,568418
D1,bun-wer-hsv-2026-04-18,2026-04-18T13:30:00+00:00,H,6,0.5,0.474,0.5258,0.5389,nan,0.5313,1,568418
D1,bun-wer-hsv-2026-04-18,2026-04-18T13:30:00+00:00,H,24,0.49,0.474,0.5258,0.5389,nan,0.5313,1,568418
D1,bun-wer-hsv-2026-04-18,2026-04-18T13:30:00+00:00,D,1,0.27,0.263,0.249,0.2515,nan,0.2561,0,19166
D1,bun-wer-hsv-2026-04-18,2026-04-18T13:30:00+00:00,D,6,0.27,0.263,0.249,0.2515,nan,0.2561,0,19166
D1,bun-wer-hsv-2026-04-18,2026-04-18T13:30:00+00:00,D,24,0.27,0.263,0.249,0.2515,nan,0.2561,0,19166
D1,bun-wer-hsv-2026-04-18,2026-04-18T13:30:00+00:00,A,1,0.25,0.263,0.2252,0.2096,nan,0.2125,0,52475
D1,bun-wer-hsv-2026-04-18,2026-04-18T13:30:00+00:00,A,6,0.25,0.263,0.2252,0.2096,nan,0.2125,0,52475
D1,bun-wer-hsv-2026-04-18,2026-04-18T13:30:00+00:00,A,24,0.26,0.263,0.2252,0.2096,nan,0.2125,0,52475
D1,bun-ein-lei-2026-04-18,2026-04-18T16:30:00+00:00,H,1,0.28,0.2854,0.3238,0.3266,nan,0.3167,0,159567
D1,bun-ein-lei-2026-04-18,2026-04-18T16:30:00+00:00,H,6,0.28,0.2854,0.3238,0.3266,nan,0.3167,0,159567
D1,bun-ein-lei-2026-04-18,2026-04-18T16:30:00+00:00,H,24,0.27,0.2854,0.3238,0.3266,nan,0.3167,0,159567
D1,bun-ein-lei-2026-04-18,2026-04-18T16:30:00+00:00,D,1,0.24,0.2394,0.2414,0.2429,nan,0.2494,0,59637
D1,bun-ein-lei-2026-04-18,2026-04-18T16:30:00+00:00,D,6,0.24,0.2394,0.2414,0.2429,nan,0.2494,0,59637
D1,bun-ein-lei-2026-04-18,2026-04-18T16:30:00+00:00,D,24,0.24,0.2394,0.2414,0.2429,nan,0.2494,0,59637
D1,bun-ein-lei-2026-04-18,2026-04-18T16:30:00+00:00,A,1,0.49,0.4752,0.4348,0.4305,nan,0.4338,1,2074535
D1,bun-ein-lei-2026-04-18,2026-04-18T16:30:00+00:00,A,6,0.5,0.4752,0.4348,0.4305,nan,0.4338,1,2074535
D1,bun-ein-lei-2026-04-18,2026-04-18T16:30:00+00:00,A,24,0.49,0.4752,0.4348,0.4305,nan,0.4338,1,2074535
D1,bun-fre-hei-2026-04-19,2026-04-19T13:30:00+00:00,H,1,0.59,0.567,0.5794,0.5804,nan,0.5881,1,262484
D1,bun-fre-hei-2026-04-19,2026-04-19T13:30:00+00:00,H,6,0.58,0.567,0.5794,0.5804,nan,0.5881,1,262484
D1,bun-fre-hei-2026-04-19,2026-04-19T13:30:00+00:00,H,24,0.58,0.567,0.5794,0.5804,nan,0.5881,1,262484
D1,bun-fre-hei-2026-04-19,2026-04-19T13:30:00+00:00,D,1,0.23,0.231,0.2278,0.228,nan,0.2311,0,39320
D1,bun-fre-hei-2026-04-19,2026-04-19T13:30:00+00:00,D,6,0.23,0.231,0.2278,0.228,nan,0.2311,0,39320
D1,bun-fre-hei-2026-04-19,2026-04-19T13:30:00+00:00,D,24,0.23,0.231,0.2278,0.228,nan,0.2311,0,39320
D1,bun-fre-hei-2026-04-19,2026-04-19T13:30:00+00:00,A,1,0.19,0.202,0.1927,0.1915,nan,0.1807,0,45340
D1,bun-fre-hei-2026-04-19,2026-04-19T13:30:00+00:00,A,6,0.2,0.202,0.1927,0.1915,nan,0.1807,0,45340
D1,bun-fre-hei-2026-04-19,2026-04-19T13:30:00+00:00,A,24,0.2,0.202,0.1927,0.1915,nan,0.1807,0,45340
D1,bun-bay-stu-2026-04-19,2026-04-19T15:30:00+00:00,H,1,0.67,0.6817,0.6448,0.6364,nan,0.655,1,1653883
D1,bun-bay-stu-2026-04-19,2026-04-19T15:30:00+00:00,H,6,0.7,0.6817,0.6448,0.6364,nan,0.655,1,1653883
D1,bun-bay-stu-2026-04-19,2026-04-19T15:30:00+00:00,H,24,0.6917,0.6817,0.6448,0.6364,nan,0.655,1,1653883
D1,bun-bay-stu-2026-04-19,2026-04-19T15:30:00+00:00,D,1,0.18,0.1733,0.1824,0.1818,nan,0.1844,0,92176
D1,bun-bay-stu-2026-04-19,2026-04-19T15:30:00+00:00,D,6,0.17,0.1733,0.1824,0.1818,nan,0.1844,0,92176
D1,bun-bay-stu-2026-04-19,2026-04-19T15:30:00+00:00,D,24,0.17,0.1733,0.1824,0.1818,nan,0.1844,0,92176
D1,bun-bay-stu-2026-04-19,2026-04-19T15:30:00+00:00,A,1,0.16,0.145,0.1727,0.1818,nan,0.1606,0,322889
D1,bun-bay-stu-2026-04-19,2026-04-19T15:30:00+00:00,A,6,0.15,0.145,0.1727,0.1818,nan,0.1606,0,322889
D1,bun-bay-stu-2026-04-19,2026-04-19T15:30:00+00:00,A,24,0.15,0.145,0.1727,0.1818,nan,0.1606,0,322889
D1,bun-moe-mai-2026-04-19,2026-04-19T17:30:00+00:00,H,1,0.42,0.3907,0.4223,0.4318,nan,0.4218,0,146007
D1,bun-moe-mai-2026-04-19,2026-04-19T17:30:00+00:00,H,6,0.43,0.3907,0.4223,0.4318,nan,0.4218,0,146007
D1,bun-moe-mai-2026-04-19,2026-04-19T17:30:00+00:00,H,24,0.41,0.3907,0.4223,0.4318,nan,0.4218,0,146007
D1,bun-moe-mai-2026-04-19,2026-04-19T17:30:00+00:00,D,1,0.28,0.2746,0.2694,0.2714,nan,0.2765,1,245596
D1,bun-moe-mai-2026-04-19,2026-04-19T17:30:00+00:00,D,6,0.28,0.2746,0.2694,0.2714,nan,0.2765,1,245596
D1,bun-moe-mai-2026-04-19,2026-04-19T17:30:00+00:00,D,24,0.27,0.2746,0.2694,0.2714,nan,0.2765,1,245596
D1,bun-moe-mai-2026-04-19,2026-04-19T17:30:00+00:00,A,1,0.31,0.3347,0.3084,0.2968,nan,0.3017,0,181007
D1,bun-moe-mai-2026-04-19,2026-04-19T17:30:00+00:00,A,6,0.31,0.3347,0.3084,0.2968,nan,0.3017,0,181007
D1,bun-moe-mai-2026-04-19,2026-04-19T17:30:00+00:00,A,24,0.33,0.3347,0.3084,0.2968,nan,0.3017,0,181007
D1,bun-lei-uni-2026-04-24,2026-04-24T18:30:00+00:00,H,1,0.68,0.6474,0.6217,0.6098,nan,nan,1,1388483
D1,bun-lei-uni-2026-04-24,2026-04-24T18:30:00+00:00,H,6,0.67,0.6474,0.6217,0.6098,nan,nan,1,1388483
D1,bun-lei-uni-2026-04-24,2026-04-24T18:30:00+00:00,H,24,0.72,0.6474,0.6217,0.6098,nan,nan,1,1388483
D1,bun-lei-uni-2026-04-24,2026-04-24T18:30:00+00:00,D,1,0.2,0.1976,0.2133,0.2183,nan,nan,0,104877
D1,bun-lei-uni-2026-04-24,2026-04-24T18:30:00+00:00,D,6,0.2,0.1976,0.2133,0.2183,nan,nan,0,104877
D1,bun-lei-uni-2026-04-24,2026-04-24T18:30:00+00:00,D,24,0.18,0.1976,0.2133,0.2183,nan,nan,0,104877
D1,bun-lei-uni-2026-04-24,2026-04-24T18:30:00+00:00,A,1,0.13,0.1549,0.165,0.1719,nan,nan,0,267222
D1,bun-lei-uni-2026-04-24,2026-04-24T18:30:00+00:00,A,6,0.14,0.1549,0.165,0.1719,nan,nan,0,267222
D1,bun-lei-uni-2026-04-24,2026-04-24T18:30:00+00:00,A,24,0.11,0.1549,0.165,0.1719,nan,nan,0,267222
D1,bun-koe-b04-2026-04-25,2026-04-25T13:30:00+00:00,H,1,0.25,0.2508,0.2659,0.2697,nan,nan,0,39571
D1,bun-koe-b04-2026-04-25,2026-04-25T13:30:00+00:00,H,6,0.26,0.2508,0.2659,0.2697,nan,nan,0,39571
D1,bun-koe-b04-2026-04-25,2026-04-25T13:30:00+00:00,H,24,0.25,0.2508,0.2659,0.2697,nan,nan,0,39571
D1,bun-koe-b04-2026-04-25,2026-04-25T13:30:00+00:00,D,1,0.24,0.2393,0.2388,0.236,nan,nan,0,24364
D1,bun-koe-b04-2026-04-25,2026-04-25T13:30:00+00:00,D,6,0.25,0.2393,0.2388,0.236,nan,nan,0,24364
D1,bun-koe-b04-2026-04-25,2026-04-25T13:30:00+00:00,D,24,0.24,0.2393,0.2388,0.236,nan,nan,0,24364
D1,bun-koe-b04-2026-04-25,2026-04-25T13:30:00+00:00,A,1,0.51,0.5099,0.4953,0.4943,nan,nan,1,480891
D1,bun-koe-b04-2026-04-25,2026-04-25T13:30:00+00:00,A,6,0.51,0.5099,0.4953,0.4943,nan,nan,1,480891
D1,bun-koe-b04-2026-04-25,2026-04-25T13:30:00+00:00,A,24,0.52,0.5099,0.4953,0.4943,nan,nan,1,480891
D1,bun-wol-moe-2026-04-25,2026-04-25T13:30:00+00:00,H,1,0.41,0.424,0.4411,0.4548,nan,nan,0,210403
D1,bun-wol-moe-2026-04-25,2026-04-25T13:30:00+00:00,H,6,0.43,0.424,0.4411,0.4548,nan,nan,0,210403
D1,bun-wol-moe-2026-04-25,2026-04-25T13:30:00+00:00,H,24,0.43,0.424,0.4411,0.4548,nan,nan,0,210403
D1,bun-wol-moe-2026-04-25,2026-04-25T13:30:00+00:00,D,1,0.27,0.2598,0.2562,0.2513,nan,nan,1,135779
D1,bun-wol-moe-2026-04-25,2026-04-25T13:30:00+00:00,D,6,0.27,0.2598,0.2562,0.2513,nan,nan,1,135779
D1,bun-wol-moe-2026-04-25,2026-04-25T13:30:00+00:00,D,24,0.27,0.2598,0.2562,0.2513,nan,nan,1,135779
D1,bun-wol-moe-2026-04-25,2026-04-25T13:30:00+00:00,A,1,0.32,0.3162,0.3027,0.2939,nan,nan,0,48676
D1,bun-wol-moe-2026-04-25,2026-04-25T13:30:00+00:00,A,6,0.31,0.3162,0.3027,0.2939,nan,nan,0,48676
D1,bun-wol-moe-2026-04-25,2026-04-25T13:30:00+00:00,A,24,0.32,0.3162,0.3027,0.2939,nan,nan,0,48676
D1,bun-aug-ein-2026-04-25,2026-04-25T13:30:00+00:00,H,1,0.37,0.3799,0.3963,0.4096,nan,nan,0,161333
D1,bun-aug-ein-2026-04-25,2026-04-25T13:30:00+00:00,H,6,0.36,0.3799,0.3963,0.4096,nan,nan,0,161333
D1,bun-aug-ein-2026-04-25,2026-04-25T13:30:00+00:00,H,24,0.37,0.3799,0.3963,0.4096,nan,nan,0,161333
D1,bun-aug-ein-2026-04-25,2026-04-25T13:30:00+00:00,D,1,0.26,0.2522,0.2534,0.2415,nan,nan,1,97446
D1,bun-aug-ein-2026-04-25,2026-04-25T13:30:00+00:00,D,6,0.26,0.2522,0.2534,0.2415,nan,nan,1,97446
D1,bun-aug-ein-2026-04-25,2026-04-25T13:30:00+00:00,D,24,0.26,0.2522,0.2534,0.2415,nan,nan,1,97446
D1,bun-aug-ein-2026-04-25,2026-04-25T13:30:00+00:00,A,1,0.36,0.3679,0.3503,0.3489,nan,nan,0,77855
D1,bun-aug-ein-2026-04-25,2026-04-25T13:30:00+00:00,A,6,0.38,0.3679,0.3503,0.3489,nan,nan,0,77855
D1,bun-aug-ein-2026-04-25,2026-04-25T13:30:00+00:00,A,24,0.38,0.3679,0.3503,0.3489,nan,nan,0,77855
D1,bun-hei-pau-2026-04-25,2026-04-25T13:30:00+00:00,H,1,0.42,0.3967,0.4072,0.4078,nan,nan,1,428741
D1,bun-hei-pau-2026-04-25,2026-04-25T13:30:00+00:00,H,6,0.42,0.3967,0.4072,0.4078,nan,nan,1,428741
D1,bun-hei-pau-2026-04-25,2026-04-25T13:30:00+00:00,H,24,0.41,0.3967,0.4072,0.4078,nan,nan,1,428741
D1,bun-hei-pau-2026-04-25,2026-04-25T13:30:00+00:00,D,1,0.28,0.2808,0.2767,0.2718,nan,nan,0,42958
D1,bun-hei-pau-2026-04-25,2026-04-25T13:30:00+00:00,D,6,0.28,0.2808,0.2767,0.2718,nan,nan,0,42958
D1,bun-hei-pau-2026-04-25,2026-04-25T13:30:00+00:00,D,24,0.29,0.2808,0.2767,0.2718,nan,nan,0,42958
D1,bun-hei-pau-2026-04-25,2026-04-25T13:30:00+00:00,A,1,0.31,0.3226,0.3161,0.3204,nan,nan,0,32614
D1,bun-hei-pau-2026-04-25,2026-04-25T13:30:00+00:00,A,6,0.31,0.3226,0.3161,0.3204,nan,nan,0,32614
D1,bun-hei-pau-2026-04-25,2026-04-25T13:30:00+00:00,A,24,0.32,0.3226,0.3161,0.3204,nan,nan,0,32614
D1,bun-mai-bay-2026-04-25,2026-04-25T13:30:00+00:00,H,1,0.23,0.2159,0.2572,0.2629,nan,nan,0,394622
D1,bun-mai-bay-2026-04-25,2026-04-25T13:30:00+00:00,H,6,0.21,0.2159,0.2572,0.2629,nan,nan,0,394622
D1,bun-mai-bay-2026-04-25,2026-04-25T13:30:00+00:00,H,24,0.22,0.2159,0.2572,0.2629,nan,nan,0,394622
D1,bun-mai-bay-2026-04-25,2026-04-25T13:30:00+00:00,D,1,0.2,0.214,0.2212,0.2254,nan,nan,0,297479
D1,bun-mai-bay-2026-04-25,2026-04-25T13:30:00+00:00,D,6,0.2,0.214,0.2212,0.2254,nan,nan,0,297479
D1,bun-mai-bay-2026-04-25,2026-04-25T13:30:00+00:00,D,24,0.21,0.214,0.2212,0.2254,nan,nan,0,297479
D1,bun-mai-bay-2026-04-25,2026-04-25T13:30:00+00:00,A,1,0.57,0.5701,0.5216,0.5117,nan,nan,1,1345954
D1,bun-mai-bay-2026-04-25,2026-04-25T13:30:00+00:00,A,6,0.59,0.5701,0.5216,0.5117,nan,nan,1,1345954
D1,bun-mai-bay-2026-04-25,2026-04-25T13:30:00+00:00,A,24,0.59,0.5701,0.5216,0.5117,nan,nan,1,1345954
D1,bun-hsv-hof-2026-04-25,2026-04-25T16:30:00+00:00,H,1,0.2,0.2397,0.2154,0.2084,nan,nan,0,53011
D1,bun-hsv-hof-2026-04-25,2026-04-25T16:30:00+00:00,H,6,0.23,0.2397,0.2154,0.2084,nan,nan,0,53011
D1,bun-hsv-hof-2026-04-25,2026-04-25T16:30:00+00:00,H,24,0.23,0.2397,0.2154,0.2084,nan,nan,0,53011
D1,bun-hsv-hof-2026-04-25,2026-04-25T16:30:00+00:00,D,1,0.23,0.2349,0.2247,0.2233,nan,nan,0,21733
D1,bun-hsv-hof-2026-04-25,2026-04-25T16:30:00+00:00,D,6,0.22,0.2349,0.2247,0.2233,nan,nan,0,21733
D1,bun-hsv-hof-2026-04-25,2026-04-25T16:30:00+00:00,D,24,0.22,0.2349,0.2247,0.2233,nan,nan,0,21733
D1,bun-hsv-hof-2026-04-25,2026-04-25T16:30:00+00:00,A,1,0.56,0.5254,0.5598,0.5683,nan,nan,1,142425
D1,bun-hsv-hof-2026-04-25,2026-04-25T16:30:00+00:00,A,6,0.55,0.5254,0.5598,0.5683,nan,nan,1,142425
D1,bun-hsv-hof-2026-04-25,2026-04-25T16:30:00+00:00,A,24,0.55,0.5254,0.5598,0.5683,nan,nan,1,142425
D1,bun-stu-wer-2026-04-26,2026-04-26T13:30:00+00:00,H,1,0.64,0.6207,0.6153,0.618,nan,nan,0,2558827
D1,bun-stu-wer-2026-04-26,2026-04-26T13:30:00+00:00,H,6,0.63,0.6207,0.6153,0.618,nan,nan,0,2558827
D1,bun-stu-wer-2026-04-26,2026-04-26T13:30:00+00:00,H,24,0.63,0.6207,0.6153,0.618,nan,nan,0,2558827
D1,bun-stu-wer-2026-04-26,2026-04-26T13:30:00+00:00,D,1,0.2,0.2088,0.2078,0.2101,nan,nan,1,164092
D1,bun-stu-wer-2026-04-26,2026-04-26T13:30:00+00:00,D,6,0.21,0.2088,0.2078,0.2101,nan,nan,1,164092
D1,bun-stu-wer-2026-04-26,2026-04-26T13:30:00+00:00,D,24,0.21,0.2088,0.2078,0.2101,nan,nan,1,164092
D1,bun-stu-wer-2026-04-26,2026-04-26T13:30:00+00:00,A,1,0.16,0.1705,0.1768,0.1719,nan,nan,0,139229
D1,bun-stu-wer-2026-04-26,2026-04-26T13:30:00+00:00,A,6,0.16,0.1705,0.1768,0.1719,nan,nan,0,139229
D1,bun-stu-wer-2026-04-26,2026-04-26T13:30:00+00:00,A,24,0.14,0.1705,0.1768,0.1719,nan,nan,0,139229
D1,bun-bay-hei-2026-05-02,2026-05-02T13:30:00+00:00,H,1,0.79,0.7647,0.7469,0.759,nan,nan,0,3561586
D1,bun-bay-hei-2026-05-02,2026-05-02T13:30:00+00:00,H,6,0.79,0.7647,0.7469,0.759,nan,nan,0,3561586
D1,bun-bay-hei-2026-05-02,2026-05-02T13:30:00+00:00,H,24,0.79,0.7647,0.7469,0.759,nan,nan,0,3561586
D1,bun-bay-hei-2026-05-02,2026-05-02T13:30:00+00:00,D,1,0.12,0.1382,0.1428,0.1355,nan,nan,1,200735
D1,bun-bay-hei-2026-05-02,2026-05-02T13:30:00+00:00,D,6,0.13,0.1382,0.1428,0.1355,nan,nan,1,200735
D1,bun-bay-hei-2026-05-02,2026-05-02T13:30:00+00:00,D,24,0.12,0.1382,0.1428,0.1355,nan,nan,1,200735
D1,bun-bay-hei-2026-05-02,2026-05-02T13:30:00+00:00,A,1,0.1,0.0971,0.1103,0.1054,nan,nan,0,533955
D1,bun-bay-hei-2026-05-02,2026-05-02T13:30:00+00:00,A,6,0.08,0.0971,0.1103,0.1054,nan,nan,0,533955
D1,bun-bay-hei-2026-05-02,2026-05-02T13:30:00+00:00,A,24,0.09,0.0971,0.1103,0.1054,nan,nan,0,533955
D1,bun-dor-fre-2026-04-26,2026-04-26T15:30:00+00:00,H,1,0.68,0.6893,0.6658,0.6586,nan,nan,1,628179
D1,bun-dor-fre-2026-04-26,2026-04-26T15:30:00+00:00,H,6,0.68,0.6893,0.6658,0.6586,nan,nan,1,628179
D1,bun-dor-fre-2026-04-26,2026-04-26T15:30:00+00:00,H,24,0.72,0.6893,0.6658,0.6586,nan,nan,1,628179
D1,bun-dor-fre-2026-04-26,2026-04-26T15:30:00+00:00,D,1,0.19,0.1868,0.1924,0.1897,nan,nan,0,96094
D1,bun-dor-fre-2026-04-26,2026-04-26T15:30:00+00:00,D,6,0.19,0.1868,0.1924,0.1897,nan,nan,0,96094
D1,bun-dor-fre-2026-04-26,2026-04-26T15:30:00+00:00,D,24,0.17,0.1868,0.1924,0.1897,nan,nan,0,96094
D1,bun-dor-fre-2026-04-26,2026-04-26T15:30:00+00:00,A,1,0.14,0.1239,0.1418,0.1517,nan,nan,0,106296
D1,bun-dor-fre-2026-04-26,2026-04-26T15:30:00+00:00,A,6,0.13,0.1239,0.1418,0.1517,nan,nan,0,106296
D1,bun-dor-fre-2026-04-26,2026-04-26T15:30:00+00:00,A,24,0.12,0.1239,0.1418,0.1517,nan,nan,0,106296
D1,bun-hof-stu-2026-05-02,2026-05-02T13:30:00+00:00,H,1,0.41,0.4109,0.4331,0.4404,nan,nan,0,134761
D1,bun-hof-stu-2026-05-02,2026-05-02T13:30:00+00:00,H,6,0.41,0.4109,0.4331,0.4404,nan,nan,0,134761
D1,bun-hof-stu-2026-05-02,2026-05-02T13:30:00+00:00,H,24,0.41,0.4109,0.4331,0.4404,nan,nan,0,134761
D1,bun-hof-stu-2026-05-02,2026-05-02T13:30:00+00:00,D,1,0.24,0.2344,0.2351,0.2309,nan,nan,1,63923
D1,bun-hof-stu-2026-05-02,2026-05-02T13:30:00+00:00,D,6,0.23,0.2344,0.2351,0.2309,nan,nan,1,63923
D1,bun-hof-stu-2026-05-02,2026-05-02T13:30:00+00:00,D,24,0.24,0.2344,0.2351,0.2309,nan,nan,1,63923
D1,bun-hof-stu-2026-05-02,2026-05-02T13:30:00+00:00,A,1,0.36,0.3547,0.3318,0.3287,nan,nan,0,57968
D1,bun-hof-stu-2026-05-02,2026-05-02T13:30:00+00:00,A,6,0.37,0.3547,0.3318,0.3287,nan,nan,0,57968
D1,bun-hof-stu-2026-05-02,2026-05-02T13:30:00+00:00,A,24,0.37,0.3547,0.3318,0.3287,nan,nan,0,57968
D1,bun-wer-aug-2026-05-02,2026-05-02T13:30:00+00:00,H,1,0.5,0.4856,0.4855,0.48,nan,nan,0,155503
D1,bun-wer-aug-2026-05-02,2026-05-02T13:30:00+00:00,H,6,0.49,0.4856,0.4855,0.48,nan,nan,0,155503
D1,bun-wer-aug-2026-05-02,2026-05-02T13:30:00+00:00,H,24,0.49,0.4856,0.4855,0.48,nan,nan,0,155503
D1,bun-wer-aug-2026-05-02,2026-05-02T13:30:00+00:00,D,1,0.25,0.248,0.2453,0.26,nan,nan,0,36624
D1,bun-wer-aug-2026-05-02,2026-05-02T13:30:00+00:00,D,6,0.24,0.248,0.2453,0.26,nan,nan,0,36624
D1,bun-wer-aug-2026-05-02,2026-05-02T13:30:00+00:00,D,24,0.26,0.248,0.2453,0.26,nan,nan,0,36624
D1,bun-wer-aug-2026-05-02,2026-05-02T13:30:00+00:00,A,1,0.27,0.2664,0.2692,0.26,nan,nan,1,91678
D1,bun-wer-aug-2026-05-02,2026-05-02T13:30:00+00:00,A,6,0.27,0.2664,0.2692,0.26,nan,nan,1,91678
D1,bun-wer-aug-2026-05-02,2026-05-02T13:30:00+00:00,A,24,0.26,0.2664,0.2692,0.26,nan,nan,1,91678
D1,bun-ein-hsv-2026-05-02,2026-05-02T13:30:00+00:00,H,1,0.56,0.5498,0.5635,0.5692,nan,nan,0,115374
D1,bun-ein-hsv-2026-05-02,2026-05-02T13:30:00+00:00,H,6,0.57,0.5498,0.5635,0.5692,nan,nan,0,115374
D1,bun-ein-hsv-2026-05-02,2026-05-02T13:30:00+00:00,H,24,0.56,0.5498,0.5635,0.5692,nan,nan,0,115374
D1,bun-ein-hsv-2026-05-02,2026-05-02T13:30:00+00:00,D,1,0.22,0.2308,0.2249,0.2195,nan,nan,0,38358
D1,bun-ein-hsv-2026-05-02,2026-05-02T13:30:00+00:00,D,6,0.24,0.2308,0.2249,0.2195,nan,nan,0,38358
D1,bun-ein-hsv-2026-05-02,2026-05-02T13:30:00+00:00,D,24,0.23,0.2308,0.2249,0.2195,nan,nan,0,38358
D1,bun-ein-hsv-2026-05-02,2026-05-02T13:30:00+00:00,A,1,0.21,0.2194,0.2116,0.2112,nan,nan,1,36182
D1,bun-ein-hsv-2026-05-02,2026-05-02T13:30:00+00:00,A,6,0.2,0.2194,0.2116,0.2112,nan,nan,1,36182
D1,bun-ein-hsv-2026-05-02,2026-05-02T13:30:00+00:00,A,24,0.21,0.2194,0.2116,0.2112,nan,nan,1,36182
D1,bun-uni-koe-2026-05-02,2026-05-02T13:30:00+00:00,H,1,0.36,0.3921,0.3589,0.3591,nan,nan,0,86627
D1,bun-uni-koe-2026-05-02,2026-05-02T13:30:00+00:00,H,6,0.38,0.3921,0.3589,0.3591,nan,nan,0,86627
D1,bun-uni-koe-2026-05-02,2026-05-02T13:30:00+00:00,H,24,0.39,0.3921,0.3589,0.3591,nan,nan,0,86627
D1,bun-uni-koe-2026-05-02,2026-05-02T13:30:00+00:00,D,1,0.28,0.2807,0.278,0.2777,nan,nan,1,122664
D1,bun-uni-koe-2026-05-02,2026-05-02T13:30:00+00:00,D,6,0.28,0.2807,0.278,0.2777,nan,nan,1,122664
D1,bun-uni-koe-2026-05-02,2026-05-02T13:30:00+00:00,D,24,0.3,0.2807,0.278,0.2777,nan,nan,1,122664
D1,bun-uni-koe-2026-05-02,2026-05-02T13:30:00+00:00,A,1,0.37,0.3272,0.3631,0.3632,nan,nan,0,245723
D1,bun-uni-koe-2026-05-02,2026-05-02T13:30:00+00:00,A,6,0.32,0.3272,0.3631,0.3632,nan,nan,0,245723
D1,bun-uni-koe-2026-05-02,2026-05-02T13:30:00+00:00,A,24,0.33,0.3272,0.3631,0.3632,nan,nan,0,245723
D1,bun-pau-mai-2026-05-03,2026-05-03T13:30:00+00:00,H,1,0.35,0.3451,0.3402,0.3291,nan,nan,0,209824
D1,bun-pau-mai-2026-05-03,2026-05-03T13:30:00+00:00,H,6,0.33,0.3451,0.3402,0.3291,nan,nan,0,209824
D1,bun-pau-mai-2026-05-03,2026-05-03T13:30:00+00:00,H,24,0.33,0.3451,0.3402,0.3291,nan,nan,0,209824
D1,bun-pau-mai-2026-05-03,2026-05-03T13:30:00+00:00,D,1,0.29,0.2894,0.287,0.2917,nan,nan,0,46481
D1,bun-pau-mai-2026-05-03,2026-05-03T13:30:00+00:00,D,6,0.29,0.2894,0.287,0.2917,nan,nan,0,46481
D1,bun-pau-mai-2026-05-03,2026-05-03T13:30:00+00:00,D,24,0.3,0.2894,0.287,0.2917,nan,nan,0,46481
D1,bun-pau-mai-2026-05-03,2026-05-03T13:30:00+00:00,A,1,0.36,0.3654,0.3728,0.3792,nan,nan,1,224869
D1,bun-pau-mai-2026-05-03,2026-05-03T13:30:00+00:00,A,6,0.39,0.3654,0.3728,0.3792,nan,nan,1,224869
D1,bun-pau-mai-2026-05-03,2026-05-03T13:30:00+00:00,A,24,0.38,0.3654,0.3728,0.3792,nan,nan,1,224869
D1,bun-b04-lei-2026-05-02,2026-05-02T16:30:00+00:00,H,1,0.45,0.4441,0.4473,0.454,nan,nan,1,372298
D1,bun-b04-lei-2026-05-02,2026-05-02T16:30:00+00:00,H,6,0.45,0.4441,0.4473,0.454,nan,nan,1,372298
D1,bun-b04-lei-2026-05-02,2026-05-02T16:30:00+00:00,H,24,0.44,0.4441,0.4473,0.454,nan,nan,1,372298
D1,bun-b04-lei-2026-05-02,2026-05-02T16:30:00+00:00,D,1,0.23,0.2343,0.2337,0.2384,nan,nan,0,65095
D1,bun-b04-lei-2026-05-02,2026-05-02T16:30:00+00:00,D,6,0.24,0.2343,0.2337,0.2384,nan,nan,0,65095
D1,bun-b04-lei-2026-05-02,2026-05-02T16:30:00+00:00,D,24,0.24,0.2343,0.2337,0.2384,nan,nan,0,65095
D1,bun-b04-lei-2026-05-02,2026-05-02T16:30:00+00:00,A,1,0.33,0.3216,0.319,0.3076,nan,nan,0,155982
D1,bun-b04-lei-2026-05-02,2026-05-02T16:30:00+00:00,A,6,0.33,0.3216,0.319,0.3076,nan,nan,0,155982
D1,bun-b04-lei-2026-05-02,2026-05-02T16:30:00+00:00,A,24,0.33,0.3216,0.319,0.3076,nan,nan,0,155982
D1,bun-moe-dor-2026-05-03,2026-05-03T15:30:00+00:00,H,1,0.26,0.26,0.2578,0.2541,nan,nan,1,265601
D1,bun-moe-dor-2026-05-03,2026-05-03T15:30:00+00:00,H,6,0.26,0.26,0.2578,0.2541,nan,nan,1,265601
D1,bun-moe-dor-2026-05-03,2026-05-03T15:30:00+00:00,H,24,0.24,0.26,0.2578,0.2541,nan,nan,1,265601
D1,bun-moe-dor-2026-05-03,2026-05-03T15:30:00+00:00,D,1,0.25,0.2462,0.2457,0.2443,nan,nan,0,97410
D1,bun-moe-dor-2026-05-03,2026-05-03T15:30:00+00:00,D,6,0.25,0.2462,0.2457,0.2443,nan,nan,0,97410
D1,bun-moe-dor-2026-05-03,2026-05-03T15:30:00+00:00,D,24,0.25,0.2462,0.2457,0.2443,nan,nan,0,97410
D1,bun-moe-dor-2026-05-03,2026-05-03T15:30:00+00:00,A,1,0.51,0.4938,0.4965,0.5015,nan,nan,0,554132
D1,bun-moe-dor-2026-05-03,2026-05-03T15:30:00+00:00,A,6,0.5,0.4938,0.4965,0.5015,nan,nan,0,554132
D1,bun-moe-dor-2026-05-03,2026-05-03T15:30:00+00:00,A,24,0.52,0.4938,0.4965,0.5015,nan,nan,0,554132
D1,bun-fre-wol-2026-05-03,2026-05-03T17:30:00+00:00,H,1,0.42,0.3843,0.4565,0.464,nan,nan,0,618383
D1,bun-fre-wol-2026-05-03,2026-05-03T17:30:00+00:00,H,6,0.39,0.3843,0.4565,0.464,nan,nan,0,618383
D1,bun-fre-wol-2026-05-03,2026-05-03T17:30:00+00:00,H,24,0.37,0.3843,0.4565,0.464,nan,nan,0,618383
D1,bun-fre-wol-2026-05-03,2026-05-03T17:30:00+00:00,D,1,0.27,0.266,0.2607,0.2642,nan,nan,1,58468
D1,bun-fre-wol-2026-05-03,2026-05-03T17:30:00+00:00,D,6,0.27,0.266,0.2607,0.2642,nan,nan,1,58468
D1,bun-fre-wol-2026-05-03,2026-05-03T17:30:00+00:00,D,24,0.27,0.266,0.2607,0.2642,nan,nan,1,58468
D1,bun-fre-wol-2026-05-03,2026-05-03T17:30:00+00:00,A,1,0.31,0.3497,0.2828,0.2718,nan,nan,0,134169
D1,bun-fre-wol-2026-05-03,2026-05-03T17:30:00+00:00,A,6,0.34,0.3497,0.2828,0.2718,nan,nan,0,134169
D1,bun-fre-wol-2026-05-03,2026-05-03T17:30:00+00:00,A,24,0.36,0.3497,0.2828,0.2718,nan,nan,0,134169
D1,bun-dor-ein-2026-05-08,2026-05-08T18:30:00+00:00,H,1,0.57,0.5732,0.5517,0.5453,nan,0.5582,1,896682
D1,bun-dor-ein-2026-05-08,2026-05-08T18:30:00+00:00,H,6,0.57,0.5732,0.5517,0.5453,nan,0.5582,1,896682
D1,bun-dor-ein-2026-05-08,2026-05-08T18:30:00+00:00,H,24,0.64,0.5732,0.5517,0.5453,nan,0.5582,1,896682
D1,bun-dor-ein-2026-05-08,2026-05-08T18:30:00+00:00,D,1,0.22,0.2146,0.2212,0.2246,nan,0.2258,0,126248
D1,bun-dor-ein-2026-05-08,2026-05-08T18:30:00+00:00,D,6,0.22,0.2146,0.2212,0.2246,nan,0.2258,0,126248
D1,bun-dor-ein-2026-05-08,2026-05-08T18:30:00+00:00,D,24,0.19,0.2146,0.2212,0.2246,nan,0.2258,0,126248
D1,bun-dor-ein-2026-05-08,2026-05-08T18:30:00+00:00,A,1,0.21,0.2122,0.2271,0.2301,nan,0.216,0,362225
D1,bun-dor-ein-2026-05-08,2026-05-08T18:30:00+00:00,A,6,0.21,0.2122,0.2271,0.2301,nan,0.216,0,362225
D1,bun-dor-ein-2026-05-08,2026-05-08T18:30:00+00:00,A,24,0.17,0.2122,0.2271,0.2301,nan,0.216,0,362225
D1,bun-stu-b04-2026-05-09,2026-05-09T13:30:00+00:00,H,1,0.44,0.4361,0.4715,0.4733,nan,0.4772,1,2921587
D1,bun-stu-b04-2026-05-09,2026-05-09T13:30:00+00:00,H,6,0.42,0.4361,0.4715,0.4733,nan,0.4772,1,2921587
D1,bun-stu-b04-2026-05-09,2026-05-09T13:30:00+00:00,H,24,0.44,0.4361,0.4715,0.4733,nan,0.4772,1,2921587
D1,bun-stu-b04-2026-05-09,2026-05-09T13:30:00+00:00,D,1,0.24,0.2346,0.2277,0.2309,nan,0.2308,0,114622
D1,bun-stu-b04-2026-05-09,2026-05-09T13:30:00+00:00,D,6,0.24,0.2346,0.2277,0.2309,nan,0.2308,0,114622
D1,bun-stu-b04-2026-05-09,2026-05-09T13:30:00+00:00,D,24,0.24,0.2346,0.2277,0.2309,nan,0.2308,0,114622
D1,bun-stu-b04-2026-05-09,2026-05-09T13:30:00+00:00,A,1,0.32,0.3294,0.3007,0.2958,nan,0.2919,0,286342
D1,bun-stu-b04-2026-05-09,2026-05-09T13:30:00+00:00,A,6,0.33,0.3294,0.3007,0.2958,nan,0.2919,0,286342
D1,bun-stu-b04-2026-05-09,2026-05-09T13:30:00+00:00,A,24,0.33,0.3294,0.3007,0.2958,nan,0.2919,0,286342
D1,bun-aug-moe-2026-05-09,2026-05-09T13:30:00+00:00,H,1,0.48,0.4532,0.4898,0.4943,nan,0.4965,1,492251
D1,bun-aug-moe-2026-05-09,2026-05-09T13:30:00+00:00,H,6,0.49,0.4532,0.4898,0.4943,nan,0.4965,1,492251
D1,bun-aug-moe-2026-05-09,2026-05-09T13:30:00+00:00,H,24,0.46,0.4532,0.4898,0.4943,nan,0.4965,1,492251
D1,bun-aug-moe-2026-05-09,2026-05-09T13:30:00+00:00,D,1,0.25,0.2551,0.2399,0.236,nan,0.2422,0,94791
D1,bun-aug-moe-2026-05-09,2026-05-09T13:30:00+00:00,D,6,0.24,0.2551,0.2399,0.236,nan,0.2422,0,94791
D1,bun-aug-moe-2026-05-09,2026-05-09T13:30:00+00:00,D,24,0.25,0.2551,0.2399,0.236,nan,0.2422,0,94791
D1,bun-aug-moe-2026-05-09,2026-05-09T13:30:00+00:00,A,1,0.27,0.2917,0.2704,0.2697,nan,0.2613,0,76755
D1,bun-aug-moe-2026-05-09,2026-05-09T13:30:00+00:00,A,6,0.26,0.2917,0.2704,0.2697,nan,0.2613,0,76755
D1,bun-aug-moe-2026-05-09,2026-05-09T13:30:00+00:00,A,24,0.28,0.2917,0.2704,0.2697,nan,0.2613,0,76755
D1,bun-hof-wer-2026-05-09,2026-05-09T13:30:00+00:00,H,1,0.65,0.6469,0.6341,0.6198,nan,0.6321,1,309281
D1,bun-hof-wer-2026-05-09,2026-05-09T13:30:00+00:00,H,6,0.66,0.6469,0.6341,0.6198,nan,0.6321,1,309281
D1,bun-hof-wer-2026-05-09,2026-05-09T13:30:00+00:00,H,24,0.67,0.6469,0.6341,0.6198,nan,0.6321,1,309281
D1,bun-hof-wer-2026-05-09,2026-05-09T13:30:00+00:00,D,1,0.18,0.1897,0.1927,0.1996,nan,0.2025,0,79127
D1,bun-hof-wer-2026-05-09,2026-05-09T13:30:00+00:00,D,6,0.19,0.1897,0.1927,0.1996,nan,0.2025,0,79127
D1,bun-hof-wer-2026-05-09,2026-05-09T13:30:00+00:00,D,24,0.18,0.1897,0.1927,0.1996,nan,0.2025,0,79127
D1,bun-hof-wer-2026-05-09,2026-05-09T13:30:00+00:00,A,1,0.17,0.1634,0.1732,0.1806,nan,0.1654,0,89269
D1,bun-hof-wer-2026-05-09,2026-05-09T13:30:00+00:00,A,6,0.15,0.1634,0.1732,0.1806,nan,0.1654,0,89269
D1,bun-hof-wer-2026-05-09,2026-05-09T13:30:00+00:00,A,24,0.15,0.1634,0.1732,0.1806,nan,0.1654,0,89269
D1,bun-lei-pau-2026-05-09,2026-05-09T13:30:00+00:00,H,1,0.76,0.72,0.7396,0.7439,nan,0.7554,1,1214447
D1,bun-lei-pau-2026-05-09,2026-05-09T13:30:00+00:00,H,6,0.74,0.72,0.7396,0.7439,nan,0.7554,1,1214447
D1,bun-lei-pau-2026-05-09,2026-05-09T13:30:00+00:00,H,24,0.75,0.72,0.7396,0.7439,nan,0.7554,1,1214447
D1,bun-lei-pau-2026-05-09,2026-05-09T13:30:00+00:00,D,1,0.16,0.1737,0.1563,0.1512,nan,0.1546,0,30653
D1,bun-lei-pau-2026-05-09,2026-05-09T13:30:00+00:00,D,6,0.16,0.1737,0.1563,0.1512,nan,0.1546,0,30653
D1,bun-lei-pau-2026-05-09,2026-05-09T13:30:00+00:00,D,24,0.17,0.1737,0.1563,0.1512,nan,0.1546,0,30653
D1,bun-lei-pau-2026-05-09,2026-05-09T13:30:00+00:00,A,1,0.0976,0.1064,0.1041,0.105,nan,0.09,0,116468
D1,bun-lei-pau-2026-05-09,2026-05-09T13:30:00+00:00,A,6,0.09,0.1064,0.1041,0.105,nan,0.09,0,116468
D1,bun-lei-pau-2026-05-09,2026-05-09T13:30:00+00:00,A,24,0.08,0.1064,0.1041,0.105,nan,0.09,0,116468
D1,bun-wol-bay-2026-05-09,2026-05-09T16:30:00+00:00,H,1,0.18,0.2175,0.1773,0.1803,nan,0.1661,0,245906
D1,bun-wol-bay-2026-05-09,2026-05-09T16:30:00+00:00,H,6,0.18,0.2175,0.1773,0.1803,nan,0.1661,0,245906
D1,bun-wol-bay-2026-05-09,2026-05-09T16:30:00+00:00,H,24,0.19,0.2175,0.1773,0.1803,nan,0.1661,0,245906
D1,bun-wol-bay-2026-05-09,2026-05-09T16:30:00+00:00,D,1,0.2,0.2078,0.1814,0.1803,nan,0.178,0,122117
D1,bun-wol-bay-2026-05-09,2026-05-09T16:30:00+00:00,D,6,0.19,0.2078,0.1814,0.1803,nan,0.178,0,122117
D1,bun-wol-bay-2026-05-09,2026-05-09T16:30:00+00:00,D,24,0.19,0.2078,0.1814,0.1803,nan,0.178,0,122117
D1,bun-wol-bay-2026-05-09,2026-05-09T16:30:00+00:00,A,1,0.62,0.5747,0.6412,0.6395,nan,0.6558,1,3876559
D1,bun-wol-bay-2026-05-09,2026-05-09T16:30:00+00:00,A,6,0.64,0.5747,0.6412,0.6395,nan,0.6558,1,3876559
D1,bun-wol-bay-2026-05-09,2026-05-09T16:30:00+00:00,A,24,0.61,0.5747,0.6412,0.6395,nan,0.6558,1,3876559
D1,bun-koe-hei-2026-05-10,2026-05-10T15:30:00+00:00,H,1,0.47,0.4954,0.4641,0.4733,nan,0.4746,0,1338165
D1,bun-koe-hei-2026-05-10,2026-05-10T15:30:00+00:00,H,6,0.47,0.4954,0.4641,0.4733,nan,0.4746,0,1338165
D1,bun-koe-hei-2026-05-10,2026-05-10T15:30:00+00:00,H,24,0.49,0.4954,0.4641,0.4733,nan,0.4746,0,1338165
D1,bun-koe-hei-2026-05-10,2026-05-10T15:30:00+00:00,D,1,0.24,0.237,0.2315,0.2309,nan,0.235,0,163671
D1,bun-koe-hei-2026-05-10,2026-05-10T15:30:00+00:00,D,6,0.23,0.237,0.2315,0.2309,nan,0.235,0,163671
D1,bun-koe-hei-2026-05-10,2026-05-10T15:30:00+00:00,D,24,0.24,0.237,0.2315,0.2309,nan,0.235,0,163671
D1,bun-koe-hei-2026-05-10,2026-05-10T15:30:00+00:00,A,1,0.29,0.2676,0.3044,0.2958,nan,0.2903,1,170700
D1,bun-koe-hei-2026-05-10,2026-05-10T15:30:00+00:00,A,6,0.3,0.2676,0.3044,0.2958,nan,0.2903,1,170700
D1,bun-koe-hei-2026-05-10,2026-05-10T15:30:00+00:00,A,24,0.27,0.2676,0.3044,0.2958,nan,0.2903,1,170700
D1,bun-hsv-fre-2026-05-10,2026-05-10T13:30:00+00:00,H,1,0.35,0.3409,0.3187,0.3058,nan,0.3093,1,167608
D1,bun-hsv-fre-2026-05-10,2026-05-10T13:30:00+00:00,H,6,0.35,0.3409,0.3187,0.3058,nan,0.3093,1,167608
D1,bun-hsv-fre-2026-05-10,2026-05-10T13:30:00+00:00,H,24,0.36,0.3409,0.3187,0.3058,nan,0.3093,1,167608
D1,bun-hsv-fre-2026-05-10,2026-05-10T13:30:00+00:00,D,1,0.26,0.2616,0.261,0.2633,nan,0.264,0,43261
D1,bun-hsv-fre-2026-05-10,2026-05-10T13:30:00+00:00,D,6,0.25,0.2616,0.261,0.2633,nan,0.264,0,43261
D1,bun-hsv-fre-2026-05-10,2026-05-10T13:30:00+00:00,D,24,0.26,0.2616,0.261,0.2633,nan,0.264,0,43261
D1,bun-hsv-fre-2026-05-10,2026-05-10T13:30:00+00:00,A,1,0.39,0.3975,0.4202,0.4309,nan,0.4267,0,632587
D1,bun-hsv-fre-2026-05-10,2026-05-10T13:30:00+00:00,A,6,0.4,0.3975,0.4202,0.4309,nan,0.4267,0,632587
D1,bun-hsv-fre-2026-05-10,2026-05-10T13:30:00+00:00,A,24,0.39,0.3975,0.4202,0.4309,nan,0.4267,0,632587
D1,bun-mai-uni-2026-05-10,2026-05-10T17:30:00+00:00,H,1,0.55,0.5356,0.5646,0.5692,nan,0.5793,0,1232848
D1,bun-mai-uni-2026-05-10,2026-05-10T17:30:00+00:00,H,6,0.58,0.5356,0.5646,0.5692,nan,0.5793,0,1232848
D1,bun-mai-uni-2026-05-10,2026-05-10T17:30:00+00:00,H,24,0.55,0.5356,0.5646,0.5692,nan,0.5793,0,1232848
D1,bun-mai-uni-2026-05-10,2026-05-10T17:30:00+00:00,D,1,0.23,0.2446,0.2195,0.2195,nan,0.2214,0,36077
D1,bun-mai-uni-2026-05-10,2026-05-10T17:30:00+00:00,D,6,0.24,0.2446,0.2195,0.2195,nan,0.2214,0,36077
D1,bun-mai-uni-2026-05-10,2026-05-10T17:30:00+00:00,D,24,0.24,0.2446,0.2195,0.2195,nan,0.2214,0,36077
D1,bun-mai-uni-2026-05-10,2026-05-10T17:30:00+00:00,A,1,0.22,0.2198,0.2159,0.2112,nan,0.1993,1,149964
D1,bun-mai-uni-2026-05-10,2026-05-10T17:30:00+00:00,A,6,0.2,0.2198,0.2159,0.2112,nan,0.1993,1,149964
D1,bun-mai-uni-2026-05-10,2026-05-10T17:30:00+00:00,A,24,0.2078,0.2198,0.2159,0.2112,nan,0.1993,1,149964
D1,bun-fre-lei-2026-05-16,2026-05-16T13:30:00+00:00,H,1,0.37,0.3515,0.3816,0.3863,nan,0.3856,1,237728
D1,bun-fre-lei-2026-05-16,2026-05-16T13:30:00+00:00,H,6,0.37,0.3515,0.3816,0.3863,nan,0.3856,1,237728
D1,bun-fre-lei-2026-05-16,2026-05-16T13:30:00+00:00,H,24,0.35,0.3515,0.3816,0.3863,nan,0.3856,1,237728
D1,bun-fre-lei-2026-05-16,2026-05-16T13:30:00+00:00,D,1,0.26,0.24,0.2503,0.2426,nan,0.2487,0,34863
D1,bun-fre-lei-2026-05-16,2026-05-16T13:30:00+00:00,D,6,0.25,0.24,0.2503,0.2426,nan,0.2487,0,34863
D1,bun-fre-lei-2026-05-16,2026-05-16T13:30:00+00:00,D,24,0.24,0.24,0.2503,0.2426,nan,0.2487,0,34863
D1,bun-fre-lei-2026-05-16,2026-05-16T13:30:00+00:00,A,1,0.37,0.4085,0.3681,0.3711,nan,0.3657,0,852070
D1,bun-fre-lei-2026-05-16,2026-05-16T13:30:00+00:00,A,6,0.4,0.4085,0.3681,0.3711,nan,0.3657,0,852070
D1,bun-fre-lei-2026-05-16,2026-05-16T13:30:00+00:00,A,24,0.42,0.4085,0.3681,0.3711,nan,0.3657,0,852070
D1,bun-pau-wol-2026-05-16,2026-05-16T13:30:00+00:00,H,1,0.35,0.335,0.3651,0.3719,nan,0.3639,0,309823
D1,bun-pau-wol-2026-05-16,2026-05-16T13:30:00+00:00,H,6,0.34,0.335,0.3651,0.3719,nan,0.3639,0,309823
D1,bun-pau-wol-2026-05-16,2026-05-16T13:30:00+00:00,H,24,0.34,0.335,0.3651,0.3719,nan,0.3639,0,309823
D1,bun-pau-wol-2026-05-16,2026-05-16T13:30:00+00:00,D,1,0.27,0.2566,0.2625,0.2563,nan,0.2695,0,60893
D1,bun-pau-wol-2026-05-16,2026-05-16T13:30:00+00:00,D,6,0.27,0.2566,0.2625,0.2563,nan,0.2695,0,60893
D1,bun-pau-wol-2026-05-16,2026-05-16T13:30:00+00:00,D,24,0.26,0.2566,0.2625,0.2563,nan,0.2695,0,60893
D1,bun-pau-wol-2026-05-16,2026-05-16T13:30:00+00:00,A,1,0.39,0.4085,0.3724,0.3719,nan,0.3666,1,443218
D1,bun-pau-wol-2026-05-16,2026-05-16T13:30:00+00:00,A,6,0.39,0.4085,0.3724,0.3719,nan,0.3666,1,443218
D1,bun-pau-wol-2026-05-16,2026-05-16T13:30:00+00:00,A,24,0.42,0.4085,0.3724,0.3719,nan,0.3666,1,443218
D1,bun-moe-hof-2026-05-16,2026-05-16T13:30:00+00:00,H,1,0.21,0.228,0.2135,0.2116,nan,0.1987,1,236567
D1,bun-moe-hof-2026-05-16,2026-05-16T13:30:00+00:00,H,6,0.21,0.228,0.2135,0.2116,nan,0.1987,1,236567
D1,bun-moe-hof-2026-05-16,2026-05-16T13:30:00+00:00,H,24,0.22,0.228,0.2135,0.2116,nan,0.1987,1,236567
D1,bun-moe-hof-2026-05-16,2026-05-16T13:30:00+00:00,D,1,0.21,0.2124,0.2106,0.2005,nan,0.2028,0,26281
D1,bun-moe-hof-2026-05-16,2026-05-16T13:30:00+00:00,D,6,0.21,0.2124,0.2106,0.2005,nan,0.2028,0,26281
D1,bun-moe-hof-2026-05-16,2026-05-16T13:30:00+00:00,D,24,0.21,0.2124,0.2106,0.2005,nan,0.2028,0,26281
D1,bun-moe-hof-2026-05-16,2026-05-16T13:30:00+00:00,A,1,0.6,0.5596,0.5759,0.5879,nan,0.5985,0,2298004
D1,bun-moe-hof-2026-05-16,2026-05-16T13:30:00+00:00,A,6,0.59,0.5596,0.5759,0.5879,nan,0.5985,0,2298004
D1,bun-moe-hof-2026-05-16,2026-05-16T13:30:00+00:00,A,24,0.59,0.5596,0.5759,0.5879,nan,0.5985,0,2298004
D1,bun-b04-hsv-2026-05-16,2026-05-16T13:30:00+00:00,H,1,0.75,0.7461,0.7361,0.7355,nan,0.7636,0,376456
D1,bun-b04-hsv-2026-05-16,2026-05-16T13:30:00+00:00,H,6,0.77,0.7461,0.7361,0.7355,nan,0.7636,0,376456
D1,bun-b04-hsv-2026-05-16,2026-05-16T13:30:00+00:00,H,24,0.78,0.7461,0.7361,0.7355,nan,0.7636,0,376456
D1,bun-b04-hsv-2026-05-16,2026-05-16T13:30:00+00:00,D,1,0.15,0.1483,0.151,0.146,nan,0.1418,1,76281
D1,bun-b04-hsv-2026-05-16,2026-05-16T13:30:00+00:00,D,6,0.14,0.1483,0.151,0.146,nan,0.1418,1,76281
D1,bun-b04-hsv-2026-05-16,2026-05-16T13:30:00+00:00,D,24,0.13,0.1483,0.151,0.146,nan,0.1418,1,76281
D1,bun-b04-hsv-2026-05-16,2026-05-16T13:30:00+00:00,A,1,0.11,0.1056,0.1129,0.1186,nan,0.0945,0,112269
D1,bun-b04-hsv-2026-05-16,2026-05-16T13:30:00+00:00,A,6,0.1,0.1056,0.1129,0.1186,nan,0.0945,0,112269
D1,bun-b04-hsv-2026-05-16,2026-05-16T13:30:00+00:00,A,24,0.08,0.1056,0.1129,0.1186,nan,0.0945,0,112269
D1,bun-uni-aug-2026-05-16,2026-05-16T13:30:00+00:00,H,1,0.34,0.3627,0.3717,0.3659,nan,0.3697,1,123134
D1,bun-uni-aug-2026-05-16,2026-05-16T13:30:00+00:00,H,6,0.35,0.3627,0.3717,0.3659,nan,0.3697,1,123134
D1,bun-uni-aug-2026-05-16,2026-05-16T13:30:00+00:00,H,24,0.36,0.3627,0.3717,0.3659,nan,0.3697,1,123134
D1,bun-uni-aug-2026-05-16,2026-05-16T13:30:00+00:00,D,1,0.24,0.2473,0.2362,0.2378,nan,0.2434,0,19579
D1,bun-uni-aug-2026-05-16,2026-05-16T13:30:00+00:00,D,6,0.25,0.2473,0.2362,0.2378,nan,0.2434,0,19579
D1,bun-uni-aug-2026-05-16,2026-05-16T13:30:00+00:00,D,24,0.25,0.2473,0.2362,0.2378,nan,0.2434,0,19579
D1,bun-uni-aug-2026-05-16,2026-05-16T13:30:00+00:00,A,1,0.42,0.39,0.392,0.3963,nan,0.3869,0,127991
D1,bun-uni-aug-2026-05-16,2026-05-16T13:30:00+00:00,A,6,0.41,0.39,0.392,0.3963,nan,0.3869,0,127991
D1,bun-uni-aug-2026-05-16,2026-05-16T13:30:00+00:00,A,24,0.4,0.39,0.392,0.3963,nan,0.3869,0,127991
D1,bun-ein-stu-2026-05-16,2026-05-16T13:30:00+00:00,H,1,0.27,0.2782,0.2679,0.2558,nan,0.2551,0,156881
D1,bun-ein-stu-2026-05-16,2026-05-16T13:30:00+00:00,H,6,0.26,0.2782,0.2679,0.2558,nan,0.2551,0,156881
D1,bun-ein-stu-2026-05-16,2026-05-16T13:30:00+00:00,H,24,0.28,0.2782,0.2679,0.2558,nan,0.2551,0,156881
D1,bun-ein-stu-2026-05-16,2026-05-16T13:30:00+00:00,D,1,0.22,0.2208,0.2199,0.2185,nan,0.2211,1,143210
D1,bun-ein-stu-2026-05-16,2026-05-16T13:30:00+00:00,D,6,0.23,0.2208,0.2199,0.2185,nan,0.2211,1,143210
D1,bun-ein-stu-2026-05-16,2026-05-16T13:30:00+00:00,D,24,0.22,0.2208,0.2199,0.2185,nan,0.2211,1,143210
D1,bun-ein-stu-2026-05-16,2026-05-16T13:30:00+00:00,A,1,0.52,0.501,0.5122,0.5257,nan,0.5237,0,2670709
D1,bun-ein-stu-2026-05-16,2026-05-16T13:30:00+00:00,A,6,0.52,0.501,0.5122,0.5257,nan,0.5237,0,2670709
D1,bun-ein-stu-2026-05-16,2026-05-16T13:30:00+00:00,A,24,0.52,0.501,0.5122,0.5257,nan,0.5237,0,2670709
D1,bun-wer-dor-2026-05-16,2026-05-16T13:30:00+00:00,H,1,0.29,0.2824,0.299,0.3024,nan,0.2853,0,78189
D1,bun-wer-dor-2026-05-16,2026-05-16T13:30:00+00:00,H,6,0.28,0.2824,0.299,0.3024,nan,0.2853,0,78189
D1,bun-wer-dor-2026-05-16,2026-05-16T13:30:00+00:00,H,24,0.26,0.2824,0.299,0.3024,nan,0.2853,0,78189
D1,bun-wer-dor-2026-05-16,2026-05-16T13:30:00+00:00,D,1,0.25,0.2347,0.2368,0.2404,nan,0.2436,0,45318
D1,bun-wer-dor-2026-05-16,2026-05-16T13:30:00+00:00,D,6,0.24,0.2347,0.2368,0.2404,nan,0.2436,0,45318
D1,bun-wer-dor-2026-05-16,2026-05-16T13:30:00+00:00,D,24,0.24,0.2347,0.2368,0.2404,nan,0.2436,0,45318
D1,bun-wer-dor-2026-05-16,2026-05-16T13:30:00+00:00,A,1,0.47,0.4829,0.4642,0.4573,nan,0.4711,1,715895
D1,bun-wer-dor-2026-05-16,2026-05-16T13:30:00+00:00,A,6,0.49,0.4829,0.4642,0.4573,nan,0.4711,1,715895
D1,bun-wer-dor-2026-05-16,2026-05-16T13:30:00+00:00,A,24,0.5,0.4829,0.4642,0.4573,nan,0.4711,1,715895
D1,bun-hei-mai-2026-05-16,2026-05-16T13:30:00+00:00,H,1,0.5,0.4962,0.4853,0.4866,nan,0.4766,0,1693905
D1,bun-hei-mai-2026-05-16,2026-05-16T13:30:00+00:00,H,6,0.5,0.4962,0.4853,0.4866,nan,0.4766,0,1693905
D1,bun-hei-mai-2026-05-16,2026-05-16T13:30:00+00:00,H,24,0.51,0.4962,0.4853,0.4866,nan,0.4766,0,1693905
D1,bun-hei-mai-2026-05-16,2026-05-16T13:30:00+00:00,D,1,0.23,0.2253,0.2306,0.2259,nan,0.236,0,44027
D1,bun-hei-mai-2026-05-16,2026-05-16T13:30:00+00:00,D,6,0.22,0.2253,0.2306,0.2259,nan,0.236,0,44027
D1,bun-hei-mai-2026-05-16,2026-05-16T13:30:00+00:00,D,24,0.22,0.2253,0.2306,0.2259,nan,0.236,0,44027
D1,bun-hei-mai-2026-05-16,2026-05-16T13:30:00+00:00,A,1,0.27,0.2785,0.2841,0.2875,nan,0.2873,1,1464530
D1,bun-hei-mai-2026-05-16,2026-05-16T13:30:00+00:00,A,6,0.29,0.2785,0.2841,0.2875,nan,0.2873,1,1464530
D1,bun-hei-mai-2026-05-16,2026-05-16T13:30:00+00:00,A,24,0.28,0.2785,0.2841,0.2875,nan,0.2873,1,1464530
D1,bun-bay-koe-2026-05-16,2026-05-16T13:30:00+00:00,H,1,0.84,0.8199,0.8224,0.8199,nan,0.845,1,936420
D1,bun-bay-koe-2026-05-16,2026-05-16T13:30:00+00:00,H,6,0.86,0.8199,0.8224,0.8199,nan,0.845,1,936420
D1,bun-bay-koe-2026-05-16,2026-05-16T13:30:00+00:00,H,24,0.84,0.8199,0.8224,0.8199,nan,0.845,1,936420
D1,bun-bay-koe-2026-05-16,2026-05-16T13:30:00+00:00,D,1,0.1,0.1073,0.1029,0.1029,nan,0.0906,0,38738
D1,bun-bay-koe-2026-05-16,2026-05-16T13:30:00+00:00,D,6,0.1,0.1073,0.1029,0.1029,nan,0.0906,0,38738
D1,bun-bay-koe-2026-05-16,2026-05-16T13:30:00+00:00,D,24,0.1,0.1073,0.1029,0.1029,nan,0.0906,0,38738
D1,bun-bay-koe-2026-05-16,2026-05-16T13:30:00+00:00,A,1,0.07,0.0728,0.0746,0.0772,nan,0.0643,0,97062
D1,bun-bay-koe-2026-05-16,2026-05-16T13:30:00+00:00,A,6,0.06,0.0728,0.0746,0.0772,nan,0.0643,0,97062
D1,bun-bay-koe-2026-05-16,2026-05-16T13:30:00+00:00,A,24,0.07,0.0728,0.0746,0.0772,nan,0.0643,0,97062
D1,bun-bay-stu-2026-08-28,2026-08-28T18:30:00+00:00,H,1,0.8,0.7823,0.7772,0.7784,nan,0.7984,1,1689694
D1,bun-bay-stu-2026-08-28,2026-08-28T18:30:00+00:00,H,6,0.81,0.7823,0.7772,0.7784,nan,0.7984,1,1689694
D1,bun-bay-stu-2026-08-28,2026-08-28T18:30:00+00:00,H,24,0.78,0.7823,0.7772,0.7784,nan,0.7984,1,1689694
D1,bun-bay-stu-2026-08-28,2026-08-28T18:30:00+00:00,D,1,0.13,0.1272,0.1276,0.1266,nan,0.1217,0,74611
D1,bun-bay-stu-2026-08-28,2026-08-28T18:30:00+00:00,D,6,0.12,0.1272,0.1276,0.1266,nan,0.1217,0,74611
D1,bun-bay-stu-2026-08-28,2026-08-28T18:30:00+00:00,D,24,0.13,0.1272,0.1276,0.1266,nan,0.1217,0,74611
D1,bun-bay-stu-2026-08-28,2026-08-28T18:30:00+00:00,A,1,0.07,0.0905,0.0952,0.095,nan,0.0798,0,524847
D1,bun-bay-stu-2026-08-28,2026-08-28T18:30:00+00:00,A,6,0.07,0.0905,0.0952,0.095,nan,0.0798,0,524847
D1,bun-bay-stu-2026-08-28,2026-08-28T18:30:00+00:00,A,24,0.09,0.0905,0.0952,0.095,nan,0.0798,0,524847
D1,bun-koe-hof-2026-08-29,2026-08-29T13:30:00+00:00,H,1,0.32,0.3306,0.305,0.3059,nan,0.2961,1,68086
D1,bun-koe-hof-2026-08-29,2026-08-29T13:30:00+00:00,H,6,0.31,0.3306,0.305,0.3059,nan,0.2961,1,68086
D1,bun-koe-hof-2026-08-29,2026-08-29T13:30:00+00:00,H,24,0.32,0.3306,0.305,0.3059,nan,0.2961,1,68086
D1,bun-koe-hof-2026-08-29,2026-08-29T13:30:00+00:00,D,1,0.26,0.2536,0.256,0.2529,nan,0.261,0,28093
D1,bun-koe-hof-2026-08-29,2026-08-29T13:30:00+00:00,D,6,0.26,0.2536,0.256,0.2529,nan,0.261,0,28093
D1,bun-koe-hof-2026-08-29,2026-08-29T13:30:00+00:00,D,24,0.25,0.2536,0.256,0.2529,nan,0.261,0,28093
D1,bun-koe-hof-2026-08-29,2026-08-29T13:30:00+00:00,A,1,0.43,0.4158,0.439,0.4411,nan,0.4428,0,1513595
D1,bun-koe-hof-2026-08-29,2026-08-29T13:30:00+00:00,A,6,0.43,0.4158,0.439,0.4411,nan,0.4428,0,1513595
D1,bun-koe-hof-2026-08-29,2026-08-29T13:30:00+00:00,A,24,0.43,0.4158,0.439,0.4411,nan,0.4428,0,1513595
D1,bun-elv-b04-2026-08-29,2026-08-29T13:30:00+00:00,H,1,0.18,0.1911,0.1876,0.18,nan,0.1741,1,619034
D1,bun-elv-b04-2026-08-29,2026-08-29T13:30:00+00:00,H,6,0.18,0.1911,0.1876,0.18,nan,0.1741,1,619034
D1,bun-elv-b04-2026-08-29,2026-08-29T13:30:00+00:00,H,24,0.19,0.1911,0.1876,0.18,nan,0.1741,1,619034
D1,bun-elv-b04-2026-08-29,2026-08-29T13:30:00+00:00,D,1,0.21,0.2124,0.2165,0.2182,nan,0.2206,0,37433
D1,bun-elv-b04-2026-08-29,2026-08-29T13:30:00+00:00,D,6,0.22,0.2124,0.2165,0.2182,nan,0.2206,0,37433
D1,bun-elv-b04-2026-08-29,2026-08-29T13:30:00+00:00,D,24,0.2,0.2124,0.2165,0.2182,nan,0.2206,0,37433
D1,bun-elv-b04-2026-08-29,2026-08-29T13:30:00+00:00,A,1,0.61,0.5965,0.596,0.6018,nan,0.6053,0,401415
D1,bun-elv-b04-2026-08-29,2026-08-29T13:30:00+00:00,A,6,0.61,0.5965,0.596,0.6018,nan,0.6053,0,401415
D1,bun-elv-b04-2026-08-29,2026-08-29T13:30:00+00:00,A,24,0.62,0.5965,0.596,0.6018,nan,0.6053,0,401415
D1,bun-mai-scp-2026-08-29,2026-08-29T13:30:00+00:00,H,1,0.62,0.5651,0.6236,0.6316,nan,0.6227,0,268704
D1,bun-mai-scp-2026-08-29,2026-08-29T13:30:00+00:00,H,6,0.63,0.5651,0.6236,0.6316,nan,0.6227,0,268704
D1,bun-mai-scp-2026-08-29,2026-08-29T13:30:00+00:00,H,24,0.59,0.5651,0.6236,0.6316,nan,0.6227,0,268704
D1,bun-mai-scp-2026-08-29,2026-08-29T13:30:00+00:00,D,1,0.21,0.2357,0.2097,0.2105,nan,0.2166,1,38736
D1,bun-mai-scp-2026-08-29,2026-08-29T13:30:00+00:00,D,6,0.22,0.2357,0.2097,0.2105,nan,0.2166,1,38736
D1,bun-mai-scp-2026-08-29,2026-08-29T13:30:00+00:00,D,24,0.24,0.2357,0.2097,0.2105,nan,0.2166,1,38736
D1,bun-mai-scp-2026-08-29,2026-08-29T13:30:00+00:00,A,1,0.16,0.1992,0.1667,0.1579,nan,0.1607,0,40850
D1,bun-mai-scp-2026-08-29,2026-08-29T13:30:00+00:00,A,6,0.16,0.1992,0.1667,0.1579,nan,0.1607,0,40850
D1,bun-mai-scp-2026-08-29,2026-08-29T13:30:00+00:00,A,24,0.19,0.1992,0.1667,0.1579,nan,0.1607,0,40850
D1,bun-lei-moe-2026-08-29,2026-08-29T13:30:00+00:00,H,1,0.62,0.6087,0.6072,0.6099,nan,0.6096,1,376111
D1,bun-lei-moe-2026-08-29,2026-08-29T13:30:00+00:00,H,6,0.61,0.6087,0.6072,0.6099,nan,0.6096,1,376111
D1,bun-lei-moe-2026-08-29,2026-08-29T13:30:00+00:00,H,24,0.62,0.6087,0.6072,0.6099,nan,0.6096,1,376111
D1,bun-lei-moe-2026-08-29,2026-08-29T13:30:00+00:00,D,1,0.22,0.2107,0.2087,0.2101,nan,0.216,0,22406
D1,bun-lei-moe-2026-08-29,2026-08-29T13:30:00+00:00,D,6,0.22,0.2107,0.2087,0.2101,nan,0.216,0,22406
D1,bun-lei-moe-2026-08-29,2026-08-29T13:30:00+00:00,D,24,0.21,0.2107,0.2087,0.2101,nan,0.216,0,22406
D1,bun-lei-moe-2026-08-29,2026-08-29T13:30:00+00:00,A,1,0.17,0.1806,0.1841,0.1801,nan,0.1743,0,73440
D1,bun-lei-moe-2026-08-29,2026-08-29T13:30:00+00:00,A,6,0.18,0.1806,0.1841,0.1801,nan,0.1743,0,73440
D1,bun-lei-moe-2026-08-29,2026-08-29T13:30:00+00:00,A,24,0.17,0.1806,0.1841,0.1801,nan,0.1743,0,73440
D1,bun-uni-ein-2026-08-29,2026-08-29T13:30:00+00:00,H,1,0.36,0.3668,0.3613,0.3531,nan,0.3579,0,44614
D1,bun-uni-ein-2026-08-29,2026-08-29T13:30:00+00:00,H,6,0.36,0.3668,0.3613,0.3531,nan,0.3579,0,44614
D1,bun-uni-ein-2026-08-29,2026-08-29T13:30:00+00:00,H,24,0.37,0.3668,0.3613,0.3531,nan,0.3579,0,44614
D1,bun-uni-ein-2026-08-29,2026-08-29T13:30:00+00:00,D,1,0.27,0.262,0.2584,0.2577,nan,0.2653,1,47736
D1,bun-uni-ein-2026-08-29,2026-08-29T13:30:00+00:00,D,6,0.27,0.262,0.2584,0.2577,nan,0.2653,1,47736
D1,bun-uni-ein-2026-08-29,2026-08-29T13:30:00+00:00,D,24,0.26,0.262,0.2584,0.2577,nan,0.2653,1,47736
D1,bun-uni-ein-2026-08-29,2026-08-29T13:30:00+00:00,A,1,0.37,0.3712,0.3803,0.3892,nan,0.3768,0,67820
D1,bun-uni-ein-2026-08-29,2026-08-29T13:30:00+00:00,A,6,0.37,0.3712,0.3803,0.3892,nan,0.3768,0,67820
D1,bun-uni-ein-2026-08-29,2026-08-29T13:30:00+00:00,A,24,0.37,0.3712,0.3803,0.3892,nan,0.3768,0,67820
D1,bun-dor-hsv-2026-08-29,2026-08-29T16:30:00+00:00,H,1,0.72,0.7167,0.7114,0.7044,nan,0.7216,1,1061933
D1,bun-dor-hsv-2026-08-29,2026-08-29T16:30:00+00:00,H,6,0.71,0.7167,0.7114,0.7044,nan,0.7216,1,1061933
D1,bun-dor-hsv-2026-08-29,2026-08-29T16:30:00+00:00,H,24,0.75,0.7167,0.7114,0.7044,nan,0.7216,1,1061933
D1,bun-dor-hsv-2026-08-29,2026-08-29T16:30:00+00:00,D,1,0.18,0.1739,0.1711,0.1785,nan,0.1747,0,29267
D1,bun-dor-hsv-2026-08-29,2026-08-29T16:30:00+00:00,D,6,0.18,0.1739,0.1711,0.1785,nan,0.1747,0,29267
D1,bun-dor-hsv-2026-08-29,2026-08-29T16:30:00+00:00,D,24,0.16,0.1739,0.1711,0.1785,nan,0.1747,0,29267
D1,bun-dor-hsv-2026-08-29,2026-08-29T16:30:00+00:00,A,1,0.11,0.1094,0.1175,0.1171,nan,0.1037,0,175597
D1,bun-dor-hsv-2026-08-29,2026-08-29T16:30:00+00:00,A,6,0.11,0.1094,0.1175,0.1171,nan,0.1037,0,175597
D1,bun-dor-hsv-2026-08-29,2026-08-29T16:30:00+00:00,A,24,0.1,0.1094,0.1175,0.1171,nan,0.1037,0,175597
D1,bun-fre-wer-2026-08-30,2026-08-30T13:30:00+00:00,H,1,0.54,0.483,0.5321,0.524,nan,0.5364,1,235087
D1,bun-fre-wer-2026-08-30,2026-08-30T13:30:00+00:00,H,6,0.53,0.483,0.5321,0.524,nan,0.5364,1,235087
D1,bun-fre-wer-2026-08-30,2026-08-30T13:30:00+00:00,H,24,0.49,0.483,0.5321,0.524,nan,0.5364,1,235087
D1,bun-fre-wer-2026-08-30,2026-08-30T13:30:00+00:00,D,1,0.26,0.261,0.2478,0.2515,nan,0.2558,0,79474
D1,bun-fre-wer-2026-08-30,2026-08-30T13:30:00+00:00,D,6,0.26,0.261,0.2478,0.2515,nan,0.2558,0,79474
D1,bun-fre-wer-2026-08-30,2026-08-30T13:30:00+00:00,D,24,0.26,0.261,0.2478,0.2515,nan,0.2558,0,79474
D1,bun-fre-wer-2026-08-30,2026-08-30T13:30:00+00:00,A,1,0.2,0.256,0.2201,0.2246,nan,0.2078,0,70538
D1,bun-fre-wer-2026-08-30,2026-08-30T13:30:00+00:00,A,6,0.22,0.256,0.2201,0.2246,nan,0.2078,0,70538
D1,bun-fre-wer-2026-08-30,2026-08-30T13:30:00+00:00,A,24,0.24,0.256,0.2201,0.2246,nan,0.2078,0,70538
D1,bun-stu-koe-2026-09-04,2026-09-04T18:30:00+00:00,H,1,0.67,0.6437,0.6556,0.6646,nan,0.6711,1,543256
D1,bun-stu-koe-2026-09-04,2026-09-04T18:30:00+00:00,H,6,0.66,0.6437,0.6556,0.6646,nan,0.6711,1,543256
D1,bun-stu-koe-2026-09-04,2026-09-04T18:30:00+00:00,H,24,0.66,0.6437,0.6556,0.6646,nan,0.6711,1,543256
D1,bun-stu-koe-2026-09-04,2026-09-04T18:30:00+00:00,D,1,0.18,0.1887,0.1855,0.1823,nan,0.1818,0,38666
D1,bun-stu-koe-2026-09-04,2026-09-04T18:30:00+00:00,D,6,0.19,0.1887,0.1855,0.1823,nan,0.1818,0,38666
D1,bun-stu-koe-2026-09-04,2026-09-04T18:30:00+00:00,D,24,0.19,0.1887,0.1855,0.1823,nan,0.1818,0,38666
D1,bun-stu-koe-2026-09-04,2026-09-04T18:30:00+00:00,A,1,0.15,0.1675,0.1589,0.1531,nan,0.1471,0,133175
D1,bun-stu-koe-2026-09-04,2026-09-04T18:30:00+00:00,A,6,0.15,0.1675,0.1589,0.1531,nan,0.1471,0,133175
D1,bun-stu-koe-2026-09-04,2026-09-04T18:30:00+00:00,A,24,0.17,0.1675,0.1589,0.1531,nan,0.1471,0,133175
D1,bun-aug-s04-2026-08-30,2026-08-30T15:30:00+00:00,H,1,0.44,0.4381,0.4144,0.4081,nan,0.4178,1,363673
D1,bun-aug-s04-2026-08-30,2026-08-30T15:30:00+00:00,H,6,0.43,0.4381,0.4144,0.4081,nan,0.4178,1,363673
D1,bun-aug-s04-2026-08-30,2026-08-30T15:30:00+00:00,H,24,0.44,0.4381,0.4144,0.4081,nan,0.4178,1,363673
D1,bun-aug-s04-2026-08-30,2026-08-30T15:30:00+00:00,D,1,0.28,0.2599,0.2688,0.2682,nan,0.2762,0,26151
D1,bun-aug-s04-2026-08-30,2026-08-30T15:30:00+00:00,D,6,0.28,0.2599,0.2688,0.2682,nan,0.2762,0,26151
D1,bun-aug-s04-2026-08-30,2026-08-30T15:30:00+00:00,D,24,0.25,0.2599,0.2688,0.2682,nan,0.2762,0,26151
D1,bun-aug-s04-2026-08-30,2026-08-30T15:30:00+00:00,A,1,0.29,0.302,0.3168,0.3237,nan,0.306,0,110681
D1,bun-aug-s04-2026-08-30,2026-08-30T15:30:00+00:00,A,6,0.29,0.302,0.3168,0.3237,nan,0.306,0,110681
D1,bun-aug-s04-2026-08-30,2026-08-30T15:30:00+00:00,A,24,0.3,0.302,0.3168,0.3237,nan,0.306,0,110681
D1,bun-hof-dor-2026-09-05,2026-09-05T13:30:00+00:00,H,1,0.37,0.3291,0.3882,0.3968,nan,0.3883,0,336656
D1,bun-hof-dor-2026-09-05,2026-09-05T13:30:00+00:00,H,6,0.35,0.3291,0.3882,0.3968,nan,0.3883,0,336656
D1,bun-hof-dor-2026-09-05,2026-09-05T13:30:00+00:00,H,24,0.34,0.3291,0.3882,0.3968,nan,0.3883,0,336656
D1,bun-hof-dor-2026-09-05,2026-09-05T13:30:00+00:00,D,1,0.25,0.246,0.2476,0.2506,nan,0.2516,0,66810
D1,bun-hof-dor-2026-09-05,2026-09-05T13:30:00+00:00,D,6,0.24,0.246,0.2476,0.2506,nan,0.2516,0,66810
D1,bun-hof-dor-2026-09-05,2026-09-05T13:30:00+00:00,D,24,0.25,0.246,0.2476,0.2506,nan,0.2516,0,66810
D1,bun-hof-dor-2026-09-05,2026-09-05T13:30:00+00:00,A,1,0.39,0.4249,0.3642,0.3527,nan,0.3601,1,367617
D1,bun-hof-dor-2026-09-05,2026-09-05T13:30:00+00:00,A,6,0.39,0.4249,0.3642,0.3527,nan,0.3601,1,367617
D1,bun-hof-dor-2026-09-05,2026-09-05T13:30:00+00:00,A,24,0.43,0.4249,0.3642,0.3527,nan,0.3601,1,367617
D1,bun-wer-lei-2026-09-05,2026-09-05T13:30:00+00:00,H,1,0.22,0.232,0.2513,0.2537,nan,0.2439,1,115981
D1,bun-wer-lei-2026-09-05,2026-09-05T13:30:00+00:00,H,6,0.22,0.232,0.2513,0.2537,nan,0.2439,1,115981
D1,bun-wer-lei-2026-09-05,2026-09-05T13:30:00+00:00,H,24,0.22,0.232,0.2513,0.2537,nan,0.2439,1,115981
D1,bun-wer-lei-2026-09-05,2026-09-05T13:30:00+00:00,D,1,0.23,0.2325,0.231,0.2265,nan,0.2326,0,21517
D1,bun-wer-lei-2026-09-05,2026-09-05T13:30:00+00:00,D,6,0.22,0.2325,0.231,0.2265,nan,0.2326,0,21517
D1,bun-wer-lei-2026-09-05,2026-09-05T13:30:00+00:00,D,24,0.23,0.2325,0.231,0.2265,nan,0.2326,0,21517
D1,bun-wer-lei-2026-09-05,2026-09-05T13:30:00+00:00,A,1,0.55,0.5355,0.5178,0.5198,nan,0.5235,0,381310
D1,bun-wer-lei-2026-09-05,2026-09-05T13:30:00+00:00,A,6,0.55,0.5355,0.5178,0.5198,nan,0.5235,0,381310
D1,bun-wer-lei-2026-09-05,2026-09-05T13:30:00+00:00,A,24,0.56,0.5355,0.5178,0.5198,nan,0.5235,0,381310
D1,bun-scp-fre-2026-09-05,2026-09-05T13:30:00+00:00,H,1,0.25,0.2741,0.2627,0.2609,nan,0.2548,0,26682
D1,bun-scp-fre-2026-09-05,2026-09-05T13:30:00+00:00,H,6,0.25,0.2741,0.2627,0.2609,nan,0.2548,0,26682
D1,bun-scp-fre-2026-09-05,2026-09-05T13:30:00+00:00,H,24,0.26,0.2741,0.2627,0.2609,nan,0.2548,0,26682
D1,bun-scp-fre-2026-09-05,2026-09-05T13:30:00+00:00,D,1,0.25,0.2561,0.2475,0.2472,nan,0.2484,0,11451
D1,bun-scp-fre-2026-09-05,2026-09-05T13:30:00+00:00,D,6,0.26,0.2561,0.2475,0.2472,nan,0.2484,0,11451
D1,bun-scp-fre-2026-09-05,2026-09-05T13:30:00+00:00,D,24,0.25,0.2561,0.2475,0.2472,nan,0.2484,0,11451
D1,bun-scp-fre-2026-09-05,2026-09-05T13:30:00+00:00,A,1,0.5,0.4698,0.4898,0.4918,nan,0.4968,1,188592
D1,bun-scp-fre-2026-09-05,2026-09-05T13:30:00+00:00,A,6,0.49,0.4698,0.4898,0.4918,nan,0.4968,1,188592
D1,bun-scp-fre-2026-09-05,2026-09-05T13:30:00+00:00,A,24,0.49,0.4698,0.4898,0.4918,nan,0.4968,1,188592
D1,bun-b04-uni-2026-09-05,2026-09-05T13:30:00+00:00,H,1,0.71,0.6536,0.7001,0.699,nan,0.7029,1,736386
D1,bun-b04-uni-2026-09-05,2026-09-05T13:30:00+00:00,H,6,0.68,0.6536,0.7001,0.699,nan,0.7029,1,736386
D1,bun-b04-uni-2026-09-05,2026-09-05T13:30:00+00:00,H,24,0.68,0.6536,0.7001,0.699,nan,0.7029,1,736386
D1,bun-b04-uni-2026-09-05,2026-09-05T13:30:00+00:00,D,1,0.18,0.1947,0.1728,0.1771,nan,0.1782,0,74950
D1,bun-b04-uni-2026-09-05,2026-09-05T13:30:00+00:00,D,6,0.19,0.1947,0.1728,0.1771,nan,0.1782,0,74950
D1,bun-b04-uni-2026-09-05,2026-09-05T13:30:00+00:00,D,24,0.19,0.1947,0.1728,0.1771,nan,0.1782,0,74950
D1,bun-b04-uni-2026-09-05,2026-09-05T13:30:00+00:00,A,1,0.12,0.1517,0.1271,0.124,nan,0.1188,0,118494
D1,bun-b04-uni-2026-09-05,2026-09-05T13:30:00+00:00,A,6,0.14,0.1517,0.1271,0.124,nan,0.1188,0,118494
D1,bun-b04-uni-2026-09-05,2026-09-05T13:30:00+00:00,A,24,0.14,0.1517,0.1271,0.124,nan,0.1188,0,118494
D1,bun-moe-elv-2026-09-05,2026-09-05T13:30:00+00:00,H,1,0.5,0.5033,0.4974,0.4913,nan,0.4965,0,155325
D1,bun-moe-elv-2026-09-05,2026-09-05T13:30:00+00:00,H,6,0.51,0.5033,0.4974,0.4913,nan,0.4965,0,155325
D1,bun-moe-elv-2026-09-05,2026-09-05T13:30:00+00:00,H,24,0.51,0.5033,0.4974,0.4913,nan,0.4965,0,155325
D1,bun-moe-elv-2026-09-05,2026-09-05T13:30:00+00:00,D,1,0.25,0.2477,0.2392,0.2406,nan,0.2422,0,51786
D1,bun-moe-elv-2026-09-05,2026-09-05T13:30:00+00:00,D,6,0.25,0.2477,0.2392,0.2406,nan,0.2422,0,51786
D1,bun-moe-elv-2026-09-05,2026-09-05T13:30:00+00:00,D,24,0.25,0.2477,0.2392,0.2406,nan,0.2422,0,51786
D1,bun-moe-elv-2026-09-05,2026-09-05T13:30:00+00:00,A,1,0.26,0.249,0.2633,0.2681,nan,0.2613,1,133394
D1,bun-moe-elv-2026-09-05,2026-09-05T13:30:00+00:00,A,6,0.25,0.249,0.2633,0.2681,nan,0.2613,1,133394
D1,bun-moe-elv-2026-09-05,2026-09-05T13:30:00+00:00,A,24,0.25,0.249,0.2633,0.2681,nan,0.2613,1,133394
D1,bun-s04-bay-2026-09-05,2026-09-05T16:30:00+00:00,H,1,0.06,0.0692,0.0816,0.073,nan,0.0664,0,188416
D1,bun-s04-bay-2026-09-05,2026-09-05T16:30:00+00:00,H,6,0.05,0.0692,0.0816,0.073,nan,0.0664,0,188416
D1,bun-s04-bay-2026-09-05,2026-09-05T16:30:00+00:00,H,24,0.05,0.0692,0.0816,0.073,nan,0.0664,0,188416
D1,bun-s04-bay-2026-09-05,2026-09-05T16:30:00+00:00,D,1,0.11,0.113,0.1277,0.1357,nan,0.1244,1,81586
D1,bun-s04-bay-2026-09-05,2026-09-05T16:30:00+00:00,D,6,0.1,0.113,0.1277,0.1357,nan,0.1244,1,81586
D1,bun-s04-bay-2026-09-05,2026-09-05T16:30:00+00:00,D,24,0.09,0.113,0.1277,0.1357,nan,0.1244,1,81586
D1,bun-s04-bay-2026-09-05,2026-09-05T16:30:00+00:00,A,1,0.85,0.8177,0.7907,0.7913,nan,0.8092,0,1125213
D1,bun-s04-bay-2026-09-05,2026-09-05T16:30:00+00:00,A,6,0.85,0.8177,0.7907,0.7913,nan,0.8092,0,1125213
D1,bun-s04-bay-2026-09-05,2026-09-05T16:30:00+00:00,A,24,0.85,0.8177,0.7907,0.7913,nan,0.8092,0,1125213
D1,bun-hsv-mai-2026-09-06,2026-09-06T13:30:00+00:00,H,1,0.32,0.3389,0.3326,0.3265,nan,0.3258,0,33461
D1,bun-hsv-mai-2026-09-06,2026-09-06T13:30:00+00:00,H,6,0.33,0.3389,0.3326,0.3265,nan,0.3258,0,33461
D1,bun-hsv-mai-2026-09-06,2026-09-06T13:30:00+00:00,H,24,0.3462,0.3389,0.3326,0.3265,nan,0.3258,0,33461
D1,bun-hsv-mai-2026-09-06,2026-09-06T13:30:00+00:00,D,1,0.28,0.2665,0.272,0.2705,nan,0.2799,0,10817
D1,bun-hsv-mai-2026-09-06,2026-09-06T13:30:00+00:00,D,6,0.27,0.2665,0.272,0.2705,nan,0.2799,0,10817
D1,bun-hsv-mai-2026-09-06,2026-09-06T13:30:00+00:00,D,24,0.27,0.2665,0.272,0.2705,nan,0.2799,0,10817
D1,bun-hsv-mai-2026-09-06,2026-09-06T13:30:00+00:00,A,1,0.4,0.3946,0.3954,0.4029,nan,0.3943,1,67706
D1,bun-hsv-mai-2026-09-06,2026-09-06T13:30:00+00:00,A,6,0.39,0.3946,0.3954,0.4029,nan,0.3943,1,67706
D1,bun-hsv-mai-2026-09-06,2026-09-06T13:30:00+00:00,A,24,0.4,0.3946,0.3954,0.4029,nan,0.3943,1,67706
D1,bun-uni-s04-2026-09-11,2026-09-11T18:30:00+00:00,H,1,0.41,0.3994,0.4074,0.4048,nan,0.4105,0,328987
D1,bun-uni-s04-2026-09-11,2026-09-11T18:30:00+00:00,H,6,0.4,0.3994,0.4074,0.4048,nan,0.4105,0,328987
D1,bun-uni-s04-2026-09-11,2026-09-11T18:30:00+00:00,H,24,0.41,0.3994,0.4074,0.4048,nan,0.4105,0,328987
D1,bun-uni-s04-2026-09-11,2026-09-11T18:30:00+00:00,D,1,0.27,0.2655,0.2768,0.2883,nan,0.2838,0,111238
D1,bun-uni-s04-2026-09-11,2026-09-11T18:30:00+00:00,D,6,0.27,0.2655,0.2768,0.2883,nan,0.2838,0,111238
D1,bun-uni-s04-2026-09-11,2026-09-11T18:30:00+00:00,D,24,0.27,0.2655,0.2768,0.2883,nan,0.2838,0,111238
D1,bun-uni-s04-2026-09-11,2026-09-11T18:30:00+00:00,A,1,0.31,0.335,0.3158,0.3069,nan,0.3057,1,546631
D1,bun-uni-s04-2026-09-11,2026-09-11T18:30:00+00:00,A,6,0.33,0.335,0.3158,0.3069,nan,0.3057,1,546631
D1,bun-uni-s04-2026-09-11,2026-09-11T18:30:00+00:00,A,24,0.32,0.335,0.3158,0.3069,nan,0.3057,1,546631
D1,bun-hof-stu-2026-09-12,2026-09-12T13:30:00+00:00,H,1,0.43,0.4068,0.4316,0.4306,nan,0.4298,1,162067
D1,bun-hof-stu-2026-09-12,2026-09-12T13:30:00+00:00,H,6,0.4,0.4068,0.4316,0.4306,nan,0.4298,1,162067
D1,bun-hof-stu-2026-09-12,2026-09-12T13:30:00+00:00,H,24,0.4,0.4068,0.4316,0.4306,nan,0.4298,1,162067
D1,bun-hof-stu-2026-09-12,2026-09-12T13:30:00+00:00,D,1,0.24,0.2375,0.237,0.2311,nan,0.2432,0,67906
D1,bun-hof-stu-2026-09-12,2026-09-12T13:30:00+00:00,D,6,0.23,0.2375,0.237,0.2311,nan,0.2432,0,67906
D1,bun-hof-stu-2026-09-12,2026-09-12T13:30:00+00:00,D,24,0.24,0.2375,0.237,0.2311,nan,0.2432,0,67906
D1,bun-hof-stu-2026-09-12,2026-09-12T13:30:00+00:00,A,1,0.33,0.3557,0.3313,0.3383,nan,0.327,0,169762
D1,bun-hof-stu-2026-09-12,2026-09-12T13:30:00+00:00,A,6,0.36,0.3557,0.3313,0.3383,nan,0.327,0,169762
D1,bun-hof-stu-2026-09-12,2026-09-12T13:30:00+00:00,A,24,0.36,0.3557,0.3313,0.3383,nan,0.327,0,169762
D1,bun-ein-aug-2026-09-06,2026-09-06T15:30:00+00:00,H,1,0.52,0.4903,0.5146,0.5228,nan,0.5175,0,300751
D1,bun-ein-aug-2026-09-06,2026-09-06T15:30:00+00:00,H,6,0.52,0.4903,0.5146,0.5228,nan,0.5175,0,300751
D1,bun-ein-aug-2026-09-06,2026-09-06T15:30:00+00:00,H,24,0.48,0.4903,0.5146,0.5228,nan,0.5175,0,300751
D1,bun-ein-aug-2026-09-06,2026-09-06T15:30:00+00:00,D,1,0.23,0.2359,0.2302,0.2295,nan,0.2354,0,15103
D1,bun-ein-aug-2026-09-06,2026-09-06T15:30:00+00:00,D,6,0.23,0.2359,0.2302,0.2295,nan,0.2354,0,15103
D1,bun-ein-aug-2026-09-06,2026-09-06T15:30:00+00:00,D,24,0.23,0.2359,0.2302,0.2295,nan,0.2354,0,15103
D1,bun-ein-aug-2026-09-06,2026-09-06T15:30:00+00:00,A,1,0.25,0.2738,0.2552,0.2477,nan,0.2471,1,211019
D1,bun-ein-aug-2026-09-06,2026-09-06T15:30:00+00:00,A,6,0.26,0.2738,0.2552,0.2477,nan,0.2471,1,211019
D1,bun-ein-aug-2026-09-06,2026-09-06T15:30:00+00:00,A,24,0.28,0.2738,0.2552,0.2477,nan,0.2471,1,211019
D1,bun-dor-scp-2026-09-12,2026-09-12T13:30:00+00:00,H,1,0.77,0.761,0.7521,0.7482,nan,0.7623,1,461289
D1,bun-dor-scp-2026-09-12,2026-09-12T13:30:00+00:00,H,6,0.79,0.761,0.7521,0.7482,nan,0.7623,1,461289
D1,bun-dor-scp-2026-09-12,2026-09-12T13:30:00+00:00,H,24,0.8,0.761,0.7521,0.7482,nan,0.7623,1,461289
D1,bun-dor-scp-2026-09-12,2026-09-12T13:30:00+00:00,D,1,0.15,0.1458,0.1485,0.1462,nan,0.1469,0,82931
D1,bun-dor-scp-2026-09-12,2026-09-12T13:30:00+00:00,D,6,0.13,0.1458,0.1485,0.1462,nan,0.1469,0,82931
D1,bun-dor-scp-2026-09-12,2026-09-12T13:30:00+00:00,D,24,0.12,0.1458,0.1485,0.1462,nan,0.1469,0,82931
D1,bun-dor-scp-2026-09-12,2026-09-12T13:30:00+00:00,A,1,0.09,0.0932,0.0994,0.1056,nan,0.0908,0,251904
D1,bun-dor-scp-2026-09-12,2026-09-12T13:30:00+00:00,A,6,0.08,0.0932,0.0994,0.1056,nan,0.0908,0,251904
D1,bun-dor-scp-2026-09-12,2026-09-12T13:30:00+00:00,A,24,0.07,0.0932,0.0994,0.1056,nan,0.0908,0,251904
D1,bun-mai-ein-2026-09-12,2026-09-12T13:30:00+00:00,H,1,0.54,0.475,0.5382,0.5453,nan,0.5468,0,396081
D1,bun-mai-ein-2026-09-12,2026-09-12T13:30:00+00:00,H,6,0.53,0.475,0.5382,0.5453,nan,0.5468,0,396081
D1,bun-mai-ein-2026-09-12,2026-09-12T13:30:00+00:00,H,24,0.5,0.475,0.5382,0.5453,nan,0.5468,0,396081
D1,bun-mai-ein-2026-09-12,2026-09-12T13:30:00+00:00,D,1,0.23,0.2431,0.2318,0.2246,nan,0.2369,0,12816
D1,bun-mai-ein-2026-09-12,2026-09-12T13:30:00+00:00,D,6,0.24,0.2431,0.2318,0.2246,nan,0.2369,0,12816
D1,bun-mai-ein-2026-09-12,2026-09-12T13:30:00+00:00,D,24,0.25,0.2431,0.2318,0.2246,nan,0.2369,0,12816
D1,bun-mai-ein-2026-09-12,2026-09-12T13:30:00+00:00,A,1,0.24,0.2819,0.2301,0.2301,nan,0.2163,1,171336
D1,bun-mai-ein-2026-09-12,2026-09-12T13:30:00+00:00,A,6,0.24,0.2819,0.2301,0.2301,nan,0.2163,1,171336
D1,bun-mai-ein-2026-09-12,2026-09-12T13:30:00+00:00,A,24,0.27,0.2819,0.2301,0.2301,nan,0.2163,1,171336
D1,bun-aug-b04-2026-09-12,2026-09-12T13:30:00+00:00,H,1,0.25,0.2397,0.2623,0.2635,nan,0.252,0,148873
D1,bun-aug-b04-2026-09-12,2026-09-12T13:30:00+00:00,H,6,0.25,0.2397,0.2623,0.2635,nan,0.252,0,148873
D1,bun-aug-b04-2026-09-12,2026-09-12T13:30:00+00:00,H,24,0.23,0.2397,0.2623,0.2635,nan,0.252,0,148873
D1,bun-aug-b04-2026-09-12,2026-09-12T13:30:00+00:00,D,1,0.23,0.2291,0.2342,0.2372,nan,0.2428,1,61607
D1,bun-aug-b04-2026-09-12,2026-09-12T13:30:00+00:00,D,6,0.23,0.2291,0.2342,0.2372,nan,0.2428,1,61607
D1,bun-aug-b04-2026-09-12,2026-09-12T13:30:00+00:00,D,24,0.22,0.2291,0.2342,0.2372,nan,0.2428,1,61607
D1,bun-aug-b04-2026-09-12,2026-09-12T13:30:00+00:00,A,1,0.51,0.5312,0.5035,0.4993,nan,0.5052,0,175462
D1,bun-aug-b04-2026-09-12,2026-09-12T13:30:00+00:00,A,6,0.52,0.5312,0.5035,0.4993,nan,0.5052,0,175462
D1,bun-aug-b04-2026-09-12,2026-09-12T13:30:00+00:00,A,24,0.54,0.5312,0.5035,0.4993,nan,0.5052,0,175462
D1,bun-fre-moe-2026-09-12,2026-09-12T13:30:00+00:00,H,1,0.57,0.5559,0.5606,0.5536,nan,0.5622,1,347754
D1,bun-fre-moe-2026-09-12,2026-09-12T13:30:00+00:00,H,6,0.57,0.5559,0.5606,0.5536,nan,0.5622,1,347754
D1,bun-fre-moe-2026-09-12,2026-09-12T13:30:00+00:00,H,24,0.57,0.5559,0.5606,0.5536,nan,0.5622,1,347754
D1,bun-fre-moe-2026-09-12,2026-09-12T13:30:00+00:00,D,1,0.22,0.2323,0.2253,0.2336,nan,0.2261,0,23214
D1,bun-fre-moe-2026-09-12,2026-09-12T13:30:00+00:00,D,6,0.23,0.2323,0.2253,0.2336,nan,0.2261,0,23214
D1,bun-fre-moe-2026-09-12,2026-09-12T13:30:00+00:00,D,24,0.23,0.2323,0.2253,0.2336,nan,0.2261,0,23214
D1,bun-fre-moe-2026-09-12,2026-09-12T13:30:00+00:00,A,1,0.2,0.2118,0.2141,0.2128,nan,0.2117,0,158423
D1,bun-fre-moe-2026-09-12,2026-09-12T13:30:00+00:00,A,6,0.2,0.2118,0.2141,0.2128,nan,0.2117,0,158423
D1,bun-fre-moe-2026-09-12,2026-09-12T13:30:00+00:00,A,24,0.2,0.2118,0.2141,0.2128,nan,0.2117,0,158423
D1,bun-koe-wer-2026-09-12,2026-09-12T16:30:00+00:00,H,1,0.47,0.4533,0.4578,0.4637,nan,0.4629,0,181353
D1,bun-koe-wer-2026-09-12,2026-09-12T16:30:00+00:00,H,6,0.47,0.4533,0.4578,0.4637,nan,0.4629,0,181353
D1,bun-koe-wer-2026-09-12,2026-09-12T16:30:00+00:00,H,24,0.47,0.4533,0.4578,0.4637,nan,0.4629,0,181353
D1,bun-koe-wer-2026-09-12,2026-09-12T16:30:00+00:00,D,1,0.25,0.2516,0.2489,0.2438,nan,0.254,1,31154
D1,bun-koe-wer-2026-09-12,2026-09-12T16:30:00+00:00,D,6,0.26,0.2516,0.2489,0.2438,nan,0.254,1,31154
D1,bun-koe-wer-2026-09-12,2026-09-12T16:30:00+00:00,D,24,0.25,0.2516,0.2489,0.2438,nan,0.254,1,31154
D1,bun-koe-wer-2026-09-12,2026-09-12T16:30:00+00:00,A,1,0.27,0.2951,0.2933,0.2925,nan,0.283,0,38045
D1,bun-koe-wer-2026-09-12,2026-09-12T16:30:00+00:00,A,6,0.28,0.2951,0.2933,0.2925,nan,0.283,0,38045
D1,bun-koe-wer-2026-09-12,2026-09-12T16:30:00+00:00,A,24,0.29,0.2951,0.2933,0.2925,nan,0.283,0,38045
D1,bun-lei-hsv-2026-09-13,2026-09-13T13:30:00+00:00,H,1,0.73,0.6975,0.6836,0.6849,nan,0.701,1,229486
D1,bun-lei-hsv-2026-09-13,2026-09-13T13:30:00+00:00,H,6,0.73,0.6975,0.6836,0.6849,nan,0.701,1,229486
D1,bun-lei-hsv-2026-09-13,2026-09-13T13:30:00+00:00,H,24,0.71,0.6975,0.6836,0.6849,nan,0.701,1,229486
D1,bun-lei-hsv-2026-09-13,2026-09-13T13:30:00+00:00,D,1,0.16,0.1784,0.1754,0.18,nan,0.1746,0,23740
D1,bun-lei-hsv-2026-09-13,2026-09-13T13:30:00+00:00,D,6,0.16,0.1784,0.1754,0.18,nan,0.1746,0,23740
D1,bun-lei-hsv-2026-09-13,2026-09-13T13:30:00+00:00,D,24,0.18,0.1784,0.1754,0.18,nan,0.1746,0,23740
D1,bun-lei-hsv-2026-09-13,2026-09-13T13:30:00+00:00,A,1,0.11,0.1241,0.141,0.135,nan,0.1244,0,89160
D1,bun-lei-hsv-2026-09-13,2026-09-13T13:30:00+00:00,A,6,0.109,0.1241,0.141,0.135,nan,0.1244,0,89160
D1,bun-lei-hsv-2026-09-13,2026-09-13T13:30:00+00:00,A,24,0.12,0.1241,0.141,0.135,nan,0.1244,0,89160
D1,bun-elv-bay-2026-09-13,2026-09-13T15:30:00+00:00,H,1,0.06,0.0733,0.0803,0.0794,nan,0.0641,0,401120
D1,bun-elv-bay-2026-09-13,2026-09-13T15:30:00+00:00,H,6,0.05,0.0733,0.0803,0.0794,nan,0.0641,0,401120
D1,bun-elv-bay-2026-09-13,2026-09-13T15:30:00+00:00,H,24,0.06,0.0733,0.0803,0.0794,nan,0.0641,0,401120
D1,bun-elv-bay-2026-09-13,2026-09-13T15:30:00+00:00,D,1,0.11,0.1122,0.1133,0.1059,nan,0.108,0,193898
D1,bun-elv-bay-2026-09-13,2026-09-13T15:30:00+00:00,D,6,0.09,0.1122,0.1133,0.1059,nan,0.108,0,193898
D1,bun-elv-bay-2026-09-13,2026-09-13T15:30:00+00:00,D,24,0.1,0.1122,0.1133,0.1059,nan,0.108,0,193898
D1,bun-elv-bay-2026-09-13,2026-09-13T15:30:00+00:00,A,1,0.84,0.8145,0.8064,0.8147,nan,0.8279,1,953189
D1,bun-elv-bay-2026-09-13,2026-09-13T15:30:00+00:00,A,6,0.86,0.8145,0.8064,0.8147,nan,0.8279,1,953189
D1,bun-elv-bay-2026-09-13,2026-09-13T15:30:00+00:00,A,24,0.85,0.8145,0.8064,0.8147,nan,0.8279,1,953189
D1,bun-bay-uni-2026-09-18,2026-09-18T18:30:00+00:00,H,1,0.94,0.9137,0.9235,0.9265,nan,0.9453,1,1877796
D1,bun-bay-uni-2026-09-18,2026-09-18T18:30:00+00:00,H,6,0.94,0.9137,0.9235,0.9265,nan,0.9453,1,1877796
D1,bun-bay-uni-2026-09-18,2026-09-18T18:30:00+00:00,H,24,0.92,0.9137,0.9235,0.9265,nan,0.9453,1,1877796
D1,bun-bay-uni-2026-09-18,2026-09-18T18:30:00+00:00,D,1,0.05,0.0573,0.0528,0.0454,nan,0.0382,0,396438
D1,bun-bay-uni-2026-09-18,2026-09-18T18:30:00+00:00,D,6,0.05,0.0573,0.0528,0.0454,nan,0.0382,0,396438
D1,bun-bay-uni-2026-09-18,2026-09-18T18:30:00+00:00,D,24,0.05,0.0573,0.0528,0.0454,nan,0.0382,0,396438
D1,bun-bay-uni-2026-09-18,2026-09-18T18:30:00+00:00,A,1,0.018,0.029,0.0236,0.0281,nan,0.0165,0,887856
D1,bun-bay-uni-2026-09-18,2026-09-18T18:30:00+00:00,A,6,0.019,0.029,0.0236,0.0281,nan,0.0165,0,887856
D1,bun-bay-uni-2026-09-18,2026-09-18T18:30:00+00:00,A,24,0.026,0.029,0.0236,0.0281,nan,0.0165,0,887856
D1,bun-ein-fre-2026-09-19,2026-09-19T13:30:00+00:00,H,1,0.37,0.3963,0.3794,0.3805,nan,0.3787,0,133842
D1,bun-ein-fre-2026-09-19,2026-09-19T13:30:00+00:00,H,6,0.38,0.3963,0.3794,0.3805,nan,0.3787,0,133842
D1,bun-ein-fre-2026-09-19,2026-09-19T13:30:00+00:00,H,24,0.41,0.3963,0.3794,0.3805,nan,0.3787,0,133842
D1,bun-ein-fre-2026-09-19,2026-09-19T13:30:00+00:00,D,1,0.26,0.2468,0.2516,0.2537,nan,0.2512,1,142624
D1,bun-ein-fre-2026-09-19,2026-09-19T13:30:00+00:00,D,6,0.25,0.2468,0.2516,0.2537,nan,0.2512,1,142624
D1,bun-ein-fre-2026-09-19,2026-09-19T13:30:00+00:00,D,24,0.24,0.2468,0.2516,0.2537,nan,0.2512,1,142624
D1,bun-ein-fre-2026-09-19,2026-09-19T13:30:00+00:00,A,1,0.37,0.357,0.369,0.3659,nan,0.3702,0,140949
D1,bun-ein-fre-2026-09-19,2026-09-19T13:30:00+00:00,A,6,0.37,0.357,0.369,0.3659,nan,0.3702,0,140949
D1,bun-ein-fre-2026-09-19,2026-09-19T13:30:00+00:00,A,24,0.36,0.357,0.369,0.3659,nan,0.3702,0,140949
D1,bun-wer-aug-2026-09-19,2026-09-19T13:30:00+00:00,H,1,0.42,0.4128,0.4221,0.4195,nan,0.4272,1,224344
D1,bun-wer-aug-2026-09-19,2026-09-19T13:30:00+00:00,H,6,0.41,0.4128,0.4221,0.4195,nan,0.4272,1,224344
D1,bun-wer-aug-2026-09-19,2026-09-19T13:30:00+00:00,H,24,0.41,0.4128,0.4221,0.4195,nan,0.4272,1,224344
D1,bun-wer-aug-2026-09-19,2026-09-19T13:30:00+00:00,D,1,0.25,0.2453,0.251,0.2551,nan,0.2478,0,85815
D1,bun-wer-aug-2026-09-19,2026-09-19T13:30:00+00:00,D,6,0.25,0.2453,0.251,0.2551,nan,0.2478,0,85815
D1,bun-wer-aug-2026-09-19,2026-09-19T13:30:00+00:00,D,24,0.25,0.2453,0.251,0.2551,nan,0.2478,0,85815
D1,bun-wer-aug-2026-09-19,2026-09-19T13:30:00+00:00,A,1,0.34,0.342,0.3269,0.3254,nan,0.325,0,254924
D1,bun-wer-aug-2026-09-19,2026-09-19T13:30:00+00:00,A,6,0.33,0.342,0.3269,0.3254,nan,0.325,0,254924
D1,bun-wer-aug-2026-09-19,2026-09-19T13:30:00+00:00,A,24,0.35,0.342,0.3269,0.3254,nan,0.325,0,254924
D1,bun-moe-mai-2026-09-19,2026-09-19T13:30:00+00:00,H,1,0.29,0.3225,0.2975,0.2961,nan,0.2889,0,317698
D1,bun-moe-mai-2026-09-19,2026-09-19T13:30:00+00:00,H,6,0.31,0.3225,0.2975,0.2961,nan,0.2889,0,317698
D1,bun-moe-mai-2026-09-19,2026-09-19T13:30:00+00:00,H,24,0.32,0.3225,0.2975,0.2961,nan,0.2889,0,317698
D1,bun-moe-mai-2026-09-19,2026-09-19T13:30:00+00:00,D,1,0.26,0.2562,0.2556,0.2527,nan,0.2622,0,48417
D1,bun-moe-mai-2026-09-19,2026-09-19T13:30:00+00:00,D,6,0.25,0.2562,0.2556,0.2527,nan,0.2622,0,48417
D1,bun-moe-mai-2026-09-19,2026-09-19T13:30:00+00:00,D,24,0.26,0.2562,0.2556,0.2527,nan,0.2622,0,48417
D1,bun-moe-mai-2026-09-19,2026-09-19T13:30:00+00:00,A,1,0.45,0.4213,0.4469,0.4512,nan,0.4489,1,234377
D1,bun-moe-mai-2026-09-19,2026-09-19T13:30:00+00:00,A,6,0.44,0.4213,0.4469,0.4512,nan,0.4489,1,234377
D1,bun-moe-mai-2026-09-19,2026-09-19T13:30:00+00:00,A,24,0.43,0.4213,0.4469,0.4512,nan,0.4489,1,234377
D1,bun-stu-dor-2026-09-19,2026-09-19T16:30:00+00:00,H,1,0.39,0.3976,0.4043,0.4044,nan,0.403,0,128036
D1,bun-stu-dor-2026-09-19,2026-09-19T16:30:00+00:00,H,6,0.4,0.3976,0.4043,0.4044,nan,0.403,0,128036
D1,bun-stu-dor-2026-09-19,2026-09-19T16:30:00+00:00,H,24,0.39,0.3976,0.4043,0.4044,nan,0.403,0,128036
D1,bun-stu-dor-2026-09-19,2026-09-19T16:30:00+00:00,D,1,0.25,0.2496,0.2428,0.2437,nan,0.2479,0,65494
D1,bun-stu-dor-2026-09-19,2026-09-19T16:30:00+00:00,D,6,0.25,0.2496,0.2428,0.2437,nan,0.2479,0,65494
D1,bun-stu-dor-2026-09-19,2026-09-19T16:30:00+00:00,D,24,0.24,0.2496,0.2428,0.2437,nan,0.2479,0,65494
D1,bun-stu-dor-2026-09-19,2026-09-19T16:30:00+00:00,A,1,0.36,0.3528,0.3528,0.352,nan,0.3491,1,271080
D1,bun-stu-dor-2026-09-19,2026-09-19T16:30:00+00:00,A,6,0.36,0.3528,0.3528,0.352,nan,0.3491,1,271080
D1,bun-stu-dor-2026-09-19,2026-09-19T16:30:00+00:00,A,24,0.35,0.3528,0.3528,0.352,nan,0.3491,1,271080
D1,bun-b04-lei-2026-09-20,2026-09-20T13:30:00+00:00,H,1,0.52,0.4765,0.5118,0.5114,nan,0.5145,1,256427
D1,bun-b04-lei-2026-09-20,2026-09-20T13:30:00+00:00,H,6,0.51,0.4765,0.5118,0.5114,nan,0.5145,1,256427
D1,bun-b04-lei-2026-09-20,2026-09-20T13:30:00+00:00,H,24,0.49,0.4765,0.5118,0.5114,nan,0.5145,1,256427
D1,bun-b04-lei-2026-09-20,2026-09-20T13:30:00+00:00,D,1,0.22,0.2317,0.216,0.2103,nan,0.2207,0,27888
D1,bun-b04-lei-2026-09-20,2026-09-20T13:30:00+00:00,D,6,0.22,0.2317,0.216,0.2103,nan,0.2207,0,27888
D1,bun-b04-lei-2026-09-20,2026-09-20T13:30:00+00:00,D,24,0.23,0.2317,0.216,0.2103,nan,0.2207,0,27888
D1,bun-b04-lei-2026-09-20,2026-09-20T13:30:00+00:00,A,1,0.27,0.2918,0.2722,0.2783,nan,0.2648,0,59871
D1,bun-b04-lei-2026-09-20,2026-09-20T13:30:00+00:00,A,6,0.27,0.2918,0.2722,0.2783,nan,0.2648,0,59871
D1,bun-b04-lei-2026-09-20,2026-09-20T13:30:00+00:00,A,24,0.29,0.2918,0.2722,0.2783,nan,0.2648,0,59871
D1,bun-s04-elv-2026-09-20,2026-09-20T15:30:00+00:00,H,1,0.5,0.4629,0.5051,0.4998,nan,0.5063,0,304277
D1,bun-s04-elv-2026-09-20,2026-09-20T15:30:00+00:00,H,6,0.5,0.4629,0.5051,0.4998,nan,0.5063,0,304277
D1,bun-s04-elv-2026-09-20,2026-09-20T15:30:00+00:00,H,24,0.47,0.4629,0.5051,0.4998,nan,0.5063,0,304277
D1,bun-s04-elv-2026-09-20,2026-09-20T15:30:00+00:00,D,1,0.25,0.2555,0.2397,0.2435,nan,0.2468,1,71638
D1,bun-s04-elv-2026-09-20,2026-09-20T15:30:00+00:00,D,6,0.25,0.2555,0.2397,0.2435,nan,0.2468,1,71638
D1,bun-s04-elv-2026-09-20,2026-09-20T15:30:00+00:00,D,24,0.26,0.2555,0.2397,0.2435,nan,0.2468,1,71638
D1,bun-s04-elv-2026-09-20,2026-09-20T15:30:00+00:00,A,1,0.25,0.2816,0.2553,0.2567,nan,0.2468,0,146757
D1,bun-s04-elv-2026-09-20,2026-09-20T15:30:00+00:00,A,6,0.26,0.2816,0.2553,0.2567,nan,0.2468,0,146757
D1,bun-s04-elv-2026-09-20,2026-09-20T15:30:00+00:00,A,24,0.27,0.2816,0.2553,0.2567,nan,0.2468,0,146757
D1,bun-scp-hof-2026-09-20,2026-09-20T17:30:00+00:00,H,1,0.23,0.2171,0.2455,0.2442,nan,0.2369,1,193401
D1,bun-scp-hof-2026-09-20,2026-09-20T17:30:00+00:00,H,6,0.21,0.2171,0.2455,0.2442,nan,0.2369,1,193401
D1,bun-scp-hof-2026-09-20,2026-09-20T17:30:00+00:00,H,24,0.22,0.2171,0.2455,0.2442,nan,0.2369,1,193401
D1,bun-scp-hof-2026-09-20,2026-09-20T17:30:00+00:00,D,1,0.22,0.2156,0.2218,0.2267,nan,0.2163,0,40855
D1,bun-scp-hof-2026-09-20,2026-09-20T17:30:00+00:00,D,6,0.22,0.2156,0.2218,0.2267,nan,0.2163,0,40855
D1,bun-scp-hof-2026-09-20,2026-09-20T17:30:00+00:00,D,24,0.21,0.2156,0.2218,0.2267,nan,0.2163,0,40855
D1,bun-scp-hof-2026-09-20,2026-09-20T17:30:00+00:00,A,1,0.55,0.5672,0.5326,0.5291,nan,0.5468,0,192012
D1,bun-scp-hof-2026-09-20,2026-09-20T17:30:00+00:00,A,6,0.57,0.5672,0.5326,0.5291,nan,0.5468,0,192012
D1,bun-scp-hof-2026-09-20,2026-09-20T17:30:00+00:00,A,24,0.58,0.5672,0.5326,0.5291,nan,0.5468,0,192012
F1,fl1-sbr-asm-2025-12-05,2025-12-05T18:00:00+00:00,H,1,0.27,0.2841,0.2838,0.2842,0.2738,0.2725,1,180990
F1,fl1-sbr-asm-2025-12-05,2025-12-05T18:00:00+00:00,H,6,0.27,0.2841,0.2838,0.2842,0.2738,0.2725,1,180990
F1,fl1-sbr-asm-2025-12-05,2025-12-05T18:00:00+00:00,H,24,0.31,0.2841,0.2838,0.2842,0.2738,0.2725,1,180990
F1,fl1-sbr-asm-2025-12-05,2025-12-05T18:00:00+00:00,D,1,0.24,0.2489,0.2499,0.2468,0.2544,0.2583,0,28452
F1,fl1-sbr-asm-2025-12-05,2025-12-05T18:00:00+00:00,D,6,0.24,0.2489,0.2499,0.2468,0.2544,0.2583,0,28452
F1,fl1-sbr-asm-2025-12-05,2025-12-05T18:00:00+00:00,D,24,0.26,0.2489,0.2499,0.2468,0.2544,0.2583,0,28452
F1,fl1-sbr-asm-2025-12-05,2025-12-05T18:00:00+00:00,A,1,0.48,0.467,0.4664,0.469,0.4718,0.4692,0,314789
F1,fl1-sbr-asm-2025-12-05,2025-12-05T18:00:00+00:00,A,6,0.49,0.467,0.4664,0.469,0.4718,0.4692,0,314789
F1,fl1-sbr-asm-2025-12-05,2025-12-05T18:00:00+00:00,A,24,0.42,0.467,0.4664,0.469,0.4718,0.4692,0,314789
D1,bun-hsv-koe-2026-09-19,2026-09-19T13:30:00+00:00,H,1,0.35,0.3546,0.3543,0.3594,nan,0.3452,1,111487
D1,bun-hsv-koe-2026-09-19,2026-09-19T13:30:00+00:00,H,6,0.34,0.3546,0.3543,0.3594,nan,0.3452,1,111487
D1,bun-hsv-koe-2026-09-19,2026-09-19T13:30:00+00:00,H,24,0.35,0.3546,0.3543,0.3594,nan,0.3452,1,111487
D1,bun-hsv-koe-2026-09-19,2026-09-19T13:30:00+00:00,D,1,0.27,0.2586,0.2611,0.2625,nan,0.2724,0,24425
D1,bun-hsv-koe-2026-09-19,2026-09-19T13:30:00+00:00,D,6,0.27,0.2586,0.2611,0.2625,nan,0.2724,0,24425
D1,bun-hsv-koe-2026-09-19,2026-09-19T13:30:00+00:00,D,24,0.27,0.2586,0.2611,0.2625,nan,0.2724,0,24425
D1,bun-hsv-koe-2026-09-19,2026-09-19T13:30:00+00:00,A,1,0.39,0.3868,0.3847,0.3781,nan,0.3824,0,44683
D1,bun-hsv-koe-2026-09-19,2026-09-19T13:30:00+00:00,A,6,0.39,0.3868,0.3847,0.3781,nan,0.3824,0,44683
D1,bun-hsv-koe-2026-09-19,2026-09-19T13:30:00+00:00,A,24,0.4,0.3868,0.3847,0.3781,nan,0.3824,0,44683
F1,fl1-lil-olm-2025-12-05,2025-12-05T20:00:00+00:00,H,1,0.41,0.4008,0.4027,0.4043,0.4022,0.3983,1,175656
F1,fl1-lil-olm-2025-12-05,2025-12-05T20:00:00+00:00,H,6,0.41,0.4008,0.4027,0.4043,0.4022,0.3983,1,175656
F1,fl1-lil-olm-2025-12-05,2025-12-05T20:00:00+00:00,H,24,0.37,0.4008,0.4027,0.4043,0.4022,0.3983,1,175656
F1,fl1-lil-olm-2025-12-05,2025-12-05T20:00:00+00:00,D,1,0.29,0.2699,0.2724,0.2749,0.2797,0.2805,0,25321
F1,fl1-lil-olm-2025-12-05,2025-12-05T20:00:00+00:00,D,6,0.26,0.2699,0.2724,0.2749,0.2797,0.2805,0,25321
F1,fl1-lil-olm-2025-12-05,2025-12-05T20:00:00+00:00,D,24,0.27,0.2699,0.2724,0.2749,0.2797,0.2805,0,25321
F1,fl1-lil-olm-2025-12-05,2025-12-05T20:00:00+00:00,A,1,0.31,0.3293,0.3249,0.3208,0.3181,0.3212,0,92363
F1,fl1-lil-olm-2025-12-05,2025-12-05T20:00:00+00:00,A,6,0.33,0.3293,0.3249,0.3208,0.3181,0.3212,0,92363
F1,fl1-lil-olm-2025-12-05,2025-12-05T20:00:00+00:00,A,24,0.37,0.3293,0.3249,0.3208,0.3181,0.3212,0,92363
F1,fl1-nan-rcl-2025-12-06,2025-12-06T16:00:00+00:00,H,1,0.17,0.1945,0.1938,0.1895,0.1869,0.1903,0,15230
F1,fl1-nan-rcl-2025-12-06,2025-12-06T16:00:00+00:00,H,6,0.18,0.1945,0.1938,0.1895,0.1869,0.1903,0,15230
F1,fl1-nan-rcl-2025-12-06,2025-12-06T16:00:00+00:00,H,24,0.18,0.1945,0.1938,0.1895,0.1869,0.1903,0,15230
F1,fl1-nan-rcl-2025-12-06,2025-12-06T16:00:00+00:00,D,1,0.25,0.2383,0.2445,0.243,0.2478,0.2474,0,14230
F1,fl1-nan-rcl-2025-12-06,2025-12-06T16:00:00+00:00,D,6,0.25,0.2383,0.2445,0.243,0.2478,0.2474,0,14230
F1,fl1-nan-rcl-2025-12-06,2025-12-06T16:00:00+00:00,D,24,0.25,0.2383,0.2445,0.243,0.2478,0.2474,0,14230
F1,fl1-nan-rcl-2025-12-06,2025-12-06T16:00:00+00:00,A,1,0.59,0.5671,0.5617,0.5675,0.5652,0.5623,1,140381
F1,fl1-nan-rcl-2025-12-06,2025-12-06T16:00:00+00:00,A,6,0.57,0.5671,0.5617,0.5675,0.5652,0.5623,1,140381
F1,fl1-nan-rcl-2025-12-06,2025-12-06T16:00:00+00:00,A,24,0.5897,0.5671,0.5617,0.5675,0.5652,0.5623,1,140381
F1,fl1-tou-str-2025-12-06,2025-12-06T18:00:00+00:00,H,1,0.38,0.3818,0.374,0.3681,0.3674,0.3729,1,21207
F1,fl1-tou-str-2025-12-06,2025-12-06T18:00:00+00:00,H,6,0.37,0.3818,0.374,0.3681,0.3674,0.3729,1,21207
F1,fl1-tou-str-2025-12-06,2025-12-06T18:00:00+00:00,H,24,0.39,0.3818,0.374,0.3681,0.3674,0.3729,1,21207
F1,fl1-tou-str-2025-12-06,2025-12-06T18:00:00+00:00,D,1,0.29,0.2804,0.2882,0.29,0.2933,0.2939,0,12917
F1,fl1-tou-str-2025-12-06,2025-12-06T18:00:00+00:00,D,6,0.29,0.2804,0.2882,0.29,0.2933,0.2939,0,12917
F1,fl1-tou-str-2025-12-06,2025-12-06T18:00:00+00:00,D,24,0.29,0.2804,0.2882,0.29,0.2933,0.2939,0,12917
F1,fl1-tou-str-2025-12-06,2025-12-06T18:00:00+00:00,A,1,0.35,0.3378,0.3378,0.3418,0.3393,0.3331,0,25307
F1,fl1-tou-str-2025-12-06,2025-12-06T18:00:00+00:00,A,6,0.35,0.3378,0.3378,0.3418,0.3393,0.3331,0,25307
F1,fl1-tou-str-2025-12-06,2025-12-06T18:00:00+00:00,A,24,0.34,0.3378,0.3378,0.3418,0.3393,0.3331,0,25307
F1,fl1-psg-ren-2025-12-06,2025-12-06T20:05:00+00:00,H,1,0.76,0.7332,0.7416,0.7297,0.7401,0.7493,1,164357
F1,fl1-psg-ren-2025-12-06,2025-12-06T20:05:00+00:00,H,6,0.76,0.7332,0.7416,0.7297,0.7401,0.7493,1,164357
F1,fl1-psg-ren-2025-12-06,2025-12-06T20:05:00+00:00,H,24,0.76,0.7332,0.7416,0.7297,0.7401,0.7493,1,164357
F1,fl1-psg-ren-2025-12-06,2025-12-06T20:05:00+00:00,D,1,0.14,0.1602,0.1524,0.1518,0.1525,0.151,0,4159
F1,fl1-psg-ren-2025-12-06,2025-12-06T20:05:00+00:00,D,6,0.14,0.1602,0.1524,0.1518,0.1525,0.151,0,4159
F1,fl1-psg-ren-2025-12-06,2025-12-06T20:05:00+00:00,D,24,0.16,0.1602,0.1524,0.1518,0.1525,0.151,0,4159
F1,fl1-psg-ren-2025-12-06,2025-12-06T20:05:00+00:00,A,1,0.1081,0.1066,0.1059,0.1186,0.1074,0.0997,0,47724
F1,fl1-psg-ren-2025-12-06,2025-12-06T20:05:00+00:00,A,6,0.09,0.1066,0.1059,0.1186,0.1074,0.0997,0,47724
F1,fl1-psg-ren-2025-12-06,2025-12-06T20:05:00+00:00,A,24,0.1,0.1066,0.1059,0.1186,0.1074,0.0997,0,47724
F1,fl1-ogc-ang-2025-12-07,2025-12-07T14:00:00+00:00,H,1,0.49,0.4863,0.5301,0.5431,0.5394,0.534,0,274174
F1,fl1-ogc-ang-2025-12-07,2025-12-07T14:00:00+00:00,H,6,0.5,0.4863,0.5301,0.5431,0.5394,0.534,0,274174
F1,fl1-ogc-ang-2025-12-07,2025-12-07T14:00:00+00:00,H,24,0.5,0.4863,0.5301,0.5431,0.5394,0.534,0,274174
F1,fl1-ogc-ang-2025-12-07,2025-12-07T14:00:00+00:00,D,1,0.28,0.2614,0.2578,0.2569,0.2575,0.2547,0,13604
F1,fl1-ogc-ang-2025-12-07,2025-12-07T14:00:00+00:00,D,6,0.26,0.2614,0.2578,0.2569,0.2575,0.2547,0,13604
F1,fl1-ogc-ang-2025-12-07,2025-12-07T14:00:00+00:00,D,24,0.23,0.2614,0.2578,0.2569,0.2575,0.2547,0,13604
F1,fl1-ogc-ang-2025-12-07,2025-12-07T14:00:00+00:00,A,1,0.24,0.2523,0.2121,0.2001,0.2031,0.2113,1,57981
F1,fl1-ogc-ang-2025-12-07,2025-12-07T14:00:00+00:00,A,6,0.24,0.2523,0.2121,0.2001,0.2031,0.2113,1,57981
F1,fl1-ogc-ang-2025-12-07,2025-12-07T14:00:00+00:00,A,24,0.25,0.2523,0.2121,0.2001,0.2031,0.2113,1,57981
F1,fl1-aja-met-2025-12-07,2025-12-07T16:15:00+00:00,H,1,0.49,0.4721,0.4726,0.4713,0.4722,0.4682,1,167294
F1,fl1-aja-met-2025-12-07,2025-12-07T16:15:00+00:00,H,6,0.48,0.4721,0.4726,0.4713,0.4722,0.4682,1,167294
F1,fl1-aja-met-2025-12-07,2025-12-07T16:15:00+00:00,H,24,0.48,0.4721,0.4726,0.4713,0.4722,0.4682,1,167294
F1,fl1-aja-met-2025-12-07,2025-12-07T16:15:00+00:00,D,1,0.28,0.2739,0.274,0.2773,0.2764,0.2836,0,7157
F1,fl1-aja-met-2025-12-07,2025-12-07T16:15:00+00:00,D,6,0.28,0.2739,0.274,0.2773,0.2764,0.2836,0,7157
F1,fl1-aja-met-2025-12-07,2025-12-07T16:15:00+00:00,D,24,0.26,0.2739,0.274,0.2773,0.2764,0.2836,0,7157
F1,fl1-aja-met-2025-12-07,2025-12-07T16:15:00+00:00,A,1,0.25,0.2539,0.2534,0.2514,0.2514,0.2482,0,7175
F1,fl1-aja-met-2025-12-07,2025-12-07T16:15:00+00:00,A,6,0.23,0.2539,0.2534,0.2514,0.2514,0.2482,0,7175
F1,fl1-aja-met-2025-12-07,2025-12-07T16:15:00+00:00,A,24,0.23,0.2539,0.2534,0.2514,0.2514,0.2482,0,7175
F1,fl1-hac-pfc-2025-12-07,2025-12-07T16:15:00+00:00,H,1,0.35,0.3533,0.3391,0.3291,0.3278,0.3259,0,38793
F1,fl1-hac-pfc-2025-12-07,2025-12-07T16:15:00+00:00,H,6,0.36,0.3533,0.3391,0.3291,0.3278,0.3259,0,38793
F1,fl1-hac-pfc-2025-12-07,2025-12-07T16:15:00+00:00,H,24,0.34,0.3533,0.3391,0.3291,0.3278,0.3259,0,38793
F1,fl1-hac-pfc-2025-12-07,2025-12-07T16:15:00+00:00,D,1,0.3,0.2866,0.2955,0.3079,0.3005,0.3059,1,15566
F1,fl1-hac-pfc-2025-12-07,2025-12-07T16:15:00+00:00,D,6,0.29,0.2866,0.2955,0.3079,0.3005,0.3059,1,15566
F1,fl1-hac-pfc-2025-12-07,2025-12-07T16:15:00+00:00,A,1,0.37,0.3601,0.3654,0.3629,0.3716,0.3682,0,107788
F1,fl1-hac-pfc-2025-12-07,2025-12-07T16:15:00+00:00,A,6,0.36,0.3601,0.3654,0.3629,0.3716,0.3682,0,107788
F1,fl1-hac-pfc-2025-12-07,2025-12-07T16:15:00+00:00,A,24,0.36,0.3601,0.3654,0.3629,0.3716,0.3682,0,107788
F1,fl1-ang-nan-2025-12-12,2025-12-12T19:45:00+00:00,H,1,0.44,0.445,0.438,0.4407,0.4422,0.4453,1,174487
F1,fl1-ang-nan-2025-12-12,2025-12-12T19:45:00+00:00,H,6,0.45,0.445,0.438,0.4407,0.4422,0.4453,1,174487
F1,fl1-ang-nan-2025-12-12,2025-12-12T19:45:00+00:00,H,24,0.44,0.445,0.438,0.4407,0.4422,0.4453,1,174487
F1,fl1-ang-nan-2025-12-12,2025-12-12T19:45:00+00:00,D,1,0.3,0.2971,0.299,0.2961,0.3012,0.3022,0,18228
F1,fl1-ang-nan-2025-12-12,2025-12-12T19:45:00+00:00,D,6,0.3,0.2971,0.299,0.2961,0.3012,0.3022,0,18228
F1,fl1-ang-nan-2025-12-12,2025-12-12T19:45:00+00:00,D,24,0.3,0.2971,0.299,0.2961,0.3012,0.3022,0,18228
F1,fl1-ang-nan-2025-12-12,2025-12-12T19:45:00+00:00,A,1,0.26,0.2579,0.263,0.2632,0.2567,0.2525,0,29430
F1,fl1-ang-nan-2025-12-12,2025-12-12T19:45:00+00:00,A,6,0.25,0.2579,0.263,0.2632,0.2567,0.2525,0,29430
F1,fl1-ang-nan-2025-12-12,2025-12-12T19:45:00+00:00,A,24,0.28,0.2579,0.263,0.2632,0.2567,0.2525,0,29430
F1,fl1-lor-lyo-2025-12-07,2025-12-07T19:45:00+00:00,H,1,0.25,0.3031,0.2584,0.2543,0.2545,0.2583,1,32334
F1,fl1-lor-lyo-2025-12-07,2025-12-07T19:45:00+00:00,H,6,0.26,0.3031,0.2584,0.2543,0.2545,0.2583,1,32334
F1,fl1-lor-lyo-2025-12-07,2025-12-07T19:45:00+00:00,H,24,0.29,0.3031,0.2584,0.2543,0.2545,0.2583,1,32334
F1,fl1-lor-lyo-2025-12-07,2025-12-07T19:45:00+00:00,D,1,0.28,0.2724,0.2815,0.2805,0.2802,0.2725,0,17298
F1,fl1-lor-lyo-2025-12-07,2025-12-07T19:45:00+00:00,D,6,0.29,0.2724,0.2815,0.2805,0.2802,0.2725,0,17298
F1,fl1-lor-lyo-2025-12-07,2025-12-07T19:45:00+00:00,D,24,0.26,0.2724,0.2815,0.2805,0.2802,0.2725,0,17298
F1,fl1-lor-lyo-2025-12-07,2025-12-07T19:45:00+00:00,A,1,0.48,0.4245,0.4601,0.4652,0.4652,0.4692,0,150518
F1,fl1-lor-lyo-2025-12-07,2025-12-07T19:45:00+00:00,A,6,0.46,0.4245,0.4601,0.4652,0.4652,0.4692,0,150518
F1,fl1-lor-lyo-2025-12-07,2025-12-07T19:45:00+00:00,A,24,0.44,0.4245,0.4601,0.4652,0.4652,0.4692,0,150518
F1,fl1-ren-sbr-2025-12-13,2025-12-13T16:00:00+00:00,H,1,0.53,0.5154,0.5116,0.513,0.5164,0.5115,1,126736
F1,fl1-ren-sbr-2025-12-13,2025-12-13T16:00:00+00:00,H,6,0.51,0.5154,0.5116,0.513,0.5164,0.5115,1,126736
F1,fl1-ren-sbr-2025-12-13,2025-12-13T16:00:00+00:00,H,24,0.52,0.5154,0.5116,0.513,0.5164,0.5115,1,126736
F1,fl1-ren-sbr-2025-12-13,2025-12-13T16:00:00+00:00,D,1,0.25,0.2535,0.2537,0.2497,0.2502,0.2577,0,5616
F1,fl1-ren-sbr-2025-12-13,2025-12-13T16:00:00+00:00,D,6,0.25,0.2535,0.2537,0.2497,0.2502,0.2577,0,5616
F1,fl1-ren-sbr-2025-12-13,2025-12-13T16:00:00+00:00,D,24,0.24,0.2535,0.2537,0.2497,0.2502,0.2577,0,5616
F1,fl1-ren-sbr-2025-12-13,2025-12-13T16:00:00+00:00,A,1,0.22,0.2311,0.2347,0.2373,0.2334,0.2308,0,14211
F1,fl1-ren-sbr-2025-12-13,2025-12-13T16:00:00+00:00,A,6,0.23,0.2311,0.2347,0.2373,0.2334,0.2308,0,14211
F1,fl1-ren-sbr-2025-12-13,2025-12-13T16:00:00+00:00,A,24,0.22,0.2311,0.2347,0.2373,0.2334,0.2308,0,14211
F1,fl1-met-psg-2025-12-13,2025-12-13T18:00:00+00:00,H,1,0.09,0.0931,0.0937,0.1056,0.0909,0.0903,0,545340
F1,fl1-met-psg-2025-12-13,2025-12-13T18:00:00+00:00,H,6,0.1,0.0931,0.0937,0.1056,0.0909,0.0903,0,545340
F1,fl1-met-psg-2025-12-13,2025-12-13T18:00:00+00:00,H,24,0.1,0.0931,0.0937,0.1056,0.0909,0.0903,0,545340
F1,fl1-met-psg-2025-12-13,2025-12-13T18:00:00+00:00,D,1,0.14,0.1489,0.1483,0.1462,0.1423,0.1342,0,232060
F1,fl1-met-psg-2025-12-13,2025-12-13T18:00:00+00:00,D,6,0.15,0.1489,0.1483,0.1462,0.1423,0.1342,0,232060
F1,fl1-met-psg-2025-12-13,2025-12-13T18:00:00+00:00,D,24,0.14,0.1489,0.1483,0.1462,0.1423,0.1342,0,232060
F1,fl1-met-psg-2025-12-13,2025-12-13T18:00:00+00:00,A,1,0.78,0.7579,0.758,0.7482,0.7668,0.7756,1,367549
F1,fl1-met-psg-2025-12-13,2025-12-13T18:00:00+00:00,A,6,0.77,0.7579,0.758,0.7482,0.7668,0.7756,1,367549
F1,fl1-met-psg-2025-12-13,2025-12-13T18:00:00+00:00,A,24,0.77,0.7579,0.758,0.7482,0.7668,0.7756,1,367549
F1,fl1-lyo-hac-2025-12-14,2025-12-14T14:00:00+00:00,H,1,0.6,0.5977,0.5855,0.5879,0.5921,0.5887,1,187020
F1,fl1-lyo-hac-2025-12-14,2025-12-14T14:00:00+00:00,H,6,0.59,0.5977,0.5855,0.5879,0.5921,0.5887,1,187020
F1,fl1-lyo-hac-2025-12-14,2025-12-14T14:00:00+00:00,H,24,0.61,0.5977,0.5855,0.5879,0.5921,0.5887,1,187020
F1,fl1-lyo-hac-2025-12-14,2025-12-14T14:00:00+00:00,D,1,0.24,0.2394,0.2393,0.224,0.2363,0.2427,0,14355
F1,fl1-lyo-hac-2025-12-14,2025-12-14T14:00:00+00:00,D,6,0.24,0.2394,0.2393,0.224,0.2363,0.2427,0,14355
F1,fl1-lyo-hac-2025-12-14,2025-12-14T14:00:00+00:00,D,24,0.23,0.2394,0.2393,0.224,0.2363,0.2427,0,14355
F1,fl1-lyo-hac-2025-12-14,2025-12-14T14:00:00+00:00,A,1,0.16,0.1629,0.1752,0.1881,0.1716,0.1686,0,30454
F1,fl1-lyo-hac-2025-12-14,2025-12-14T14:00:00+00:00,A,6,0.1795,0.1629,0.1752,0.1881,0.1716,0.1686,0,30454
F1,fl1-lyo-hac-2025-12-14,2025-12-14T14:00:00+00:00,A,24,0.16,0.1629,0.1752,0.1881,0.1716,0.1686,0,30454
F1,fl1-pfc-tou-2025-12-13,2025-12-13T20:05:00+00:00,H,1,0.35,0.3928,0.3494,0.3475,0.3504,0.3465,0,26265
F1,fl1-pfc-tou-2025-12-13,2025-12-13T20:05:00+00:00,H,6,0.36,0.3928,0.3494,0.3475,0.3504,0.3465,0,26265
F1,fl1-pfc-tou-2025-12-13,2025-12-13T20:05:00+00:00,H,24,0.39,0.3928,0.3494,0.3475,0.3504,0.3465,0,26265
F1,fl1-pfc-tou-2025-12-13,2025-12-13T20:05:00+00:00,D,1,0.31,0.2845,0.2986,0.2986,0.3054,0.307,0,13820
F1,fl1-pfc-tou-2025-12-13,2025-12-13T20:05:00+00:00,D,6,0.3,0.2845,0.2986,0.2986,0.3054,0.307,0,13820
F1,fl1-pfc-tou-2025-12-13,2025-12-13T20:05:00+00:00,D,24,0.3,0.2845,0.2986,0.2986,0.3054,0.307,0,13820
F1,fl1-pfc-tou-2025-12-13,2025-12-13T20:05:00+00:00,A,1,0.37,0.3226,0.352,0.3539,0.3442,0.3465,1,53689
F1,fl1-pfc-tou-2025-12-13,2025-12-13T20:05:00+00:00,A,6,0.34,0.3226,0.352,0.3539,0.3442,0.3465,1,53689
F1,fl1-pfc-tou-2025-12-13,2025-12-13T20:05:00+00:00,A,24,0.33,0.3226,0.352,0.3539,0.3442,0.3465,1,53689
F1,fl1-str-lor-2025-12-14,2025-12-14T16:15:00+00:00,H,1,0.55,0.5446,0.5345,0.5363,0.5339,0.5413,0,317144
F1,fl1-str-lor-2025-12-14,2025-12-14T16:15:00+00:00,H,6,0.55,0.5446,0.5345,0.5363,0.5339,0.5413,0,317144
F1,fl1-str-lor-2025-12-14,2025-12-14T16:15:00+00:00,H,24,0.55,0.5446,0.5345,0.5363,0.5339,0.5413,0,317144
F1,fl1-str-lor-2025-12-14,2025-12-14T16:15:00+00:00,D,1,0.26,0.2491,0.2522,0.247,0.2557,0.2554,1,39557
F1,fl1-str-lor-2025-12-14,2025-12-14T16:15:00+00:00,D,6,0.26,0.2491,0.2522,0.247,0.2557,0.2554,1,39557
F1,fl1-str-lor-2025-12-14,2025-12-14T16:15:00+00:00,D,24,0.26,0.2491,0.2522,0.247,0.2557,0.2554,1,39557
F1,fl1-str-lor-2025-12-14,2025-12-14T16:15:00+00:00,A,1,0.2,0.2063,0.2133,0.2167,0.2103,0.2033,0,21551
F1,fl1-str-lor-2025-12-14,2025-12-14T16:15:00+00:00,A,6,0.2,0.2063,0.2133,0.2167,0.2103,0.2033,0,21551
F1,fl1-str-lor-2025-12-14,2025-12-14T16:15:00+00:00,A,24,0.19,0.2063,0.2133,0.2167,0.2103,0.2033,0,21551
F1,fl1-rcl-ogc-2025-12-14,2025-12-14T16:15:00+00:00,H,1,0.67,0.6345,0.6211,0.6068,0.6211,0.6179,1,133413
F1,fl1-rcl-ogc-2025-12-14,2025-12-14T16:15:00+00:00,H,6,0.66,0.6345,0.6211,0.6068,0.6211,0.6179,1,133413
F1,fl1-rcl-ogc-2025-12-14,2025-12-14T16:15:00+00:00,H,24,0.66,0.6345,0.6211,0.6068,0.6211,0.6179,1,133413
F1,fl1-rcl-ogc-2025-12-14,2025-12-14T16:15:00+00:00,D,1,0.19,0.2082,0.2089,0.2117,0.2084,0.2163,0,10254
F1,fl1-rcl-ogc-2025-12-14,2025-12-14T16:15:00+00:00,D,6,0.21,0.2082,0.2089,0.2117,0.2084,0.2163,0,10254
F1,fl1-rcl-ogc-2025-12-14,2025-12-14T16:15:00+00:00,D,24,0.2,0.2082,0.2089,0.2117,0.2084,0.2163,0,10254
F1,fl1-rcl-ogc-2025-12-14,2025-12-14T16:15:00+00:00,A,1,0.14,0.1573,0.1701,0.1815,0.1706,0.1658,0,37047
F1,fl1-rcl-ogc-2025-12-14,2025-12-14T16:15:00+00:00,A,6,0.14,0.1573,0.1701,0.1815,0.1706,0.1658,0,37047
F1,fl1-rcl-ogc-2025-12-14,2025-12-14T16:15:00+00:00,A,24,0.13,0.1573,0.1701,0.1815,0.1706,0.1658,0,37047
F1,fl1-aja-lil-2025-12-14,2025-12-14T16:15:00+00:00,H,1,0.22,0.213,0.2266,0.2113,0.2208,0.212,0,38814
F1,fl1-aja-lil-2025-12-14,2025-12-14T16:15:00+00:00,H,6,0.21,0.213,0.2266,0.2113,0.2208,0.212,0,38814
F1,fl1-aja-lil-2025-12-14,2025-12-14T16:15:00+00:00,H,24,0.2,0.213,0.2266,0.2113,0.2208,0.212,0,38814
F1,fl1-aja-lil-2025-12-14,2025-12-14T16:15:00+00:00,D,1,0.29,0.2594,0.2823,0.2882,0.2808,0.2847,0,27060
F1,fl1-aja-lil-2025-12-14,2025-12-14T16:15:00+00:00,D,6,0.27,0.2594,0.2823,0.2882,0.2808,0.2847,0,27060
F1,fl1-aja-lil-2025-12-14,2025-12-14T16:15:00+00:00,D,24,0.25,0.2594,0.2823,0.2882,0.2808,0.2847,0,27060
F1,fl1-aja-lil-2025-12-14,2025-12-14T16:15:00+00:00,A,1,0.49,0.5276,0.4911,0.5005,0.4983,0.5033,1,358243
F1,fl1-aja-lil-2025-12-14,2025-12-14T16:15:00+00:00,A,6,0.51,0.5276,0.4911,0.5005,0.4983,0.5033,1,358243
F1,fl1-aja-lil-2025-12-14,2025-12-14T16:15:00+00:00,A,24,0.52,0.5276,0.4911,0.5005,0.4983,0.5033,1,358243
F1,fl1-olm-asm-2025-12-14,2025-12-14T19:45:00+00:00,H,1,0.51,0.5038,0.4686,0.4605,0.4655,0.4733,1,191708
F1,fl1-olm-asm-2025-12-14,2025-12-14T19:45:00+00:00,H,6,0.48,0.5038,0.4686,0.4605,0.4655,0.4733,1,191708
F1,fl1-olm-asm-2025-12-14,2025-12-14T19:45:00+00:00,H,24,0.52,0.5038,0.4686,0.4605,0.4655,0.4733,1,191708
F1,fl1-olm-asm-2025-12-14,2025-12-14T19:45:00+00:00,D,1,0.25,0.2409,0.2623,0.2697,0.268,0.2581,0,94839
F1,fl1-olm-asm-2025-12-14,2025-12-14T19:45:00+00:00,D,6,0.26,0.2409,0.2623,0.2697,0.268,0.2581,0,94839
F1,fl1-olm-asm-2025-12-14,2025-12-14T19:45:00+00:00,D,24,0.24,0.2409,0.2623,0.2697,0.268,0.2581,0,94839
F1,fl1-olm-asm-2025-12-14,2025-12-14T19:45:00+00:00,A,1,0.24,0.2553,0.2691,0.2697,0.2665,0.2686,0,80153
F1,fl1-olm-asm-2025-12-14,2025-12-14T19:45:00+00:00,A,6,0.27,0.2553,0.2691,0.2697,0.2665,0.2686,0,80153
F1,fl1-olm-asm-2025-12-14,2025-12-14T19:45:00+00:00,A,24,0.25,0.2553,0.2691,0.2697,0.2665,0.2686,0,80153
F1,fl1-tou-rcl-2026-01-02,2026-01-02T19:45:00+00:00,H,1,0.37,0.3695,0.375,0.3728,0.3772,0.3713,0,180136
F1,fl1-tou-rcl-2026-01-02,2026-01-02T19:45:00+00:00,H,6,0.37,0.3695,0.375,0.3728,0.3772,0.3713,0,180136
F1,fl1-tou-rcl-2026-01-02,2026-01-02T19:45:00+00:00,H,24,0.37,0.3695,0.375,0.3728,0.3772,0.3713,0,180136
F1,fl1-tou-rcl-2026-01-02,2026-01-02T19:45:00+00:00,D,1,0.29,0.2879,0.296,0.2971,0.2985,0.297,0,24045
F1,fl1-tou-rcl-2026-01-02,2026-01-02T19:45:00+00:00,D,6,0.29,0.2879,0.296,0.2971,0.2985,0.297,0,24045
F1,fl1-tou-rcl-2026-01-02,2026-01-02T19:45:00+00:00,D,24,0.29,0.2879,0.296,0.2971,0.2985,0.297,0,24045
F1,fl1-tou-rcl-2026-01-02,2026-01-02T19:45:00+00:00,A,1,0.34,0.3426,0.3291,0.3301,0.3244,0.3317,1,272165
F1,fl1-tou-rcl-2026-01-02,2026-01-02T19:45:00+00:00,A,6,0.34,0.3426,0.3291,0.3301,0.3244,0.3317,1,272165
F1,fl1-tou-rcl-2026-01-02,2026-01-02T19:45:00+00:00,A,24,0.35,0.3426,0.3291,0.3301,0.3244,0.3317,1,272165
F1,fl1-asm-lyo-2026-01-03,2026-01-03T16:00:00+00:00,H,1,0.46,0.4689,0.4553,0.4652,0.4586,0.4568,0,137513
F1,fl1-asm-lyo-2026-01-03,2026-01-03T16:00:00+00:00,H,6,0.46,0.4689,0.4553,0.4652,0.4586,0.4568,0,137513
F1,fl1-asm-lyo-2026-01-03,2026-01-03T16:00:00+00:00,H,24,0.47,0.4689,0.4553,0.4652,0.4586,0.4568,0,137513
F1,fl1-asm-lyo-2026-01-03,2026-01-03T16:00:00+00:00,D,1,0.25,0.2521,0.2582,0.2543,0.262,0.2587,0,34302
F1,fl1-asm-lyo-2026-01-03,2026-01-03T16:00:00+00:00,D,6,0.26,0.2521,0.2582,0.2543,0.262,0.2587,0,34302
F1,fl1-asm-lyo-2026-01-03,2026-01-03T16:00:00+00:00,D,24,0.26,0.2521,0.2582,0.2543,0.262,0.2587,0,34302
F1,fl1-asm-lyo-2026-01-03,2026-01-03T16:00:00+00:00,A,1,0.28,0.2791,0.2865,0.2805,0.2794,0.2845,1,142845
F1,fl1-asm-lyo-2026-01-03,2026-01-03T16:00:00+00:00,A,6,0.3,0.2791,0.2865,0.2805,0.2794,0.2845,1,142845
F1,fl1-asm-lyo-2026-01-03,2026-01-03T16:00:00+00:00,A,24,0.29,0.2791,0.2865,0.2805,0.2794,0.2845,1,142845
F1,fl1-ogc-str-2026-01-03,2026-01-03T18:00:00+00:00,H,1,0.29,0.3509,0.301,0.304,0.283,0.2851,0,100179
F1,fl1-ogc-str-2026-01-03,2026-01-03T18:00:00+00:00,H,6,0.29,0.3509,0.301,0.304,0.283,0.2851,0,100179
F1,fl1-ogc-str-2026-01-03,2026-01-03T18:00:00+00:00,H,24,0.33,0.3509,0.301,0.304,0.283,0.2851,0,100179
F1,fl1-ogc-str-2026-01-03,2026-01-03T18:00:00+00:00,D,1,0.28,0.2774,0.2747,0.2772,0.2765,0.2811,1,62185
F1,fl1-ogc-str-2026-01-03,2026-01-03T18:00:00+00:00,D,6,0.27,0.2774,0.2747,0.2772,0.2765,0.2811,1,62185
F1,fl1-ogc-str-2026-01-03,2026-01-03T18:00:00+00:00,D,24,0.27,0.2774,0.2747,0.2772,0.2765,0.2811,1,62185
F1,fl1-ogc-str-2026-01-03,2026-01-03T18:00:00+00:00,A,1,0.44,0.3717,0.4244,0.4188,0.4405,0.4338,0,170887
F1,fl1-ogc-str-2026-01-03,2026-01-03T18:00:00+00:00,A,6,0.43,0.3717,0.4244,0.4188,0.4405,0.4338,0,170887
F1,fl1-ogc-str-2026-01-03,2026-01-03T18:00:00+00:00,A,24,0.4,0.3717,0.4244,0.4188,0.4405,0.4338,0,170887
F1,fl1-lil-ren-2026-01-03,2026-01-03T20:05:00+00:00,H,1,0.57,0.502,0.5452,0.5566,0.5503,0.5525,0,372175
F1,fl1-lil-ren-2026-01-03,2026-01-03T20:05:00+00:00,H,6,0.55,0.502,0.5452,0.5566,0.5503,0.5525,0,372175
F1,fl1-lil-ren-2026-01-03,2026-01-03T20:05:00+00:00,H,24,0.52,0.502,0.5452,0.5566,0.5503,0.5525,0,372175
F1,fl1-lil-ren-2026-01-03,2026-01-03T20:05:00+00:00,D,1,0.25,0.2586,0.2443,0.2407,0.2471,0.2486,0,24691
F1,fl1-lil-ren-2026-01-03,2026-01-03T20:05:00+00:00,D,6,0.25,0.2586,0.2443,0.2407,0.2471,0.2486,0,24691
F1,fl1-lil-ren-2026-01-03,2026-01-03T20:05:00+00:00,D,24,0.24,0.2586,0.2443,0.2407,0.2471,0.2486,0,24691
F1,fl1-lil-ren-2026-01-03,2026-01-03T20:05:00+00:00,A,1,0.19,0.2395,0.2105,0.2027,0.2026,0.1989,1,89963
F1,fl1-lil-ren-2026-01-03,2026-01-03T20:05:00+00:00,A,6,0.19,0.2395,0.2105,0.2027,0.2026,0.1989,1,89963
F1,fl1-lil-ren-2026-01-03,2026-01-03T20:05:00+00:00,A,24,0.22,0.2395,0.2105,0.2027,0.2026,0.1989,1,89963
F1,fl1-olm-nan-2026-01-04,2026-01-04T14:00:00+00:00,H,1,0.8,0.7696,0.7554,0.751,0.7586,0.7709,0,141744
F1,fl1-olm-nan-2026-01-04,2026-01-04T14:00:00+00:00,H,6,0.8,0.7696,0.7554,0.751,0.7586,0.7709,0,141744
F1,fl1-olm-nan-2026-01-04,2026-01-04T14:00:00+00:00,H,24,0.8,0.7696,0.7554,0.751,0.7586,0.7709,0,141744
F1,fl1-olm-nan-2026-01-04,2026-01-04T14:00:00+00:00,D,1,0.13,0.1476,0.1528,0.1502,0.1501,0.1462,0,6553
F1,fl1-olm-nan-2026-01-04,2026-01-04T14:00:00+00:00,D,6,0.149,0.1476,0.1528,0.1502,0.1501,0.1462,0,6553
F1,fl1-olm-nan-2026-01-04,2026-01-04T14:00:00+00:00,D,24,0.15,0.1476,0.1528,0.1502,0.1501,0.1462,0,6553
F1,fl1-olm-nan-2026-01-04,2026-01-04T14:00:00+00:00,A,1,0.07,0.0828,0.0918,0.0988,0.0913,0.0829,1,116936
F1,fl1-olm-nan-2026-01-04,2026-01-04T14:00:00+00:00,A,6,0.06,0.0828,0.0918,0.0988,0.0913,0.0829,1,116936
F1,fl1-olm-nan-2026-01-04,2026-01-04T14:00:00+00:00,A,24,0.06,0.0828,0.0918,0.0988,0.0913,0.0829,1,116936
F1,fl1-hac-ang-2026-01-04,2026-01-04T16:15:00+00:00,H,1,0.44,0.4564,0.3972,0.3982,0.3938,0.3975,1,79337
F1,fl1-hac-ang-2026-01-04,2026-01-04T16:15:00+00:00,H,6,0.46,0.4564,0.3972,0.3982,0.3938,0.3975,1,79337
F1,fl1-hac-ang-2026-01-04,2026-01-04T16:15:00+00:00,H,24,0.46,0.4564,0.3972,0.3982,0.3938,0.3975,1,79337
F1,fl1-hac-ang-2026-01-04,2026-01-04T16:15:00+00:00,D,1,0.29,0.2879,0.2942,0.2961,0.2965,0.2967,0,63150
F1,fl1-hac-ang-2026-01-04,2026-01-04T16:15:00+00:00,D,6,0.28,0.2879,0.2942,0.2961,0.2965,0.2967,0,63150
F1,fl1-hac-ang-2026-01-04,2026-01-04T16:15:00+00:00,D,24,0.3,0.2879,0.2942,0.2961,0.2965,0.2967,0,63150
F1,fl1-hac-ang-2026-01-04,2026-01-04T16:15:00+00:00,A,1,0.28,0.2557,0.3086,0.3057,0.3097,0.3058,0,119961
F1,fl1-hac-ang-2026-01-04,2026-01-04T16:15:00+00:00,A,6,0.25,0.2557,0.3086,0.3057,0.3097,0.3058,0,119961
F1,fl1-hac-ang-2026-01-04,2026-01-04T16:15:00+00:00,A,24,0.27,0.2557,0.3086,0.3057,0.3097,0.3058,0,119961
F1,fl1-lor-met-2026-01-04,2026-01-04T16:15:00+00:00,H,1,0.53,0.5287,0.5148,0.5153,0.528,0.5251,0,75897
F1,fl1-lor-met-2026-01-04,2026-01-04T16:15:00+00:00,H,6,0.53,0.5287,0.5148,0.5153,0.528,0.5251,0,75897
F1,fl1-lor-met-2026-01-04,2026-01-04T16:15:00+00:00,H,24,0.55,0.5287,0.5148,0.5153,0.528,0.5251,0,75897
F1,fl1-lor-met-2026-01-04,2026-01-04T16:15:00+00:00,D,1,0.27,0.2571,0.2609,0.2577,0.257,0.2626,1,35404
F1,fl1-lor-met-2026-01-04,2026-01-04T16:15:00+00:00,D,6,0.26,0.2571,0.2609,0.2577,0.257,0.2626,1,35404
F1,fl1-lor-met-2026-01-04,2026-01-04T16:15:00+00:00,D,24,0.26,0.2571,0.2609,0.2577,0.257,0.2626,1,35404
F1,fl1-lor-met-2026-01-04,2026-01-04T16:15:00+00:00,A,1,0.22,0.2142,0.2243,0.227,0.2149,0.2123,0,41947
F1,fl1-lor-met-2026-01-04,2026-01-04T16:15:00+00:00,A,6,0.21,0.2142,0.2243,0.227,0.2149,0.2123,0,41947
F1,fl1-lor-met-2026-01-04,2026-01-04T16:15:00+00:00,A,24,0.2,0.2142,0.2243,0.227,0.2149,0.2123,0,41947
F1,fl1-sbr-aja-2026-01-04,2026-01-04T16:15:00+00:00,H,1,0.51,0.4899,0.488,0.5006,0.4842,0.4911,1,42998
F1,fl1-sbr-aja-2026-01-04,2026-01-04T16:15:00+00:00,H,6,0.51,0.4899,0.488,0.5006,0.4842,0.4911,1,42998
F1,fl1-sbr-aja-2026-01-04,2026-01-04T16:15:00+00:00,H,24,0.51,0.4899,0.488,0.5006,0.4842,0.4911,1,42998
F1,fl1-sbr-aja-2026-01-04,2026-01-04T16:15:00+00:00,D,1,0.29,0.2785,0.2828,0.2797,0.2879,0.2834,0,8858
F1,fl1-sbr-aja-2026-01-04,2026-01-04T16:15:00+00:00,D,6,0.29,0.2785,0.2828,0.2797,0.2879,0.2834,0,8858
F1,fl1-sbr-aja-2026-01-04,2026-01-04T16:15:00+00:00,D,24,0.28,0.2785,0.2828,0.2797,0.2879,0.2834,0,8858
F1,fl1-sbr-aja-2026-01-04,2026-01-04T16:15:00+00:00,A,1,0.21,0.2316,0.2292,0.2197,0.2279,0.2255,0,11588
F1,fl1-sbr-aja-2026-01-04,2026-01-04T16:15:00+00:00,A,6,0.21,0.2316,0.2292,0.2197,0.2279,0.2255,0,11588
F1,fl1-sbr-aja-2026-01-04,2026-01-04T16:15:00+00:00,A,24,0.22,0.2316,0.2292,0.2197,0.2279,0.2255,0,11588
F1,fl1-psg-pfc-2026-01-04,2026-01-04T19:45:00+00:00,H,1,0.87,0.8035,0.8414,0.8386,0.8437,0.8715,1,574917
F1,fl1-psg-pfc-2026-01-04,2026-01-04T19:45:00+00:00,H,6,0.86,0.8035,0.8414,0.8386,0.8437,0.8715,1,574917
F1,fl1-psg-pfc-2026-01-04,2026-01-04T19:45:00+00:00,H,24,0.82,0.8035,0.8414,0.8386,0.8437,0.8715,1,574917
F1,fl1-psg-pfc-2026-01-04,2026-01-04T19:45:00+00:00,D,1,0.1,0.1306,0.1041,0.1115,0.0992,0.0903,0,51956
F1,fl1-psg-pfc-2026-01-04,2026-01-04T19:45:00+00:00,D,6,0.11,0.1306,0.1041,0.1115,0.0992,0.0903,0,51956
F1,fl1-psg-pfc-2026-01-04,2026-01-04T19:45:00+00:00,D,24,0.12,0.1306,0.1041,0.1115,0.0992,0.0903,0,51956
F1,fl1-psg-pfc-2026-01-04,2026-01-04T19:45:00+00:00,A,1,0.04,0.066,0.0544,0.0499,0.0571,0.0382,0,142304
F1,fl1-psg-pfc-2026-01-04,2026-01-04T19:45:00+00:00,A,6,0.05,0.066,0.0544,0.0499,0.0571,0.0382,0,142304
F1,fl1-psg-pfc-2026-01-04,2026-01-04T19:45:00+00:00,A,24,0.04,0.066,0.0544,0.0499,0.0571,0.0382,0,142304
F1,fl1-asm-lor-2026-01-16,2026-01-16T18:00:00+00:00,H,1,0.59,0.5709,0.5812,0.5849,nan,0.5941,0,4420008
F1,fl1-asm-lor-2026-01-16,2026-01-16T18:00:00+00:00,H,6,0.59,0.5709,0.5812,0.5849,nan,0.5941,0,4420008
F1,fl1-asm-lor-2026-01-16,2026-01-16T18:00:00+00:00,H,24,0.6,0.5709,0.5812,0.5849,nan,0.5941,0,4420008
F1,fl1-asm-lor-2026-01-16,2026-01-16T18:00:00+00:00,D,1,0.23,0.227,0.2258,0.2256,nan,0.2255,0,114880
F1,fl1-asm-lor-2026-01-16,2026-01-16T18:00:00+00:00,D,6,0.23,0.227,0.2258,0.2256,nan,0.2255,0,114880
F1,fl1-asm-lor-2026-01-16,2026-01-16T18:00:00+00:00,D,24,0.23,0.227,0.2258,0.2256,nan,0.2255,0,114880
F1,fl1-asm-lor-2026-01-16,2026-01-16T18:00:00+00:00,A,1,0.19,0.2021,0.193,0.1895,nan,0.1804,1,191736
F1,fl1-asm-lor-2026-01-16,2026-01-16T18:00:00+00:00,A,6,0.2,0.2021,0.193,0.1895,nan,0.1804,1,191736
F1,fl1-asm-lor-2026-01-16,2026-01-16T18:00:00+00:00,A,24,0.19,0.2021,0.193,0.1895,nan,0.1804,1,191736
F1,fl1-psg-lil-2026-01-16,2026-01-16T20:00:00+00:00,H,1,0.76,0.718,0.7431,0.7439,nan,0.762,1,911186
F1,fl1-psg-lil-2026-01-16,2026-01-16T20:00:00+00:00,H,6,0.75,0.718,0.7431,0.7439,nan,0.762,1,911186
F1,fl1-psg-lil-2026-01-16,2026-01-16T20:00:00+00:00,H,24,0.69,0.718,0.7431,0.7439,nan,0.762,1,911186
F1,fl1-psg-lil-2026-01-16,2026-01-16T20:00:00+00:00,D,1,0.15,0.1704,0.156,0.1512,nan,0.1512,0,55247
F1,fl1-psg-lil-2026-01-16,2026-01-16T20:00:00+00:00,D,6,0.16,0.1704,0.156,0.1512,nan,0.1512,0,55247
F1,fl1-psg-lil-2026-01-16,2026-01-16T20:00:00+00:00,D,24,0.19,0.1704,0.156,0.1512,nan,0.1512,0,55247
F1,fl1-psg-lil-2026-01-16,2026-01-16T20:00:00+00:00,A,1,0.09,0.1116,0.1009,0.105,nan,0.0868,0,208305
F1,fl1-psg-lil-2026-01-16,2026-01-16T20:00:00+00:00,A,6,0.1,0.1116,0.1009,0.105,nan,0.0868,0,208305
F1,fl1-psg-lil-2026-01-16,2026-01-16T20:00:00+00:00,A,24,0.13,0.1116,0.1009,0.105,nan,0.0868,0,208305
F1,fl1-rcl-aja-2026-01-17,2026-01-17T16:00:00+00:00,H,1,0.69,0.6603,0.6433,0.6329,nan,0.6488,1,264331
F1,fl1-rcl-aja-2026-01-17,2026-01-17T16:00:00+00:00,H,6,0.69,0.6603,0.6433,0.6329,nan,0.6488,1,264331
F1,fl1-rcl-aja-2026-01-17,2026-01-17T16:00:00+00:00,H,24,0.68,0.6603,0.6433,0.6329,nan,0.6488,1,264331
F1,fl1-rcl-aja-2026-01-17,2026-01-17T16:00:00+00:00,D,1,0.21,0.2102,0.2174,0.223,nan,0.2206,0,36686
F1,fl1-rcl-aja-2026-01-17,2026-01-17T16:00:00+00:00,D,6,0.21,0.2102,0.2174,0.223,nan,0.2206,0,36686
F1,fl1-rcl-aja-2026-01-17,2026-01-17T16:00:00+00:00,D,24,0.21,0.2102,0.2174,0.223,nan,0.2206,0,36686
F1,fl1-rcl-aja-2026-01-17,2026-01-17T16:00:00+00:00,A,1,0.11,0.1295,0.1393,0.1441,nan,0.1306,0,53094
F1,fl1-rcl-aja-2026-01-17,2026-01-17T16:00:00+00:00,A,6,0.11,0.1295,0.1393,0.1441,nan,0.1306,0,53094
F1,fl1-rcl-aja-2026-01-17,2026-01-17T16:00:00+00:00,A,24,0.13,0.1295,0.1393,0.1441,nan,0.1306,0,53094
F1,fl1-ang-olm-2026-01-17,2026-01-17T20:05:00+00:00,H,1,0.16,0.1707,0.1676,0.172,nan,0.1649,0,29632
F1,fl1-ang-olm-2026-01-17,2026-01-17T20:05:00+00:00,H,6,0.16,0.1707,0.1676,0.172,nan,0.1649,0,29632
F1,fl1-ang-olm-2026-01-17,2026-01-17T20:05:00+00:00,H,24,0.17,0.1707,0.1676,0.172,nan,0.1649,0,29632
F1,fl1-ang-olm-2026-01-17,2026-01-17T20:05:00+00:00,D,1,0.24,0.2389,0.2325,0.2253,nan,0.2355,0,11799
F1,fl1-ang-olm-2026-01-17,2026-01-17T20:05:00+00:00,D,6,0.24,0.2389,0.2325,0.2253,nan,0.2355,0,11799
F1,fl1-ang-olm-2026-01-17,2026-01-17T20:05:00+00:00,D,24,0.24,0.2389,0.2325,0.2253,nan,0.2355,0,11799
F1,fl1-ang-olm-2026-01-17,2026-01-17T20:05:00+00:00,A,1,0.6,0.5904,0.5999,0.6027,nan,0.5996,1,162982
F1,fl1-ang-olm-2026-01-17,2026-01-17T20:05:00+00:00,A,6,0.61,0.5904,0.5999,0.6027,nan,0.5996,1,162982
F1,fl1-ang-olm-2026-01-17,2026-01-17T20:05:00+00:00,A,24,0.61,0.5904,0.5999,0.6027,nan,0.5996,1,162982
F1,fl1-tou-ogc-2026-01-17,2026-01-17T18:00:00+00:00,H,1,0.47,0.4879,0.4818,0.4823,nan,0.4827,1,88086
F1,fl1-tou-ogc-2026-01-17,2026-01-17T18:00:00+00:00,H,6,0.49,0.4879,0.4818,0.4823,nan,0.4827,1,88086
F1,fl1-tou-ogc-2026-01-17,2026-01-17T18:00:00+00:00,H,24,0.5,0.4879,0.4818,0.4823,nan,0.4827,1,88086
F1,fl1-tou-ogc-2026-01-17,2026-01-17T18:00:00+00:00,D,1,0.28,0.2669,0.2716,0.2766,nan,0.2687,0,16756
F1,fl1-tou-ogc-2026-01-17,2026-01-17T18:00:00+00:00,D,6,0.28,0.2669,0.2716,0.2766,nan,0.2687,0,16756
F1,fl1-tou-ogc-2026-01-17,2026-01-17T18:00:00+00:00,D,24,0.27,0.2669,0.2716,0.2766,nan,0.2687,0,16756
F1,fl1-tou-ogc-2026-01-17,2026-01-17T18:00:00+00:00,A,1,0.24,0.2452,0.2466,0.2411,nan,0.2486,0,25567
F1,fl1-tou-ogc-2026-01-17,2026-01-17T18:00:00+00:00,A,6,0.24,0.2452,0.2466,0.2411,nan,0.2486,0,25567
F1,fl1-tou-ogc-2026-01-17,2026-01-17T18:00:00+00:00,A,24,0.25,0.2452,0.2466,0.2411,nan,0.2486,0,25567
F1,fl1-nan-pfc-2026-01-18,2026-01-18T16:15:00+00:00,H,1,0.35,0.3144,0.3582,0.3587,nan,0.3529,0,197521
F1,fl1-nan-pfc-2026-01-18,2026-01-18T16:15:00+00:00,H,6,0.35,0.3144,0.3582,0.3587,nan,0.3529,0,197521
F1,fl1-nan-pfc-2026-01-18,2026-01-18T16:15:00+00:00,H,24,0.32,0.3144,0.3582,0.3587,nan,0.3529,0,197521
F1,fl1-nan-pfc-2026-01-18,2026-01-18T16:15:00+00:00,D,1,0.3,0.2919,0.298,0.3092,nan,0.3062,0,66722
F1,fl1-nan-pfc-2026-01-18,2026-01-18T16:15:00+00:00,D,6,0.3,0.2919,0.298,0.3092,nan,0.3062,0,66722
F1,fl1-nan-pfc-2026-01-18,2026-01-18T16:15:00+00:00,D,24,0.3,0.2919,0.298,0.3092,nan,0.3062,0,66722
F1,fl1-nan-pfc-2026-01-18,2026-01-18T16:15:00+00:00,A,1,0.36,0.3937,0.3438,0.3321,nan,0.3408,1,215506
F1,fl1-nan-pfc-2026-01-18,2026-01-18T16:15:00+00:00,A,6,0.35,0.3937,0.3438,0.3321,nan,0.3408,1,215506
F1,fl1-nan-pfc-2026-01-18,2026-01-18T16:15:00+00:00,A,24,0.39,0.3937,0.3438,0.3321,nan,0.3408,1,215506
F1,fl1-str-met-2026-01-18,2026-01-18T14:00:00+00:00,H,1,0.69,0.6163,0.6647,0.6719,nan,0.6822,1,712721
F1,fl1-str-met-2026-01-18,2026-01-18T14:00:00+00:00,H,6,0.68,0.6163,0.6647,0.6719,nan,0.6822,1,712721
F1,fl1-str-met-2026-01-18,2026-01-18T14:00:00+00:00,H,24,0.65,0.6163,0.6647,0.6719,nan,0.6822,1,712721
F1,fl1-str-met-2026-01-18,2026-01-18T14:00:00+00:00,D,1,0.19,0.2158,0.2008,0.2009,nan,0.1992,0,71487
F1,fl1-str-met-2026-01-18,2026-01-18T14:00:00+00:00,D,6,0.2,0.2158,0.2008,0.2009,nan,0.1992,0,71487
F1,fl1-str-met-2026-01-18,2026-01-18T14:00:00+00:00,D,24,0.21,0.2158,0.2008,0.2009,nan,0.1992,0,71487
F1,fl1-str-met-2026-01-18,2026-01-18T14:00:00+00:00,A,1,0.12,0.1679,0.1345,0.1272,nan,0.1186,0,89147
F1,fl1-str-met-2026-01-18,2026-01-18T14:00:00+00:00,A,6,0.12,0.1679,0.1345,0.1272,nan,0.1186,0,89147
F1,fl1-str-met-2026-01-18,2026-01-18T14:00:00+00:00,A,24,0.15,0.1679,0.1345,0.1272,nan,0.1186,0,89147
F1,fl1-lyo-sbr-2026-01-18,2026-01-18T19:45:00+00:00,H,1,0.59,0.5795,0.5742,0.5726,nan,0.5774,1,233238
F1,fl1-lyo-sbr-2026-01-18,2026-01-18T19:45:00+00:00,H,6,0.59,0.5795,0.5742,0.5726,nan,0.5774,1,233238
F1,fl1-lyo-sbr-2026-01-18,2026-01-18T19:45:00+00:00,H,24,0.6,0.5795,0.5742,0.5726,nan,0.5774,1,233238
F1,fl1-lyo-sbr-2026-01-18,2026-01-18T19:45:00+00:00,D,1,0.24,0.2335,0.2433,0.2452,nan,0.2483,0,31683
F1,fl1-lyo-sbr-2026-01-18,2026-01-18T19:45:00+00:00,D,6,0.24,0.2335,0.2433,0.2452,nan,0.2483,0,31683
F1,fl1-lyo-sbr-2026-01-18,2026-01-18T19:45:00+00:00,D,24,0.24,0.2335,0.2433,0.2452,nan,0.2483,0,31683
F1,fl1-lyo-sbr-2026-01-18,2026-01-18T19:45:00+00:00,A,1,0.18,0.187,0.1825,0.1822,nan,0.1742,0,42907
F1,fl1-lyo-sbr-2026-01-18,2026-01-18T19:45:00+00:00,A,6,0.17,0.187,0.1825,0.1822,nan,0.1742,0,42907
F1,fl1-lyo-sbr-2026-01-18,2026-01-18T19:45:00+00:00,A,24,0.16,0.187,0.1825,0.1822,nan,0.1742,0,42907
F1,fl1-ren-hac-2026-01-18,2026-01-18T16:15:00+00:00,H,1,0.6,0.5715,0.5931,0.5849,nan,0.6044,0,6995888
F1,fl1-ren-hac-2026-01-18,2026-01-18T16:15:00+00:00,H,6,0.58,0.5715,0.5931,0.5849,nan,0.6044,0,6995888
F1,fl1-ren-hac-2026-01-18,2026-01-18T16:15:00+00:00,H,24,0.6,0.5715,0.5931,0.5849,nan,0.6044,0,6995888
F1,fl1-ren-hac-2026-01-18,2026-01-18T16:15:00+00:00,D,1,0.23,0.2403,0.2235,0.2256,nan,0.2266,1,76534
F1,fl1-ren-hac-2026-01-18,2026-01-18T16:15:00+00:00,D,6,0.24,0.2403,0.2235,0.2256,nan,0.2266,1,76534
F1,fl1-ren-hac-2026-01-18,2026-01-18T16:15:00+00:00,D,24,0.23,0.2403,0.2235,0.2256,nan,0.2266,1,76534
F1,fl1-ren-hac-2026-01-18,2026-01-18T16:15:00+00:00,A,1,0.18,0.1882,0.1835,0.1895,nan,0.169,0,125763
F1,fl1-ren-hac-2026-01-18,2026-01-18T16:15:00+00:00,A,6,0.19,0.1882,0.1835,0.1895,nan,0.169,0,125763
F1,fl1-ren-hac-2026-01-18,2026-01-18T16:15:00+00:00,A,24,0.17,0.1882,0.1835,0.1895,nan,0.169,0,125763
F1,fl1-aja-psg-2026-01-23,2026-01-23T19:00:00+00:00,H,1,0.08,0.0983,0.1143,0.1191,nan,0.0999,0,190380
F1,fl1-aja-psg-2026-01-23,2026-01-23T19:00:00+00:00,H,6,0.08,0.0983,0.1143,0.1191,nan,0.0999,0,190380
F1,fl1-aja-psg-2026-01-23,2026-01-23T19:00:00+00:00,H,24,0.1,0.0983,0.1143,0.1191,nan,0.0999,0,190380
F1,fl1-aja-psg-2026-01-23,2026-01-23T19:00:00+00:00,D,1,0.16,0.1688,0.188,0.1905,nan,0.1816,0,74941
F1,fl1-aja-psg-2026-01-23,2026-01-23T19:00:00+00:00,D,6,0.16,0.1688,0.188,0.1905,nan,0.1816,0,74941
F1,fl1-aja-psg-2026-01-23,2026-01-23T19:00:00+00:00,D,24,0.17,0.1688,0.188,0.1905,nan,0.1816,0,74941
F1,fl1-aja-psg-2026-01-23,2026-01-23T19:00:00+00:00,A,1,0.78,0.7329,0.6977,0.6904,nan,0.7185,1,1967127
F1,fl1-aja-psg-2026-01-23,2026-01-23T19:00:00+00:00,A,6,0.75,0.7329,0.6977,0.6904,nan,0.7185,1,1967127
F1,fl1-aja-psg-2026-01-23,2026-01-23T19:00:00+00:00,A,24,0.74,0.7329,0.6977,0.6904,nan,0.7185,1,1967127
F1,fl1-olm-rcl-2026-01-24,2026-01-24T20:05:00+00:00,H,1,0.46,0.4705,0.4547,0.4608,nan,0.4668,1,199894
F1,fl1-olm-rcl-2026-01-24,2026-01-24T20:05:00+00:00,H,6,0.47,0.4705,0.4547,0.4608,nan,0.4668,1,199894
F1,fl1-olm-rcl-2026-01-24,2026-01-24T20:05:00+00:00,H,24,0.46,0.4705,0.4547,0.4608,nan,0.4668,1,199894
F1,fl1-olm-rcl-2026-01-24,2026-01-24T20:05:00+00:00,D,1,0.24,0.2565,0.253,0.2486,nan,0.2505,0,70403
F1,fl1-olm-rcl-2026-01-24,2026-01-24T20:05:00+00:00,D,6,0.25,0.2565,0.253,0.2486,nan,0.2505,0,70403
F1,fl1-olm-rcl-2026-01-24,2026-01-24T20:05:00+00:00,D,24,0.26,0.2565,0.253,0.2486,nan,0.2505,0,70403
F1,fl1-olm-rcl-2026-01-24,2026-01-24T20:05:00+00:00,A,1,0.29,0.273,0.2923,0.2906,nan,0.2827,0,146176
F1,fl1-olm-rcl-2026-01-24,2026-01-24T20:05:00+00:00,A,6,0.28,0.273,0.2923,0.2906,nan,0.2827,0,146176
F1,fl1-olm-rcl-2026-01-24,2026-01-24T20:05:00+00:00,A,24,0.27,0.273,0.2923,0.2906,nan,0.2827,0,146176
F1,fl1-ren-lor-2026-01-24,2026-01-24T16:00:00+00:00,H,1,0.55,0.5034,0.5337,0.5257,nan,0.5318,0,251564
F1,fl1-ren-lor-2026-01-24,2026-01-24T16:00:00+00:00,H,6,0.56,0.5034,0.5337,0.5257,nan,0.5318,0,251564
F1,fl1-ren-lor-2026-01-24,2026-01-24T16:00:00+00:00,H,24,0.54,0.5034,0.5337,0.5257,nan,0.5318,0,251564
F1,fl1-ren-lor-2026-01-24,2026-01-24T16:00:00+00:00,D,1,0.25,0.2608,0.2538,0.2558,nan,0.2652,0,99330
F1,fl1-ren-lor-2026-01-24,2026-01-24T16:00:00+00:00,D,6,0.25,0.2608,0.2538,0.2558,nan,0.2652,0,99330
F1,fl1-ren-lor-2026-01-24,2026-01-24T16:00:00+00:00,D,24,0.24,0.2608,0.2538,0.2558,nan,0.2652,0,99330
F1,fl1-ren-lor-2026-01-24,2026-01-24T16:00:00+00:00,A,1,0.21,0.2358,0.2125,0.2185,nan,0.203,1,70134
F1,fl1-ren-lor-2026-01-24,2026-01-24T16:00:00+00:00,A,6,0.19,0.2358,0.2125,0.2185,nan,0.203,1,70134
F1,fl1-ren-lor-2026-01-24,2026-01-24T16:00:00+00:00,A,24,0.2,0.2358,0.2125,0.2185,nan,0.203,1,70134
F1,fl1-hac-asm-2026-01-24,2026-01-24T18:00:00+00:00,H,1,0.23,0.277,0.2295,0.2354,nan,0.2194,0,62842
F1,fl1-hac-asm-2026-01-24,2026-01-24T18:00:00+00:00,H,6,0.22,0.277,0.2295,0.2354,nan,0.2194,0,62842
F1,fl1-hac-asm-2026-01-24,2026-01-24T18:00:00+00:00,H,24,0.26,0.277,0.2295,0.2354,nan,0.2194,0,62842
F1,fl1-hac-asm-2026-01-24,2026-01-24T18:00:00+00:00,D,1,0.25,0.2524,0.2419,0.2414,nan,0.2468,1,49665
F1,fl1-hac-asm-2026-01-24,2026-01-24T18:00:00+00:00,D,6,0.25,0.2524,0.2419,0.2414,nan,0.2468,1,49665
F1,fl1-hac-asm-2026-01-24,2026-01-24T18:00:00+00:00,D,24,0.24,0.2524,0.2419,0.2414,nan,0.2468,1,49665
F1,fl1-hac-asm-2026-01-24,2026-01-24T18:00:00+00:00,A,1,0.53,0.4706,0.5286,0.5231,nan,0.5337,0,739163
F1,fl1-hac-asm-2026-01-24,2026-01-24T18:00:00+00:00,A,6,0.53,0.4706,0.5286,0.5231,nan,0.5337,0,739163
F1,fl1-hac-asm-2026-01-24,2026-01-24T18:00:00+00:00,A,24,0.51,0.4706,0.5286,0.5231,nan,0.5337,0,739163
F1,fl1-nan-ogc-2026-01-25,2026-01-25T14:00:00+00:00,H,1,0.33,0.3249,0.3488,0.3515,nan,0.3513,0,54959
F1,fl1-nan-ogc-2026-01-25,2026-01-25T14:00:00+00:00,H,6,0.34,0.3249,0.3488,0.3515,nan,0.3513,0,54959
F1,fl1-nan-ogc-2026-01-25,2026-01-25T14:00:00+00:00,H,24,0.33,0.3249,0.3488,0.3515,nan,0.3513,0,54959
F1,fl1-nan-ogc-2026-01-25,2026-01-25T14:00:00+00:00,D,1,0.28,0.2752,0.2819,0.2876,nan,0.2871,0,18585
F1,fl1-nan-ogc-2026-01-25,2026-01-25T14:00:00+00:00,D,6,0.29,0.2752,0.2819,0.2876,nan,0.2871,0,18585
F1,fl1-nan-ogc-2026-01-25,2026-01-25T14:00:00+00:00,D,24,0.27,0.2752,0.2819,0.2876,nan,0.2871,0,18585
F1,fl1-nan-ogc-2026-01-25,2026-01-25T14:00:00+00:00,A,1,0.38,0.3999,0.3693,0.3609,nan,0.3616,1,403175
F1,fl1-nan-ogc-2026-01-25,2026-01-25T14:00:00+00:00,A,6,0.39,0.3999,0.3693,0.3609,nan,0.3616,1,403175
F1,fl1-nan-ogc-2026-01-25,2026-01-25T14:00:00+00:00,A,24,0.4,0.3999,0.3693,0.3609,nan,0.3616,1,403175
F1,fl1-met-lyo-2026-01-25,2026-01-25T16:15:00+00:00,H,1,0.17,0.2062,0.1814,0.1804,nan,0.1659,0,50938
F1,fl1-met-lyo-2026-01-25,2026-01-25T16:15:00+00:00,H,6,0.18,0.2062,0.1814,0.1804,nan,0.1659,0,50938
F1,fl1-met-lyo-2026-01-25,2026-01-25T16:15:00+00:00,H,24,0.19,0.2062,0.1814,0.1804,nan,0.1659,0,50938
F1,fl1-met-lyo-2026-01-25,2026-01-25T16:15:00+00:00,D,1,0.2599,0.2431,0.2526,0.2525,nan,0.252,0,19426
F1,fl1-met-lyo-2026-01-25,2026-01-25T16:15:00+00:00,D,6,0.25,0.2431,0.2526,0.2525,nan,0.252,0,19426
F1,fl1-met-lyo-2026-01-25,2026-01-25T16:15:00+00:00,D,24,0.25,0.2431,0.2526,0.2525,nan,0.252,0,19426
F1,fl1-met-lyo-2026-01-25,2026-01-25T16:15:00+00:00,A,1,0.58,0.5507,0.566,0.5671,nan,0.5821,1,404141
F1,fl1-met-lyo-2026-01-25,2026-01-25T16:15:00+00:00,A,6,0.59,0.5507,0.566,0.5671,nan,0.5821,1,404141
F1,fl1-met-lyo-2026-01-25,2026-01-25T16:15:00+00:00,A,24,0.57,0.5507,0.566,0.5671,nan,0.5821,1,404141
F1,fl1-sbr-tou-2026-01-25,2026-01-25T16:15:00+00:00,H,1,0.34,0.343,0.3156,0.3223,nan,0.3059,0,223746
F1,fl1-sbr-tou-2026-01-25,2026-01-25T16:15:00+00:00,H,6,0.33,0.343,0.3156,0.3223,nan,0.3059,0,223746
F1,fl1-sbr-tou-2026-01-25,2026-01-25T16:15:00+00:00,H,24,0.34,0.343,0.3156,0.3223,nan,0.3059,0,223746
F1,fl1-sbr-tou-2026-01-25,2026-01-25T16:15:00+00:00,D,1,0.32,0.309,0.3254,0.3223,nan,0.3313,0,56235
F1,fl1-sbr-tou-2026-01-25,2026-01-25T16:15:00+00:00,D,6,0.32,0.309,0.3254,0.3223,nan,0.3313,0,56235
F1,fl1-sbr-tou-2026-01-25,2026-01-25T16:15:00+00:00,D,24,0.31,0.309,0.3254,0.3223,nan,0.3313,0,56235
F1,fl1-sbr-tou-2026-01-25,2026-01-25T16:15:00+00:00,A,1,0.36,0.3481,0.359,0.3554,nan,0.3628,1,153616
F1,fl1-sbr-tou-2026-01-25,2026-01-25T16:15:00+00:00,A,6,0.35,0.3481,0.359,0.3554,nan,0.3628,1,153616
F1,fl1-sbr-tou-2026-01-25,2026-01-25T16:15:00+00:00,A,24,0.34,0.3481,0.359,0.3554,nan,0.3628,1,153616
F1,fl1-rcl-hac-2026-01-30,2026-01-30T19:45:00+00:00,H,1,0.68,0.6794,0.6622,0.6471,nan,0.6828,1,2646719
F1,fl1-rcl-hac-2026-01-30,2026-01-30T19:45:00+00:00,H,6,0.69,0.6794,0.6622,0.6471,nan,0.6828,1,2646719
F1,fl1-rcl-hac-2026-01-30,2026-01-30T19:45:00+00:00,H,24,0.7,0.6794,0.6622,0.6471,nan,0.6828,1,2646719
F1,fl1-rcl-hac-2026-01-30,2026-01-30T19:45:00+00:00,D,1,0.18,0.1913,0.2053,0.2085,nan,0.2021,0,106165
F1,fl1-rcl-hac-2026-01-30,2026-01-30T19:45:00+00:00,D,6,0.2,0.1913,0.2053,0.2085,nan,0.2021,0,106165
F1,fl1-rcl-hac-2026-01-30,2026-01-30T19:45:00+00:00,D,24,0.18,0.1913,0.2053,0.2085,nan,0.2021,0,106165
F1,fl1-rcl-hac-2026-01-30,2026-01-30T19:45:00+00:00,A,1,0.14,0.1293,0.1324,0.1444,nan,0.1151,0,97035
F1,fl1-rcl-hac-2026-01-30,2026-01-30T19:45:00+00:00,A,6,0.11,0.1293,0.1324,0.1444,nan,0.1151,0,97035
F1,fl1-rcl-hac-2026-01-30,2026-01-30T19:45:00+00:00,A,24,0.12,0.1293,0.1324,0.1444,nan,0.1151,0,97035
F1,fl1-lil-str-2026-01-25,2026-01-25T19:45:00+00:00,H,1,0.39,0.4677,0.382,0.3783,nan,0.3734,0,466200
F1,fl1-lil-str-2026-01-25,2026-01-25T19:45:00+00:00,H,6,0.4,0.4677,0.382,0.3783,nan,0.3734,0,466200
F1,fl1-lil-str-2026-01-25,2026-01-25T19:45:00+00:00,H,24,0.47,0.4677,0.382,0.3783,nan,0.3734,0,466200
F1,fl1-lil-str-2026-01-25,2026-01-25T19:45:00+00:00,D,1,0.29,0.2658,0.2928,0.2956,nan,0.301,0,55206
F1,fl1-lil-str-2026-01-25,2026-01-25T19:45:00+00:00,D,6,0.28,0.2658,0.2928,0.2956,nan,0.301,0,55206
F1,fl1-lil-str-2026-01-25,2026-01-25T19:45:00+00:00,D,24,0.25,0.2658,0.2928,0.2956,nan,0.301,0,55206
F1,fl1-lil-str-2026-01-25,2026-01-25T19:45:00+00:00,A,1,0.33,0.2665,0.3252,0.3261,nan,0.3256,1,357286
F1,fl1-lil-str-2026-01-25,2026-01-25T19:45:00+00:00,A,6,0.31,0.2665,0.3252,0.3261,nan,0.3256,1,357286
F1,fl1-lil-str-2026-01-25,2026-01-25T19:45:00+00:00,A,24,0.28,0.2665,0.3252,0.3261,nan,0.3256,1,357286
F1,fl1-pfc-olm-2026-01-31,2026-01-31T16:00:00+00:00,H,1,0.23,0.2477,0.2202,0.2181,nan,0.2067,0,55148
F1,fl1-pfc-olm-2026-01-31,2026-01-31T16:00:00+00:00,H,6,0.23,0.2477,0.2202,0.2181,nan,0.2067,0,55148
F1,fl1-pfc-olm-2026-01-31,2026-01-31T16:00:00+00:00,H,24,0.25,0.2477,0.2202,0.2181,nan,0.2067,0,55148
F1,fl1-pfc-olm-2026-01-31,2026-01-31T16:00:00+00:00,D,1,0.25,0.2544,0.2474,0.2422,nan,0.2481,1,37001
F1,fl1-pfc-olm-2026-01-31,2026-01-31T16:00:00+00:00,D,6,0.25,0.2544,0.2474,0.2422,nan,0.2481,1,37001
F1,fl1-pfc-olm-2026-01-31,2026-01-31T16:00:00+00:00,D,24,0.26,0.2544,0.2474,0.2422,nan,0.2481,1,37001
F1,fl1-pfc-olm-2026-01-31,2026-01-31T16:00:00+00:00,A,1,0.54,0.498,0.5324,0.5397,nan,0.5452,0,441423
F1,fl1-pfc-olm-2026-01-31,2026-01-31T16:00:00+00:00,A,6,0.53,0.498,0.5324,0.5397,nan,0.5452,0,441423
F1,fl1-pfc-olm-2026-01-31,2026-01-31T16:00:00+00:00,A,24,0.5,0.498,0.5324,0.5397,nan,0.5452,0,441423
F1,fl1-lor-nan-2026-01-31,2026-01-31T18:00:00+00:00,H,1,0.51,0.5141,0.5059,0.5006,nan,0.5062,1,692757
F1,fl1-lor-nan-2026-01-31,2026-01-31T18:00:00+00:00,H,6,0.51,0.5141,0.5059,0.5006,nan,0.5062,1,692757
F1,fl1-lor-nan-2026-01-31,2026-01-31T18:00:00+00:00,H,24,0.52,0.5141,0.5059,0.5006,nan,0.5062,1,692757
F1,fl1-lor-nan-2026-01-31,2026-01-31T18:00:00+00:00,D,1,0.28,0.2689,0.2727,0.2797,nan,0.277,0,76322
F1,fl1-lor-nan-2026-01-31,2026-01-31T18:00:00+00:00,D,6,0.27,0.2689,0.2727,0.2797,nan,0.277,0,76322
F1,fl1-lor-nan-2026-01-31,2026-01-31T18:00:00+00:00,D,24,0.28,0.2689,0.2727,0.2797,nan,0.277,0,76322
F1,fl1-lor-nan-2026-01-31,2026-01-31T18:00:00+00:00,A,1,0.21,0.2171,0.2214,0.2197,nan,0.2168,0,36120
F1,fl1-lor-nan-2026-01-31,2026-01-31T18:00:00+00:00,A,6,0.22,0.2171,0.2214,0.2197,nan,0.2168,0,36120
F1,fl1-lor-nan-2026-01-31,2026-01-31T18:00:00+00:00,A,24,0.2,0.2171,0.2214,0.2197,nan,0.2168,0,36120
F1,fl1-asm-ren-2026-01-31,2026-01-31T20:05:00+00:00,H,1,0.51,0.4728,0.4881,0.4891,nan,0.4923,1,670446
F1,fl1-asm-ren-2026-01-31,2026-01-31T20:05:00+00:00,H,6,0.5,0.4728,0.4881,0.4891,nan,0.4923,1,670446
F1,fl1-asm-ren-2026-01-31,2026-01-31T20:05:00+00:00,H,24,0.47,0.4728,0.4881,0.4891,nan,0.4923,1,670446
F1,fl1-asm-ren-2026-01-31,2026-01-31T20:05:00+00:00,D,1,0.23,0.2444,0.2434,0.2384,nan,0.2425,0,52402
F1,fl1-asm-ren-2026-01-31,2026-01-31T20:05:00+00:00,D,6,0.23,0.2444,0.2434,0.2384,nan,0.2425,0,52402
F1,fl1-asm-ren-2026-01-31,2026-01-31T20:05:00+00:00,D,24,0.24,0.2444,0.2434,0.2384,nan,0.2425,0,52402
F1,fl1-asm-ren-2026-01-31,2026-01-31T20:05:00+00:00,A,1,0.25,0.2828,0.2684,0.2725,nan,0.2652,0,54039
F1,fl1-asm-ren-2026-01-31,2026-01-31T20:05:00+00:00,A,6,0.26,0.2828,0.2684,0.2725,nan,0.2652,0,54039
F1,fl1-asm-ren-2026-01-31,2026-01-31T20:05:00+00:00,A,24,0.27,0.2828,0.2684,0.2725,nan,0.2652,0,54039
F1,fl1-lyo-lil-2026-02-01,2026-02-01T14:00:00+00:00,H,1,0.47,0.4965,0.4224,0.4222,nan,0.432,1,724741
F1,fl1-lyo-lil-2026-02-01,2026-02-01T14:00:00+00:00,H,6,0.47,0.4965,0.4224,0.4222,nan,0.432,1,724741
F1,fl1-lyo-lil-2026-02-01,2026-02-01T14:00:00+00:00,H,24,0.49,0.4965,0.4224,0.4222,nan,0.432,1,724741
F1,fl1-lyo-lil-2026-02-01,2026-02-01T14:00:00+00:00,D,1,0.28,0.2585,0.2787,0.2714,nan,0.2799,0,71231
F1,fl1-lyo-lil-2026-02-01,2026-02-01T14:00:00+00:00,D,6,0.26,0.2585,0.2787,0.2714,nan,0.2799,0,71231
F1,fl1-lyo-lil-2026-02-01,2026-02-01T14:00:00+00:00,D,24,0.27,0.2585,0.2787,0.2714,nan,0.2799,0,71231
F1,fl1-lyo-lil-2026-02-01,2026-02-01T14:00:00+00:00,A,1,0.27,0.245,0.299,0.3064,nan,0.288,0,106295
F1,fl1-lyo-lil-2026-02-01,2026-02-01T14:00:00+00:00,A,6,0.26,0.245,0.299,0.3064,nan,0.288,0,106295
F1,fl1-lyo-lil-2026-02-01,2026-02-01T14:00:00+00:00,A,24,0.25,0.245,0.299,0.3064,nan,0.288,0,106295
F1,fl1-ang-met-2026-02-01,2026-02-01T16:15:00+00:00,H,1,0.43,0.4484,0.4398,0.4394,nan,0.4432,1,75535
F1,fl1-ang-met-2026-02-01,2026-02-01T16:15:00+00:00,H,6,0.4227,0.4484,0.4398,0.4394,nan,0.4432,1,75535
F1,fl1-ang-met-2026-02-01,2026-02-01T16:15:00+00:00,H,24,0.46,0.4484,0.4398,0.4394,nan,0.4432,1,75535
F1,fl1-ang-met-2026-02-01,2026-02-01T16:15:00+00:00,D,1,0.3,0.2823,0.2905,0.2907,nan,0.292,0,4686
F1,fl1-ang-met-2026-02-01,2026-02-01T16:15:00+00:00,D,6,0.3,0.2823,0.2905,0.2907,nan,0.292,0,4686
F1,fl1-ang-met-2026-02-01,2026-02-01T16:15:00+00:00,D,24,0.29,0.2823,0.2905,0.2907,nan,0.292,0,4686
F1,fl1-ang-met-2026-02-01,2026-02-01T16:15:00+00:00,A,1,0.28,0.2693,0.2697,0.2699,nan,0.2648,0,28410
F1,fl1-ang-met-2026-02-01,2026-02-01T16:15:00+00:00,A,6,0.28,0.2693,0.2697,0.2699,nan,0.2648,0,28410
F1,fl1-ang-met-2026-02-01,2026-02-01T16:15:00+00:00,A,24,0.26,0.2693,0.2697,0.2699,nan,0.2648,0,28410
F1,fl1-ogc-sbr-2026-02-01,2026-02-01T16:15:00+00:00,H,1,0.43,0.4485,0.4169,0.4231,nan,0.4181,0,124394
F1,fl1-ogc-sbr-2026-02-01,2026-02-01T16:15:00+00:00,H,6,0.43,0.4485,0.4169,0.4231,nan,0.4181,0,124394
F1,fl1-ogc-sbr-2026-02-01,2026-02-01T16:15:00+00:00,H,24,0.44,0.4485,0.4169,0.4231,nan,0.4181,0,124394
F1,fl1-ogc-sbr-2026-02-01,2026-02-01T16:15:00+00:00,D,1,0.29,0.2798,0.2821,0.2885,nan,0.2803,1,93397
F1,fl1-ogc-sbr-2026-02-01,2026-02-01T16:15:00+00:00,D,6,0.29,0.2798,0.2821,0.2885,nan,0.2803,1,93397
F1,fl1-ogc-sbr-2026-02-01,2026-02-01T16:15:00+00:00,D,24,0.28,0.2798,0.2821,0.2885,nan,0.2803,1,93397
F1,fl1-ogc-sbr-2026-02-01,2026-02-01T16:15:00+00:00,A,1,0.3,0.2717,0.301,0.2885,nan,0.3016,0,85592
F1,fl1-ogc-sbr-2026-02-01,2026-02-01T16:15:00+00:00,A,6,0.28,0.2717,0.301,0.2885,nan,0.3016,0,85592
F1,fl1-ogc-sbr-2026-02-01,2026-02-01T16:15:00+00:00,A,24,0.26,0.2717,0.301,0.2885,nan,0.3016,0,85592
F1,fl1-tou-aja-2026-02-01,2026-02-01T16:15:00+00:00,H,1,0.54,0.5415,0.5343,0.5405,nan,0.5388,0,153677
F1,fl1-tou-aja-2026-02-01,2026-02-01T16:15:00+00:00,H,6,0.54,0.5415,0.5343,0.5405,nan,0.5388,0,153677
F1,fl1-tou-aja-2026-02-01,2026-02-01T16:15:00+00:00,H,24,0.56,0.5415,0.5343,0.5405,nan,0.5388,0,153677
F1,fl1-tou-aja-2026-02-01,2026-02-01T16:15:00+00:00,D,1,0.27,0.2684,0.2742,0.2703,nan,0.2731,1,30950
F1,fl1-tou-aja-2026-02-01,2026-02-01T16:15:00+00:00,D,6,0.28,0.2684,0.2742,0.2703,nan,0.2731,1,30950
F1,fl1-tou-aja-2026-02-01,2026-02-01T16:15:00+00:00,D,24,0.26,0.2684,0.2742,0.2703,nan,0.2731,1,30950
F1,fl1-tou-aja-2026-02-01,2026-02-01T16:15:00+00:00,A,1,0.18,0.19,0.1915,0.1892,nan,0.1881,0,20905
F1,fl1-tou-aja-2026-02-01,2026-02-01T16:15:00+00:00,A,6,0.19,0.19,0.1915,0.1892,nan,0.1881,0,20905
F1,fl1-tou-aja-2026-02-01,2026-02-01T16:15:00+00:00,A,24,0.18,0.19,0.1915,0.1892,nan,0.1881,0,20905
F1,fl1-str-psg-2026-02-01,2026-02-01T19:45:00+00:00,H,1,0.18,0.1868,0.1898,0.1908,nan,0.1838,0,217556
F1,fl1-str-psg-2026-02-01,2026-02-01T19:45:00+00:00,H,6,0.17,0.1868,0.1898,0.1908,nan,0.1838,0,217556
F1,fl1-str-psg-2026-02-01,2026-02-01T19:45:00+00:00,H,24,0.19,0.1868,0.1898,0.1908,nan,0.1838,0,217556
F1,fl1-str-psg-2026-02-01,2026-02-01T19:45:00+00:00,D,1,0.22,0.2196,0.2255,0.2203,nan,0.2255,0,135233
F1,fl1-str-psg-2026-02-01,2026-02-01T19:45:00+00:00,D,6,0.22,0.2196,0.2255,0.2203,nan,0.2255,0,135233
F1,fl1-str-psg-2026-02-01,2026-02-01T19:45:00+00:00,D,24,0.22,0.2196,0.2255,0.2203,nan,0.2255,0,135233
F1,fl1-str-psg-2026-02-01,2026-02-01T19:45:00+00:00,A,1,0.6,0.5936,0.5848,0.5889,nan,0.5907,1,1615577
F1,fl1-str-psg-2026-02-01,2026-02-01T19:45:00+00:00,A,6,0.6,0.5936,0.5848,0.5889,nan,0.5907,1,1615577
F1,fl1-str-psg-2026-02-01,2026-02-01T19:45:00+00:00,A,24,0.62,0.5936,0.5848,0.5889,nan,0.5907,1,1615577
F1,fl1-met-lil-2026-02-06,2026-02-06T19:45:00+00:00,H,1,0.16,0.1651,0.1526,0.1463,nan,0.1506,0,68390
F1,fl1-met-lil-2026-02-06,2026-02-06T19:45:00+00:00,H,6,0.15,0.1651,0.1526,0.1463,nan,0.1506,0,68390
F1,fl1-met-lil-2026-02-06,2026-02-06T19:45:00+00:00,H,24,0.18,0.1651,0.1526,0.1463,nan,0.1506,0,68390
F1,fl1-met-lil-2026-02-06,2026-02-06T19:45:00+00:00,D,1,0.22,0.2266,0.2229,0.2196,nan,0.2161,1,95424
F1,fl1-met-lil-2026-02-06,2026-02-06T19:45:00+00:00,D,6,0.22,0.2266,0.2229,0.2196,nan,0.2161,1,95424
F1,fl1-met-lil-2026-02-06,2026-02-06T19:45:00+00:00,D,24,0.23,0.2266,0.2229,0.2196,nan,0.2161,1,95424
F1,fl1-met-lil-2026-02-06,2026-02-06T19:45:00+00:00,A,1,0.63,0.6083,0.6245,0.634,nan,0.6332,0,777043
F1,fl1-met-lil-2026-02-06,2026-02-06T19:45:00+00:00,A,6,0.63,0.6083,0.6245,0.634,nan,0.6332,0,777043
F1,fl1-met-lil-2026-02-06,2026-02-06T19:45:00+00:00,A,24,0.59,0.6083,0.6245,0.634,nan,0.6332,0,777043
F1,fl1-rcl-ren-2026-02-07,2026-02-07T16:00:00+00:00,H,1,0.63,0.5314,0.6023,0.5849,nan,0.6103,1,226588
F1,fl1-rcl-ren-2026-02-07,2026-02-07T16:00:00+00:00,H,6,0.6,0.5314,0.6023,0.5849,nan,0.6103,1,226588
F1,fl1-rcl-ren-2026-02-07,2026-02-07T16:00:00+00:00,H,24,0.55,0.5314,0.6023,0.5849,nan,0.6103,1,226588
F1,fl1-rcl-ren-2026-02-07,2026-02-07T16:00:00+00:00,D,1,0.22,0.2455,0.218,0.2256,nan,0.2211,0,65077
F1,fl1-rcl-ren-2026-02-07,2026-02-07T16:00:00+00:00,D,6,0.23,0.2455,0.218,0.2256,nan,0.2211,0,65077
F1,fl1-rcl-ren-2026-02-07,2026-02-07T16:00:00+00:00,D,24,0.25,0.2455,0.218,0.2256,nan,0.2211,0,65077
F1,fl1-rcl-ren-2026-02-07,2026-02-07T16:00:00+00:00,A,1,0.15,0.2232,0.1797,0.1895,nan,0.1686,0,135746
F1,fl1-rcl-ren-2026-02-07,2026-02-07T16:00:00+00:00,A,6,0.17,0.2232,0.1797,0.1895,nan,0.1686,0,135746
F1,fl1-rcl-ren-2026-02-07,2026-02-07T16:00:00+00:00,A,24,0.2,0.2232,0.1797,0.1895,nan,0.1686,0,135746
F1,fl1-sbr-lor-2026-02-07,2026-02-07T18:00:00+00:00,H,1,0.4,0.4216,0.4075,0.4126,nan,0.4032,1,90119
F1,fl1-sbr-lor-2026-02-07,2026-02-07T18:00:00+00:00,H,6,0.4,0.4216,0.4075,0.4126,nan,0.4032,1,90119
F1,fl1-sbr-lor-2026-02-07,2026-02-07T18:00:00+00:00,H,24,0.42,0.4216,0.4075,0.4126,nan,0.4032,1,90119
F1,fl1-sbr-lor-2026-02-07,2026-02-07T18:00:00+00:00,D,1,0.31,0.299,0.3037,0.3163,nan,0.3052,0,67652
F1,fl1-sbr-lor-2026-02-07,2026-02-07T18:00:00+00:00,D,6,0.31,0.299,0.3037,0.3163,nan,0.3052,0,67652
F1,fl1-sbr-lor-2026-02-07,2026-02-07T18:00:00+00:00,D,24,0.3,0.299,0.3037,0.3163,nan,0.3052,0,67652
F1,fl1-sbr-lor-2026-02-07,2026-02-07T18:00:00+00:00,A,1,0.28,0.2794,0.2888,0.2711,nan,0.2917,0,71796
F1,fl1-sbr-lor-2026-02-07,2026-02-07T18:00:00+00:00,A,6,0.29,0.2794,0.2888,0.2711,nan,0.2917,0,71796
F1,fl1-sbr-lor-2026-02-07,2026-02-07T18:00:00+00:00,A,24,0.27,0.2794,0.2888,0.2711,nan,0.2917,0,71796
F1,fl1-nan-lyo-2026-02-07,2026-02-07T20:05:00+00:00,H,1,0.18,0.1926,0.1961,0.2008,nan,0.1909,0,45283
F1,fl1-nan-lyo-2026-02-07,2026-02-07T20:05:00+00:00,H,6,0.19,0.1926,0.1961,0.2008,nan,0.1909,0,45283
F1,fl1-nan-lyo-2026-02-07,2026-02-07T20:05:00+00:00,H,24,0.19,0.1926,0.1961,0.2008,nan,0.1909,0,45283
F1,fl1-nan-lyo-2026-02-07,2026-02-07T20:05:00+00:00,D,1,0.26,0.2522,0.2522,0.2543,nan,0.2578,0,22617
F1,fl1-nan-lyo-2026-02-07,2026-02-07T20:05:00+00:00,D,6,0.27,0.2522,0.2522,0.2543,nan,0.2578,0,22617
F1,fl1-nan-lyo-2026-02-07,2026-02-07T20:05:00+00:00,D,24,0.25,0.2522,0.2522,0.2543,nan,0.2578,0,22617
F1,fl1-nan-lyo-2026-02-07,2026-02-07T20:05:00+00:00,A,1,0.57,0.5551,0.5517,0.5449,nan,0.5514,1,1371474
F1,fl1-nan-lyo-2026-02-07,2026-02-07T20:05:00+00:00,A,6,0.55,0.5551,0.5517,0.5449,nan,0.5514,1,1371474
F1,fl1-nan-lyo-2026-02-07,2026-02-07T20:05:00+00:00,A,24,0.57,0.5551,0.5517,0.5449,nan,0.5514,1,1371474
F1,fl1-ogc-asm-2026-02-08,2026-02-08T14:00:00+00:00,H,1,0.29,0.3112,0.2903,0.2782,nan,0.2878,0,103595
F1,fl1-ogc-asm-2026-02-08,2026-02-08T14:00:00+00:00,H,6,0.28,0.3112,0.2903,0.2782,nan,0.2878,0,103595
F1,fl1-ogc-asm-2026-02-08,2026-02-08T14:00:00+00:00,H,24,0.29,0.3112,0.2903,0.2782,nan,0.2878,0,103595
F1,fl1-ogc-asm-2026-02-08,2026-02-08T14:00:00+00:00,D,1,0.24,0.2491,0.2463,0.2489,nan,0.2482,1,42460
F1,fl1-ogc-asm-2026-02-08,2026-02-08T14:00:00+00:00,D,6,0.24,0.2491,0.2463,0.2489,nan,0.2482,1,42460
F1,fl1-ogc-asm-2026-02-08,2026-02-08T14:00:00+00:00,D,24,0.25,0.2491,0.2463,0.2489,nan,0.2482,1,42460
F1,fl1-ogc-asm-2026-02-08,2026-02-08T14:00:00+00:00,A,1,0.46,0.4397,0.4634,0.4729,nan,0.464,0,1203157
F1,fl1-ogc-asm-2026-02-08,2026-02-08T14:00:00+00:00,A,6,0.47,0.4397,0.4634,0.4729,nan,0.464,0,1203157
F1,fl1-ogc-asm-2026-02-08,2026-02-08T14:00:00+00:00,A,24,0.46,0.4397,0.4634,0.4729,nan,0.464,0,1203157
F1,fl1-ang-tou-2026-02-08,2026-02-08T16:15:00+00:00,H,1,0.23,0.2733,0.253,0.2688,nan,0.2515,1,57239
F1,fl1-ang-tou-2026-02-08,2026-02-08T16:15:00+00:00,H,6,0.25,0.2733,0.253,0.2688,nan,0.2515,1,57239
F1,fl1-ang-tou-2026-02-08,2026-02-08T16:15:00+00:00,H,24,0.26,0.2733,0.253,0.2688,nan,0.2515,1,57239
F1,fl1-ang-tou-2026-02-08,2026-02-08T16:15:00+00:00,D,1,0.29,0.3024,0.2988,0.3035,nan,0.301,0,34474
F1,fl1-ang-tou-2026-02-08,2026-02-08T16:15:00+00:00,D,6,0.31,0.3024,0.2988,0.3035,nan,0.301,0,34474
F1,fl1-ang-tou-2026-02-08,2026-02-08T16:15:00+00:00,D,24,0.31,0.3024,0.2988,0.3035,nan,0.301,0,34474
F1,fl1-ang-tou-2026-02-08,2026-02-08T16:15:00+00:00,A,1,0.47,0.4242,0.4482,0.4277,nan,0.4475,0,560087
F1,fl1-ang-tou-2026-02-08,2026-02-08T16:15:00+00:00,A,6,0.46,0.4242,0.4482,0.4277,nan,0.4475,0,560087
F1,fl1-ang-tou-2026-02-08,2026-02-08T16:15:00+00:00,A,24,0.45,0.4242,0.4482,0.4277,nan,0.4475,0,560087
F1,fl1-hac-str-2026-02-08,2026-02-08T16:15:00+00:00,H,1,0.21,0.2396,0.2238,0.2296,nan,0.2204,1,70003
F1,fl1-hac-str-2026-02-08,2026-02-08T16:15:00+00:00,H,6,0.21,0.2396,0.2238,0.2296,nan,0.2204,1,70003
F1,fl1-hac-str-2026-02-08,2026-02-08T16:15:00+00:00,H,24,0.22,0.2396,0.2238,0.2296,nan,0.2204,1,70003
F1,fl1-hac-str-2026-02-08,2026-02-08T16:15:00+00:00,D,1,0.27,0.27,0.2597,0.2615,nan,0.2576,0,37133
F1,fl1-hac-str-2026-02-08,2026-02-08T16:15:00+00:00,D,6,0.2696,0.27,0.2597,0.2615,nan,0.2576,0,37133
F1,fl1-hac-str-2026-02-08,2026-02-08T16:15:00+00:00,D,24,0.25,0.27,0.2597,0.2615,nan,0.2576,0,37133
F1,fl1-hac-str-2026-02-08,2026-02-08T16:15:00+00:00,A,1,0.54,0.4905,0.5165,0.5089,nan,0.522,0,205664
F1,fl1-hac-str-2026-02-08,2026-02-08T16:15:00+00:00,A,6,0.53,0.4905,0.5165,0.5089,nan,0.522,0,205664
F1,fl1-hac-str-2026-02-08,2026-02-08T16:15:00+00:00,A,24,0.52,0.4905,0.5165,0.5089,nan,0.522,0,205664
F1,fl1-aja-pfc-2026-02-08,2026-02-08T16:15:00+00:00,H,1,0.38,0.3801,0.3795,0.3865,nan,0.3786,0,23280
F1,fl1-aja-pfc-2026-02-08,2026-02-08T16:15:00+00:00,H,6,0.39,0.3801,0.3795,0.3865,nan,0.3786,0,23280
F1,fl1-aja-pfc-2026-02-08,2026-02-08T16:15:00+00:00,H,24,0.39,0.3801,0.3795,0.3865,nan,0.3786,0,23280
F1,fl1-aja-pfc-2026-02-08,2026-02-08T16:15:00+00:00,D,1,0.29,0.2941,0.296,0.287,nan,0.2961,1,21487
F1,fl1-aja-pfc-2026-02-08,2026-02-08T16:15:00+00:00,D,6,0.3,0.2941,0.296,0.287,nan,0.2961,1,21487
F1,fl1-aja-pfc-2026-02-08,2026-02-08T16:15:00+00:00,D,24,0.3,0.2941,0.296,0.287,nan,0.2961,1,21487
F1,fl1-aja-pfc-2026-02-08,2026-02-08T16:15:00+00:00,A,1,0.33,0.3258,0.3245,0.3265,nan,0.3252,0,28919
F1,fl1-aja-pfc-2026-02-08,2026-02-08T16:15:00+00:00,A,6,0.33,0.3258,0.3245,0.3265,nan,0.3252,0,28919
F1,fl1-aja-pfc-2026-02-08,2026-02-08T16:15:00+00:00,A,24,0.32,0.3258,0.3245,0.3265,nan,0.3252,0,28919
F1,fl1-psg-olm-2026-02-08,2026-02-08T19:45:00+00:00,H,1,0.66,0.6714,0.6533,0.6545,nan,0.6769,1,5937649
F1,fl1-psg-olm-2026-02-08,2026-02-08T19:45:00+00:00,H,6,0.67,0.6714,0.6533,0.6545,nan,0.6769,1,5937649
F1,fl1-psg-olm-2026-02-08,2026-02-08T19:45:00+00:00,H,24,0.67,0.6714,0.6533,0.6545,nan,0.6769,1,5937649
F1,fl1-psg-olm-2026-02-08,2026-02-08T19:45:00+00:00,D,1,0.19,0.1859,0.1912,0.1885,nan,0.1809,0,57871
F1,fl1-psg-olm-2026-02-08,2026-02-08T19:45:00+00:00,D,6,0.19,0.1859,0.1912,0.1885,nan,0.1809,0,57871
F1,fl1-psg-olm-2026-02-08,2026-02-08T19:45:00+00:00,D,24,0.18,0.1859,0.1912,0.1885,nan,0.1809,0,57871
F1,fl1-psg-olm-2026-02-08,2026-02-08T19:45:00+00:00,A,1,0.1597,0.1427,0.1555,0.1571,nan,0.1422,0,127864
F1,fl1-psg-olm-2026-02-08,2026-02-08T19:45:00+00:00,A,6,0.15,0.1427,0.1555,0.1571,nan,0.1422,0,127864
F1,fl1-psg-olm-2026-02-08,2026-02-08T19:45:00+00:00,A,24,0.15,0.1427,0.1555,0.1571,nan,0.1422,0,127864
F1,fl1-asm-nan-2026-02-13,2026-02-13T19:45:00+00:00,H,1,0.68,0.6449,0.6591,0.6659,nan,0.6588,1,167960
F1,fl1-asm-nan-2026-02-13,2026-02-13T19:45:00+00:00,H,6,0.66,0.6449,0.6591,0.6659,nan,0.6588,1,167960
F1,fl1-asm-nan-2026-02-13,2026-02-13T19:45:00+00:00,H,24,0.66,0.6449,0.6591,0.6659,nan,0.6588,1,167960
F1,fl1-asm-nan-2026-02-13,2026-02-13T19:45:00+00:00,D,1,0.2,0.2037,0.1972,0.1991,nan,0.203,0,61389
F1,fl1-asm-nan-2026-02-13,2026-02-13T19:45:00+00:00,D,6,0.2,0.2037,0.1972,0.1991,nan,0.203,0,61389
F1,fl1-asm-nan-2026-02-13,2026-02-13T19:45:00+00:00,D,24,0.2,0.2037,0.1972,0.1991,nan,0.203,0,61389
F1,fl1-asm-nan-2026-02-13,2026-02-13T19:45:00+00:00,A,1,0.14,0.1513,0.1437,0.1351,nan,0.1382,0,61689
F1,fl1-asm-nan-2026-02-13,2026-02-13T19:45:00+00:00,A,6,0.14,0.1513,0.1437,0.1351,nan,0.1382,0,61689
F1,fl1-asm-nan-2026-02-13,2026-02-13T19:45:00+00:00,A,24,0.14,0.1513,0.1437,0.1351,nan,0.1382,0,61689
F1,fl1-olm-str-2026-02-14,2026-02-14T16:00:00+00:00,H,1,0.52,0.5635,0.4949,0.4613,nan,0.483,0,1168650
F1,fl1-olm-str-2026-02-14,2026-02-14T16:00:00+00:00,H,6,0.53,0.5635,0.4949,0.4613,nan,0.483,0,1168650
F1,fl1-olm-str-2026-02-14,2026-02-14T16:00:00+00:00,H,24,0.55,0.5635,0.4949,0.4613,nan,0.483,0,1168650
F1,fl1-olm-str-2026-02-14,2026-02-14T16:00:00+00:00,D,1,0.25,0.2304,0.2475,0.2522,nan,0.2551,1,96512
F1,fl1-olm-str-2026-02-14,2026-02-14T16:00:00+00:00,D,6,0.25,0.2304,0.2475,0.2522,nan,0.2551,1,96512
F1,fl1-olm-str-2026-02-14,2026-02-14T16:00:00+00:00,D,24,0.22,0.2304,0.2475,0.2522,nan,0.2551,1,96512
F1,fl1-olm-str-2026-02-14,2026-02-14T16:00:00+00:00,A,1,0.25,0.2061,0.2576,0.2866,nan,0.2618,0,74643
F1,fl1-olm-str-2026-02-14,2026-02-14T16:00:00+00:00,A,6,0.23,0.2061,0.2576,0.2866,nan,0.2618,0,74643
F1,fl1-olm-str-2026-02-14,2026-02-14T16:00:00+00:00,A,24,0.22,0.2061,0.2576,0.2866,nan,0.2618,0,74643
F1,fl1-ren-psg-2026-02-13,2026-02-13T18:00:00+00:00,H,1,0.12,0.1441,0.1259,0.1259,nan,0.1423,1,367985
F1,fl1-ren-psg-2026-02-13,2026-02-13T18:00:00+00:00,H,6,0.14,0.1441,0.1259,0.1259,nan,0.1423,1,367985
F1,fl1-ren-psg-2026-02-13,2026-02-13T18:00:00+00:00,H,24,0.13,0.1441,0.1259,0.1259,nan,0.1423,1,367985
F1,fl1-ren-psg-2026-02-13,2026-02-13T18:00:00+00:00,D,1,0.18,0.1858,0.172,0.1798,nan,0.1845,0,166607
F1,fl1-ren-psg-2026-02-13,2026-02-13T18:00:00+00:00,D,6,0.19,0.1858,0.172,0.1798,nan,0.1845,0,166607
F1,fl1-ren-psg-2026-02-13,2026-02-13T18:00:00+00:00,D,24,0.16,0.1858,0.172,0.1798,nan,0.1845,0,166607
F1,fl1-ren-psg-2026-02-13,2026-02-13T18:00:00+00:00,A,1,0.71,0.6701,0.7021,0.6943,nan,0.6732,0,1748239
F1,fl1-ren-psg-2026-02-13,2026-02-13T18:00:00+00:00,A,6,0.67,0.6701,0.7021,0.6943,nan,0.6732,0,1748239
F1,fl1-ren-psg-2026-02-13,2026-02-13T18:00:00+00:00,A,24,0.71,0.6701,0.7021,0.6943,nan,0.6732,0,1748239
F1,fl1-lil-sbr-2026-02-14,2026-02-14T18:00:00+00:00,H,1,0.63,0.542,0.5968,0.5963,nan,0.609,0,1648057
F1,fl1-lil-sbr-2026-02-14,2026-02-14T18:00:00+00:00,H,6,0.62,0.542,0.5968,0.5963,nan,0.609,0,1648057
F1,fl1-lil-sbr-2026-02-14,2026-02-14T18:00:00+00:00,H,24,0.59,0.542,0.5968,0.5963,nan,0.609,0,1648057
F1,fl1-lil-sbr-2026-02-14,2026-02-14T18:00:00+00:00,D,1,0.24,0.2487,0.2363,0.2446,nan,0.2309,1,66333
F1,fl1-lil-sbr-2026-02-14,2026-02-14T18:00:00+00:00,D,6,0.24,0.2487,0.2363,0.2446,nan,0.2309,1,66333
F1,fl1-lil-sbr-2026-02-14,2026-02-14T18:00:00+00:00,D,24,0.24,0.2487,0.2363,0.2446,nan,0.2309,1,66333
F1,fl1-lil-sbr-2026-02-14,2026-02-14T18:00:00+00:00,A,1,0.15,0.2093,0.1669,0.159,nan,0.1601,0,108896
F1,fl1-lil-sbr-2026-02-14,2026-02-14T18:00:00+00:00,A,6,0.16,0.2093,0.1669,0.159,nan,0.1601,0,108896
F1,fl1-lil-sbr-2026-02-14,2026-02-14T18:00:00+00:00,A,24,0.18,0.2093,0.1669,0.159,nan,0.1601,0,108896
F1,fl1-pfc-rcl-2026-02-14,2026-02-14T20:05:00+00:00,H,1,0.23,0.2361,0.2455,0.2479,nan,0.2361,0,53974
F1,fl1-pfc-rcl-2026-02-14,2026-02-14T20:05:00+00:00,H,6,0.22,0.2361,0.2455,0.2479,nan,0.2361,0,53974
F1,fl1-pfc-rcl-2026-02-14,2026-02-14T20:05:00+00:00,H,24,0.24,0.2361,0.2455,0.2479,nan,0.2361,0,53974
F1,fl1-pfc-rcl-2026-02-14,2026-02-14T20:05:00+00:00,D,1,0.27,0.2626,0.2672,0.2691,nan,0.268,0,47386
F1,fl1-pfc-rcl-2026-02-14,2026-02-14T20:05:00+00:00,D,6,0.26,0.2626,0.2672,0.2691,nan,0.268,0,47386
F1,fl1-pfc-rcl-2026-02-14,2026-02-14T20:05:00+00:00,D,24,0.27,0.2626,0.2672,0.2691,nan,0.268,0,47386
F1,fl1-pfc-rcl-2026-02-14,2026-02-14T20:05:00+00:00,A,1,0.49,0.5013,0.4873,0.483,nan,0.4959,1,480257
F1,fl1-pfc-rcl-2026-02-14,2026-02-14T20:05:00+00:00,A,6,0.5075,0.5013,0.4873,0.483,nan,0.4959,1,480257
F1,fl1-pfc-rcl-2026-02-14,2026-02-14T20:05:00+00:00,A,24,0.51,0.5013,0.4873,0.483,nan,0.4959,1,480257
F1,fl1-hac-tou-2026-02-15,2026-02-15T14:00:00+00:00,H,1,0.3,0.2858,0.2827,0.2739,nan,0.2688,1,160445
F1,fl1-hac-tou-2026-02-15,2026-02-15T14:00:00+00:00,H,6,0.29,0.2858,0.2827,0.2739,nan,0.2688,1,160445
F1,fl1-hac-tou-2026-02-15,2026-02-15T14:00:00+00:00,H,24,0.28,0.2858,0.2827,0.2739,nan,0.2688,1,160445
F1,fl1-hac-tou-2026-02-15,2026-02-15T14:00:00+00:00,D,1,0.31,0.2976,0.3027,0.3093,nan,0.3061,0,49593
F1,fl1-hac-tou-2026-02-15,2026-02-15T14:00:00+00:00,D,6,0.31,0.2976,0.3027,0.3093,nan,0.3061,0,49593
F1,fl1-hac-tou-2026-02-15,2026-02-15T14:00:00+00:00,D,24,0.31,0.2976,0.3027,0.3093,nan,0.3061,0,49593
F1,fl1-hac-tou-2026-02-15,2026-02-15T14:00:00+00:00,A,1,0.41,0.4166,0.4147,0.4168,nan,0.4251,0,1941965
F1,fl1-hac-tou-2026-02-15,2026-02-15T14:00:00+00:00,A,6,0.4,0.4166,0.4147,0.4168,nan,0.4251,0,1941965
F1,fl1-hac-tou-2026-02-15,2026-02-15T14:00:00+00:00,A,24,0.41,0.4166,0.4147,0.4168,nan,0.4251,0,1941965
F1,fl1-met-aja-2026-02-15,2026-02-15T16:15:00+00:00,H,1,0.32,0.3373,0.309,0.3148,nan,0.3056,0,203886
F1,fl1-met-aja-2026-02-15,2026-02-15T16:15:00+00:00,H,6,0.31,0.3373,0.309,0.3148,nan,0.3056,0,203886
F1,fl1-met-aja-2026-02-15,2026-02-15T16:15:00+00:00,H,24,0.33,0.3373,0.309,0.3148,nan,0.3056,0,203886
F1,fl1-met-aja-2026-02-15,2026-02-15T16:15:00+00:00,D,1,0.32,0.3168,0.3121,0.3148,nan,0.3153,0,32521
F1,fl1-met-aja-2026-02-15,2026-02-15T16:15:00+00:00,D,6,0.32,0.3168,0.3121,0.3148,nan,0.3153,0,32521
F1,fl1-met-aja-2026-02-15,2026-02-15T16:15:00+00:00,D,24,0.32,0.3168,0.3121,0.3148,nan,0.3153,0,32521
F1,fl1-met-aja-2026-02-15,2026-02-15T16:15:00+00:00,A,1,0.37,0.346,0.3788,0.3704,nan,0.3791,1,130466
F1,fl1-met-aja-2026-02-15,2026-02-15T16:15:00+00:00,A,6,0.37,0.346,0.3788,0.3704,nan,0.3791,1,130466
F1,fl1-met-aja-2026-02-15,2026-02-15T16:15:00+00:00,A,24,0.37,0.346,0.3788,0.3704,nan,0.3791,1,130466
F1,fl1-lor-ang-2026-02-15,2026-02-15T16:15:00+00:00,H,1,0.48,0.4859,0.4794,0.4849,nan,0.4779,1,50499
F1,fl1-lor-ang-2026-02-15,2026-02-15T16:15:00+00:00,H,6,0.49,0.4859,0.4794,0.4849,nan,0.4779,1,50499
F1,fl1-lor-ang-2026-02-15,2026-02-15T16:15:00+00:00,H,24,0.5,0.4859,0.4794,0.4849,nan,0.4779,1,50499
F1,fl1-lor-ang-2026-02-15,2026-02-15T16:15:00+00:00,D,1,0.3,0.3015,0.3011,0.305,nan,0.3012,0,97519
F1,fl1-lor-ang-2026-02-15,2026-02-15T16:15:00+00:00,D,6,0.31,0.3015,0.3011,0.305,nan,0.3012,0,97519
F1,fl1-lor-ang-2026-02-15,2026-02-15T16:15:00+00:00,D,24,0.31,0.3015,0.3011,0.305,nan,0.3012,0,97519
F1,fl1-lor-ang-2026-02-15,2026-02-15T16:15:00+00:00,A,1,0.2,0.2126,0.2195,0.2101,nan,0.2209,0,84994
F1,fl1-lor-ang-2026-02-15,2026-02-15T16:15:00+00:00,A,6,0.21,0.2126,0.2195,0.2101,nan,0.2209,0,84994
F1,fl1-lor-ang-2026-02-15,2026-02-15T16:15:00+00:00,A,24,0.2,0.2126,0.2195,0.2101,nan,0.2209,0,84994
F1,fl1-lyo-ogc-2026-02-15,2026-02-15T19:45:00+00:00,H,1,0.54,0.59,0.5142,0.5275,nan,0.5019,1,4722451
F1,fl1-lyo-ogc-2026-02-15,2026-02-15T19:45:00+00:00,H,6,0.54,0.59,0.5142,0.5275,nan,0.5019,1,4722451
F1,fl1-lyo-ogc-2026-02-15,2026-02-15T19:45:00+00:00,H,24,0.58,0.59,0.5142,0.5275,nan,0.5019,1,4722451
F1,fl1-lyo-ogc-2026-02-15,2026-02-15T19:45:00+00:00,D,1,0.25,0.2316,0.2557,0.2532,nan,0.2615,0,129982
F1,fl1-lyo-ogc-2026-02-15,2026-02-15T19:45:00+00:00,D,6,0.25,0.2316,0.2557,0.2532,nan,0.2615,0,129982
F1,fl1-lyo-ogc-2026-02-15,2026-02-15T19:45:00+00:00,D,24,0.23,0.2316,0.2557,0.2532,nan,0.2615,0,129982
F1,fl1-lyo-ogc-2026-02-15,2026-02-15T19:45:00+00:00,A,1,0.21,0.1784,0.2301,0.2193,nan,0.2366,0,182069
F1,fl1-lyo-ogc-2026-02-15,2026-02-15T19:45:00+00:00,A,6,0.22,0.1784,0.2301,0.2193,nan,0.2366,0,182069
F1,fl1-lyo-ogc-2026-02-15,2026-02-15T19:45:00+00:00,A,24,0.17,0.1784,0.2301,0.2193,nan,0.2366,0,182069
F1,fl1-sbr-olm-2026-02-20,2026-02-20T19:45:00+00:00,H,1,0.24,0.2528,0.2472,0.2411,nan,0.2365,1,148009
F1,fl1-sbr-olm-2026-02-20,2026-02-20T19:45:00+00:00,H,6,0.24,0.2528,0.2472,0.2411,nan,0.2365,1,148009
F1,fl1-sbr-olm-2026-02-20,2026-02-20T19:45:00+00:00,H,24,0.24,0.2528,0.2472,0.2411,nan,0.2365,1,148009
F1,fl1-sbr-olm-2026-02-20,2026-02-20T19:45:00+00:00,D,1,0.24,0.2562,0.2505,0.2507,nan,0.2515,0,56630
F1,fl1-sbr-olm-2026-02-20,2026-02-20T19:45:00+00:00,D,6,0.25,0.2562,0.2505,0.2507,nan,0.2515,0,56630
F1,fl1-sbr-olm-2026-02-20,2026-02-20T19:45:00+00:00,D,24,0.25,0.2562,0.2505,0.2507,nan,0.2515,0,56630
F1,fl1-sbr-olm-2026-02-20,2026-02-20T19:45:00+00:00,A,1,0.53,0.491,0.5023,0.5082,nan,0.512,0,334550
F1,fl1-sbr-olm-2026-02-20,2026-02-20T19:45:00+00:00,A,6,0.51,0.491,0.5023,0.5082,nan,0.512,0,334550
F1,fl1-sbr-olm-2026-02-20,2026-02-20T19:45:00+00:00,A,24,0.5,0.491,0.5023,0.5082,nan,0.512,0,334550
F1,fl1-rcl-asm-2026-02-21,2026-02-21T16:00:00+00:00,H,1,0.58,0.575,0.5468,0.5483,nan,0.5363,0,464330
F1,fl1-rcl-asm-2026-02-21,2026-02-21T16:00:00+00:00,H,6,0.57,0.575,0.5468,0.5483,nan,0.5363,0,464330
F1,fl1-rcl-asm-2026-02-21,2026-02-21T16:00:00+00:00,H,24,0.6,0.575,0.5468,0.5483,nan,0.5363,0,464330
F1,fl1-rcl-asm-2026-02-21,2026-02-21T16:00:00+00:00,D,1,0.23,0.2226,0.234,0.2258,nan,0.248,0,51685
F1,fl1-rcl-asm-2026-02-21,2026-02-21T16:00:00+00:00,D,6,0.23,0.2226,0.234,0.2258,nan,0.248,0,51685
F1,fl1-rcl-asm-2026-02-21,2026-02-21T16:00:00+00:00,D,24,0.22,0.2226,0.234,0.2258,nan,0.248,0,51685
F1,fl1-rcl-asm-2026-02-21,2026-02-21T16:00:00+00:00,A,1,0.2,0.2024,0.2192,0.2258,nan,0.2157,1,128746
F1,fl1-rcl-asm-2026-02-21,2026-02-21T16:00:00+00:00,A,6,0.22,0.2024,0.2192,0.2258,nan,0.2157,1,128746
F1,fl1-rcl-asm-2026-02-21,2026-02-21T16:00:00+00:00,A,24,0.2,0.2024,0.2192,0.2258,nan,0.2157,1,128746
F1,fl1-tou-pfc-2026-02-21,2026-02-21T18:00:00+00:00,H,1,0.48,0.4925,0.4721,0.4719,nan,0.4796,0,233773
F1,fl1-tou-pfc-2026-02-21,2026-02-21T18:00:00+00:00,H,6,0.48,0.4925,0.4721,0.4719,nan,0.4796,0,233773
F1,fl1-tou-pfc-2026-02-21,2026-02-21T18:00:00+00:00,H,24,0.51,0.4925,0.4721,0.4719,nan,0.4796,0,233773
F1,fl1-tou-pfc-2026-02-21,2026-02-21T18:00:00+00:00,D,1,0.29,0.2853,0.2882,0.286,nan,0.2906,1,114240
F1,fl1-tou-pfc-2026-02-21,2026-02-21T18:00:00+00:00,D,6,0.29,0.2853,0.2882,0.286,nan,0.2906,1,114240
F1,fl1-tou-pfc-2026-02-21,2026-02-21T18:00:00+00:00,D,24,0.29,0.2853,0.2882,0.286,nan,0.2906,1,114240
F1,fl1-tou-pfc-2026-02-21,2026-02-21T18:00:00+00:00,A,1,0.22,0.2223,0.2397,0.242,nan,0.2298,0,146968
F1,fl1-tou-pfc-2026-02-21,2026-02-21T18:00:00+00:00,A,6,0.23,0.2223,0.2397,0.242,nan,0.2298,0,146968
F1,fl1-tou-pfc-2026-02-21,2026-02-21T18:00:00+00:00,A,24,0.21,0.2223,0.2397,0.242,nan,0.2298,0,146968
F1,fl1-aja-ren-2026-02-22,2026-02-22T14:00:00+00:00,H,1,0.31,0.3219,0.3305,0.3308,nan,0.3216,0,20018
F1,fl1-aja-ren-2026-02-22,2026-02-22T14:00:00+00:00,H,6,0.32,0.3219,0.3305,0.3308,nan,0.3216,0,20018
F1,fl1-aja-ren-2026-02-22,2026-02-22T14:00:00+00:00,H,24,0.32,0.3219,0.3305,0.3308,nan,0.3216,0,20018
F1,fl1-aja-ren-2026-02-22,2026-02-22T14:00:00+00:00,D,1,0.29,0.2813,0.282,0.2802,nan,0.289,0,27054
F1,fl1-aja-ren-2026-02-22,2026-02-22T14:00:00+00:00,D,6,0.28,0.2813,0.282,0.2802,nan,0.289,0,27054
F1,fl1-aja-ren-2026-02-22,2026-02-22T14:00:00+00:00,D,24,0.29,0.2813,0.282,0.2802,nan,0.289,0,27054
F1,fl1-aja-ren-2026-02-22,2026-02-22T14:00:00+00:00,A,1,0.4,0.3969,0.3876,0.3889,nan,0.3894,1,64055
F1,fl1-aja-ren-2026-02-22,2026-02-22T14:00:00+00:00,A,6,0.41,0.3969,0.3876,0.3889,nan,0.3894,1,64055
F1,fl1-aja-ren-2026-02-22,2026-02-22T14:00:00+00:00,A,24,0.4,0.3969,0.3876,0.3889,nan,0.3894,1,64055
F1,fl1-pfc-ang-2026-01-25,2026-01-25T16:15:00+00:00,H,1,0.51,0.5151,0.5032,0.5061,nan,0.5094,0,159327
F1,fl1-pfc-ang-2026-01-25,2026-01-25T16:15:00+00:00,H,6,0.51,0.5151,0.5032,0.5061,nan,0.5094,0,159327
F1,fl1-pfc-ang-2026-01-25,2026-01-25T16:15:00+00:00,H,24,0.53,0.5151,0.5032,0.5061,nan,0.5094,0,159327
F1,fl1-pfc-ang-2026-01-25,2026-01-25T16:15:00+00:00,D,1,0.29,0.2766,0.2834,0.2914,nan,0.2879,1,17205
F1,fl1-pfc-ang-2026-01-25,2026-01-25T16:15:00+00:00,D,6,0.29,0.2766,0.2834,0.2914,nan,0.2879,1,17205
F1,fl1-pfc-ang-2026-01-25,2026-01-25T16:15:00+00:00,D,24,0.28,0.2766,0.2834,0.2914,nan,0.2879,1,17205
F1,fl1-pfc-ang-2026-01-25,2026-01-25T16:15:00+00:00,A,1,0.21,0.2083,0.2134,0.2025,nan,0.2027,0,18052
F1,fl1-pfc-ang-2026-01-25,2026-01-25T16:15:00+00:00,A,6,0.21,0.2083,0.2134,0.2025,nan,0.2027,0,18052
F1,fl1-pfc-ang-2026-01-25,2026-01-25T16:15:00+00:00,A,24,0.2,0.2083,0.2134,0.2025,nan,0.2027,0,18052
F1,fl1-psg-met-2026-02-21,2026-02-21T20:05:00+00:00,H,1,0.86,0.832,0.8343,0.8327,nan,0.8654,1,444337
F1,fl1-psg-met-2026-02-21,2026-02-21T20:05:00+00:00,H,6,0.86,0.832,0.8343,0.8327,nan,0.8654,1,444337
F1,fl1-psg-met-2026-02-21,2026-02-21T20:05:00+00:00,H,24,0.86,0.832,0.8343,0.8327,nan,0.8654,1,444337
F1,fl1-psg-met-2026-02-21,2026-02-21T20:05:00+00:00,D,1,0.1,0.1054,0.1074,0.1046,nan,0.0948,0,24142
F1,fl1-psg-met-2026-02-21,2026-02-21T20:05:00+00:00,D,6,0.08,0.1054,0.1074,0.1046,nan,0.0948,0,24142
F1,fl1-psg-met-2026-02-21,2026-02-21T20:05:00+00:00,D,24,0.08,0.1054,0.1074,0.1046,nan,0.0948,0,24142
F1,fl1-psg-met-2026-02-21,2026-02-21T20:05:00+00:00,A,1,0.04,0.0626,0.0583,0.0627,nan,0.0398,0,81243
F1,fl1-psg-met-2026-02-21,2026-02-21T20:05:00+00:00,A,6,0.05,0.0626,0.0583,0.0627,nan,0.0398,0,81243
F1,fl1-psg-met-2026-02-21,2026-02-21T20:05:00+00:00,A,24,0.05,0.0626,0.0583,0.0627,nan,0.0398,0,81243
F1,fl1-nan-hac-2026-02-22,2026-02-22T16:15:00+00:00,H,1,0.4,0.3901,0.392,0.3977,nan,0.3913,1,1613606
F1,fl1-nan-hac-2026-02-22,2026-02-22T16:15:00+00:00,H,6,0.39,0.3901,0.392,0.3977,nan,0.3913,1,1613606
F1,fl1-nan-hac-2026-02-22,2026-02-22T16:15:00+00:00,H,24,0.39,0.3901,0.392,0.3977,nan,0.3913,1,1613606
F1,fl1-nan-hac-2026-02-22,2026-02-22T16:15:00+00:00,D,1,0.3,0.2926,0.2922,0.2868,nan,0.2881,0,80403
F1,fl1-nan-hac-2026-02-22,2026-02-22T16:15:00+00:00,D,6,0.3,0.2926,0.2922,0.2868,nan,0.2881,0,80403
F1,fl1-nan-hac-2026-02-22,2026-02-22T16:15:00+00:00,D,24,0.3,0.2926,0.2922,0.2868,nan,0.2881,0,80403
F1,fl1-nan-hac-2026-02-22,2026-02-22T16:15:00+00:00,A,1,0.3,0.3174,0.3157,0.3155,nan,0.3206,0,170439
F1,fl1-nan-hac-2026-02-22,2026-02-22T16:15:00+00:00,A,6,0.31,0.3174,0.3157,0.3155,nan,0.3206,0,170439
F1,fl1-nan-hac-2026-02-22,2026-02-22T16:15:00+00:00,A,24,0.33,0.3174,0.3157,0.3155,nan,0.3206,0,170439
F1,fl1-ang-lil-2026-02-22,2026-02-22T16:15:00+00:00,H,1,0.21,0.2272,0.2072,0.1987,nan,0.1994,0,64137
F1,fl1-ang-lil-2026-02-22,2026-02-22T16:15:00+00:00,H,6,0.2,0.2272,0.2072,0.1987,nan,0.1994,0,64137
F1,fl1-ang-lil-2026-02-22,2026-02-22T16:15:00+00:00,H,24,0.23,0.2272,0.2072,0.1987,nan,0.1994,0,64137
F1,fl1-ang-lil-2026-02-22,2026-02-22T16:15:00+00:00,D,1,0.27,0.2721,0.2673,0.2621,nan,0.2589,0,41366
F1,fl1-ang-lil-2026-02-22,2026-02-22T16:15:00+00:00,D,6,0.25,0.2721,0.2673,0.2621,nan,0.2589,0,41366
F1,fl1-ang-lil-2026-02-22,2026-02-22T16:15:00+00:00,D,24,0.27,0.2721,0.2673,0.2621,nan,0.2589,0,41366
F1,fl1-ang-lil-2026-02-22,2026-02-22T16:15:00+00:00,A,1,0.53,0.5006,0.5255,0.5392,nan,0.5417,1,2516475
F1,fl1-ang-lil-2026-02-22,2026-02-22T16:15:00+00:00,A,6,0.55,0.5006,0.5255,0.5392,nan,0.5417,1,2516475
F1,fl1-ang-lil-2026-02-22,2026-02-22T16:15:00+00:00,A,24,0.52,0.5006,0.5255,0.5392,nan,0.5417,1,2516475
F1,fl1-ogc-lor-2026-02-22,2026-02-22T16:15:00+00:00,H,1,0.4233,0.4527,0.4379,0.4416,nan,0.4437,0,2078073
F1,fl1-ogc-lor-2026-02-22,2026-02-22T16:15:00+00:00,H,6,0.46,0.4527,0.4379,0.4416,nan,0.4437,0,2078073
F1,fl1-ogc-lor-2026-02-22,2026-02-22T16:15:00+00:00,H,24,0.46,0.4527,0.4379,0.4416,nan,0.4437,0,2078073
F1,fl1-ogc-lor-2026-02-22,2026-02-22T16:15:00+00:00,D,1,0.28,0.2708,0.2794,0.2792,nan,0.2723,1,54372
F1,fl1-ogc-lor-2026-02-22,2026-02-22T16:15:00+00:00,D,6,0.28,0.2708,0.2794,0.2792,nan,0.2723,1,54372
F1,fl1-ogc-lor-2026-02-22,2026-02-22T16:15:00+00:00,D,24,0.28,0.2708,0.2794,0.2792,nan,0.2723,1,54372
F1,fl1-ogc-lor-2026-02-22,2026-02-22T16:15:00+00:00,A,1,0.29,0.2764,0.2827,0.2792,nan,0.284,0,121322
F1,fl1-ogc-lor-2026-02-22,2026-02-22T16:15:00+00:00,A,6,0.28,0.2764,0.2827,0.2792,nan,0.284,0,121322
F1,fl1-ogc-lor-2026-02-22,2026-02-22T16:15:00+00:00,A,24,0.27,0.2764,0.2827,0.2792,nan,0.284,0,121322
F1,fl1-str-lyo-2026-02-22,2026-02-22T19:45:00+00:00,H,1,0.4,0.4007,0.4146,0.4318,nan,0.4313,1,445513
F1,fl1-str-lyo-2026-02-22,2026-02-22T19:45:00+00:00,H,6,0.42,0.4007,0.4146,0.4318,nan,0.4313,1,445513
F1,fl1-str-lyo-2026-02-22,2026-02-22T19:45:00+00:00,H,24,0.42,0.4007,0.4146,0.4318,nan,0.4313,1,445513
F1,fl1-str-lyo-2026-02-22,2026-02-22T19:45:00+00:00,D,1,0.27,0.2702,0.2728,0.2714,nan,0.2681,0,38641
F1,fl1-str-lyo-2026-02-22,2026-02-22T19:45:00+00:00,D,6,0.27,0.2702,0.2728,0.2714,nan,0.2681,0,38641
F1,fl1-str-lyo-2026-02-22,2026-02-22T19:45:00+00:00,D,24,0.27,0.2702,0.2728,0.2714,nan,0.2681,0,38641
F1,fl1-str-lyo-2026-02-22,2026-02-22T19:45:00+00:00,A,1,0.33,0.329,0.3127,0.2968,nan,0.3006,0,362906
F1,fl1-str-lyo-2026-02-22,2026-02-22T19:45:00+00:00,A,6,0.31,0.329,0.3127,0.2968,nan,0.3006,0,362906
F1,fl1-str-lyo-2026-02-22,2026-02-22T19:45:00+00:00,A,24,0.33,0.329,0.3127,0.2968,nan,0.3006,0,362906
F1,fl1-str-rcl-2026-02-27,2026-02-27T19:45:00+00:00,H,1,0.42,0.4209,0.4218,0.4309,nan,0.4282,0,480660
F1,fl1-str-rcl-2026-02-27,2026-02-27T19:45:00+00:00,H,6,0.42,0.4209,0.4218,0.4309,nan,0.4282,0,480660
F1,fl1-str-rcl-2026-02-27,2026-02-27T19:45:00+00:00,H,24,0.4173,0.4209,0.4218,0.4309,nan,0.4282,0,480660
F1,fl1-str-rcl-2026-02-27,2026-02-27T19:45:00+00:00,D,1,0.26,0.2652,0.2688,0.2633,nan,0.2614,1,81501
F1,fl1-str-rcl-2026-02-27,2026-02-27T19:45:00+00:00,D,6,0.27,0.2652,0.2688,0.2633,nan,0.2614,1,81501
F1,fl1-str-rcl-2026-02-27,2026-02-27T19:45:00+00:00,D,24,0.27,0.2652,0.2688,0.2633,nan,0.2614,1,81501
F1,fl1-str-rcl-2026-02-27,2026-02-27T19:45:00+00:00,A,1,0.33,0.3139,0.3094,0.3058,nan,0.3104,0,274042
F1,fl1-str-rcl-2026-02-27,2026-02-27T19:45:00+00:00,A,6,0.32,0.3139,0.3094,0.3058,nan,0.3104,0,274042
F1,fl1-str-rcl-2026-02-27,2026-02-27T19:45:00+00:00,A,24,0.33,0.3139,0.3094,0.3058,nan,0.3104,0,274042
F1,fl1-ren-tou-2026-02-28,2026-02-28T16:00:00+00:00,H,1,0.48,0.4722,0.4766,0.4834,nan,0.4809,1,2936861
F1,fl1-ren-tou-2026-02-28,2026-02-28T16:00:00+00:00,H,6,0.49,0.4722,0.4766,0.4834,nan,0.4809,1,2936861
F1,fl1-ren-tou-2026-02-28,2026-02-28T16:00:00+00:00,H,24,0.48,0.4722,0.4766,0.4834,nan,0.4809,1,2936861
F1,fl1-ren-tou-2026-02-28,2026-02-28T16:00:00+00:00,D,1,0.27,0.271,0.2675,0.2618,nan,0.2714,0,216030
F1,fl1-ren-tou-2026-02-28,2026-02-28T16:00:00+00:00,D,6,0.27,0.271,0.2675,0.2618,nan,0.2714,0,216030
F1,fl1-ren-tou-2026-02-28,2026-02-28T16:00:00+00:00,D,24,0.27,0.271,0.2675,0.2618,nan,0.2714,0,216030
F1,fl1-ren-tou-2026-02-28,2026-02-28T16:00:00+00:00,A,1,0.23,0.2568,0.2559,0.2548,nan,0.2477,0,48822
F1,fl1-ren-tou-2026-02-28,2026-02-28T16:00:00+00:00,A,6,0.24,0.2568,0.2559,0.2548,nan,0.2477,0,48822
F1,fl1-ren-tou-2026-02-28,2026-02-28T16:00:00+00:00,A,24,0.25,0.2568,0.2559,0.2548,nan,0.2477,0,48822
F1,fl1-asm-ang-2026-02-28,2026-02-28T18:00:00+00:00,H,1,0.65,0.6289,0.6666,0.6659,nan,0.6767,1,206913
F1,fl1-asm-ang-2026-02-28,2026-02-28T18:00:00+00:00,H,6,0.66,0.6289,0.6666,0.6659,nan,0.6767,1,206913
F1,fl1-asm-ang-2026-02-28,2026-02-28T18:00:00+00:00,H,24,0.64,0.6289,0.6666,0.6659,nan,0.6767,1,206913
F1,fl1-asm-ang-2026-02-28,2026-02-28T18:00:00+00:00,D,1,0.21,0.2139,0.1995,0.1991,nan,0.199,0,17467
F1,fl1-asm-ang-2026-02-28,2026-02-28T18:00:00+00:00,D,6,0.21,0.2139,0.1995,0.1991,nan,0.199,0,17467
F1,fl1-asm-ang-2026-02-28,2026-02-28T18:00:00+00:00,D,24,0.21,0.2139,0.1995,0.1991,nan,0.199,0,17467
F1,fl1-asm-ang-2026-02-28,2026-02-28T18:00:00+00:00,A,1,0.14,0.1572,0.1339,0.1351,nan,0.1243,0,37472
F1,fl1-asm-ang-2026-02-28,2026-02-28T18:00:00+00:00,A,6,0.13,0.1572,0.1339,0.1351,nan,0.1243,0,37472
F1,fl1-asm-ang-2026-02-28,2026-02-28T18:00:00+00:00,A,24,0.14,0.1572,0.1339,0.1351,nan,0.1243,0,37472
F1,fl1-hac-psg-2026-02-28,2026-02-28T20:05:00+00:00,H,1,0.08,0.1018,0.1,0.1109,nan,0.09,0,92384
F1,fl1-hac-psg-2026-02-28,2026-02-28T20:05:00+00:00,H,6,0.09,0.1018,0.1,0.1109,nan,0.09,0,92384
F1,fl1-hac-psg-2026-02-28,2026-02-28T20:05:00+00:00,H,24,0.1,0.1018,0.1,0.1109,nan,0.09,0,92384
F1,fl1-hac-psg-2026-02-28,2026-02-28T20:05:00+00:00,D,1,0.15,0.1616,0.1672,0.1639,nan,0.1597,0,35173
F1,fl1-hac-psg-2026-02-28,2026-02-28T20:05:00+00:00,D,6,0.15,0.1616,0.1672,0.1639,nan,0.1597,0,35173
F1,fl1-hac-psg-2026-02-28,2026-02-28T20:05:00+00:00,D,24,0.15,0.1616,0.1672,0.1639,nan,0.1597,0,35173
F1,fl1-hac-psg-2026-02-28,2026-02-28T20:05:00+00:00,A,1,0.77,0.7366,0.7328,0.7251,nan,0.7502,1,408095
F1,fl1-hac-psg-2026-02-28,2026-02-28T20:05:00+00:00,A,6,0.76,0.7366,0.7328,0.7251,nan,0.7502,1,408095
F1,fl1-hac-psg-2026-02-28,2026-02-28T20:05:00+00:00,A,24,0.76,0.7366,0.7328,0.7251,nan,0.7502,1,408095
F1,fl1-pfc-ogc-2026-03-01,2026-03-01T14:00:00+00:00,H,1,0.38,0.3963,0.387,0.397,nan,0.389,1,120510
F1,fl1-pfc-ogc-2026-03-01,2026-03-01T14:00:00+00:00,H,6,0.39,0.3963,0.387,0.397,nan,0.389,1,120510
F1,fl1-pfc-ogc-2026-03-01,2026-03-01T14:00:00+00:00,H,24,0.41,0.3963,0.387,0.397,nan,0.389,1,120510
F1,fl1-pfc-ogc-2026-03-01,2026-03-01T14:00:00+00:00,D,1,0.29,0.28,0.2807,0.2722,nan,0.2845,0,99525
F1,fl1-pfc-ogc-2026-03-01,2026-03-01T14:00:00+00:00,D,6,0.29,0.28,0.2807,0.2722,nan,0.2845,0,99525
F1,fl1-pfc-ogc-2026-03-01,2026-03-01T14:00:00+00:00,D,24,0.29,0.28,0.2807,0.2722,nan,0.2845,0,99525
F1,fl1-pfc-ogc-2026-03-01,2026-03-01T14:00:00+00:00,A,1,0.34,0.3236,0.3323,0.3308,nan,0.3265,0,37411
F1,fl1-pfc-ogc-2026-03-01,2026-03-01T14:00:00+00:00,A,6,0.33,0.3236,0.3323,0.3308,nan,0.3265,0,37411
F1,fl1-pfc-ogc-2026-03-01,2026-03-01T14:00:00+00:00,A,24,0.32,0.3236,0.3323,0.3308,nan,0.3265,0,37411
F1,fl1-lor-aja-2026-03-01,2026-03-01T16:15:00+00:00,H,1,0.44,0.4598,0.4544,0.4533,nan,0.4561,0,365171
F1,fl1-lor-aja-2026-03-01,2026-03-01T16:15:00+00:00,H,6,0.46,0.4598,0.4544,0.4533,nan,0.4561,0,365171
F1,fl1-lor-aja-2026-03-01,2026-03-01T16:15:00+00:00,H,24,0.48,0.4598,0.4544,0.4533,nan,0.4561,0,365171
F1,fl1-lor-aja-2026-03-01,2026-03-01T16:15:00+00:00,D,1,0.3,0.2899,0.2921,0.2929,nan,0.3013,1,44923
F1,fl1-lor-aja-2026-03-01,2026-03-01T16:15:00+00:00,D,6,0.3,0.2899,0.2921,0.2929,nan,0.3013,1,44923
F1,fl1-lor-aja-2026-03-01,2026-03-01T16:15:00+00:00,D,24,0.29,0.2899,0.2921,0.2929,nan,0.3013,1,44923
F1,fl1-lor-aja-2026-03-01,2026-03-01T16:15:00+00:00,A,1,0.25,0.2503,0.2535,0.2538,nan,0.2425,0,120109
F1,fl1-lor-aja-2026-03-01,2026-03-01T16:15:00+00:00,A,6,0.24,0.2503,0.2535,0.2538,nan,0.2425,0,120109
F1,fl1-lor-aja-2026-03-01,2026-03-01T16:15:00+00:00,A,24,0.24,0.2503,0.2535,0.2538,nan,0.2425,0,120109
F1,fl1-lil-nan-2026-03-01,2026-03-01T16:15:00+00:00,H,1,0.62,0.6461,0.6311,0.6298,nan,0.6365,1,1023908
F1,fl1-lil-nan-2026-03-01,2026-03-01T16:15:00+00:00,H,6,0.63,0.6461,0.6311,0.6298,nan,0.6365,1,1023908
F1,fl1-lil-nan-2026-03-01,2026-03-01T16:15:00+00:00,H,24,0.66,0.6461,0.6311,0.6298,nan,0.6365,1,1023908
F1,fl1-lil-nan-2026-03-01,2026-03-01T16:15:00+00:00,D,1,0.23,0.2159,0.226,0.2249,nan,0.2257,0,80834
F1,fl1-lil-nan-2026-03-01,2026-03-01T16:15:00+00:00,D,6,0.22,0.2159,0.226,0.2249,nan,0.2257,0,80834
F1,fl1-lil-nan-2026-03-01,2026-03-01T16:15:00+00:00,D,24,0.22,0.2159,0.226,0.2249,nan,0.2257,0,80834
F1,fl1-lil-nan-2026-03-01,2026-03-01T16:15:00+00:00,A,1,0.15,0.138,0.1429,0.1453,nan,0.1379,0,100904
F1,fl1-lil-nan-2026-03-01,2026-03-01T16:15:00+00:00,A,6,0.1339,0.138,0.1429,0.1453,nan,0.1379,0,100904
F1,fl1-lil-nan-2026-03-01,2026-03-01T16:15:00+00:00,A,24,0.14,0.138,0.1429,0.1453,nan,0.1379,0,100904
F1,fl1-met-sbr-2026-03-01,2026-03-01T16:15:00+00:00,H,1,0.28,0.2758,0.2636,0.2489,nan,0.2551,0,165073
F1,fl1-met-sbr-2026-03-01,2026-03-01T16:15:00+00:00,H,6,0.28,0.2758,0.2636,0.2489,nan,0.2551,0,165073
F1,fl1-met-sbr-2026-03-01,2026-03-01T16:15:00+00:00,H,24,0.26,0.2758,0.2636,0.2489,nan,0.2551,0,165073
F1,fl1-met-sbr-2026-03-01,2026-03-01T16:15:00+00:00,D,1,0.28,0.2782,0.2818,0.2782,nan,0.2843,0,26989
F1,fl1-met-sbr-2026-03-01,2026-03-01T16:15:00+00:00,D,6,0.28,0.2782,0.2818,0.2782,nan,0.2843,0,26989
F1,fl1-met-sbr-2026-03-01,2026-03-01T16:15:00+00:00,D,24,0.29,0.2782,0.2818,0.2782,nan,0.2843,0,26989
F1,fl1-met-sbr-2026-03-01,2026-03-01T16:15:00+00:00,A,1,0.43,0.446,0.4546,0.4729,nan,0.4606,1,309656
F1,fl1-met-sbr-2026-03-01,2026-03-01T16:15:00+00:00,A,6,0.45,0.446,0.4546,0.4729,nan,0.4606,1,309656
F1,fl1-met-sbr-2026-03-01,2026-03-01T16:15:00+00:00,A,24,0.46,0.446,0.4546,0.4729,nan,0.4606,1,309656
F1,fl1-olm-lyo-2026-03-01,2026-03-01T19:45:00+00:00,H,1,0.49,0.4846,0.4893,0.4954,nan,0.4927,1,501832
F1,fl1-olm-lyo-2026-03-01,2026-03-01T19:45:00+00:00,H,6,0.48,0.4846,0.4893,0.4954,nan,0.4927,1,501832
F1,fl1-olm-lyo-2026-03-01,2026-03-01T19:45:00+00:00,H,24,0.49,0.4846,0.4893,0.4954,nan,0.4927,1,501832
F1,fl1-olm-lyo-2026-03-01,2026-03-01T19:45:00+00:00,D,1,0.26,0.2563,0.2595,0.2523,nan,0.2585,0,77304
F1,fl1-olm-lyo-2026-03-01,2026-03-01T19:45:00+00:00,D,6,0.27,0.2563,0.2595,0.2523,nan,0.2585,0,77304
F1,fl1-olm-lyo-2026-03-01,2026-03-01T19:45:00+00:00,D,24,0.25,0.2563,0.2595,0.2523,nan,0.2585,0,77304
F1,fl1-olm-lyo-2026-03-01,2026-03-01T19:45:00+00:00,A,1,0.25,0.2591,0.2512,0.2523,nan,0.2488,0,160232
F1,fl1-olm-lyo-2026-03-01,2026-03-01T19:45:00+00:00,A,6,0.27,0.2591,0.2512,0.2523,nan,0.2488,0,160232
F1,fl1-olm-lyo-2026-03-01,2026-03-01T19:45:00+00:00,A,24,0.26,0.2591,0.2512,0.2523,nan,0.2488,0,160232
F1,fl1-psg-asm-2026-03-06,2026-03-06T19:45:00+00:00,H,1,0.71,0.7014,0.6955,0.6849,nan,0.7122,0,0
F1,fl1-psg-asm-2026-03-06,2026-03-06T19:45:00+00:00,H,6,0.72,0.7014,0.6955,0.6849,nan,0.7122,0,0
F1,fl1-psg-asm-2026-03-06,2026-03-06T19:45:00+00:00,H,24,0.73,0.7014,0.6955,0.6849,nan,0.7122,0,0
F1,fl1-psg-asm-2026-03-06,2026-03-06T19:45:00+00:00,D,1,0.1692,0.1693,0.1732,0.18,nan,0.1662,0,0
F1,fl1-psg-asm-2026-03-06,2026-03-06T19:45:00+00:00,D,6,0.17,0.1693,0.1732,0.18,nan,0.1662,0,0
F1,fl1-psg-asm-2026-03-06,2026-03-06T19:45:00+00:00,D,24,0.16,0.1693,0.1732,0.18,nan,0.1662,0,0
F1,fl1-psg-asm-2026-03-06,2026-03-06T19:45:00+00:00,A,1,0.12,0.1293,0.1313,0.135,nan,0.1216,1,0
F1,fl1-psg-asm-2026-03-06,2026-03-06T19:45:00+00:00,A,6,0.13,0.1293,0.1313,0.135,nan,0.1216,1,0
F1,fl1-psg-asm-2026-03-06,2026-03-06T19:45:00+00:00,A,24,0.12,0.1293,0.1313,0.135,nan,0.1216,1,0
F1,fl1-nan-ang-2026-03-07,2026-03-07T16:00:00+00:00,H,1,0.421,0.4304,0.427,0.4264,nan,0.4289,0,0
F1,fl1-nan-ang-2026-03-07,2026-03-07T16:00:00+00:00,H,6,0.4299,0.4304,0.427,0.4264,nan,0.4289,0,0
F1,fl1-nan-ang-2026-03-07,2026-03-07T16:00:00+00:00,H,24,0.43,0.4304,0.427,0.4264,nan,0.4289,0,0
F1,fl1-nan-ang-2026-03-07,2026-03-07T16:00:00+00:00,D,1,0.311,0.2965,0.3142,0.3235,nan,0.3159,0,0
F1,fl1-nan-ang-2026-03-07,2026-03-07T16:00:00+00:00,D,6,0.319,0.2965,0.3142,0.3235,nan,0.3159,0,0
F1,fl1-nan-ang-2026-03-07,2026-03-07T16:00:00+00:00,D,24,0.31,0.2965,0.3142,0.3235,nan,0.3159,0,0
F1,fl1-nan-ang-2026-03-07,2026-03-07T16:00:00+00:00,A,1,0.26,0.2731,0.2588,0.2501,nan,0.2552,1,0
F1,fl1-nan-ang-2026-03-07,2026-03-07T16:00:00+00:00,A,6,0.269,0.2731,0.2588,0.2501,nan,0.2552,1,0
F1,fl1-nan-ang-2026-03-07,2026-03-07T16:00:00+00:00,A,24,0.26,0.2731,0.2588,0.2501,nan,0.2552,1,0
F1,fl1-aja-str-2026-03-07,2026-03-07T18:00:00+00:00,H,1,0.23,0.2665,0.2792,0.2798,nan,0.2712,0,0
F1,fl1-aja-str-2026-03-07,2026-03-07T18:00:00+00:00,H,6,0.23,0.2665,0.2792,0.2798,nan,0.2712,0,0
F1,fl1-aja-str-2026-03-07,2026-03-07T18:00:00+00:00,H,24,0.26,0.2665,0.2792,0.2798,nan,0.2712,0,0
F1,fl1-aja-str-2026-03-07,2026-03-07T18:00:00+00:00,D,1,0.28,0.2817,0.2851,0.2973,nan,0.2828,1,0
F1,fl1-aja-str-2026-03-07,2026-03-07T18:00:00+00:00,D,6,0.27,0.2817,0.2851,0.2973,nan,0.2828,1,0
F1,fl1-aja-str-2026-03-07,2026-03-07T18:00:00+00:00,D,24,0.29,0.2817,0.2851,0.2973,nan,0.2828,1,0
F1,fl1-aja-str-2026-03-07,2026-03-07T18:00:00+00:00,A,1,0.48,0.4518,0.4356,0.4229,nan,0.4459,0,0
F1,fl1-aja-str-2026-03-07,2026-03-07T18:00:00+00:00,A,6,0.51,0.4518,0.4356,0.4229,nan,0.4459,0,0
F1,fl1-aja-str-2026-03-07,2026-03-07T18:00:00+00:00,A,24,0.47,0.4518,0.4356,0.4229,nan,0.4459,0,0
F1,fl1-tou-olm-2026-03-07,2026-03-07T20:05:00+00:00,H,1,0.289,0.3193,0.2992,0.3092,nan,0.2869,0,0
F1,fl1-tou-olm-2026-03-07,2026-03-07T20:05:00+00:00,H,6,0.299,0.3193,0.2992,0.3092,nan,0.2869,0,0
F1,fl1-tou-olm-2026-03-07,2026-03-07T20:05:00+00:00,H,24,0.31,0.3193,0.2992,0.3092,nan,0.2869,0,0
F1,fl1-tou-olm-2026-03-07,2026-03-07T20:05:00+00:00,D,1,0.269,0.2704,0.2653,0.2638,nan,0.2712,0,0
F1,fl1-tou-olm-2026-03-07,2026-03-07T20:05:00+00:00,D,6,0.27,0.2704,0.2653,0.2638,nan,0.2712,0,0
F1,fl1-tou-olm-2026-03-07,2026-03-07T20:05:00+00:00,D,24,0.27,0.2704,0.2653,0.2638,nan,0.2712,0,0
F1,fl1-tou-olm-2026-03-07,2026-03-07T20:05:00+00:00,A,1,0.459,0.4103,0.4355,0.427,nan,0.4419,1,0
F1,fl1-tou-olm-2026-03-07,2026-03-07T20:05:00+00:00,A,6,0.441,0.4103,0.4355,0.427,nan,0.4419,1,0
F1,fl1-tou-olm-2026-03-07,2026-03-07T20:05:00+00:00,A,24,0.429,0.4103,0.4355,0.427,nan,0.4419,1,0
F1,fl1-rcl-met-2026-03-08,2026-03-08T14:00:00+00:00,H,1,0.77,0.7429,0.7485,0.7419,nan,0.7709,1,0
F1,fl1-rcl-met-2026-03-08,2026-03-08T14:00:00+00:00,H,6,0.77,0.7429,0.7485,0.7419,nan,0.7709,1,0
F1,fl1-rcl-met-2026-03-08,2026-03-08T14:00:00+00:00,H,24,0.78,0.7429,0.7485,0.7419,nan,0.7709,1,0
F1,fl1-rcl-met-2026-03-08,2026-03-08T14:00:00+00:00,D,1,0.15,0.1631,0.1572,0.1639,nan,0.1462,0,0
F1,fl1-rcl-met-2026-03-08,2026-03-08T14:00:00+00:00,D,6,0.16,0.1631,0.1572,0.1639,nan,0.1462,0,0
F1,fl1-rcl-met-2026-03-08,2026-03-08T14:00:00+00:00,D,24,0.15,0.1631,0.1572,0.1639,nan,0.1462,0,0
F1,fl1-rcl-met-2026-03-08,2026-03-08T14:00:00+00:00,A,1,0.081,0.094,0.0943,0.0942,nan,0.0829,0,0
F1,fl1-rcl-met-2026-03-08,2026-03-08T14:00:00+00:00,A,6,0.0767,0.094,0.0943,0.0942,nan,0.0829,0,0
F1,fl1-rcl-met-2026-03-08,2026-03-08T14:00:00+00:00,A,24,0.07,0.094,0.0943,0.0942,nan,0.0829,0,0
F1,fl1-lil-lor-2026-03-08,2026-03-08T16:15:00+00:00,H,1,0.65,0.6033,0.6188,0.6142,nan,0.6236,0,0
F1,fl1-lil-lor-2026-03-08,2026-03-08T16:15:00+00:00,H,6,0.64,0.6033,0.6188,0.6142,nan,0.6236,0,0
F1,fl1-lil-lor-2026-03-08,2026-03-08T16:15:00+00:00,H,24,0.62,0.6033,0.6188,0.6142,nan,0.6236,0,0
F1,fl1-lil-lor-2026-03-08,2026-03-08T16:15:00+00:00,D,1,0.22,0.2338,0.2283,0.2292,nan,0.2306,1,0
F1,fl1-lil-lor-2026-03-08,2026-03-08T16:15:00+00:00,D,6,0.22,0.2338,0.2283,0.2292,nan,0.2306,1,0
F1,fl1-lil-lor-2026-03-08,2026-03-08T16:15:00+00:00,D,24,0.23,0.2338,0.2283,0.2292,nan,0.2306,1,0
F1,fl1-lil-lor-2026-03-08,2026-03-08T16:15:00+00:00,A,1,0.131,0.1629,0.1529,0.1566,nan,0.1458,0,0
F1,fl1-lil-lor-2026-03-08,2026-03-08T16:15:00+00:00,A,6,0.14,0.1629,0.1529,0.1566,nan,0.1458,0,0
F1,fl1-lil-lor-2026-03-08,2026-03-08T16:15:00+00:00,A,24,0.16,0.1629,0.1529,0.1566,nan,0.1458,0,0
F1,fl1-ogc-ren-2026-03-08,2026-03-08T16:15:00+00:00,H,1,0.351,0.3412,0.3605,0.3505,nan,0.3556,0,0
F1,fl1-ogc-ren-2026-03-08,2026-03-08T16:15:00+00:00,H,6,0.34,0.3412,0.3605,0.3505,nan,0.3556,0,0
F1,fl1-ogc-ren-2026-03-08,2026-03-08T16:15:00+00:00,H,24,0.33,0.3412,0.3605,0.3505,nan,0.3556,0,0
F1,fl1-ogc-ren-2026-03-08,2026-03-08T16:15:00+00:00,D,1,0.27,0.2626,0.2719,0.2784,nan,0.2728,0,0
F1,fl1-ogc-ren-2026-03-08,2026-03-08T16:15:00+00:00,D,6,0.27,0.2626,0.2719,0.2784,nan,0.2728,0,0
F1,fl1-ogc-ren-2026-03-08,2026-03-08T16:15:00+00:00,D,24,0.27,0.2626,0.2719,0.2784,nan,0.2728,0,0
F1,fl1-ogc-ren-2026-03-08,2026-03-08T16:15:00+00:00,A,1,0.3799,0.3962,0.3675,0.3711,nan,0.3716,1,0
F1,fl1-ogc-ren-2026-03-08,2026-03-08T16:15:00+00:00,A,6,0.389,0.3962,0.3675,0.3711,nan,0.3716,1,0
F1,fl1-ogc-ren-2026-03-08,2026-03-08T16:15:00+00:00,A,24,0.41,0.3962,0.3675,0.3711,nan,0.3716,1,0
F1,fl1-sbr-hac-2026-03-08,2026-03-08T16:15:00+00:00,H,1,0.53,0.4985,0.495,0.5006,nan,0.5088,1,0
F1,fl1-sbr-hac-2026-03-08,2026-03-08T16:15:00+00:00,H,6,0.51,0.4985,0.495,0.5006,nan,0.5088,1,0
F1,fl1-sbr-hac-2026-03-08,2026-03-08T16:15:00+00:00,H,24,0.51,0.4985,0.495,0.5006,nan,0.5088,1,0
F1,fl1-sbr-hac-2026-03-08,2026-03-08T16:15:00+00:00,D,1,0.279,0.268,0.2799,0.2797,nan,0.2756,0,0
F1,fl1-sbr-hac-2026-03-08,2026-03-08T16:15:00+00:00,D,6,0.27,0.268,0.2799,0.2797,nan,0.2756,0,0
F1,fl1-sbr-hac-2026-03-08,2026-03-08T16:15:00+00:00,D,24,0.27,0.268,0.2799,0.2797,nan,0.2756,0,0
F1,fl1-sbr-hac-2026-03-08,2026-03-08T16:15:00+00:00,A,1,0.209,0.2335,0.225,0.2197,nan,0.2157,0,0
F1,fl1-sbr-hac-2026-03-08,2026-03-08T16:15:00+00:00,A,6,0.22,0.2335,0.225,0.2197,nan,0.2157,0,0
F1,fl1-sbr-hac-2026-03-08,2026-03-08T16:15:00+00:00,A,24,0.22,0.2335,0.225,0.2197,nan,0.2157,0,0
F1,fl1-lyo-pfc-2026-03-08,2026-03-08T19:45:00+00:00,H,1,0.62,0.5698,0.5176,0.5048,nan,0.503,0,0
F1,fl1-lyo-pfc-2026-03-08,2026-03-08T19:45:00+00:00,H,6,0.59,0.5698,0.5176,0.5048,nan,0.503,0,0
F1,fl1-lyo-pfc-2026-03-08,2026-03-08T19:45:00+00:00,H,24,0.579,0.5698,0.5176,0.5048,nan,0.503,0,0
F1,fl1-lyo-pfc-2026-03-08,2026-03-08T19:45:00+00:00,D,1,0.23,0.2421,0.2707,0.2821,nan,0.2805,1,0
F1,fl1-lyo-pfc-2026-03-08,2026-03-08T19:45:00+00:00,D,6,0.23,0.2421,0.2707,0.2821,nan,0.2805,1,0
F1,fl1-lyo-pfc-2026-03-08,2026-03-08T19:45:00+00:00,D,24,0.25,0.2421,0.2707,0.2821,nan,0.2805,1,0
F1,fl1-lyo-pfc-2026-03-08,2026-03-08T19:45:00+00:00,A,1,0.151,0.188,0.2117,0.2131,nan,0.2165,0,0
F1,fl1-lyo-pfc-2026-03-08,2026-03-08T19:45:00+00:00,A,6,0.161,0.188,0.2117,0.2131,nan,0.2165,0,0
F1,fl1-lyo-pfc-2026-03-08,2026-03-08T19:45:00+00:00,A,24,0.19,0.188,0.2117,0.2131,nan,0.2165,0,0
F1,fl1-olm-aja-2026-03-13,2026-03-13T19:45:00+00:00,H,1,0.69,0.6649,0.6609,0.6554,nan,0.6831,1,581238
F1,fl1-olm-aja-2026-03-13,2026-03-13T19:45:00+00:00,H,6,0.69,0.6649,0.6609,0.6554,nan,0.6831,1,581238
F1,fl1-olm-aja-2026-03-13,2026-03-13T19:45:00+00:00,H,24,0.679,0.6649,0.6609,0.6554,nan,0.6831,1,581238
F1,fl1-olm-aja-2026-03-13,2026-03-13T19:45:00+00:00,D,1,0.2,0.197,0.2072,0.2097,nan,0.2035,0,0
F1,fl1-olm-aja-2026-03-13,2026-03-13T19:45:00+00:00,D,6,0.2,0.197,0.2072,0.2097,nan,0.2035,0,0
F1,fl1-olm-aja-2026-03-13,2026-03-13T19:45:00+00:00,D,24,0.2,0.197,0.2072,0.2097,nan,0.2035,0,0
F1,fl1-olm-aja-2026-03-13,2026-03-13T19:45:00+00:00,A,1,0.12,0.1381,0.132,0.1348,nan,0.1133,0,0
F1,fl1-olm-aja-2026-03-13,2026-03-13T19:45:00+00:00,A,6,0.12,0.1381,0.132,0.1348,nan,0.1133,0,0
F1,fl1-olm-aja-2026-03-13,2026-03-13T19:45:00+00:00,A,24,0.13,0.1381,0.132,0.1348,nan,0.1133,0,0
F1,fl1-lor-rcl-2026-03-14,2026-03-14T16:00:00+00:00,H,1,0.18,0.2316,0.1891,0.1809,nan,0.1811,1,0
F1,fl1-lor-rcl-2026-03-14,2026-03-14T16:00:00+00:00,H,6,0.18,0.2316,0.1891,0.1809,nan,0.1811,1,0
F1,fl1-lor-rcl-2026-03-14,2026-03-14T16:00:00+00:00,H,24,0.22,0.2316,0.1891,0.1809,nan,0.1811,1,0
F1,fl1-lor-rcl-2026-03-14,2026-03-14T16:00:00+00:00,D,1,0.24,0.2599,0.2402,0.2435,nan,0.243,0,0
F1,fl1-lor-rcl-2026-03-14,2026-03-14T16:00:00+00:00,D,6,0.24,0.2599,0.2402,0.2435,nan,0.243,0,0
F1,fl1-lor-rcl-2026-03-14,2026-03-14T16:00:00+00:00,D,24,0.26,0.2599,0.2402,0.2435,nan,0.243,0,0
F1,fl1-lor-rcl-2026-03-14,2026-03-14T16:00:00+00:00,A,1,0.59,0.5085,0.5707,0.5756,nan,0.5759,0,0
F1,fl1-lor-rcl-2026-03-14,2026-03-14T16:00:00+00:00,A,6,0.58,0.5085,0.5707,0.5756,nan,0.5759,0,0
F1,fl1-lor-rcl-2026-03-14,2026-03-14T16:00:00+00:00,A,24,0.53,0.5085,0.5707,0.5756,nan,0.5759,0,0
F1,fl1-ang-ogc-2026-03-14,2026-03-14T18:00:00+00:00,H,1,0.29,0.3135,0.2944,0.2929,nan,0.2882,0,44553
F1,fl1-ang-ogc-2026-03-14,2026-03-14T18:00:00+00:00,H,6,0.28,0.3135,0.2944,0.2929,nan,0.2882,0,44553
F1,fl1-ang-ogc-2026-03-14,2026-03-14T18:00:00+00:00,H,24,0.32,0.3135,0.2944,0.2929,nan,0.2882,0,44553
F1,fl1-ang-ogc-2026-03-14,2026-03-14T18:00:00+00:00,D,1,0.3,0.2956,0.3059,0.3071,nan,0.3108,0,0
F1,fl1-ang-ogc-2026-03-14,2026-03-14T18:00:00+00:00,D,6,0.31,0.2956,0.3059,0.3071,nan,0.3108,0,0
F1,fl1-ang-ogc-2026-03-14,2026-03-14T18:00:00+00:00,D,24,0.3,0.2956,0.3059,0.3071,nan,0.3108,0,0
F1,fl1-ang-ogc-2026-03-14,2026-03-14T18:00:00+00:00,A,1,0.41,0.3909,0.3997,0.4,nan,0.401,1,0
F1,fl1-ang-ogc-2026-03-14,2026-03-14T18:00:00+00:00,A,6,0.42,0.3909,0.3997,0.4,nan,0.401,1,0
F1,fl1-ang-ogc-2026-03-14,2026-03-14T18:00:00+00:00,A,24,0.39,0.3909,0.3997,0.4,nan,0.401,1,0
F1,fl1-asm-sbr-2026-03-14,2026-03-14T20:05:00+00:00,H,1,0.59,0.5688,0.5939,0.5994,nan,0.6076,1,0
F1,fl1-asm-sbr-2026-03-14,2026-03-14T20:05:00+00:00,H,6,0.6,0.5688,0.5939,0.5994,nan,0.6076,1,0
F1,fl1-asm-sbr-2026-03-14,2026-03-14T20:05:00+00:00,H,24,0.58,0.5688,0.5939,0.5994,nan,0.6076,1,0
F1,fl1-asm-sbr-2026-03-14,2026-03-14T20:05:00+00:00,D,1,0.23,0.2315,0.2267,0.2295,nan,0.2317,0,0
F1,fl1-asm-sbr-2026-03-14,2026-03-14T20:05:00+00:00,D,6,0.23,0.2315,0.2267,0.2295,nan,0.2317,0,0
F1,fl1-asm-sbr-2026-03-14,2026-03-14T20:05:00+00:00,D,24,0.23,0.2315,0.2267,0.2295,nan,0.2317,0,0
F1,fl1-asm-sbr-2026-03-14,2026-03-14T20:05:00+00:00,A,1,0.17,0.1997,0.1794,0.1711,nan,0.1607,0,0
F1,fl1-asm-sbr-2026-03-14,2026-03-14T20:05:00+00:00,A,6,0.17,0.1997,0.1794,0.1711,nan,0.1607,0,0
F1,fl1-asm-sbr-2026-03-14,2026-03-14T20:05:00+00:00,A,24,0.2,0.1997,0.1794,0.1711,nan,0.1607,0,0
F1,fl1-str-pfc-2026-03-15,2026-03-15T14:00:00+00:00,H,1,0.55,0.539,0.5688,0.5631,nan,0.5787,0,0
F1,fl1-str-pfc-2026-03-15,2026-03-15T14:00:00+00:00,H,6,0.55,0.539,0.5688,0.5631,nan,0.5787,0,0
F1,fl1-str-pfc-2026-03-15,2026-03-15T14:00:00+00:00,H,24,0.56,0.539,0.5688,0.5631,nan,0.5787,0,0
F1,fl1-str-pfc-2026-03-15,2026-03-15T14:00:00+00:00,D,1,0.25,0.2486,0.2388,0.2455,nan,0.237,1,0
F1,fl1-str-pfc-2026-03-15,2026-03-15T14:00:00+00:00,D,6,0.25,0.2486,0.2388,0.2455,nan,0.237,1,0
F1,fl1-str-pfc-2026-03-15,2026-03-15T14:00:00+00:00,D,24,0.25,0.2486,0.2388,0.2455,nan,0.237,1,0
F1,fl1-str-pfc-2026-03-15,2026-03-15T14:00:00+00:00,A,1,0.21,0.2124,0.1923,0.1915,nan,0.1843,0,0
F1,fl1-str-pfc-2026-03-15,2026-03-15T14:00:00+00:00,A,6,0.2,0.2124,0.1923,0.1915,nan,0.1843,0,0
F1,fl1-str-pfc-2026-03-15,2026-03-15T14:00:00+00:00,A,24,0.2,0.2124,0.1923,0.1915,nan,0.1843,0,0
F1,fl1-hac-lyo-2026-03-15,2026-03-15T16:15:00+00:00,H,1,0.28,0.2542,0.273,0.2769,nan,0.2648,0,0
F1,fl1-hac-lyo-2026-03-15,2026-03-15T16:15:00+00:00,H,6,0.25,0.2542,0.273,0.2769,nan,0.2648,0,0
F1,fl1-hac-lyo-2026-03-15,2026-03-15T16:15:00+00:00,H,24,0.26,0.2542,0.273,0.2769,nan,0.2648,0,0
F1,fl1-hac-lyo-2026-03-15,2026-03-15T16:15:00+00:00,D,1,0.29,0.2769,0.282,0.2853,nan,0.2878,1,0
F1,fl1-hac-lyo-2026-03-15,2026-03-15T16:15:00+00:00,D,6,0.27,0.2769,0.282,0.2853,nan,0.2878,1,0
F1,fl1-hac-lyo-2026-03-15,2026-03-15T16:15:00+00:00,D,24,0.29,0.2769,0.282,0.2853,nan,0.2878,1,0
F1,fl1-hac-lyo-2026-03-15,2026-03-15T16:15:00+00:00,A,1,0.46,0.4689,0.445,0.4379,nan,0.4473,0,0
F1,fl1-hac-lyo-2026-03-15,2026-03-15T16:15:00+00:00,A,6,0.48,0.4689,0.445,0.4379,nan,0.4473,0,0
F1,fl1-hac-lyo-2026-03-15,2026-03-15T16:15:00+00:00,A,24,0.48,0.4689,0.445,0.4379,nan,0.4473,0,0
F1,fl1-met-tou-2026-03-15,2026-03-15T16:15:00+00:00,H,1,0.25,0.2431,0.24,0.2365,nan,0.2315,0,0
F1,fl1-met-tou-2026-03-15,2026-03-15T16:15:00+00:00,H,6,0.24,0.2431,0.24,0.2365,nan,0.2315,0,0
F1,fl1-met-tou-2026-03-15,2026-03-15T16:15:00+00:00,H,24,0.24,0.2431,0.24,0.2365,nan,0.2315,0,0
F1,fl1-met-tou-2026-03-15,2026-03-15T16:15:00+00:00,D,1,0.28,0.2829,0.28,0.2783,nan,0.2804,0,0
F1,fl1-met-tou-2026-03-15,2026-03-15T16:15:00+00:00,D,6,0.29,0.2829,0.28,0.2783,nan,0.2804,0,0
F1,fl1-met-tou-2026-03-15,2026-03-15T16:15:00+00:00,D,24,0.28,0.2829,0.28,0.2783,nan,0.2804,0,0
F1,fl1-met-tou-2026-03-15,2026-03-15T16:15:00+00:00,A,1,0.48,0.4739,0.48,0.4852,nan,0.488,1,0
F1,fl1-met-tou-2026-03-15,2026-03-15T16:15:00+00:00,A,6,0.49,0.4739,0.48,0.4852,nan,0.488,1,0
F1,fl1-met-tou-2026-03-15,2026-03-15T16:15:00+00:00,A,24,0.49,0.4739,0.48,0.4852,nan,0.488,1,0
F1,fl1-ren-lil-2026-03-15,2026-03-15T19:45:00+00:00,H,1,0.43,0.4208,0.4282,0.4322,nan,0.4281,0,0
F1,fl1-ren-lil-2026-03-15,2026-03-15T19:45:00+00:00,H,6,0.43,0.4208,0.4282,0.4322,nan,0.4281,0,0
F1,fl1-ren-lil-2026-03-15,2026-03-15T19:45:00+00:00,H,24,0.44,0.4208,0.4282,0.4322,nan,0.4281,0,0
F1,fl1-ren-lil-2026-03-15,2026-03-15T19:45:00+00:00,D,1,0.29,0.2797,0.2876,0.2881,nan,0.2798,0,0
F1,fl1-ren-lil-2026-03-15,2026-03-15T19:45:00+00:00,D,6,0.27,0.2797,0.2876,0.2881,nan,0.2798,0,0
F1,fl1-ren-lil-2026-03-15,2026-03-15T19:45:00+00:00,D,24,0.27,0.2797,0.2876,0.2881,nan,0.2798,0,0
F1,fl1-ren-lil-2026-03-15,2026-03-15T19:45:00+00:00,A,1,0.29,0.2994,0.2842,0.2797,nan,0.2921,1,0
F1,fl1-ren-lil-2026-03-15,2026-03-15T19:45:00+00:00,A,6,0.29,0.2994,0.2842,0.2797,nan,0.2921,1,0
F1,fl1-ren-lil-2026-03-15,2026-03-15T19:45:00+00:00,A,24,0.28,0.2994,0.2842,0.2797,nan,0.2921,1,0
F1,fl1-rcl-ang-2026-03-20,2026-03-20T19:45:00+00:00,H,1,0.79,0.7719,0.784,0.7784,nan,0.8016,1,0
F1,fl1-rcl-ang-2026-03-20,2026-03-20T19:45:00+00:00,H,6,0.79,0.7719,0.784,0.7784,nan,0.8016,1,0
F1,fl1-rcl-ang-2026-03-20,2026-03-20T19:45:00+00:00,H,24,0.77,0.7719,0.784,0.7784,nan,0.8016,1,0
F1,fl1-rcl-ang-2026-03-20,2026-03-20T19:45:00+00:00,D,1,0.14,0.1497,0.1439,0.1437,nan,0.1343,0,0
F1,fl1-rcl-ang-2026-03-20,2026-03-20T19:45:00+00:00,D,6,0.14,0.1497,0.1439,0.1437,nan,0.1343,0,0
F1,fl1-rcl-ang-2026-03-20,2026-03-20T19:45:00+00:00,D,24,0.16,0.1497,0.1439,0.1437,nan,0.1343,0,0
F1,fl1-rcl-ang-2026-03-20,2026-03-20T19:45:00+00:00,A,1,0.06,0.0783,0.0721,0.0778,nan,0.0641,0,0
F1,fl1-rcl-ang-2026-03-20,2026-03-20T19:45:00+00:00,A,6,0.07,0.0783,0.0721,0.0778,nan,0.0641,0,0
F1,fl1-rcl-ang-2026-03-20,2026-03-20T19:45:00+00:00,A,24,0.076,0.0783,0.0721,0.0778,nan,0.0641,0,0
F1,fl1-tou-lor-2026-03-21,2026-03-21T16:00:00+00:00,H,1,0.52,0.479,0.521,0.5105,nan,0.5275,1,0
F1,fl1-tou-lor-2026-03-21,2026-03-21T16:00:00+00:00,H,6,0.52,0.479,0.521,0.5105,nan,0.5275,1,0
F1,fl1-tou-lor-2026-03-21,2026-03-21T16:00:00+00:00,H,24,0.5,0.479,0.521,0.5105,nan,0.5275,1,0
F1,fl1-tou-lor-2026-03-21,2026-03-21T16:00:00+00:00,D,1,0.28,0.2965,0.2799,0.2906,nan,0.2808,0,0
F1,fl1-tou-lor-2026-03-21,2026-03-21T16:00:00+00:00,D,6,0.28,0.2965,0.2799,0.2906,nan,0.2808,0,0
F1,fl1-tou-lor-2026-03-21,2026-03-21T16:00:00+00:00,D,24,0.31,0.2965,0.2799,0.2906,nan,0.2808,0,0
F1,fl1-tou-lor-2026-03-21,2026-03-21T16:00:00+00:00,A,1,0.2,0.2245,0.1991,0.1988,nan,0.1917,0,90596
F1,fl1-tou-lor-2026-03-21,2026-03-21T16:00:00+00:00,A,6,0.2,0.2245,0.1991,0.1988,nan,0.1917,0,90596
F1,fl1-tou-lor-2026-03-21,2026-03-21T16:00:00+00:00,A,24,0.21,0.2245,0.1991,0.1988,nan,0.1917,0,90596
F1,fl1-ogc-psg-2026-03-21,2026-03-21T20:05:00+00:00,H,1,0.13,0.1237,0.1469,0.1453,nan,0.1337,0,0
F1,fl1-ogc-psg-2026-03-21,2026-03-21T20:05:00+00:00,H,6,0.13,0.1237,0.1469,0.1453,nan,0.1337,0,0
F1,fl1-ogc-psg-2026-03-21,2026-03-21T20:05:00+00:00,H,24,0.12,0.1237,0.1469,0.1453,nan,0.1337,0,0
F1,fl1-ogc-psg-2026-03-21,2026-03-21T20:05:00+00:00,D,1,0.18,0.1739,0.1991,0.1988,nan,0.1979,0,0
F1,fl1-ogc-psg-2026-03-21,2026-03-21T20:05:00+00:00,D,6,0.19,0.1739,0.1991,0.1988,nan,0.1979,0,0
F1,fl1-ogc-psg-2026-03-21,2026-03-21T20:05:00+00:00,D,24,0.17,0.1739,0.1991,0.1988,nan,0.1979,0,0
F1,fl1-ogc-psg-2026-03-21,2026-03-21T20:05:00+00:00,A,1,0.68,0.7023,0.654,0.6559,nan,0.6684,1,1468693
F1,fl1-ogc-psg-2026-03-21,2026-03-21T20:05:00+00:00,A,6,0.68,0.7023,0.654,0.6559,nan,0.6684,1,1468693
F1,fl1-ogc-psg-2026-03-21,2026-03-21T20:05:00+00:00,A,24,0.73,0.7023,0.654,0.6559,nan,0.6684,1,1468693
F1,fl1-aja-sbr-2026-03-21,2026-03-21T18:00:00+00:00,H,1,0.41,0.4068,0.4143,0.4222,nan,0.4133,1,0
F1,fl1-aja-sbr-2026-03-21,2026-03-21T18:00:00+00:00,H,6,0.41,0.4068,0.4143,0.4222,nan,0.4133,1,0
F1,fl1-aja-sbr-2026-03-21,2026-03-21T18:00:00+00:00,H,24,0.39,0.4068,0.4143,0.4222,nan,0.4133,1,0
F1,fl1-aja-sbr-2026-03-21,2026-03-21T18:00:00+00:00,D,1,0.3,0.2942,0.3033,0.3064,nan,0.3149,0,0
F1,fl1-aja-sbr-2026-03-21,2026-03-21T18:00:00+00:00,D,6,0.31,0.2942,0.3033,0.3064,nan,0.3149,0,0
F1,fl1-aja-sbr-2026-03-21,2026-03-21T18:00:00+00:00,D,24,0.3,0.2942,0.3033,0.3064,nan,0.3149,0,0
F1,fl1-aja-sbr-2026-03-21,2026-03-21T18:00:00+00:00,A,1,0.29,0.2989,0.2824,0.2714,nan,0.2718,0,0
F1,fl1-aja-sbr-2026-03-21,2026-03-21T18:00:00+00:00,A,6,0.29,0.2989,0.2824,0.2714,nan,0.2718,0,0
F1,fl1-aja-sbr-2026-03-21,2026-03-21T18:00:00+00:00,A,24,0.3,0.2989,0.2824,0.2714,nan,0.2718,0,0
F1,fl1-lyo-asm-2026-03-22,2026-03-22T14:00:00+00:00,H,1,0.34,0.3461,0.3587,0.3594,nan,0.3588,0,0
F1,fl1-lyo-asm-2026-03-22,2026-03-22T14:00:00+00:00,H,6,0.34,0.3461,0.3587,0.3594,nan,0.3588,0,0
F1,fl1-lyo-asm-2026-03-22,2026-03-22T14:00:00+00:00,H,24,0.33,0.3461,0.3587,0.3594,nan,0.3588,0,0
F1,fl1-lyo-asm-2026-03-22,2026-03-22T14:00:00+00:00,D,1,0.27,0.2678,0.267,0.27,nan,0.2771,0,0
F1,fl1-lyo-asm-2026-03-22,2026-03-22T14:00:00+00:00,D,6,0.27,0.2678,0.267,0.27,nan,0.2771,0,0
F1,fl1-lyo-asm-2026-03-22,2026-03-22T14:00:00+00:00,D,24,0.27,0.2678,0.267,0.27,nan,0.2771,0,0
F1,fl1-lyo-asm-2026-03-22,2026-03-22T14:00:00+00:00,A,1,0.4,0.3861,0.3744,0.3706,nan,0.3641,1,0
F1,fl1-lyo-asm-2026-03-22,2026-03-22T14:00:00+00:00,A,6,0.4,0.3861,0.3744,0.3706,nan,0.3641,1,0
F1,fl1-lyo-asm-2026-03-22,2026-03-22T14:00:00+00:00,A,24,0.4,0.3861,0.3744,0.3706,nan,0.3641,1,0
F1,fl1-olm-lil-2026-03-22,2026-03-22T16:15:00+00:00,H,1,0.51,0.4896,0.5058,0.5113,nan,0.5094,0,0
F1,fl1-olm-lil-2026-03-22,2026-03-22T16:15:00+00:00,H,6,0.5,0.4896,0.5058,0.5113,nan,0.5094,0,0
F1,fl1-olm-lil-2026-03-22,2026-03-22T16:15:00+00:00,H,24,0.52,0.4896,0.5058,0.5113,nan,0.5094,0,0
F1,fl1-olm-lil-2026-03-22,2026-03-22T16:15:00+00:00,D,1,0.25,0.2569,0.2584,0.2522,nan,0.2649,0,0
F1,fl1-olm-lil-2026-03-22,2026-03-22T16:15:00+00:00,D,6,0.26,0.2569,0.2584,0.2522,nan,0.2649,0,0
F1,fl1-olm-lil-2026-03-22,2026-03-22T16:15:00+00:00,D,24,0.25,0.2569,0.2584,0.2522,nan,0.2649,0,0
F1,fl1-olm-lil-2026-03-22,2026-03-22T16:15:00+00:00,A,1,0.23,0.2534,0.2358,0.2365,nan,0.2257,1,0
F1,fl1-olm-lil-2026-03-22,2026-03-22T16:15:00+00:00,A,6,0.23,0.2534,0.2358,0.2365,nan,0.2257,1,0
F1,fl1-olm-lil-2026-03-22,2026-03-22T16:15:00+00:00,A,24,0.24,0.2534,0.2358,0.2365,nan,0.2257,1,0
F1,fl1-ren-met-2026-03-22,2026-03-22T16:15:00+00:00,H,1,0.74,0.6982,0.7289,0.7337,nan,0.7502,0,0
F1,fl1-ren-met-2026-03-22,2026-03-22T16:15:00+00:00,H,6,0.74,0.6982,0.7289,0.7337,nan,0.7502,0,0
F1,fl1-ren-met-2026-03-22,2026-03-22T16:15:00+00:00,H,24,0.73,0.6982,0.7289,0.7337,nan,0.7502,0,0
F1,fl1-ren-met-2026-03-22,2026-03-22T16:15:00+00:00,D,1,0.16,0.1853,0.1685,0.1659,nan,0.1597,1,0
F1,fl1-ren-met-2026-03-22,2026-03-22T16:15:00+00:00,D,6,0.16,0.1853,0.1685,0.1659,nan,0.1597,1,0
F1,fl1-ren-met-2026-03-22,2026-03-22T16:15:00+00:00,D,24,0.17,0.1853,0.1685,0.1659,nan,0.1597,1,0
F1,fl1-ren-met-2026-03-22,2026-03-22T16:15:00+00:00,A,1,0.09,0.1165,0.1026,0.1004,nan,0.09,0,0
F1,fl1-ren-met-2026-03-22,2026-03-22T16:15:00+00:00,A,6,0.09,0.1165,0.1026,0.1004,nan,0.09,0,0
F1,fl1-ren-met-2026-03-22,2026-03-22T16:15:00+00:00,A,24,0.1,0.1165,0.1026,0.1004,nan,0.09,0,0
F1,fl1-pfc-hac-2026-03-22,2026-03-22T16:15:00+00:00,H,1,0.48,0.4697,0.4475,0.4454,nan,0.4446,1,0
F1,fl1-pfc-hac-2026-03-22,2026-03-22T16:15:00+00:00,H,6,0.47,0.4697,0.4475,0.4454,nan,0.4446,1,0
F1,fl1-pfc-hac-2026-03-22,2026-03-22T16:15:00+00:00,H,24,0.48,0.4697,0.4475,0.4454,nan,0.4446,1,0
F1,fl1-pfc-hac-2026-03-22,2026-03-22T16:15:00+00:00,D,1,0.3,0.293,0.2964,0.3017,nan,0.3064,0,0
F1,fl1-pfc-hac-2026-03-22,2026-03-22T16:15:00+00:00,D,6,0.3,0.293,0.2964,0.3017,nan,0.3064,0,0
F1,fl1-pfc-hac-2026-03-22,2026-03-22T16:15:00+00:00,D,24,0.3,0.293,0.2964,0.3017,nan,0.3064,0,0
F1,fl1-pfc-hac-2026-03-22,2026-03-22T16:15:00+00:00,A,1,0.22,0.2372,0.2561,0.2528,nan,0.249,0,0
F1,fl1-pfc-hac-2026-03-22,2026-03-22T16:15:00+00:00,A,6,0.22,0.2372,0.2561,0.2528,nan,0.249,0,0
F1,fl1-pfc-hac-2026-03-22,2026-03-22T16:15:00+00:00,A,24,0.22,0.2372,0.2561,0.2528,nan,0.249,0,0
F1,fl1-nan-str-2026-03-22,2026-03-22T19:45:00+00:00,H,1,0.25,0.2686,0.2738,0.2706,nan,0.2621,0,0
F1,fl1-nan-str-2026-03-22,2026-03-22T19:45:00+00:00,H,6,0.25,0.2686,0.2738,0.2706,nan,0.2621,0,0
F1,fl1-nan-str-2026-03-22,2026-03-22T19:45:00+00:00,H,24,0.26,0.2686,0.2738,0.2706,nan,0.2621,0,0
F1,fl1-nan-str-2026-03-22,2026-03-22T19:45:00+00:00,D,1,0.27,0.2663,0.2746,0.2785,nan,0.2767,0,0
F1,fl1-nan-str-2026-03-22,2026-03-22T19:45:00+00:00,D,6,0.27,0.2663,0.2746,0.2785,nan,0.2767,0,0
F1,fl1-nan-str-2026-03-22,2026-03-22T19:45:00+00:00,D,24,0.27,0.2663,0.2746,0.2785,nan,0.2767,0,0
F1,fl1-nan-str-2026-03-22,2026-03-22T19:45:00+00:00,A,1,0.48,0.4651,0.4515,0.4509,nan,0.4612,1,0
F1,fl1-nan-str-2026-03-22,2026-03-22T19:45:00+00:00,A,6,0.49,0.4651,0.4515,0.4509,nan,0.4612,1,0
F1,fl1-nan-str-2026-03-22,2026-03-22T19:45:00+00:00,A,24,0.48,0.4651,0.4515,0.4509,nan,0.4612,1,0
F1,fl1-psg-tou-2026-04-03,2026-04-03T18:45:00+00:00,H,1,0.77,0.7591,0.7405,0.7296,nan,0.7532,1,2357529
F1,fl1-psg-tou-2026-04-03,2026-04-03T18:45:00+00:00,H,6,0.77,0.7591,0.7405,0.7296,nan,0.7532,1,2357529
F1,fl1-psg-tou-2026-04-03,2026-04-03T18:45:00+00:00,H,24,0.76,0.7591,0.7405,0.7296,nan,0.7532,1,2357529
F1,fl1-psg-tou-2026-04-03,2026-04-03T18:45:00+00:00,D,1,0.14,0.1526,0.1616,0.165,nan,0.1604,0,101659
F1,fl1-psg-tou-2026-04-03,2026-04-03T18:45:00+00:00,D,6,0.15,0.1526,0.1616,0.165,nan,0.1604,0,101659
F1,fl1-psg-tou-2026-04-03,2026-04-03T18:45:00+00:00,D,24,0.16,0.1526,0.1616,0.165,nan,0.1604,0,101659
F1,fl1-psg-tou-2026-04-03,2026-04-03T18:45:00+00:00,A,1,0.08,0.0884,0.0979,0.1054,nan,0.0865,0,308805
F1,fl1-psg-tou-2026-04-03,2026-04-03T18:45:00+00:00,A,6,0.08,0.0884,0.0979,0.1054,nan,0.0865,0,308805
F1,fl1-psg-tou-2026-04-03,2026-04-03T18:45:00+00:00,A,24,0.08,0.0884,0.0979,0.1054,nan,0.0865,0,308805
F1,fl1-str-ogc-2026-04-04,2026-04-04T15:00:00+00:00,H,1,0.49,0.5169,0.4877,0.4954,nan,0.4953,1,401125
F1,fl1-str-ogc-2026-04-04,2026-04-04T15:00:00+00:00,H,6,0.51,0.5169,0.4877,0.4954,nan,0.4953,1,401125
F1,fl1-str-ogc-2026-04-04,2026-04-04T15:00:00+00:00,H,24,0.53,0.5169,0.4877,0.4954,nan,0.4953,1,401125
F1,fl1-str-ogc-2026-04-04,2026-04-04T15:00:00+00:00,D,1,0.27,0.2549,0.2558,0.2523,nan,0.254,0,11204
F1,fl1-str-ogc-2026-04-04,2026-04-04T15:00:00+00:00,D,6,0.27,0.2549,0.2558,0.2523,nan,0.254,0,11204
F1,fl1-str-ogc-2026-04-04,2026-04-04T15:00:00+00:00,D,24,0.26,0.2549,0.2558,0.2523,nan,0.254,0,11204
F1,fl1-str-ogc-2026-04-04,2026-04-04T15:00:00+00:00,A,1,0.24,0.2282,0.2565,0.2523,nan,0.2508,0,39218
F1,fl1-str-ogc-2026-04-04,2026-04-04T15:00:00+00:00,A,6,0.25,0.2282,0.2565,0.2523,nan,0.2508,0,39218
F1,fl1-str-ogc-2026-04-04,2026-04-04T15:00:00+00:00,A,24,0.21,0.2282,0.2565,0.2523,nan,0.2508,0,39218
F1,fl1-sbr-ren-2026-04-04,2026-04-04T17:00:00+00:00,H,1,0.31,0.3042,0.2968,0.2881,nan,0.2851,0,57241
F1,fl1-sbr-ren-2026-04-04,2026-04-04T17:00:00+00:00,H,6,0.31,0.3042,0.2968,0.2881,nan,0.2851,0,57241
F1,fl1-sbr-ren-2026-04-04,2026-04-04T17:00:00+00:00,H,24,0.32,0.3042,0.2968,0.2881,nan,0.2851,0,57241
F1,fl1-sbr-ren-2026-04-04,2026-04-04T17:00:00+00:00,D,1,0.29,0.2731,0.2775,0.2797,nan,0.2811,0,11928
F1,fl1-sbr-ren-2026-04-04,2026-04-04T17:00:00+00:00,D,6,0.28,0.2731,0.2775,0.2797,nan,0.2811,0,11928
F1,fl1-sbr-ren-2026-04-04,2026-04-04T17:00:00+00:00,D,24,0.28,0.2731,0.2775,0.2797,nan,0.2811,0,11928
F1,fl1-sbr-ren-2026-04-04,2026-04-04T17:00:00+00:00,A,1,0.4,0.4226,0.4257,0.4322,nan,0.4338,1,1539686
F1,fl1-sbr-ren-2026-04-04,2026-04-04T17:00:00+00:00,A,6,0.42,0.4226,0.4257,0.4322,nan,0.4338,1,1539686
F1,fl1-sbr-ren-2026-04-04,2026-04-04T17:00:00+00:00,A,24,0.41,0.4226,0.4257,0.4322,nan,0.4338,1,1539686
F1,fl1-lil-rcl-2026-04-04,2026-04-04T19:05:00+00:00,H,1,0.32,0.3626,0.3323,0.3267,nan,0.3311,1,130505
F1,fl1-lil-rcl-2026-04-04,2026-04-04T19:05:00+00:00,H,6,0.33,0.3626,0.3323,0.3267,nan,0.3311,1,130505
F1,fl1-lil-rcl-2026-04-04,2026-04-04T19:05:00+00:00,H,24,0.34,0.3626,0.3323,0.3267,nan,0.3311,1,130505
F1,fl1-lil-rcl-2026-04-04,2026-04-04T19:05:00+00:00,D,1,0.29,0.2818,0.2772,0.2786,nan,0.2838,0,162035
F1,fl1-lil-rcl-2026-04-04,2026-04-04T19:05:00+00:00,D,6,0.29,0.2818,0.2772,0.2786,nan,0.2838,0,162035
F1,fl1-lil-rcl-2026-04-04,2026-04-04T19:05:00+00:00,D,24,0.27,0.2818,0.2772,0.2786,nan,0.2838,0,162035
F1,fl1-lil-rcl-2026-04-04,2026-04-04T19:05:00+00:00,A,1,0.39,0.3557,0.3905,0.3947,nan,0.385,0,1345329
F1,fl1-lil-rcl-2026-04-04,2026-04-04T19:05:00+00:00,A,6,0.4,0.3557,0.3905,0.3947,nan,0.385,0,1345329
F1,fl1-lil-rcl-2026-04-04,2026-04-04T19:05:00+00:00,A,24,0.36,0.3557,0.3905,0.3947,nan,0.385,0,1345329
F1,fl1-ang-lyo-2026-04-05,2026-04-05T13:00:00+00:00,H,1,0.17,0.2037,0.1741,0.1788,nan,0.1658,0,174039
F1,fl1-ang-lyo-2026-04-05,2026-04-05T13:00:00+00:00,H,6,0.18,0.2037,0.1741,0.1788,nan,0.1658,0,174039
F1,fl1-ang-lyo-2026-04-05,2026-04-05T13:00:00+00:00,H,24,0.19,0.2037,0.1741,0.1788,nan,0.1658,0,174039
F1,fl1-ang-lyo-2026-04-05,2026-04-05T13:00:00+00:00,D,1,0.24,0.271,0.2345,0.2235,nan,0.2313,1,146487
F1,fl1-ang-lyo-2026-04-05,2026-04-05T13:00:00+00:00,D,6,0.25,0.271,0.2345,0.2235,nan,0.2313,1,146487
F1,fl1-ang-lyo-2026-04-05,2026-04-05T13:00:00+00:00,D,24,0.26,0.271,0.2345,0.2235,nan,0.2313,1,146487
F1,fl1-ang-lyo-2026-04-05,2026-04-05T13:00:00+00:00,A,1,0.59,0.5253,0.5914,0.5978,nan,0.6029,0,3251979
F1,fl1-ang-lyo-2026-04-05,2026-04-05T13:00:00+00:00,A,6,0.58,0.5253,0.5914,0.5978,nan,0.6029,0,3251979
F1,fl1-ang-lyo-2026-04-05,2026-04-05T13:00:00+00:00,A,24,0.55,0.5253,0.5914,0.5978,nan,0.6029,0,3251979
F1,fl1-met-nan-2026-04-05,2026-04-05T15:15:00+00:00,H,1,0.33,0.3255,0.3342,0.3423,nan,0.3327,0,283118
F1,fl1-met-nan-2026-04-05,2026-04-05T15:15:00+00:00,H,6,0.32,0.3255,0.3342,0.3423,nan,0.3327,0,283118
F1,fl1-met-nan-2026-04-05,2026-04-05T15:15:00+00:00,H,24,0.33,0.3255,0.3342,0.3423,nan,0.3327,0,283118
F1,fl1-met-nan-2026-04-05,2026-04-05T15:15:00+00:00,D,1,0.3,0.2901,0.2872,0.2819,nan,0.2893,1,45603
F1,fl1-met-nan-2026-04-05,2026-04-05T15:15:00+00:00,D,6,0.29,0.2901,0.2872,0.2819,nan,0.2893,1,45603
F1,fl1-met-nan-2026-04-05,2026-04-05T15:15:00+00:00,D,24,0.3,0.2901,0.2872,0.2819,nan,0.2893,1,45603
F1,fl1-met-nan-2026-04-05,2026-04-05T15:15:00+00:00,A,1,0.39,0.3844,0.3786,0.3758,nan,0.378,0,161196
F1,fl1-met-nan-2026-04-05,2026-04-05T15:15:00+00:00,A,6,0.38,0.3844,0.3786,0.3758,nan,0.378,0,161196
F1,fl1-met-nan-2026-04-05,2026-04-05T15:15:00+00:00,A,24,0.37,0.3844,0.3786,0.3758,nan,0.378,0,161196
F1,fl1-hac-aja-2026-04-05,2026-04-05T15:15:00+00:00,H,1,0.4,0.3757,0.3898,0.389,nan,0.3845,0,56605
F1,fl1-hac-aja-2026-04-05,2026-04-05T15:15:00+00:00,H,6,0.4,0.3757,0.3898,0.389,nan,0.3845,0,56605
F1,fl1-hac-aja-2026-04-05,2026-04-05T15:15:00+00:00,H,24,0.37,0.3757,0.3898,0.389,nan,0.3845,0,56605
F1,fl1-hac-aja-2026-04-05,2026-04-05T15:15:00+00:00,D,1,0.31,0.3018,0.309,0.3177,nan,0.3149,1,24552
F1,fl1-hac-aja-2026-04-05,2026-04-05T15:15:00+00:00,D,6,0.31,0.3018,0.309,0.3177,nan,0.3149,1,24552
F1,fl1-hac-aja-2026-04-05,2026-04-05T15:15:00+00:00,D,24,0.3,0.3018,0.309,0.3177,nan,0.3149,1,24552
F1,fl1-hac-aja-2026-04-05,2026-04-05T15:15:00+00:00,A,1,0.29,0.3226,0.3011,0.2933,nan,0.3006,0,100435
F1,fl1-hac-aja-2026-04-05,2026-04-05T15:15:00+00:00,A,6,0.29,0.3226,0.3011,0.2933,nan,0.3006,0,100435
F1,fl1-hac-aja-2026-04-05,2026-04-05T15:15:00+00:00,A,24,0.32,0.3226,0.3011,0.2933,nan,0.3006,0,100435
F1,fl1-lor-pfc-2026-04-05,2026-04-05T15:15:00+00:00,H,1,0.4,0.4207,0.3986,0.3977,nan,0.3919,0,154465
F1,fl1-lor-pfc-2026-04-05,2026-04-05T15:15:00+00:00,H,6,0.39,0.4207,0.3986,0.3977,nan,0.3919,0,154465
F1,fl1-lor-pfc-2026-04-05,2026-04-05T15:15:00+00:00,H,24,0.43,0.4207,0.3986,0.3977,nan,0.3919,0,154465
F1,fl1-lor-pfc-2026-04-05,2026-04-05T15:15:00+00:00,D,1,0.3,0.2883,0.293,0.2868,nan,0.2971,1,63064
F1,fl1-lor-pfc-2026-04-05,2026-04-05T15:15:00+00:00,D,6,0.3,0.2883,0.293,0.2868,nan,0.2971,1,63064
F1,fl1-lor-pfc-2026-04-05,2026-04-05T15:15:00+00:00,D,24,0.29,0.2883,0.293,0.2868,nan,0.2971,1,63064
F1,fl1-lor-pfc-2026-04-05,2026-04-05T15:15:00+00:00,A,1,0.31,0.291,0.3084,0.3155,nan,0.311,0,18866
F1,fl1-lor-pfc-2026-04-05,2026-04-05T15:15:00+00:00,A,6,0.31,0.291,0.3084,0.3155,nan,0.311,0,18866
F1,fl1-lor-pfc-2026-04-05,2026-04-05T15:15:00+00:00,A,24,0.29,0.291,0.3084,0.3155,nan,0.311,0,18866
F1,fl1-asm-olm-2026-04-05,2026-04-05T18:45:00+00:00,H,1,0.47,0.4366,0.4593,0.4517,nan,0.4571,1,606252
F1,fl1-asm-olm-2026-04-05,2026-04-05T18:45:00+00:00,H,6,0.46,0.4366,0.4593,0.4517,nan,0.4571,1,606252
F1,fl1-asm-olm-2026-04-05,2026-04-05T18:45:00+00:00,H,24,0.45,0.4366,0.4593,0.4517,nan,0.4571,1,606252
F1,fl1-asm-olm-2026-04-05,2026-04-05T18:45:00+00:00,D,1,0.25,0.2581,0.2545,0.2564,nan,0.2622,0,44050
F1,fl1-asm-olm-2026-04-05,2026-04-05T18:45:00+00:00,D,6,0.26,0.2581,0.2545,0.2564,nan,0.2622,0,44050
F1,fl1-asm-olm-2026-04-05,2026-04-05T18:45:00+00:00,D,24,0.26,0.2581,0.2545,0.2564,nan,0.2622,0,44050
F1,fl1-asm-olm-2026-04-05,2026-04-05T18:45:00+00:00,A,1,0.29,0.3053,0.2862,0.2919,nan,0.2807,0,108521
F1,fl1-asm-olm-2026-04-05,2026-04-05T18:45:00+00:00,A,6,0.3,0.3053,0.2862,0.2919,nan,0.2807,0,108521
F1,fl1-asm-olm-2026-04-05,2026-04-05T18:45:00+00:00,A,24,0.29,0.3053,0.2862,0.2919,nan,0.2807,0,108521
F1,fl1-pfc-asm-2026-04-10,2026-04-10T17:00:00+00:00,H,1,0.24,0.2542,0.2501,0.2498,nan,0.2492,1,549502
F1,fl1-pfc-asm-2026-04-10,2026-04-10T17:00:00+00:00,H,6,0.25,0.2542,0.2501,0.2498,nan,0.2492,1,549502
F1,fl1-pfc-asm-2026-04-10,2026-04-10T17:00:00+00:00,H,24,0.26,0.2542,0.2501,0.2498,nan,0.2492,1,549502
F1,fl1-pfc-asm-2026-04-10,2026-04-10T17:00:00+00:00,D,1,0.25,0.2508,0.2535,0.2532,nan,0.2524,0,111247
F1,fl1-pfc-asm-2026-04-10,2026-04-10T17:00:00+00:00,D,6,0.26,0.2508,0.2535,0.2532,nan,0.2524,0,111247
F1,fl1-pfc-asm-2026-04-10,2026-04-10T17:00:00+00:00,D,24,0.24,0.2508,0.2535,0.2532,nan,0.2524,0,111247
F1,fl1-pfc-asm-2026-04-10,2026-04-10T17:00:00+00:00,A,1,0.51,0.495,0.4963,0.497,nan,0.4984,0,570443
F1,fl1-pfc-asm-2026-04-10,2026-04-10T17:00:00+00:00,A,6,0.5,0.495,0.4963,0.497,nan,0.4984,0,570443
F1,fl1-pfc-asm-2026-04-10,2026-04-10T17:00:00+00:00,A,24,0.5,0.495,0.4963,0.497,nan,0.4984,0,570443
F1,fl1-aja-nan-2026-04-11,2026-04-11T17:00:00+00:00,H,1,0.5,0.47,0.4917,0.4959,nan,0.501,0,66965
F1,fl1-aja-nan-2026-04-11,2026-04-11T17:00:00+00:00,H,6,0.49,0.47,0.4917,0.4959,nan,0.501,0,66965
F1,fl1-aja-nan-2026-04-11,2026-04-11T17:00:00+00:00,H,24,0.47,0.47,0.4917,0.4959,nan,0.501,0,66965
F1,fl1-aja-nan-2026-04-11,2026-04-11T17:00:00+00:00,D,1,0.29,0.2878,0.282,0.2786,nan,0.2834,1,36212
F1,fl1-aja-nan-2026-04-11,2026-04-11T17:00:00+00:00,D,6,0.29,0.2878,0.282,0.2786,nan,0.2834,1,36212
F1,fl1-aja-nan-2026-04-11,2026-04-11T17:00:00+00:00,D,24,0.29,0.2878,0.282,0.2786,nan,0.2834,1,36212
F1,fl1-aja-nan-2026-04-11,2026-04-11T17:00:00+00:00,A,1,0.22,0.2423,0.2263,0.2255,nan,0.2156,0,33674
F1,fl1-aja-nan-2026-04-11,2026-04-11T17:00:00+00:00,A,6,0.23,0.2423,0.2263,0.2255,nan,0.2156,0,33674
F1,fl1-aja-nan-2026-04-11,2026-04-11T17:00:00+00:00,A,24,0.24,0.2423,0.2263,0.2255,nan,0.2156,0,33674
F1,fl1-olm-met-2026-04-10,2026-04-10T19:05:00+00:00,H,1,0.79,0.7705,0.7617,0.7554,nan,0.7825,1,1302512
F1,fl1-olm-met-2026-04-10,2026-04-10T19:05:00+00:00,H,6,0.8,0.7705,0.7617,0.7554,nan,0.7825,1,1302512
F1,fl1-olm-met-2026-04-10,2026-04-10T19:05:00+00:00,H,24,0.79,0.7705,0.7617,0.7554,nan,0.7825,1,1302512
F1,fl1-olm-met-2026-04-10,2026-04-10T19:05:00+00:00,D,1,0.14,0.1471,0.1446,0.1453,nan,0.138,0,21948
F1,fl1-olm-met-2026-04-10,2026-04-10T19:05:00+00:00,D,6,0.14,0.1471,0.1446,0.1453,nan,0.138,0,21948
F1,fl1-olm-met-2026-04-10,2026-04-10T19:05:00+00:00,D,24,0.14,0.1471,0.1446,0.1453,nan,0.138,0,21948
F1,fl1-olm-met-2026-04-10,2026-04-10T19:05:00+00:00,A,1,0.08,0.0825,0.0937,0.0994,nan,0.0795,0,101844
F1,fl1-olm-met-2026-04-10,2026-04-10T19:05:00+00:00,A,6,0.07,0.0825,0.0937,0.0994,nan,0.0795,0,101844
F1,fl1-olm-met-2026-04-10,2026-04-10T19:05:00+00:00,A,24,0.07,0.0825,0.0937,0.0994,nan,0.0795,0,101844
F1,fl1-ren-ang-2026-04-11,2026-04-11T19:05:00+00:00,H,1,0.74,0.6841,0.703,0.6914,nan,0.72,1,132322
F1,fl1-ren-ang-2026-04-11,2026-04-11T19:05:00+00:00,H,6,0.74,0.6841,0.703,0.6914,nan,0.72,1,132322
F1,fl1-ren-ang-2026-04-11,2026-04-11T19:05:00+00:00,H,24,0.7,0.6841,0.703,0.6914,nan,0.72,1,132322
F1,fl1-ren-ang-2026-04-11,2026-04-11T19:05:00+00:00,D,1,0.17,0.1986,0.188,0.198,nan,0.1807,0,14125
F1,fl1-ren-ang-2026-04-11,2026-04-11T19:05:00+00:00,D,6,0.18,0.1986,0.188,0.198,nan,0.1807,0,14125
F1,fl1-ren-ang-2026-04-11,2026-04-11T19:05:00+00:00,D,24,0.2,0.1986,0.188,0.198,nan,0.1807,0,14125
F1,fl1-ren-ang-2026-04-11,2026-04-11T19:05:00+00:00,A,1,0.1,0.1173,0.1089,0.1106,nan,0.0994,0,28280
F1,fl1-ren-ang-2026-04-11,2026-04-11T19:05:00+00:00,A,6,0.08,0.1173,0.1089,0.1106,nan,0.0994,0,28280
F1,fl1-ren-ang-2026-04-11,2026-04-11T19:05:00+00:00,A,24,0.11,0.1173,0.1089,0.1106,nan,0.0994,0,28280
F1,fl1-tou-lil-2026-04-12,2026-04-12T15:15:00+00:00,H,1,0.27,0.3053,0.2875,0.2798,nan,0.2693,0,14959
F1,fl1-tou-lil-2026-04-12,2026-04-12T15:15:00+00:00,H,6,0.27,0.3053,0.2875,0.2798,nan,0.2693,0,14959
F1,fl1-tou-lil-2026-04-12,2026-04-12T15:15:00+00:00,H,24,0.3,0.3053,0.2875,0.2798,nan,0.2693,0,14959
F1,fl1-tou-lil-2026-04-12,2026-04-12T15:15:00+00:00,D,1,0.31,0.2938,0.2947,0.2973,nan,0.2974,0,13230
F1,fl1-tou-lil-2026-04-12,2026-04-12T15:15:00+00:00,D,6,0.31,0.2938,0.2947,0.2973,nan,0.2974,0,13230
F1,fl1-tou-lil-2026-04-12,2026-04-12T15:15:00+00:00,D,24,0.3,0.2938,0.2947,0.2973,nan,0.2974,0,13230
F1,fl1-tou-lil-2026-04-12,2026-04-12T15:15:00+00:00,A,1,0.43,0.4009,0.4178,0.4229,nan,0.4332,1,108844
F1,fl1-tou-lil-2026-04-12,2026-04-12T15:15:00+00:00,A,6,0.43,0.4009,0.4178,0.4229,nan,0.4332,1,108844
F1,fl1-tou-lil-2026-04-12,2026-04-12T15:15:00+00:00,A,24,0.41,0.4009,0.4178,0.4229,nan,0.4332,1,108844
F1,fl1-ogc-hac-2026-04-12,2026-04-12T15:15:00+00:00,H,1,0.5,0.4922,0.5,0.5072,nan,0.514,0,1363496
F1,fl1-ogc-hac-2026-04-12,2026-04-12T15:15:00+00:00,H,6,0.5,0.4922,0.5,0.5072,nan,0.514,0,1363496
F1,fl1-ogc-hac-2026-04-12,2026-04-12T15:15:00+00:00,H,24,0.51,0.4922,0.5,0.5072,nan,0.514,0,1363496
F1,fl1-ogc-hac-2026-04-12,2026-04-12T15:15:00+00:00,D,1,0.29,0.2851,0.284,0.2843,nan,0.2876,1,90764
F1,fl1-ogc-hac-2026-04-12,2026-04-12T15:15:00+00:00,D,6,0.29,0.2851,0.284,0.2843,nan,0.2876,1,90764
F1,fl1-ogc-hac-2026-04-12,2026-04-12T15:15:00+00:00,D,24,0.29,0.2851,0.284,0.2843,nan,0.2876,1,90764
F1,fl1-ogc-hac-2026-04-12,2026-04-12T15:15:00+00:00,A,1,0.21,0.2227,0.2161,0.2085,nan,0.1984,0,116908
F1,fl1-ogc-hac-2026-04-12,2026-04-12T15:15:00+00:00,A,6,0.21,0.2227,0.2161,0.2085,nan,0.1984,0,116908
F1,fl1-ogc-hac-2026-04-12,2026-04-12T15:15:00+00:00,A,24,0.2,0.2227,0.2161,0.2085,nan,0.1984,0,116908
F1,fl1-lyo-lor-2026-04-12,2026-04-12T18:45:00+00:00,H,1,0.6,0.5599,0.5793,0.5739,nan,0.5948,1,148252
F1,fl1-lyo-lor-2026-04-12,2026-04-12T18:45:00+00:00,H,6,0.62,0.5599,0.5793,0.5739,nan,0.5948,1,148252
F1,fl1-lyo-lor-2026-04-12,2026-04-12T18:45:00+00:00,H,24,0.58,0.5599,0.5793,0.5739,nan,0.5948,1,148252
F1,fl1-lyo-lor-2026-04-12,2026-04-12T18:45:00+00:00,D,1,0.24,0.25,0.2364,0.2367,nan,0.231,0,68665
F1,fl1-lyo-lor-2026-04-12,2026-04-12T18:45:00+00:00,D,6,0.22,0.25,0.2364,0.2367,nan,0.231,0,68665
F1,fl1-lyo-lor-2026-04-12,2026-04-12T18:45:00+00:00,D,24,0.25,0.25,0.2364,0.2367,nan,0.231,0,68665
F1,fl1-lyo-lor-2026-04-12,2026-04-12T18:45:00+00:00,A,1,0.17,0.1901,0.1844,0.1894,nan,0.1743,0,79324
F1,fl1-lyo-lor-2026-04-12,2026-04-12T18:45:00+00:00,A,6,0.15,0.1901,0.1844,0.1894,nan,0.1743,0,79324
F1,fl1-lyo-lor-2026-04-12,2026-04-12T18:45:00+00:00,A,24,0.18,0.1901,0.1844,0.1894,nan,0.1743,0,79324
F1,fl1-rcl-tou-2026-04-17,2026-04-17T18:45:00+00:00,H,1,0.69,0.6346,0.6263,0.6387,nan,0.6461,1,710315
F1,fl1-rcl-tou-2026-04-17,2026-04-17T18:45:00+00:00,H,6,0.66,0.6346,0.6263,0.6387,nan,0.6461,1,710315
F1,fl1-rcl-tou-2026-04-17,2026-04-17T18:45:00+00:00,H,24,0.63,0.6346,0.6263,0.6387,nan,0.6461,1,710315
F1,fl1-rcl-tou-2026-04-17,2026-04-17T18:45:00+00:00,D,1,0.2,0.2134,0.2155,0.2101,nan,0.2117,0,167802
F1,fl1-rcl-tou-2026-04-17,2026-04-17T18:45:00+00:00,D,6,0.2,0.2134,0.2155,0.2101,nan,0.2117,0,167802
F1,fl1-rcl-tou-2026-04-17,2026-04-17T18:45:00+00:00,D,24,0.22,0.2134,0.2155,0.2101,nan,0.2117,0,167802
F1,fl1-rcl-tou-2026-04-17,2026-04-17T18:45:00+00:00,A,1,0.12,0.152,0.1582,0.1512,nan,0.1422,0,370158
F1,fl1-rcl-tou-2026-04-17,2026-04-17T18:45:00+00:00,A,6,0.14,0.152,0.1582,0.1512,nan,0.1422,0,370158
F1,fl1-rcl-tou-2026-04-17,2026-04-17T18:45:00+00:00,A,24,0.15,0.152,0.1582,0.1512,nan,0.1422,0,370158
F1,fl1-ang-hac-2026-04-18,2026-04-18T17:00:00+00:00,H,1,0.28,0.3361,0.2933,0.2965,nan,0.279,0,281042
F1,fl1-ang-hac-2026-04-18,2026-04-18T17:00:00+00:00,H,6,0.29,0.3361,0.2933,0.2965,nan,0.279,0,281042
F1,fl1-ang-hac-2026-04-18,2026-04-18T17:00:00+00:00,H,24,0.32,0.3361,0.2933,0.2965,nan,0.279,0,281042
F1,fl1-ang-hac-2026-04-18,2026-04-18T17:00:00+00:00,D,1,0.31,0.3114,0.3128,0.3163,nan,0.3248,1,42638
F1,fl1-ang-hac-2026-04-18,2026-04-18T17:00:00+00:00,D,6,0.32,0.3114,0.3128,0.3163,nan,0.3248,1,42638
F1,fl1-ang-hac-2026-04-18,2026-04-18T17:00:00+00:00,D,24,0.32,0.3114,0.3128,0.3163,nan,0.3248,1,42638
F1,fl1-ang-hac-2026-04-18,2026-04-18T17:00:00+00:00,A,1,0.41,0.3525,0.3939,0.3873,nan,0.3962,0,682455
F1,fl1-ang-hac-2026-04-18,2026-04-18T17:00:00+00:00,A,6,0.41,0.3525,0.3939,0.3873,nan,0.3962,0,682455
F1,fl1-ang-hac-2026-04-18,2026-04-18T17:00:00+00:00,A,24,0.36,0.3525,0.3939,0.3873,nan,0.3962,0,682455
F1,fl1-lor-olm-2026-04-18,2026-04-18T15:00:00+00:00,H,1,0.2,0.2196,0.2093,0.2005,nan,0.1982,1,172948
F1,fl1-lor-olm-2026-04-18,2026-04-18T15:00:00+00:00,H,6,0.21,0.2196,0.2093,0.2005,nan,0.1982,1,172948
F1,fl1-lor-olm-2026-04-18,2026-04-18T15:00:00+00:00,H,24,0.19,0.2196,0.2093,0.2005,nan,0.1982,1,172948
F1,fl1-lor-olm-2026-04-18,2026-04-18T15:00:00+00:00,D,1,0.23,0.2429,0.22,0.2116,nan,0.2154,0,14821
F1,fl1-lor-olm-2026-04-18,2026-04-18T15:00:00+00:00,D,6,0.23,0.2429,0.22,0.2116,nan,0.2154,0,14821
F1,fl1-lor-olm-2026-04-18,2026-04-18T15:00:00+00:00,D,24,0.23,0.2429,0.22,0.2116,nan,0.2154,0,14821
F1,fl1-lor-olm-2026-04-18,2026-04-18T15:00:00+00:00,A,1,0.6,0.5375,0.5707,0.5879,nan,0.5864,0,303812
F1,fl1-lor-olm-2026-04-18,2026-04-18T15:00:00+00:00,A,6,0.59,0.5375,0.5707,0.5879,nan,0.5864,0,303812
F1,fl1-lor-olm-2026-04-18,2026-04-18T15:00:00+00:00,A,24,0.57,0.5375,0.5707,0.5879,nan,0.5864,0,303812
F1,fl1-lil-ogc-2026-04-18,2026-04-18T19:05:00+00:00,H,1,0.65,0.6241,0.6302,0.6343,nan,0.6487,0,411338
F1,fl1-lil-ogc-2026-04-18,2026-04-18T19:05:00+00:00,H,6,0.64,0.6241,0.6302,0.6343,nan,0.6487,0,411338
F1,fl1-lil-ogc-2026-04-18,2026-04-18T19:05:00+00:00,H,24,0.66,0.6241,0.6302,0.6343,nan,0.6487,0,411338
F1,fl1-lil-ogc-2026-04-18,2026-04-18T19:05:00+00:00,D,1,0.21,0.2256,0.2149,0.2003,nan,0.2126,1,31151
F1,fl1-lil-ogc-2026-04-18,2026-04-18T19:05:00+00:00,D,6,0.22,0.2256,0.2149,0.2003,nan,0.2126,1,31151
F1,fl1-lil-ogc-2026-04-18,2026-04-18T19:05:00+00:00,D,24,0.22,0.2256,0.2149,0.2003,nan,0.2126,1,31151
F1,fl1-lil-ogc-2026-04-18,2026-04-18T19:05:00+00:00,A,1,0.15,0.1503,0.1549,0.1655,nan,0.1387,0,49021
F1,fl1-lil-ogc-2026-04-18,2026-04-18T19:05:00+00:00,A,6,0.16,0.1503,0.1549,0.1655,nan,0.1387,0,49021
F1,fl1-lil-ogc-2026-04-18,2026-04-18T19:05:00+00:00,A,24,0.14,0.1503,0.1549,0.1655,nan,0.1387,0,49021
F1,fl1-asm-aja-2026-04-19,2026-04-19T13:00:00+00:00,H,1,0.63,0.6083,0.596,0.5849,nan,0.6029,0,183058
F1,fl1-asm-aja-2026-04-19,2026-04-19T13:00:00+00:00,H,6,0.62,0.6083,0.596,0.5849,nan,0.6029,0,183058
F1,fl1-asm-aja-2026-04-19,2026-04-19T13:00:00+00:00,H,24,0.63,0.6083,0.596,0.5849,nan,0.6029,0,183058
F1,fl1-asm-aja-2026-04-19,2026-04-19T13:00:00+00:00,D,1,0.21,0.2241,0.2253,0.2256,nan,0.2313,1,63765
F1,fl1-asm-aja-2026-04-19,2026-04-19T13:00:00+00:00,D,6,0.22,0.2241,0.2253,0.2256,nan,0.2313,1,63765
F1,fl1-asm-aja-2026-04-19,2026-04-19T13:00:00+00:00,D,24,0.22,0.2241,0.2253,0.2256,nan,0.2313,1,63765
F1,fl1-asm-aja-2026-04-19,2026-04-19T13:00:00+00:00,A,1,0.16,0.1676,0.1787,0.1895,nan,0.1658,0,81798
F1,fl1-asm-aja-2026-04-19,2026-04-19T13:00:00+00:00,A,6,0.16,0.1676,0.1787,0.1895,nan,0.1658,0,81798
F1,fl1-asm-aja-2026-04-19,2026-04-19T13:00:00+00:00,A,24,0.15,0.1676,0.1787,0.1895,nan,0.1658,0,81798
F1,fl1-nan-sbr-2026-04-19,2026-04-19T15:15:00+00:00,H,1,0.38,0.3997,0.3967,0.4048,nan,0.3995,0,162730
F1,fl1-nan-sbr-2026-04-19,2026-04-19T15:15:00+00:00,H,6,0.4,0.3997,0.3967,0.4048,nan,0.3995,0,162730
F1,fl1-nan-sbr-2026-04-19,2026-04-19T15:15:00+00:00,H,24,0.41,0.3997,0.3967,0.4048,nan,0.3995,0,162730
F1,fl1-nan-sbr-2026-04-19,2026-04-19T15:15:00+00:00,D,1,0.29,0.2896,0.292,0.2883,nan,0.2957,1,17852
F1,fl1-nan-sbr-2026-04-19,2026-04-19T15:15:00+00:00,D,6,0.29,0.2896,0.292,0.2883,nan,0.2957,1,17852
F1,fl1-nan-sbr-2026-04-19,2026-04-19T15:15:00+00:00,D,24,0.3,0.2896,0.292,0.2883,nan,0.2957,1,17852
F1,fl1-nan-sbr-2026-04-19,2026-04-19T15:15:00+00:00,A,1,0.32,0.3107,0.3113,0.3069,nan,0.3048,0,46401
F1,fl1-nan-sbr-2026-04-19,2026-04-19T15:15:00+00:00,A,6,0.31,0.3107,0.3113,0.3069,nan,0.3048,0,46401
F1,fl1-nan-sbr-2026-04-19,2026-04-19T15:15:00+00:00,A,24,0.3,0.3107,0.3113,0.3069,nan,0.3048,0,46401
F1,fl1-str-ren-2026-04-19,2026-04-19T15:15:00+00:00,H,1,0.34,0.3642,0.2542,0.2442,nan,0.2368,0,202333
F1,fl1-str-ren-2026-04-19,2026-04-19T15:15:00+00:00,H,6,0.35,0.3642,0.2542,0.2442,nan,0.2368,0,202333
F1,fl1-str-ren-2026-04-19,2026-04-19T15:15:00+00:00,H,24,0.36,0.3642,0.2542,0.2442,nan,0.2368,0,202333
F1,fl1-str-ren-2026-04-19,2026-04-19T15:15:00+00:00,D,1,0.27,0.26,0.2388,0.2267,nan,0.2368,0,68187
F1,fl1-str-ren-2026-04-19,2026-04-19T15:15:00+00:00,D,6,0.27,0.26,0.2388,0.2267,nan,0.2368,0,68187
F1,fl1-str-ren-2026-04-19,2026-04-19T15:15:00+00:00,D,24,0.26,0.26,0.2388,0.2267,nan,0.2368,0,68187
F1,fl1-str-ren-2026-04-19,2026-04-19T15:15:00+00:00,A,1,0.41,0.3759,0.507,0.5291,nan,0.5263,1,477903
F1,fl1-str-ren-2026-04-19,2026-04-19T15:15:00+00:00,A,6,0.4,0.3759,0.507,0.5291,nan,0.5263,1,477903
F1,fl1-str-ren-2026-04-19,2026-04-19T15:15:00+00:00,A,24,0.4,0.3759,0.507,0.5291,nan,0.5263,1,477903
F1,fl1-psg-lyo-2026-04-19,2026-04-19T18:45:00+00:00,H,1,0.75,0.7304,0.7174,0.7102,nan,0.7308,0,1047877
F1,fl1-psg-lyo-2026-04-19,2026-04-19T18:45:00+00:00,H,6,0.76,0.7304,0.7174,0.7102,nan,0.7308,0,1047877
F1,fl1-psg-lyo-2026-04-19,2026-04-19T18:45:00+00:00,H,24,0.75,0.7304,0.7174,0.7102,nan,0.7308,0,1047877
F1,fl1-psg-lyo-2026-04-19,2026-04-19T18:45:00+00:00,D,1,0.16,0.164,0.1699,0.1717,nan,0.1657,0,138380
F1,fl1-psg-lyo-2026-04-19,2026-04-19T18:45:00+00:00,D,6,0.15,0.164,0.1699,0.1717,nan,0.1657,0,138380
F1,fl1-psg-lyo-2026-04-19,2026-04-19T18:45:00+00:00,D,24,0.16,0.164,0.1699,0.1717,nan,0.1657,0,138380
F1,fl1-psg-lyo-2026-04-19,2026-04-19T18:45:00+00:00,A,1,0.11,0.1056,0.1127,0.1181,nan,0.1035,1,810402
F1,fl1-psg-lyo-2026-04-19,2026-04-19T18:45:00+00:00,A,6,0.1,0.1056,0.1127,0.1181,nan,0.1035,1,810402
F1,fl1-psg-lyo-2026-04-19,2026-04-19T18:45:00+00:00,A,24,0.1,0.1056,0.1127,0.1181,nan,0.1035,1,810402
F1,fl1-met-pfc-2026-04-19,2026-04-19T15:15:00+00:00,H,1,0.3,0.2785,0.307,0.3232,nan,0.3061,0,59426
F1,fl1-met-pfc-2026-04-19,2026-04-19T15:15:00+00:00,H,6,0.29,0.2785,0.307,0.3232,nan,0.3061,0,59426
F1,fl1-met-pfc-2026-04-19,2026-04-19T15:15:00+00:00,H,24,0.27,0.2785,0.307,0.3232,nan,0.3061,0,59426
F1,fl1-met-pfc-2026-04-19,2026-04-19T15:15:00+00:00,D,1,0.28,0.2728,0.2699,0.2603,nan,0.2688,0,38640
F1,fl1-met-pfc-2026-04-19,2026-04-19T15:15:00+00:00,D,6,0.28,0.2728,0.2699,0.2603,nan,0.2688,0,38640
F1,fl1-met-pfc-2026-04-19,2026-04-19T15:15:00+00:00,D,24,0.28,0.2728,0.2699,0.2603,nan,0.2688,0,38640
F1,fl1-met-pfc-2026-04-19,2026-04-19T15:15:00+00:00,A,1,0.44,0.4486,0.4231,0.4165,nan,0.4251,1,345867
F1,fl1-met-pfc-2026-04-19,2026-04-19T15:15:00+00:00,A,6,0.43,0.4486,0.4231,0.4165,nan,0.4251,1,345867
F1,fl1-met-pfc-2026-04-19,2026-04-19T15:15:00+00:00,A,24,0.47,0.4486,0.4231,0.4165,nan,0.4251,1,345867
F1,fl1-psg-nan-2026-04-22,2026-04-22T17:00:00+00:00,H,1,0.85,0.7988,0.8181,0.8168,nan,nan,1,1159669
F1,fl1-psg-nan-2026-04-22,2026-04-22T17:00:00+00:00,H,6,0.84,0.7988,0.8181,0.8168,nan,nan,1,1159669
F1,fl1-psg-nan-2026-04-22,2026-04-22T17:00:00+00:00,H,24,0.84,0.7988,0.8181,0.8168,nan,nan,1,1159669
F1,fl1-psg-nan-2026-04-22,2026-04-22T17:00:00+00:00,D,1,0.11,0.1284,0.1186,0.1195,nan,nan,0,25907
F1,fl1-psg-nan-2026-04-22,2026-04-22T17:00:00+00:00,D,6,0.11,0.1284,0.1186,0.1195,nan,nan,0,25907
F1,fl1-psg-nan-2026-04-22,2026-04-22T17:00:00+00:00,D,24,0.12,0.1284,0.1186,0.1195,nan,nan,0,25907
F1,fl1-psg-nan-2026-04-22,2026-04-22T17:00:00+00:00,A,1,0.05,0.0728,0.0632,0.0637,nan,nan,0,332320
F1,fl1-psg-nan-2026-04-22,2026-04-22T17:00:00+00:00,A,6,0.06,0.0728,0.0632,0.0637,nan,nan,0,332320
F1,fl1-psg-nan-2026-04-22,2026-04-22T17:00:00+00:00,A,24,0.05,0.0728,0.0632,0.0637,nan,nan,0,332320
F1,fl1-sbr-rcl-2026-04-24,2026-04-24T18:45:00+00:00,H,1,0.15,0.1725,0.164,0.1587,nan,nan,0,366229
F1,fl1-sbr-rcl-2026-04-24,2026-04-24T18:45:00+00:00,H,6,0.16,0.1725,0.164,0.1587,nan,nan,0,366229
F1,fl1-sbr-rcl-2026-04-24,2026-04-24T18:45:00+00:00,H,24,0.19,0.1725,0.164,0.1587,nan,nan,0,366229
F1,fl1-sbr-rcl-2026-04-24,2026-04-24T18:45:00+00:00,D,1,0.22,0.2231,0.224,0.2268,nan,nan,1,290370
F1,fl1-sbr-rcl-2026-04-24,2026-04-24T18:45:00+00:00,D,6,0.22,0.2231,0.224,0.2268,nan,nan,1,290370
F1,fl1-sbr-rcl-2026-04-24,2026-04-24T18:45:00+00:00,D,24,0.24,0.2231,0.224,0.2268,nan,nan,1,290370
F1,fl1-sbr-rcl-2026-04-24,2026-04-24T18:45:00+00:00,A,1,0.62,0.6044,0.612,0.6145,nan,nan,0,529173
F1,fl1-sbr-rcl-2026-04-24,2026-04-24T18:45:00+00:00,A,6,0.62,0.6044,0.612,0.6145,nan,nan,0,529173
F1,fl1-sbr-rcl-2026-04-24,2026-04-24T18:45:00+00:00,A,24,0.58,0.6044,0.612,0.6145,nan,nan,0,529173
F1,fl1-ang-psg-2026-04-25,2026-04-25T17:00:00+00:00,H,1,0.07,0.0875,0.0848,0.0938,nan,nan,0,134194
F1,fl1-ang-psg-2026-04-25,2026-04-25T17:00:00+00:00,H,6,0.07,0.0875,0.0848,0.0938,nan,nan,0,134194
F1,fl1-ang-psg-2026-04-25,2026-04-25T17:00:00+00:00,H,24,0.07,0.0875,0.0848,0.0938,nan,nan,0,134194
F1,fl1-ang-psg-2026-04-25,2026-04-25T17:00:00+00:00,D,1,0.14,0.1571,0.1534,0.1562,nan,nan,0,33247
F1,fl1-ang-psg-2026-04-25,2026-04-25T17:00:00+00:00,D,6,0.15,0.1571,0.1534,0.1562,nan,nan,0,33247
F1,fl1-ang-psg-2026-04-25,2026-04-25T17:00:00+00:00,D,24,0.14,0.1571,0.1534,0.1562,nan,nan,0,33247
F1,fl1-ang-psg-2026-04-25,2026-04-25T17:00:00+00:00,A,1,0.79,0.7553,0.7618,0.75,nan,nan,1,2247646
F1,fl1-ang-psg-2026-04-25,2026-04-25T17:00:00+00:00,A,6,0.8,0.7553,0.7618,0.75,nan,nan,1,2247646
F1,fl1-ang-psg-2026-04-25,2026-04-25T17:00:00+00:00,A,24,0.78,0.7553,0.7618,0.75,nan,nan,1,2247646
F1,fl1-lyo-aja-2026-04-25,2026-04-25T13:00:00+00:00,H,1,0.62,0.5715,0.5811,0.5791,nan,nan,1,420590
F1,fl1-lyo-aja-2026-04-25,2026-04-25T13:00:00+00:00,H,6,0.6,0.5715,0.5811,0.5791,nan,nan,1,420590
F1,fl1-lyo-aja-2026-04-25,2026-04-25T13:00:00+00:00,H,24,0.58,0.5715,0.5811,0.5791,nan,nan,1,420590
F1,fl1-lyo-aja-2026-04-25,2026-04-25T13:00:00+00:00,D,1,0.24,0.2432,0.2369,0.2389,nan,nan,0,33465
F1,fl1-lyo-aja-2026-04-25,2026-04-25T13:00:00+00:00,D,6,0.25,0.2432,0.2369,0.2389,nan,nan,0,33465
F1,fl1-lyo-aja-2026-04-25,2026-04-25T13:00:00+00:00,D,24,0.24,0.2432,0.2369,0.2389,nan,nan,0,33465
F1,fl1-lyo-aja-2026-04-25,2026-04-25T13:00:00+00:00,A,1,0.15,0.1852,0.182,0.182,nan,nan,0,138293
F1,fl1-lyo-aja-2026-04-25,2026-04-25T13:00:00+00:00,A,6,0.16,0.1852,0.182,0.182,nan,nan,0,138293
F1,fl1-lyo-aja-2026-04-25,2026-04-25T13:00:00+00:00,A,24,0.16,0.1852,0.182,0.182,nan,nan,0,138293
F1,fl1-tou-asm-2026-04-25,2026-04-25T19:05:00+00:00,H,1,0.21,0.2806,0.2176,0.2108,nan,nan,0,50101
F1,fl1-tou-asm-2026-04-25,2026-04-25T19:05:00+00:00,H,6,0.22,0.2806,0.2176,0.2108,nan,nan,0,50101
F1,fl1-tou-asm-2026-04-25,2026-04-25T19:05:00+00:00,H,24,0.25,0.2806,0.2176,0.2108,nan,nan,0,50101
F1,fl1-tou-asm-2026-04-25,2026-04-25T19:05:00+00:00,D,1,0.24,0.2559,0.2339,0.2313,nan,nan,1,36162
F1,fl1-tou-asm-2026-04-25,2026-04-25T19:05:00+00:00,D,6,0.25,0.2559,0.2339,0.2313,nan,nan,1,36162
F1,fl1-tou-asm-2026-04-25,2026-04-25T19:05:00+00:00,D,24,0.26,0.2559,0.2339,0.2313,nan,nan,1,36162
F1,fl1-tou-asm-2026-04-25,2026-04-25T19:05:00+00:00,A,1,0.55,0.4635,0.5485,0.5579,nan,nan,0,319764
F1,fl1-tou-asm-2026-04-25,2026-04-25T19:05:00+00:00,A,6,0.55,0.4635,0.5485,0.5579,nan,nan,0,319764
F1,fl1-tou-asm-2026-04-25,2026-04-25T19:05:00+00:00,A,24,0.49,0.4635,0.5485,0.5579,nan,nan,0,319764
F1,fl1-lor-str-2026-04-26,2026-04-26T13:00:00+00:00,H,1,0.49,0.4455,0.449,0.4423,nan,nan,0,1002820
F1,fl1-lor-str-2026-04-26,2026-04-26T13:00:00+00:00,H,6,0.51,0.4455,0.449,0.4423,nan,nan,0,1002820
F1,fl1-lor-str-2026-04-26,2026-04-26T13:00:00+00:00,H,24,0.44,0.4455,0.449,0.4423,nan,nan,0,1002820
F1,fl1-lor-str-2026-04-26,2026-04-26T13:00:00+00:00,D,1,0.26,0.2653,0.2601,0.258,nan,nan,0,102609
F1,fl1-lor-str-2026-04-26,2026-04-26T13:00:00+00:00,D,6,0.26,0.2653,0.2601,0.258,nan,nan,0,102609
F1,fl1-lor-str-2026-04-26,2026-04-26T13:00:00+00:00,D,24,0.26,0.2653,0.2601,0.258,nan,nan,0,102609
F1,fl1-lor-str-2026-04-26,2026-04-26T13:00:00+00:00,A,1,0.25,0.2892,0.2909,0.2996,nan,nan,1,1215564
F1,fl1-lor-str-2026-04-26,2026-04-26T13:00:00+00:00,A,6,0.24,0.2892,0.2909,0.2996,nan,nan,1,1215564
F1,fl1-lor-str-2026-04-26,2026-04-26T13:00:00+00:00,A,24,0.32,0.2892,0.2909,0.2996,nan,nan,1,1215564
F1,fl1-hac-met-2026-04-26,2026-04-26T15:15:00+00:00,H,1,0.61,0.5754,0.5966,0.5919,nan,nan,0,60391
F1,fl1-hac-met-2026-04-26,2026-04-26T15:15:00+00:00,H,6,0.62,0.5754,0.5966,0.5919,nan,nan,0,60391
F1,fl1-hac-met-2026-04-26,2026-04-26T15:15:00+00:00,H,24,0.6,0.5754,0.5966,0.5919,nan,nan,0,60391
F1,fl1-hac-met-2026-04-26,2026-04-26T15:15:00+00:00,D,1,0.24,0.2447,0.2236,0.2187,nan,nan,1,34372
F1,fl1-hac-met-2026-04-26,2026-04-26T15:15:00+00:00,D,6,0.24,0.2447,0.2236,0.2187,nan,nan,1,34372
F1,fl1-hac-met-2026-04-26,2026-04-26T15:15:00+00:00,D,24,0.24,0.2447,0.2236,0.2187,nan,nan,1,34372
F1,fl1-hac-met-2026-04-26,2026-04-26T15:15:00+00:00,A,1,0.15,0.1799,0.1798,0.1894,nan,nan,0,55974
F1,fl1-hac-met-2026-04-26,2026-04-26T15:15:00+00:00,A,6,0.15,0.1799,0.1798,0.1894,nan,nan,0,55974
F1,fl1-hac-met-2026-04-26,2026-04-26T15:15:00+00:00,A,24,0.18,0.1799,0.1798,0.1894,nan,nan,0,55974
F1,fl1-pfc-lil-2026-04-26,2026-04-26T15:15:00+00:00,H,1,0.19,0.2447,0.2029,0.2007,nan,nan,0,65120
F1,fl1-pfc-lil-2026-04-26,2026-04-26T15:15:00+00:00,H,6,0.22,0.2447,0.2029,0.2007,nan,nan,0,65120
F1,fl1-pfc-lil-2026-04-26,2026-04-26T15:15:00+00:00,H,24,0.24,0.2447,0.2029,0.2007,nan,nan,0,65120
F1,fl1-pfc-lil-2026-04-26,2026-04-26T15:15:00+00:00,D,1,0.24,0.2634,0.2446,0.2384,nan,nan,0,42085
F1,fl1-pfc-lil-2026-04-26,2026-04-26T15:15:00+00:00,D,6,0.25,0.2634,0.2446,0.2384,nan,nan,0,42085
F1,fl1-pfc-lil-2026-04-26,2026-04-26T15:15:00+00:00,D,24,0.26,0.2634,0.2446,0.2384,nan,nan,0,42085
F1,fl1-pfc-lil-2026-04-26,2026-04-26T15:15:00+00:00,A,1,0.57,0.4919,0.5525,0.5609,nan,nan,1,1638120
F1,fl1-pfc-lil-2026-04-26,2026-04-26T15:15:00+00:00,A,6,0.53,0.4919,0.5525,0.5609,nan,nan,1,1638120
F1,fl1-pfc-lil-2026-04-26,2026-04-26T15:15:00+00:00,A,24,0.5,0.4919,0.5525,0.5609,nan,nan,1,1638120
F1,fl1-ren-nan-2026-04-26,2026-04-26T15:15:00+00:00,H,1,0.67,0.6656,0.6471,0.6424,nan,nan,1,272299
F1,fl1-ren-nan-2026-04-26,2026-04-26T15:15:00+00:00,H,6,0.66,0.6656,0.6471,0.6424,nan,nan,1,272299
F1,fl1-ren-nan-2026-04-26,2026-04-26T15:15:00+00:00,H,24,0.69,0.6656,0.6471,0.6424,nan,nan,1,272299
F1,fl1-ren-nan-2026-04-26,2026-04-26T15:15:00+00:00,D,1,0.21,0.2017,0.2085,0.2113,nan,nan,0,58396
F1,fl1-ren-nan-2026-04-26,2026-04-26T15:15:00+00:00,D,6,0.21,0.2017,0.2085,0.2113,nan,nan,0,58396
F1,fl1-ren-nan-2026-04-26,2026-04-26T15:15:00+00:00,D,24,0.2,0.2017,0.2085,0.2113,nan,nan,0,58396
F1,fl1-ren-nan-2026-04-26,2026-04-26T15:15:00+00:00,A,1,0.12,0.1327,0.1444,0.1463,nan,nan,0,67257
F1,fl1-ren-nan-2026-04-26,2026-04-26T15:15:00+00:00,A,6,0.13,0.1327,0.1444,0.1463,nan,nan,0,67257
F1,fl1-ren-nan-2026-04-26,2026-04-26T15:15:00+00:00,A,24,0.11,0.1327,0.1444,0.1463,nan,nan,0,67257
F1,fl1-olm-ogc-2026-04-26,2026-04-26T18:45:00+00:00,H,1,0.61,0.6428,0.5519,0.5539,nan,nan,0,1849049
F1,fl1-olm-ogc-2026-04-26,2026-04-26T18:45:00+00:00,H,6,0.61,0.6428,0.5519,0.5539,nan,nan,0,1849049
F1,fl1-olm-ogc-2026-04-26,2026-04-26T18:45:00+00:00,H,24,0.65,0.6428,0.5519,0.5539,nan,nan,0,1849049
F1,fl1-olm-ogc-2026-04-26,2026-04-26T18:45:00+00:00,D,1,0.23,0.1992,0.2363,0.2478,nan,nan,1,84794
F1,fl1-olm-ogc-2026-04-26,2026-04-26T18:45:00+00:00,D,6,0.21,0.1992,0.2363,0.2478,nan,nan,1,84794
F1,fl1-olm-ogc-2026-04-26,2026-04-26T18:45:00+00:00,D,24,0.21,0.1992,0.2363,0.2478,nan,nan,1,84794
F1,fl1-olm-ogc-2026-04-26,2026-04-26T18:45:00+00:00,A,1,0.16,0.158,0.2118,0.1983,nan,nan,0,135676
F1,fl1-olm-ogc-2026-04-26,2026-04-26T18:45:00+00:00,A,6,0.16,0.158,0.2118,0.1983,nan,nan,0,135676
F1,fl1-olm-ogc-2026-04-26,2026-04-26T18:45:00+00:00,A,24,0.14,0.158,0.2118,0.1983,nan,nan,0,135676
F1,fl1-psg-lor-2026-05-02,2026-05-02T15:00:00+00:00,H,1,0.72,0.7259,0.7061,0.7038,nan,nan,0,716602
F1,fl1-psg-lor-2026-05-02,2026-05-02T15:00:00+00:00,H,6,0.71,0.7259,0.7061,0.7038,nan,nan,0,716602
F1,fl1-psg-lor-2026-05-02,2026-05-02T15:00:00+00:00,H,24,0.73,0.7259,0.7061,0.7038,nan,nan,0,716602
F1,fl1-psg-lor-2026-05-02,2026-05-02T15:00:00+00:00,D,1,0.16,0.1652,0.1717,0.1595,nan,nan,1,85381
F1,fl1-psg-lor-2026-05-02,2026-05-02T15:00:00+00:00,D,6,0.17,0.1652,0.1717,0.1595,nan,nan,1,85381
F1,fl1-psg-lor-2026-05-02,2026-05-02T15:00:00+00:00,D,24,0.16,0.1652,0.1717,0.1595,nan,nan,1,85381
F1,fl1-psg-lor-2026-05-02,2026-05-02T15:00:00+00:00,A,1,0.11,0.1089,0.1223,0.1367,nan,nan,0,122545
F1,fl1-psg-lor-2026-05-02,2026-05-02T15:00:00+00:00,A,6,0.12,0.1089,0.1223,0.1367,nan,nan,0,122545
F1,fl1-psg-lor-2026-05-02,2026-05-02T15:00:00+00:00,A,24,0.11,0.1089,0.1223,0.1367,nan,nan,0,122545
F1,fl1-nan-olm-2026-05-01,2026-05-02T13:00:00+00:00,H,1,0.22,0.2094,0.2594,0.2516,nan,nan,1,129578
F1,fl1-nan-olm-2026-05-01,2026-05-02T13:00:00+00:00,H,6,0.2,0.2094,0.2594,0.2516,nan,nan,1,129578
F1,fl1-nan-olm-2026-05-01,2026-05-02T13:00:00+00:00,H,24,0.2,0.2094,0.2594,0.2516,nan,nan,1,129578
F1,fl1-nan-olm-2026-05-01,2026-05-02T13:00:00+00:00,D,1,0.24,0.2359,0.2451,0.2452,nan,nan,0,694467
F1,fl1-nan-olm-2026-05-01,2026-05-02T13:00:00+00:00,D,6,0.23,0.2359,0.2451,0.2452,nan,nan,0,694467
F1,fl1-nan-olm-2026-05-01,2026-05-02T13:00:00+00:00,D,24,0.24,0.2359,0.2451,0.2452,nan,nan,0,694467
F1,fl1-nan-olm-2026-05-01,2026-05-02T13:00:00+00:00,A,1,0.55,0.5547,0.4955,0.5032,nan,nan,0,249257
F1,fl1-nan-olm-2026-05-01,2026-05-02T13:00:00+00:00,A,6,0.56,0.5547,0.4955,0.5032,nan,nan,0,249257
F1,fl1-nan-olm-2026-05-01,2026-05-02T13:00:00+00:00,A,24,0.56,0.5547,0.4955,0.5032,nan,nan,0,249257
F1,fl1-ogc-rcl-2026-05-02,2026-05-02T19:05:00+00:00,H,1,0.21,0.2266,0.2061,0.1996,nan,nan,0,73241
F1,fl1-ogc-rcl-2026-05-02,2026-05-02T19:05:00+00:00,H,6,0.19,0.2266,0.2061,0.1996,nan,nan,0,73241
F1,fl1-ogc-rcl-2026-05-02,2026-05-02T19:05:00+00:00,H,24,0.22,0.2266,0.2061,0.1996,nan,nan,0,73241
F1,fl1-ogc-rcl-2026-05-02,2026-05-02T19:05:00+00:00,D,1,0.24,0.2352,0.2255,0.2258,nan,nan,1,57839
F1,fl1-ogc-rcl-2026-05-02,2026-05-02T19:05:00+00:00,D,6,0.24,0.2352,0.2255,0.2258,nan,nan,1,57839
F1,fl1-ogc-rcl-2026-05-02,2026-05-02T19:05:00+00:00,D,24,0.24,0.2352,0.2255,0.2258,nan,nan,1,57839
F1,fl1-ogc-rcl-2026-05-02,2026-05-02T19:05:00+00:00,A,1,0.57,0.5383,0.5684,0.5746,nan,nan,0,160915
F1,fl1-ogc-rcl-2026-05-02,2026-05-02T19:05:00+00:00,A,6,0.58,0.5383,0.5684,0.5746,nan,nan,0,160915
F1,fl1-ogc-rcl-2026-05-02,2026-05-02T19:05:00+00:00,A,24,0.55,0.5383,0.5684,0.5746,nan,nan,0,160915
F1,fl1-met-asm-2026-05-02,2026-05-02T17:00:00+00:00,H,1,0.12,0.1433,0.1313,0.1259,nan,nan,0,72796
F1,fl1-met-asm-2026-05-02,2026-05-02T17:00:00+00:00,H,6,0.13,0.1433,0.1313,0.1259,nan,nan,0,72796
F1,fl1-met-asm-2026-05-02,2026-05-02T17:00:00+00:00,H,24,0.12,0.1433,0.1313,0.1259,nan,nan,0,72796
F1,fl1-met-asm-2026-05-02,2026-05-02T17:00:00+00:00,D,1,0.16,0.1846,0.1655,0.1642,nan,nan,0,55102
F1,fl1-met-asm-2026-05-02,2026-05-02T17:00:00+00:00,D,6,0.17,0.1846,0.1655,0.1642,nan,nan,0,55102
F1,fl1-met-asm-2026-05-02,2026-05-02T17:00:00+00:00,D,24,0.17,0.1846,0.1655,0.1642,nan,nan,0,55102
F1,fl1-met-asm-2026-05-02,2026-05-02T17:00:00+00:00,A,1,0.72,0.6721,0.7031,0.7099,nan,nan,1,876400
F1,fl1-met-asm-2026-05-02,2026-05-02T17:00:00+00:00,A,6,0.72,0.6721,0.7031,0.7099,nan,nan,1,876400
F1,fl1-met-asm-2026-05-02,2026-05-02T17:00:00+00:00,A,24,0.69,0.6721,0.7031,0.7099,nan,nan,1,876400
F1,fl1-lil-hac-2026-05-03,2026-05-03T13:00:00+00:00,H,1,0.7,0.6716,0.6923,0.6883,nan,nan,0,1722891
F1,fl1-lil-hac-2026-05-03,2026-05-03T13:00:00+00:00,H,6,0.69,0.6716,0.6923,0.6883,nan,nan,0,1722891
F1,fl1-lil-hac-2026-05-03,2026-05-03T13:00:00+00:00,H,24,0.7,0.6716,0.6923,0.6883,nan,nan,0,1722891
F1,fl1-lil-hac-2026-05-03,2026-05-03T13:00:00+00:00,D,1,0.2,0.2084,0.198,0.2,nan,nan,1,53563
F1,fl1-lil-hac-2026-05-03,2026-05-03T13:00:00+00:00,D,6,0.21,0.2084,0.198,0.2,nan,nan,1,53563
F1,fl1-lil-hac-2026-05-03,2026-05-03T13:00:00+00:00,D,24,0.2,0.2084,0.198,0.2,nan,nan,1,53563
F1,fl1-lil-hac-2026-05-03,2026-05-03T13:00:00+00:00,A,1,0.11,0.12,0.1097,0.1117,nan,nan,0,38436
F1,fl1-lil-hac-2026-05-03,2026-05-03T13:00:00+00:00,A,6,0.1,0.12,0.1097,0.1117,nan,nan,0,38436
F1,fl1-lil-hac-2026-05-03,2026-05-03T13:00:00+00:00,A,24,0.1,0.12,0.1097,0.1117,nan,nan,0,38436
F1,fl1-str-tou-2026-05-03,2026-05-03T15:15:00+00:00,H,1,0.32,0.3645,0.3151,0.3163,nan,nan,0,81736
F1,fl1-str-tou-2026-05-03,2026-05-03T15:15:00+00:00,H,6,0.33,0.3645,0.3151,0.3163,nan,nan,0,81736
F1,fl1-str-tou-2026-05-03,2026-05-03T15:15:00+00:00,H,24,0.34,0.3645,0.3151,0.3163,nan,nan,0,81736
F1,fl1-str-tou-2026-05-03,2026-05-03T15:15:00+00:00,D,1,0.27,0.2681,0.2689,0.2711,nan,nan,0,37770
F1,fl1-str-tou-2026-05-03,2026-05-03T15:15:00+00:00,D,6,0.28,0.2681,0.2689,0.2711,nan,nan,0,37770
F1,fl1-str-tou-2026-05-03,2026-05-03T15:15:00+00:00,D,24,0.28,0.2681,0.2689,0.2711,nan,nan,0,37770
F1,fl1-str-tou-2026-05-03,2026-05-03T15:15:00+00:00,A,1,0.41,0.3674,0.416,0.4126,nan,nan,1,787495
F1,fl1-str-tou-2026-05-03,2026-05-03T15:15:00+00:00,A,6,0.4,0.3674,0.416,0.4126,nan,nan,1,787495
F1,fl1-str-tou-2026-05-03,2026-05-03T15:15:00+00:00,A,24,0.4,0.3674,0.416,0.4126,nan,nan,1,787495
F1,fl1-pfc-sbr-2026-05-03,2026-05-03T15:15:00+00:00,H,1,0.48,0.4643,0.5092,0.5015,nan,nan,1,65654
F1,fl1-pfc-sbr-2026-05-03,2026-05-03T15:15:00+00:00,H,6,0.48,0.4643,0.5092,0.5015,nan,nan,1,65654
F1,fl1-pfc-sbr-2026-05-03,2026-05-03T15:15:00+00:00,H,24,0.46,0.4643,0.5092,0.5015,nan,nan,1,65654
F1,fl1-pfc-sbr-2026-05-03,2026-05-03T15:15:00+00:00,D,1,0.27,0.2713,0.2499,0.2541,nan,nan,0,29717
F1,fl1-pfc-sbr-2026-05-03,2026-05-03T15:15:00+00:00,D,6,0.27,0.2713,0.2499,0.2541,nan,nan,0,29717
F1,fl1-pfc-sbr-2026-05-03,2026-05-03T15:15:00+00:00,D,24,0.28,0.2713,0.2499,0.2541,nan,nan,0,29717
F1,fl1-pfc-sbr-2026-05-03,2026-05-03T15:15:00+00:00,A,1,0.26,0.2644,0.2409,0.2443,nan,nan,0,5911
F1,fl1-pfc-sbr-2026-05-03,2026-05-03T15:15:00+00:00,A,6,0.25,0.2644,0.2409,0.2443,nan,nan,0,5911
F1,fl1-pfc-sbr-2026-05-03,2026-05-03T15:15:00+00:00,A,24,0.26,0.2644,0.2409,0.2443,nan,nan,0,5911
F1,fl1-aja-ang-2026-05-03,2026-05-03T15:15:00+00:00,H,1,0.58,0.5559,0.5459,0.5263,nan,nan,1,46187
F1,fl1-aja-ang-2026-05-03,2026-05-03T15:15:00+00:00,H,6,0.58,0.5559,0.5459,0.5263,nan,nan,1,46187
F1,fl1-aja-ang-2026-05-03,2026-05-03T15:15:00+00:00,H,24,0.58,0.5559,0.5459,0.5263,nan,nan,1,46187
F1,fl1-aja-ang-2026-05-03,2026-05-03T15:15:00+00:00,D,1,0.25,0.2631,0.2572,0.2632,nan,nan,0,10875
F1,fl1-aja-ang-2026-05-03,2026-05-03T15:15:00+00:00,D,6,0.26,0.2631,0.2572,0.2632,nan,nan,0,10875
F1,fl1-aja-ang-2026-05-03,2026-05-03T15:15:00+00:00,D,24,0.27,0.2631,0.2572,0.2632,nan,nan,0,10875
F1,fl1-aja-ang-2026-05-03,2026-05-03T15:15:00+00:00,A,1,0.17,0.181,0.1968,0.2105,nan,nan,0,24704
F1,fl1-aja-ang-2026-05-03,2026-05-03T15:15:00+00:00,A,6,0.17,0.181,0.1968,0.2105,nan,nan,0,24704
F1,fl1-aja-ang-2026-05-03,2026-05-03T15:15:00+00:00,A,24,0.16,0.181,0.1968,0.2105,nan,nan,0,24704
F1,fl1-lyo-ren-2026-05-03,2026-05-03T18:45:00+00:00,H,1,0.45,0.4303,0.4558,0.4484,nan,nan,1,169487
F1,fl1-lyo-ren-2026-05-03,2026-05-03T18:45:00+00:00,H,6,0.46,0.4303,0.4558,0.4484,nan,nan,1,169487
F1,fl1-lyo-ren-2026-05-03,2026-05-03T18:45:00+00:00,H,24,0.45,0.4303,0.4558,0.4484,nan,nan,1,169487
F1,fl1-lyo-ren-2026-05-03,2026-05-03T18:45:00+00:00,D,1,0.25,0.2589,0.2485,0.2478,nan,nan,0,16936
F1,fl1-lyo-ren-2026-05-03,2026-05-03T18:45:00+00:00,D,6,0.26,0.2589,0.2485,0.2478,nan,nan,0,16936
F1,fl1-lyo-ren-2026-05-03,2026-05-03T18:45:00+00:00,D,24,0.25,0.2589,0.2485,0.2478,nan,nan,0,16936
F1,fl1-lyo-ren-2026-05-03,2026-05-03T18:45:00+00:00,A,1,0.29,0.3108,0.2957,0.3038,nan,nan,0,126139
F1,fl1-lyo-ren-2026-05-03,2026-05-03T18:45:00+00:00,A,6,0.29,0.3108,0.2957,0.3038,nan,nan,0,126139
F1,fl1-lyo-ren-2026-05-03,2026-05-03T18:45:00+00:00,A,24,0.29,0.3108,0.2957,0.3038,nan,nan,0,126139
F1,fl1-met-lor-2026-05-10,2026-05-10T19:00:00+00:00,H,1,0.31,0.3031,0.3275,0.3311,nan,0.3195,0,138866
F1,fl1-met-lor-2026-05-10,2026-05-10T19:00:00+00:00,H,6,0.29,0.3031,0.3275,0.3311,nan,0.3195,0,138866
F1,fl1-met-lor-2026-05-10,2026-05-10T19:00:00+00:00,H,24,0.3,0.3031,0.3275,0.3311,nan,0.3195,0,138866
F1,fl1-met-lor-2026-05-10,2026-05-10T19:00:00+00:00,D,1,0.27,0.26,0.2616,0.2543,nan,0.2713,0,6358
F1,fl1-met-lor-2026-05-10,2026-05-10T19:00:00+00:00,D,6,0.26,0.26,0.2616,0.2543,nan,0.2713,0,6358
F1,fl1-met-lor-2026-05-10,2026-05-10T19:00:00+00:00,D,24,0.26,0.26,0.2616,0.2543,nan,0.2713,0,6358
F1,fl1-met-lor-2026-05-10,2026-05-10T19:00:00+00:00,A,1,0.43,0.4369,0.4108,0.4146,nan,0.4092,1,52366
F1,fl1-met-lor-2026-05-10,2026-05-10T19:00:00+00:00,A,6,0.44,0.4369,0.4108,0.4146,nan,0.4092,1,52366
F1,fl1-met-lor-2026-05-10,2026-05-10T19:00:00+00:00,A,24,0.46,0.4369,0.4108,0.4146,nan,0.4092,1,52366
F1,fl1-rcl-nan-2026-05-08,2026-05-08T18:45:00+00:00,H,1,0.68,0.6536,0.6516,0.6529,nan,0.663,1,1260724
F1,fl1-rcl-nan-2026-05-08,2026-05-08T18:45:00+00:00,H,6,0.67,0.6536,0.6516,0.6529,nan,0.663,1,1260724
F1,fl1-rcl-nan-2026-05-08,2026-05-08T18:45:00+00:00,H,24,0.68,0.6536,0.6516,0.6529,nan,0.663,1,1260724
F1,fl1-rcl-nan-2026-05-08,2026-05-08T18:45:00+00:00,D,1,0.19,0.1951,0.1963,0.1893,nan,0.195,0,59324
F1,fl1-rcl-nan-2026-05-08,2026-05-08T18:45:00+00:00,D,6,0.2,0.1951,0.1963,0.1893,nan,0.195,0,59324
F1,fl1-rcl-nan-2026-05-08,2026-05-08T18:45:00+00:00,D,24,0.2,0.1951,0.1963,0.1893,nan,0.195,0,59324
F1,fl1-rcl-nan-2026-05-08,2026-05-08T18:45:00+00:00,A,1,0.14,0.1512,0.1521,0.1578,nan,0.1421,0,410506
F1,fl1-rcl-nan-2026-05-08,2026-05-08T18:45:00+00:00,A,6,0.15,0.1512,0.1521,0.1578,nan,0.1421,0,410506
F1,fl1-rcl-nan-2026-05-08,2026-05-08T18:45:00+00:00,A,24,0.12,0.1512,0.1521,0.1578,nan,0.1421,0,410506
F1,fl1-asm-lil-2026-05-10,2026-05-10T19:00:00+00:00,H,1,0.38,0.4078,0.3697,0.3646,nan,0.3659,0,47770
F1,fl1-asm-lil-2026-05-10,2026-05-10T19:00:00+00:00,H,6,0.4,0.4078,0.3697,0.3646,nan,0.3659,0,47770
F1,fl1-asm-lil-2026-05-10,2026-05-10T19:00:00+00:00,H,24,0.4,0.4078,0.3697,0.3646,nan,0.3659,0,47770
F1,fl1-asm-lil-2026-05-10,2026-05-10T19:00:00+00:00,D,1,0.26,0.2541,0.2606,0.2562,nan,0.2654,0,15090
F1,fl1-asm-lil-2026-05-10,2026-05-10T19:00:00+00:00,D,6,0.26,0.2541,0.2606,0.2562,nan,0.2654,0,15090
F1,fl1-asm-lil-2026-05-10,2026-05-10T19:00:00+00:00,D,24,0.26,0.2541,0.2606,0.2562,nan,0.2654,0,15090
F1,fl1-asm-lil-2026-05-10,2026-05-10T19:00:00+00:00,A,1,0.37,0.3381,0.3697,0.3792,nan,0.3686,1,97406
F1,fl1-asm-lil-2026-05-10,2026-05-10T19:00:00+00:00,A,6,0.36,0.3381,0.3697,0.3792,nan,0.3686,1,97406
F1,fl1-asm-lil-2026-05-10,2026-05-10T19:00:00+00:00,A,24,0.35,0.3381,0.3697,0.3792,nan,0.3686,1,97406
F1,fl1-tou-lyo-2026-05-10,2026-05-10T19:00:00+00:00,H,1,0.21,0.2174,0.2407,0.2532,nan,0.2267,1,164722
F1,fl1-tou-lyo-2026-05-10,2026-05-10T19:00:00+00:00,H,6,0.22,0.2174,0.2407,0.2532,nan,0.2267,1,164722
F1,fl1-tou-lyo-2026-05-10,2026-05-10T19:00:00+00:00,H,24,0.23,0.2174,0.2407,0.2532,nan,0.2267,1,164722
F1,fl1-tou-lyo-2026-05-10,2026-05-10T19:00:00+00:00,D,1,0.25,0.2467,0.2504,0.2403,nan,0.2591,0,45339
F1,fl1-tou-lyo-2026-05-10,2026-05-10T19:00:00+00:00,D,6,0.24,0.2467,0.2504,0.2403,nan,0.2591,0,45339
F1,fl1-tou-lyo-2026-05-10,2026-05-10T19:00:00+00:00,D,24,0.24,0.2467,0.2504,0.2403,nan,0.2591,0,45339
F1,fl1-tou-lyo-2026-05-10,2026-05-10T19:00:00+00:00,A,1,0.55,0.5359,0.5089,0.5065,nan,0.5142,0,176898
F1,fl1-tou-lyo-2026-05-10,2026-05-10T19:00:00+00:00,A,6,0.53,0.5359,0.5089,0.5065,nan,0.5142,0,176898
F1,fl1-tou-lyo-2026-05-10,2026-05-10T19:00:00+00:00,A,24,0.54,0.5359,0.5089,0.5065,nan,0.5142,0,176898
F1,fl1-hac-olm-2026-05-10,2026-05-10T19:00:00+00:00,H,1,0.27,0.2724,0.2587,0.2525,nan,0.2428,0,54884
F1,fl1-hac-olm-2026-05-10,2026-05-10T19:00:00+00:00,H,6,0.27,0.2724,0.2587,0.2525,nan,0.2428,0,54884
F1,fl1-hac-olm-2026-05-10,2026-05-10T19:00:00+00:00,H,24,0.27,0.2724,0.2587,0.2525,nan,0.2428,0,54884
F1,fl1-hac-olm-2026-05-10,2026-05-10T19:00:00+00:00,D,1,0.26,0.2524,0.2471,0.2492,nan,0.252,0,37134
F1,fl1-hac-olm-2026-05-10,2026-05-10T19:00:00+00:00,D,6,0.27,0.2524,0.2471,0.2492,nan,0.252,0,37134
F1,fl1-hac-olm-2026-05-10,2026-05-10T19:00:00+00:00,D,24,0.26,0.2524,0.2471,0.2492,nan,0.252,0,37134
F1,fl1-hac-olm-2026-05-10,2026-05-10T19:00:00+00:00,A,1,0.49,0.4752,0.4942,0.4983,nan,0.5052,1,583972
F1,fl1-hac-olm-2026-05-10,2026-05-10T19:00:00+00:00,A,6,0.47,0.4752,0.4942,0.4983,nan,0.5052,1,583972
F1,fl1-hac-olm-2026-05-10,2026-05-10T19:00:00+00:00,A,24,0.48,0.4752,0.4942,0.4983,nan,0.5052,1,583972
F1,fl1-aja-ogc-2026-05-10,2026-05-10T19:00:00+00:00,H,1,0.39,0.3952,0.4046,0.4011,nan,0.3974,1,884379
F1,fl1-aja-ogc-2026-05-10,2026-05-10T19:00:00+00:00,H,6,0.39,0.3952,0.4046,0.4011,nan,0.3974,1,884379
F1,fl1-aja-ogc-2026-05-10,2026-05-10T19:00:00+00:00,H,24,0.39,0.3952,0.4046,0.4011,nan,0.3974,1,884379
F1,fl1-aja-ogc-2026-05-10,2026-05-10T19:00:00+00:00,D,1,0.29,0.2776,0.2807,0.2807,nan,0.2922,0,37870
F1,fl1-aja-ogc-2026-05-10,2026-05-10T19:00:00+00:00,D,6,0.29,0.2776,0.2807,0.2807,nan,0.2922,0,37870
F1,fl1-aja-ogc-2026-05-10,2026-05-10T19:00:00+00:00,D,24,0.29,0.2776,0.2807,0.2807,nan,0.2922,0,37870
F1,fl1-aja-ogc-2026-05-10,2026-05-10T19:00:00+00:00,A,1,0.32,0.3272,0.3147,0.3182,nan,0.3104,0,364562
F1,fl1-aja-ogc-2026-05-10,2026-05-10T19:00:00+00:00,A,6,0.32,0.3272,0.3147,0.3182,nan,0.3104,0,364562
F1,fl1-aja-ogc-2026-05-10,2026-05-10T19:00:00+00:00,A,24,0.32,0.3272,0.3147,0.3182,nan,0.3104,0,364562
F1,fl1-psg-sbr-2026-05-10,2026-05-10T19:00:00+00:00,H,1,0.82,0.8047,0.7893,0.788,nan,0.8092,1,558006
F1,fl1-psg-sbr-2026-05-10,2026-05-10T19:00:00+00:00,H,6,0.83,0.8047,0.7893,0.788,nan,0.8092,1,558006
F1,fl1-psg-sbr-2026-05-10,2026-05-10T19:00:00+00:00,H,24,0.83,0.8047,0.7893,0.788,nan,0.8092,1,558006
F1,fl1-psg-sbr-2026-05-10,2026-05-10T19:00:00+00:00,D,1,0.12,0.1258,0.1288,0.1261,nan,0.1244,0,47430
F1,fl1-psg-sbr-2026-05-10,2026-05-10T19:00:00+00:00,D,6,0.11,0.1258,0.1288,0.1261,nan,0.1244,0,47430
F1,fl1-psg-sbr-2026-05-10,2026-05-10T19:00:00+00:00,D,24,0.12,0.1258,0.1288,0.1261,nan,0.1244,0,47430
F1,fl1-psg-sbr-2026-05-10,2026-05-10T19:00:00+00:00,A,1,0.06,0.0695,0.0819,0.086,nan,0.0664,0,180955
F1,fl1-psg-sbr-2026-05-10,2026-05-10T19:00:00+00:00,A,6,0.06,0.0695,0.0819,0.086,nan,0.0664,0,180955
F1,fl1-psg-sbr-2026-05-10,2026-05-10T19:00:00+00:00,A,24,0.06,0.0695,0.0819,0.086,nan,0.0664,0,180955
F1,fl1-ren-pfc-2026-05-10,2026-05-10T19:00:00+00:00,H,1,0.63,0.6261,0.6112,0.6111,nan,0.6228,1,2348705
F1,fl1-ren-pfc-2026-05-10,2026-05-10T19:00:00+00:00,H,6,0.62,0.6261,0.6112,0.6111,nan,0.6228,1,2348705
F1,fl1-ren-pfc-2026-05-10,2026-05-10T19:00:00+00:00,H,24,0.64,0.6261,0.6112,0.6111,nan,0.6228,1,2348705
F1,fl1-ren-pfc-2026-05-10,2026-05-10T19:00:00+00:00,D,1,0.21,0.2064,0.2033,0.1994,nan,0.1993,0,19184
F1,fl1-ren-pfc-2026-05-10,2026-05-10T19:00:00+00:00,D,6,0.2,0.2064,0.2033,0.1994,nan,0.1993,0,19184
F1,fl1-ren-pfc-2026-05-10,2026-05-10T19:00:00+00:00,D,24,0.2,0.2064,0.2033,0.1994,nan,0.1993,0,19184
F1,fl1-ren-pfc-2026-05-10,2026-05-10T19:00:00+00:00,A,1,0.18,0.1675,0.1855,0.1894,nan,0.1779,0,61925
F1,fl1-ren-pfc-2026-05-10,2026-05-10T19:00:00+00:00,A,6,0.17,0.1675,0.1855,0.1894,nan,0.1779,0,61925
F1,fl1-ren-pfc-2026-05-10,2026-05-10T19:00:00+00:00,A,24,0.18,0.1675,0.1855,0.1894,nan,0.1779,0,61925
F1,fl1-ang-str-2026-05-10,2026-05-10T19:00:00+00:00,H,1,0.35,0.329,0.3545,0.3594,nan,0.3443,0,49962
F1,fl1-ang-str-2026-05-10,2026-05-10T19:00:00+00:00,H,6,0.35,0.329,0.3545,0.3594,nan,0.3443,0,49962
F1,fl1-ang-str-2026-05-10,2026-05-10T19:00:00+00:00,H,24,0.34,0.329,0.3545,0.3594,nan,0.3443,0,49962
F1,fl1-ang-str-2026-05-10,2026-05-10T19:00:00+00:00,D,1,0.28,0.2813,0.2712,0.27,nan,0.2774,1,45212
F1,fl1-ang-str-2026-05-10,2026-05-10T19:00:00+00:00,D,6,0.28,0.2813,0.2712,0.27,nan,0.2774,1,45212
F1,fl1-ang-str-2026-05-10,2026-05-10T19:00:00+00:00,D,24,0.29,0.2813,0.2712,0.27,nan,0.2774,1,45212
F1,fl1-ang-str-2026-05-10,2026-05-10T19:00:00+00:00,A,1,0.38,0.3896,0.3743,0.3706,nan,0.3783,0,87436
F1,fl1-ang-str-2026-05-10,2026-05-10T19:00:00+00:00,A,6,0.38,0.3896,0.3743,0.3706,nan,0.3783,0,87436
F1,fl1-ang-str-2026-05-10,2026-05-10T19:00:00+00:00,A,24,0.38,0.3896,0.3743,0.3706,nan,0.3783,0,87436
F1,fl1-sbr-str-2026-05-13,2026-05-13T17:00:00+00:00,H,1,0.35,0.3472,0.289,0.2907,nan,0.288,0,118517
F1,fl1-sbr-str-2026-05-13,2026-05-13T17:00:00+00:00,H,6,0.35,0.3472,0.289,0.2907,nan,0.288,0,118517
F1,fl1-sbr-str-2026-05-13,2026-05-13T17:00:00+00:00,H,24,0.35,0.3472,0.289,0.2907,nan,0.288,0,118517
F1,fl1-sbr-str-2026-05-13,2026-05-13T17:00:00+00:00,D,1,0.28,0.2682,0.263,0.2699,nan,0.2685,0,143875
F1,fl1-sbr-str-2026-05-13,2026-05-13T17:00:00+00:00,D,6,0.27,0.2682,0.263,0.2699,nan,0.2685,0,143875
F1,fl1-sbr-str-2026-05-13,2026-05-13T17:00:00+00:00,D,24,0.27,0.2682,0.263,0.2699,nan,0.2685,0,143875
F1,fl1-sbr-str-2026-05-13,2026-05-13T17:00:00+00:00,A,1,0.37,0.3846,0.448,0.4394,nan,0.4435,1,1214453
F1,fl1-sbr-str-2026-05-13,2026-05-13T17:00:00+00:00,A,6,0.39,0.3846,0.448,0.4394,nan,0.4435,1,1214453
F1,fl1-sbr-str-2026-05-13,2026-05-13T17:00:00+00:00,A,24,0.39,0.3846,0.448,0.4394,nan,0.4435,1,1214453
F1,fl1-rcl-psg-2026-05-13,2026-05-13T19:00:00+00:00,H,1,0.3,0.2828,0.3023,0.2958,nan,0.2887,0,494129
F1,fl1-rcl-psg-2026-05-13,2026-05-13T19:00:00+00:00,H,6,0.3,0.2828,0.3023,0.2958,nan,0.2887,0,494129
F1,fl1-rcl-psg-2026-05-13,2026-05-13T19:00:00+00:00,H,24,0.29,0.2828,0.3023,0.2958,nan,0.2887,0,494129
F1,fl1-rcl-psg-2026-05-13,2026-05-13T19:00:00+00:00,D,1,0.24,0.2387,0.233,0.2309,nan,0.2371,0,84823
F1,fl1-rcl-psg-2026-05-13,2026-05-13T19:00:00+00:00,D,6,0.25,0.2387,0.233,0.2309,nan,0.2371,0,84823
F1,fl1-rcl-psg-2026-05-13,2026-05-13T19:00:00+00:00,D,24,0.24,0.2387,0.233,0.2309,nan,0.2371,0,84823
F1,fl1-rcl-psg-2026-05-13,2026-05-13T19:00:00+00:00,A,1,0.44,0.4786,0.4647,0.4733,nan,0.4742,1,1103950
F1,fl1-rcl-psg-2026-05-13,2026-05-13T19:00:00+00:00,A,6,0.47,0.4786,0.4647,0.4733,nan,0.4742,1,1103950
F1,fl1-rcl-psg-2026-05-13,2026-05-13T19:00:00+00:00,A,24,0.48,0.4786,0.4647,0.4733,nan,0.4742,1,1103950
F1,fl1-pfc-psg-2026-05-17,2026-05-17T19:00:00+00:00,H,1,0.18,0.1811,0.1662,0.1657,nan,0.1553,1,122145
F1,fl1-pfc-psg-2026-05-17,2026-05-17T19:00:00+00:00,H,6,0.19,0.1811,0.1662,0.1657,nan,0.1553,1,122145
F1,fl1-pfc-psg-2026-05-17,2026-05-17T19:00:00+00:00,H,24,0.18,0.1811,0.1662,0.1657,nan,0.1553,1,122145
F1,fl1-pfc-psg-2026-05-17,2026-05-17T19:00:00+00:00,D,1,0.21,0.2054,0.1942,0.1906,nan,0.1949,0,45302
F1,fl1-pfc-psg-2026-05-17,2026-05-17T19:00:00+00:00,D,6,0.21,0.2054,0.1942,0.1906,nan,0.1949,0,45302
F1,fl1-pfc-psg-2026-05-17,2026-05-17T19:00:00+00:00,D,24,0.2,0.2054,0.1942,0.1906,nan,0.1949,0,45302
F1,fl1-pfc-psg-2026-05-17,2026-05-17T19:00:00+00:00,A,1,0.61,0.6135,0.6397,0.6438,nan,0.6497,0,781154
F1,fl1-pfc-psg-2026-05-17,2026-05-17T19:00:00+00:00,A,6,0.61,0.6135,0.6397,0.6438,nan,0.6497,0,781154
F1,fl1-pfc-psg-2026-05-17,2026-05-17T19:00:00+00:00,A,24,0.63,0.6135,0.6397,0.6438,nan,0.6497,0,781154
F1,fl1-str-asm-2026-05-17,2026-05-17T19:00:00+00:00,H,1,0.32,0.325,0.2919,0.2875,nan,0.2835,1,260007
F1,fl1-str-asm-2026-05-17,2026-05-17T19:00:00+00:00,H,6,0.31,0.325,0.2919,0.2875,nan,0.2835,1,260007
F1,fl1-str-asm-2026-05-17,2026-05-17T19:00:00+00:00,H,24,0.31,0.325,0.2919,0.2875,nan,0.2835,1,260007
F1,fl1-str-asm-2026-05-17,2026-05-17T19:00:00+00:00,D,1,0.23,0.2427,0.2255,0.2259,nan,0.2205,0,52628
F1,fl1-str-asm-2026-05-17,2026-05-17T19:00:00+00:00,D,6,0.24,0.2427,0.2255,0.2259,nan,0.2205,0,52628
F1,fl1-str-asm-2026-05-17,2026-05-17T19:00:00+00:00,D,24,0.25,0.2427,0.2255,0.2259,nan,0.2205,0,52628
F1,fl1-str-asm-2026-05-17,2026-05-17T19:00:00+00:00,A,1,0.46,0.4323,0.4825,0.4866,nan,0.4961,0,3574618
F1,fl1-str-asm-2026-05-17,2026-05-17T19:00:00+00:00,A,6,0.46,0.4323,0.4825,0.4866,nan,0.4961,0,3574618
F1,fl1-str-asm-2026-05-17,2026-05-17T19:00:00+00:00,A,24,0.45,0.4323,0.4825,0.4866,nan,0.4961,0,3574618
F1,fl1-sbr-ang-2026-05-17,2026-05-17T19:00:00+00:00,H,1,0.53,0.5203,0.4826,0.4823,nan,0.4826,0,78379
F1,fl1-sbr-ang-2026-05-17,2026-05-17T19:00:00+00:00,H,6,0.53,0.5203,0.4826,0.4823,nan,0.4826,0,78379
F1,fl1-sbr-ang-2026-05-17,2026-05-17T19:00:00+00:00,H,24,0.52,0.5203,0.4826,0.4823,nan,0.4826,0,78379
F1,fl1-sbr-ang-2026-05-17,2026-05-17T19:00:00+00:00,D,1,0.26,0.2559,0.2716,0.2766,nan,0.2773,1,26608
F1,fl1-sbr-ang-2026-05-17,2026-05-17T19:00:00+00:00,D,6,0.26,0.2559,0.2716,0.2766,nan,0.2773,1,26608
F1,fl1-sbr-ang-2026-05-17,2026-05-17T19:00:00+00:00,D,24,0.26,0.2559,0.2716,0.2766,nan,0.2773,1,26608
F1,fl1-sbr-ang-2026-05-17,2026-05-17T19:00:00+00:00,A,1,0.22,0.2239,0.2458,0.2411,nan,0.2401,0,21636
F1,fl1-sbr-ang-2026-05-17,2026-05-17T19:00:00+00:00,A,6,0.22,0.2239,0.2458,0.2411,nan,0.2401,0,21636
F1,fl1-sbr-ang-2026-05-17,2026-05-17T19:00:00+00:00,A,24,0.22,0.2239,0.2458,0.2411,nan,0.2401,0,21636
F1,fl1-lor-hac-2026-05-17,2026-05-17T19:00:00+00:00,H,1,0.37,0.365,0.4069,0.4157,nan,0.4142,0,48705
F1,fl1-lor-hac-2026-05-17,2026-05-17T19:00:00+00:00,H,6,0.37,0.365,0.4069,0.4157,nan,0.4142,0,48705
F1,fl1-lor-hac-2026-05-17,2026-05-17T19:00:00+00:00,H,24,0.37,0.365,0.4069,0.4157,nan,0.4142,0,48705
F1,fl1-lor-hac-2026-05-17,2026-05-17T19:00:00+00:00,D,1,0.28,0.2714,0.274,0.2656,nan,0.28,0,11128
F1,fl1-lor-hac-2026-05-17,2026-05-17T19:00:00+00:00,D,6,0.28,0.2714,0.274,0.2656,nan,0.28,0,11128
F1,fl1-lor-hac-2026-05-17,2026-05-17T19:00:00+00:00,D,24,0.27,0.2714,0.274,0.2656,nan,0.28,0,11128
F1,fl1-lor-hac-2026-05-17,2026-05-17T19:00:00+00:00,A,1,0.36,0.3636,0.3191,0.3187,nan,0.3058,1,103769
F1,fl1-lor-hac-2026-05-17,2026-05-17T19:00:00+00:00,A,6,0.37,0.3636,0.3191,0.3187,nan,0.3058,1,103769
F1,fl1-lor-hac-2026-05-17,2026-05-17T19:00:00+00:00,A,24,0.36,0.3636,0.3191,0.3187,nan,0.3058,1,103769
F1,fl1-lyo-rcl-2026-05-17,2026-05-17T19:00:00+00:00,H,1,0.58,0.5384,0.6132,0.5964,nan,0.6232,0,4549665
F1,fl1-lyo-rcl-2026-05-17,2026-05-17T19:00:00+00:00,H,6,0.57,0.5384,0.6132,0.5964,nan,0.6232,0,4549665
F1,fl1-lyo-rcl-2026-05-17,2026-05-17T19:00:00+00:00,H,24,0.56,0.5384,0.6132,0.5964,nan,0.6232,0,4549665
F1,fl1-lyo-rcl-2026-05-17,2026-05-17T19:00:00+00:00,D,1,0.23,0.2311,0.2062,0.2163,nan,0.1955,0,76554
F1,fl1-lyo-rcl-2026-05-17,2026-05-17T19:00:00+00:00,D,6,0.23,0.2311,0.2062,0.2163,nan,0.1955,0,76554
F1,fl1-lyo-rcl-2026-05-17,2026-05-17T19:00:00+00:00,D,24,0.24,0.2311,0.2062,0.2163,nan,0.1955,0,76554
F1,fl1-lyo-rcl-2026-05-17,2026-05-17T19:00:00+00:00,A,1,0.21,0.2305,0.1806,0.1873,nan,0.1813,1,325331
F1,fl1-lyo-rcl-2026-05-17,2026-05-17T19:00:00+00:00,A,6,0.22,0.2305,0.1806,0.1873,nan,0.1813,1,325331
F1,fl1-lyo-rcl-2026-05-17,2026-05-17T19:00:00+00:00,A,24,0.21,0.2305,0.1806,0.1873,nan,0.1813,1,325331
F1,fl1-ogc-met-2026-05-17,2026-05-17T19:00:00+00:00,H,1,0.74,0.6963,0.7386,0.7419,nan,0.7634,0,144931
F1,fl1-ogc-met-2026-05-17,2026-05-17T19:00:00+00:00,H,6,0.75,0.6963,0.7386,0.7419,nan,0.7634,0,144931
F1,fl1-ogc-met-2026-05-17,2026-05-17T19:00:00+00:00,H,24,0.73,0.6963,0.7386,0.7419,nan,0.7634,0,144931
F1,fl1-ogc-met-2026-05-17,2026-05-17T19:00:00+00:00,D,1,0.17,0.1833,0.1623,0.1639,nan,0.1504,1,22004
F1,fl1-ogc-met-2026-05-17,2026-05-17T19:00:00+00:00,D,6,0.17,0.1833,0.1623,0.1639,nan,0.1504,1,22004
F1,fl1-ogc-met-2026-05-17,2026-05-17T19:00:00+00:00,D,24,0.17,0.1833,0.1623,0.1639,nan,0.1504,1,22004
F1,fl1-ogc-met-2026-05-17,2026-05-17T19:00:00+00:00,A,1,0.09,0.1204,0.0991,0.0942,nan,0.0863,0,44385
F1,fl1-ogc-met-2026-05-17,2026-05-17T19:00:00+00:00,A,6,0.09,0.1204,0.0991,0.0942,nan,0.0863,0,44385
F1,fl1-ogc-met-2026-05-17,2026-05-17T19:00:00+00:00,A,24,0.1,0.1204,0.0991,0.0942,nan,0.0863,0,44385
F1,fl1-lil-aja-2026-05-17,2026-05-17T19:00:00+00:00,H,1,0.7,0.6859,0.6619,0.6645,nan,0.6802,0,221685
F1,fl1-lil-aja-2026-05-17,2026-05-17T19:00:00+00:00,H,6,0.7,0.6859,0.6619,0.6645,nan,0.6802,0,221685
F1,fl1-lil-aja-2026-05-17,2026-05-17T19:00:00+00:00,H,24,0.7,0.6859,0.6619,0.6645,nan,0.6802,0,221685
F1,fl1-lil-aja-2026-05-17,2026-05-17T19:00:00+00:00,D,1,0.2,0.1956,0.2038,0.2097,nan,0.1986,0,35075
F1,fl1-lil-aja-2026-05-17,2026-05-17T19:00:00+00:00,D,6,0.19,0.1956,0.2038,0.2097,nan,0.1986,0,35075
F1,fl1-lil-aja-2026-05-17,2026-05-17T19:00:00+00:00,D,24,0.19,0.1956,0.2038,0.2097,nan,0.1986,0,35075
F1,fl1-lil-aja-2026-05-17,2026-05-17T19:00:00+00:00,A,1,0.1,0.1185,0.1343,0.1258,nan,0.1211,1,123194
F1,fl1-lil-aja-2026-05-17,2026-05-17T19:00:00+00:00,A,6,0.11,0.1185,0.1343,0.1258,nan,0.1211,1,123194
F1,fl1-lil-aja-2026-05-17,2026-05-17T19:00:00+00:00,A,24,0.1,0.1185,0.1343,0.1258,nan,0.1211,1,123194
F1,fl1-olm-ren-2026-05-17,2026-05-17T19:00:00+00:00,H,1,0.48,0.468,0.5125,0.5257,nan,0.5262,1,1859414
F1,fl1-olm-ren-2026-05-17,2026-05-17T19:00:00+00:00,H,6,0.48,0.468,0.5125,0.5257,nan,0.5262,1,1859414
F1,fl1-olm-ren-2026-05-17,2026-05-17T19:00:00+00:00,H,24,0.48,0.468,0.5125,0.5257,nan,0.5262,1,1859414
F1,fl1-olm-ren-2026-05-17,2026-05-17T19:00:00+00:00,D,1,0.24,0.2524,0.2269,0.2253,nan,0.2313,0,17427
F1,fl1-olm-ren-2026-05-17,2026-05-17T19:00:00+00:00,D,6,0.24,0.2524,0.2269,0.2253,nan,0.2313,0,17427
F1,fl1-olm-ren-2026-05-17,2026-05-17T19:00:00+00:00,D,24,0.26,0.2524,0.2269,0.2253,nan,0.2313,0,17427
F1,fl1-olm-ren-2026-05-17,2026-05-17T19:00:00+00:00,A,1,0.29,0.2797,0.2605,0.249,nan,0.2426,0,147685
F1,fl1-olm-ren-2026-05-17,2026-05-17T19:00:00+00:00,A,6,0.28,0.2797,0.2605,0.249,nan,0.2426,0,147685
F1,fl1-olm-ren-2026-05-17,2026-05-17T19:00:00+00:00,A,24,0.27,0.2797,0.2605,0.249,nan,0.2426,0,147685
F1,fl1-nan-tou-2026-05-17,2026-05-17T19:00:00+00:00,H,1,0.37,0.3695,0.3387,0.3166,nan,0.3258,0,334992
F1,fl1-nan-tou-2026-05-17,2026-05-17T19:00:00+00:00,H,6,0.36,0.3695,0.3387,0.3166,nan,0.3258,0,334992
F1,fl1-nan-tou-2026-05-17,2026-05-17T19:00:00+00:00,H,24,0.37,0.3695,0.3387,0.3166,nan,0.3258,0,334992
F1,fl1-nan-tou-2026-05-17,2026-05-17T19:00:00+00:00,D,1,0.27,0.2653,0.2732,0.2793,nan,0.2799,1,430360
F1,fl1-nan-tou-2026-05-17,2026-05-17T19:00:00+00:00,D,6,0.27,0.2653,0.2732,0.2793,nan,0.2799,1,430360
F1,fl1-nan-tou-2026-05-17,2026-05-17T19:00:00+00:00,D,24,0.27,0.2653,0.2732,0.2793,nan,0.2799,1,430360
F1,fl1-nan-tou-2026-05-17,2026-05-17T19:00:00+00:00,A,1,0.37,0.3652,0.3881,0.4041,nan,0.3943,0,912776
F1,fl1-nan-tou-2026-05-17,2026-05-17T19:00:00+00:00,A,6,0.37,0.3652,0.3881,0.4041,nan,0.3943,0,912776
F1,fl1-nan-tou-2026-05-17,2026-05-17T19:00:00+00:00,A,24,0.36,0.3652,0.3881,0.4041,nan,0.3943,0,912776
F1,fl1-rcl-aja-2026-08-22,2026-08-22T15:15:00+00:00,H,1,0.66,0.6042,0.656,0.6645,nan,0.6652,1,1867035
F1,fl1-rcl-aja-2026-08-22,2026-08-22T15:15:00+00:00,H,6,0.64,0.6042,0.656,0.6645,nan,0.6652,1,1867035
F1,fl1-rcl-aja-2026-08-22,2026-08-22T15:15:00+00:00,H,24,0.63,0.6042,0.656,0.6645,nan,0.6652,1,1867035
F1,fl1-rcl-aja-2026-08-22,2026-08-22T15:15:00+00:00,D,1,0.21,0.2214,0.2071,0.2097,nan,0.2109,0,24278
F1,fl1-rcl-aja-2026-08-22,2026-08-22T15:15:00+00:00,D,6,0.22,0.2214,0.2071,0.2097,nan,0.2109,0,24278
F1,fl1-rcl-aja-2026-08-22,2026-08-22T15:15:00+00:00,D,24,0.22,0.2214,0.2071,0.2097,nan,0.2109,0,24278
F1,fl1-rcl-aja-2026-08-22,2026-08-22T15:15:00+00:00,A,1,0.13,0.1744,0.1369,0.1258,nan,0.1239,0,74656
F1,fl1-rcl-aja-2026-08-22,2026-08-22T15:15:00+00:00,A,6,0.14,0.1744,0.1369,0.1258,nan,0.1239,0,74656
F1,fl1-rcl-aja-2026-08-22,2026-08-22T15:15:00+00:00,A,24,0.16,0.1744,0.1369,0.1258,nan,0.1239,0,74656
F1,fl1-olm-str-2026-08-21,2026-08-21T18:45:00+00:00,H,1,0.56,0.5475,0.5442,0.5424,nan,0.5534,1,201508
F1,fl1-olm-str-2026-08-21,2026-08-21T18:45:00+00:00,H,6,0.56,0.5475,0.5442,0.5424,nan,0.5534,1,201508
F1,fl1-olm-str-2026-08-21,2026-08-21T18:45:00+00:00,H,24,0.56,0.5475,0.5442,0.5424,nan,0.5534,1,201508
F1,fl1-olm-str-2026-08-21,2026-08-21T18:45:00+00:00,D,1,0.24,0.2325,0.2342,0.2315,nan,0.2358,0,35635
F1,fl1-olm-str-2026-08-21,2026-08-21T18:45:00+00:00,D,6,0.24,0.2325,0.2342,0.2315,nan,0.2358,0,35635
F1,fl1-olm-str-2026-08-21,2026-08-21T18:45:00+00:00,D,24,0.23,0.2325,0.2342,0.2315,nan,0.2358,0,35635
F1,fl1-olm-str-2026-08-21,2026-08-21T18:45:00+00:00,A,1,0.21,0.22,0.2215,0.226,nan,0.2108,0,118604
F1,fl1-olm-str-2026-08-21,2026-08-21T18:45:00+00:00,A,6,0.22,0.22,0.2215,0.226,nan,0.2108,0,118604
F1,fl1-olm-str-2026-08-21,2026-08-21T18:45:00+00:00,A,24,0.21,0.22,0.2215,0.226,nan,0.2108,0,118604
F1,fl1-lmf-sbr-2026-08-22,2026-08-22T18:45:00+00:00,H,1,0.38,0.374,0.3761,0.3773,nan,0.3753,0,41160
F1,fl1-lmf-sbr-2026-08-22,2026-08-22T18:45:00+00:00,H,6,0.38,0.374,0.3761,0.3773,nan,0.3753,0,41160
F1,fl1-lmf-sbr-2026-08-22,2026-08-22T18:45:00+00:00,H,24,0.37,0.374,0.3761,0.3773,nan,0.3753,0,41160
F1,fl1-lmf-sbr-2026-08-22,2026-08-22T18:45:00+00:00,D,1,0.29,0.2769,0.2832,0.2858,nan,0.2852,1,12715
F1,fl1-lmf-sbr-2026-08-22,2026-08-22T18:45:00+00:00,D,6,0.29,0.2769,0.2832,0.2858,nan,0.2852,1,12715
F1,fl1-lmf-sbr-2026-08-22,2026-08-22T18:45:00+00:00,D,24,0.27,0.2769,0.2832,0.2858,nan,0.2852,1,12715
F1,fl1-lmf-sbr-2026-08-22,2026-08-22T18:45:00+00:00,A,1,0.34,0.349,0.3407,0.3369,nan,0.3395,0,29247
F1,fl1-lmf-sbr-2026-08-22,2026-08-22T18:45:00+00:00,A,6,0.33,0.349,0.3407,0.3369,nan,0.3395,0,29247
F1,fl1-lmf-sbr-2026-08-22,2026-08-22T18:45:00+00:00,A,24,0.35,0.349,0.3407,0.3369,nan,0.3395,0,29247
F1,fl1-tou-lyo-2026-08-22,2026-08-22T18:45:00+00:00,H,1,0.41,0.3368,0.4191,0.4318,nan,0.4222,0,125307
F1,fl1-tou-lyo-2026-08-22,2026-08-22T18:45:00+00:00,H,6,0.39,0.3368,0.4191,0.4318,nan,0.4222,0,125307
F1,fl1-tou-lyo-2026-08-22,2026-08-22T18:45:00+00:00,H,24,0.33,0.3368,0.4191,0.4318,nan,0.4222,0,125307
F1,fl1-tou-lyo-2026-08-22,2026-08-22T18:45:00+00:00,D,1,0.29,0.2762,0.2757,0.2714,nan,0.2847,0,22399
F1,fl1-tou-lyo-2026-08-22,2026-08-22T18:45:00+00:00,D,6,0.27,0.2762,0.2757,0.2714,nan,0.2847,0,22399
F1,fl1-tou-lyo-2026-08-22,2026-08-22T18:45:00+00:00,D,24,0.28,0.2762,0.2757,0.2714,nan,0.2847,0,22399
F1,fl1-tou-lyo-2026-08-22,2026-08-22T18:45:00+00:00,A,1,0.31,0.3869,0.3052,0.2968,nan,0.2931,1,123349
F1,fl1-tou-lyo-2026-08-22,2026-08-22T18:45:00+00:00,A,6,0.33,0.3869,0.3052,0.2968,nan,0.2931,1,123349
F1,fl1-tou-lyo-2026-08-22,2026-08-22T18:45:00+00:00,A,24,0.38,0.3869,0.3052,0.2968,nan,0.2931,1,123349
F1,fl1-ogc-lor-2026-08-22,2026-08-22T18:45:00+00:00,H,1,0.41,0.4464,0.4044,0.414,nan,0.3975,0,427351
F1,fl1-ogc-lor-2026-08-22,2026-08-22T18:45:00+00:00,H,6,0.44,0.4464,0.4044,0.414,nan,0.3975,0,427351
F1,fl1-ogc-lor-2026-08-22,2026-08-22T18:45:00+00:00,H,24,0.45,0.4464,0.4044,0.414,nan,0.3975,0,427351
F1,fl1-ogc-lor-2026-08-22,2026-08-22T18:45:00+00:00,D,1,0.3,0.2686,0.2917,0.2885,nan,0.2967,1,18468
F1,fl1-ogc-lor-2026-08-22,2026-08-22T18:45:00+00:00,D,6,0.29,0.2686,0.2917,0.2885,nan,0.2967,1,18468
F1,fl1-ogc-lor-2026-08-22,2026-08-22T18:45:00+00:00,D,24,0.26,0.2686,0.2917,0.2885,nan,0.2967,1,18468
F1,fl1-ogc-lor-2026-08-22,2026-08-22T18:45:00+00:00,A,1,0.29,0.285,0.3039,0.2975,nan,0.3058,0,26873
F1,fl1-ogc-lor-2026-08-22,2026-08-22T18:45:00+00:00,A,6,0.28,0.285,0.3039,0.2975,nan,0.3058,0,26873
F1,fl1-ogc-lor-2026-08-22,2026-08-22T18:45:00+00:00,A,24,0.28,0.285,0.3039,0.2975,nan,0.3058,0,26873
F1,fl1-tro-pfc-2026-08-22,2026-08-22T18:45:00+00:00,H,1,0.28,0.3165,0.2856,0.2706,nan,0.276,0,10093
F1,fl1-tro-pfc-2026-08-22,2026-08-22T18:45:00+00:00,H,6,0.29,0.3165,0.2856,0.2706,nan,0.276,0,10093
F1,fl1-tro-pfc-2026-08-22,2026-08-22T18:45:00+00:00,H,24,0.3,0.3165,0.2856,0.2706,nan,0.276,0,10093
F1,fl1-tro-pfc-2026-08-22,2026-08-22T18:45:00+00:00,D,1,0.28,0.2708,0.2677,0.2785,nan,0.2723,1,14188
F1,fl1-tro-pfc-2026-08-22,2026-08-22T18:45:00+00:00,D,6,0.28,0.2708,0.2677,0.2785,nan,0.2723,1,14188
F1,fl1-tro-pfc-2026-08-22,2026-08-22T18:45:00+00:00,D,24,0.28,0.2708,0.2677,0.2785,nan,0.2723,1,14188
F1,fl1-tro-pfc-2026-08-22,2026-08-22T18:45:00+00:00,A,1,0.45,0.4127,0.4467,0.4509,nan,0.4517,0,522046
F1,fl1-tro-pfc-2026-08-22,2026-08-22T18:45:00+00:00,A,6,0.45,0.4127,0.4467,0.4509,nan,0.4517,0,522046
F1,fl1-tro-pfc-2026-08-22,2026-08-22T18:45:00+00:00,A,24,0.43,0.4127,0.4467,0.4509,nan,0.4517,0,522046
F1,fl1-hac-asm-2026-08-23,2026-08-23T15:15:00+00:00,H,1,0.25,0.2564,0.2417,0.2267,nan,0.231,0,153331
F1,fl1-hac-asm-2026-08-23,2026-08-23T15:15:00+00:00,H,6,0.26,0.2564,0.2417,0.2267,nan,0.231,0,153331
F1,fl1-hac-asm-2026-08-23,2026-08-23T15:15:00+00:00,H,24,0.25,0.2564,0.2417,0.2267,nan,0.231,0,153331
F1,fl1-hac-asm-2026-08-23,2026-08-23T15:15:00+00:00,D,1,0.26,0.2444,0.2686,0.2721,nan,0.2722,0,25968
F1,fl1-hac-asm-2026-08-23,2026-08-23T15:15:00+00:00,D,6,0.25,0.2444,0.2686,0.2721,nan,0.2722,0,25968
F1,fl1-hac-asm-2026-08-23,2026-08-23T15:15:00+00:00,D,24,0.24,0.2444,0.2686,0.2721,nan,0.2722,0,25968
F1,fl1-hac-asm-2026-08-23,2026-08-23T15:15:00+00:00,A,1,0.49,0.4992,0.4897,0.5012,nan,0.4968,1,2408584
F1,fl1-hac-asm-2026-08-23,2026-08-23T15:15:00+00:00,A,6,0.5,0.4992,0.4897,0.5012,nan,0.4968,1,2408584
F1,fl1-hac-asm-2026-08-23,2026-08-23T15:15:00+00:00,A,24,0.52,0.4992,0.4897,0.5012,nan,0.4968,1,2408584
F1,fl1-ang-lil-2026-08-23,2026-08-23T13:00:00+00:00,H,1,0.2,0.1919,0.2017,0.1894,nan,0.1919,0,25057
F1,fl1-ang-lil-2026-08-23,2026-08-23T13:00:00+00:00,H,6,0.18,0.1919,0.2017,0.1894,nan,0.1919,0,25057
F1,fl1-ang-lil-2026-08-23,2026-08-23T13:00:00+00:00,H,24,0.2,0.1919,0.2017,0.1894,nan,0.1919,0,25057
F1,fl1-ang-lil-2026-08-23,2026-08-23T13:00:00+00:00,D,1,0.25,0.2538,0.2631,0.2631,nan,0.2627,0,21029
F1,fl1-ang-lil-2026-08-23,2026-08-23T13:00:00+00:00,D,6,0.26,0.2538,0.2631,0.2631,nan,0.2627,0,21029
F1,fl1-ang-lil-2026-08-23,2026-08-23T13:00:00+00:00,D,24,0.25,0.2538,0.2631,0.2631,nan,0.2627,0,21029
F1,fl1-ang-lil-2026-08-23,2026-08-23T13:00:00+00:00,A,1,0.56,0.5542,0.5352,0.5475,nan,0.5454,1,87484
F1,fl1-ang-lil-2026-08-23,2026-08-23T13:00:00+00:00,A,6,0.56,0.5542,0.5352,0.5475,nan,0.5454,1,87484
F1,fl1-ang-lil-2026-08-23,2026-08-23T13:00:00+00:00,A,24,0.56,0.5542,0.5352,0.5475,nan,0.5454,1,87484
F1,fl1-lil-psg-2026-08-28,2026-08-28T18:45:00+00:00,H,1,0.17,0.1964,0.2111,0.209,nan,0.1958,0,757779
F1,fl1-lil-psg-2026-08-28,2026-08-28T18:45:00+00:00,H,6,0.19,0.1964,0.2111,0.209,nan,0.1958,0,757779
F1,fl1-lil-psg-2026-08-28,2026-08-28T18:45:00+00:00,H,24,0.2,0.1964,0.2111,0.209,nan,0.1958,0,757779
F1,fl1-lil-psg-2026-08-28,2026-08-28T18:45:00+00:00,D,1,0.24,0.2447,0.2446,0.2475,nan,0.2496,1,170635
F1,fl1-lil-psg-2026-08-28,2026-08-28T18:45:00+00:00,D,6,0.24,0.2447,0.2446,0.2475,nan,0.2496,1,170635
F1,fl1-lil-psg-2026-08-28,2026-08-28T18:45:00+00:00,D,24,0.24,0.2447,0.2446,0.2475,nan,0.2496,1,170635
F1,fl1-lil-psg-2026-08-28,2026-08-28T18:45:00+00:00,A,1,0.59,0.5589,0.5443,0.5436,nan,0.5546,0,942213
F1,fl1-lil-psg-2026-08-28,2026-08-28T18:45:00+00:00,A,6,0.58,0.5589,0.5443,0.5436,nan,0.5546,0,942213
F1,fl1-lil-psg-2026-08-28,2026-08-28T18:45:00+00:00,A,24,0.53,0.5589,0.5443,0.5436,nan,0.5546,0,942213
F1,fl1-str-rcl-2026-08-29,2026-08-29T15:15:00+00:00,H,1,0.25,0.2765,0.2493,0.2419,nan,0.2377,1,194719
F1,fl1-str-rcl-2026-08-29,2026-08-29T15:15:00+00:00,H,6,0.24,0.2765,0.2493,0.2419,nan,0.2377,1,194719
F1,fl1-str-rcl-2026-08-29,2026-08-29T15:15:00+00:00,H,24,0.27,0.2765,0.2493,0.2419,nan,0.2377,1,194719
F1,fl1-str-rcl-2026-08-29,2026-08-29T15:15:00+00:00,D,1,0.25,0.264,0.2467,0.2482,nan,0.2528,0,35707
F1,fl1-str-rcl-2026-08-29,2026-08-29T15:15:00+00:00,D,6,0.25,0.264,0.2467,0.2482,nan,0.2528,0,35707
F1,fl1-str-rcl-2026-08-29,2026-08-29T15:15:00+00:00,D,24,0.27,0.264,0.2467,0.2482,nan,0.2528,0,35707
F1,fl1-str-rcl-2026-08-29,2026-08-29T15:15:00+00:00,A,1,0.51,0.4595,0.504,0.5099,nan,0.5095,0,544430
F1,fl1-str-rcl-2026-08-29,2026-08-29T15:15:00+00:00,A,6,0.5,0.4595,0.504,0.5099,nan,0.5095,0,544430
F1,fl1-str-rcl-2026-08-29,2026-08-29T15:15:00+00:00,A,24,0.47,0.4595,0.504,0.5099,nan,0.5095,0,544430
F1,fl1-sbr-tou-2026-08-29,2026-08-29T18:45:00+00:00,H,1,0.36,0.358,0.3884,0.3998,nan,0.3839,0,24966
F1,fl1-sbr-tou-2026-08-29,2026-08-29T18:45:00+00:00,H,6,0.35,0.358,0.3884,0.3998,nan,0.3839,0,24966
F1,fl1-sbr-tou-2026-08-29,2026-08-29T18:45:00+00:00,H,24,0.36,0.358,0.3884,0.3998,nan,0.3839,0,24966
F1,fl1-sbr-tou-2026-08-29,2026-08-29T18:45:00+00:00,D,1,0.28,0.2825,0.2806,0.2763,nan,0.2913,1,20102
F1,fl1-sbr-tou-2026-08-29,2026-08-29T18:45:00+00:00,D,6,0.28,0.2825,0.2806,0.2763,nan,0.2913,1,20102
F1,fl1-sbr-tou-2026-08-29,2026-08-29T18:45:00+00:00,D,24,0.29,0.2825,0.2806,0.2763,nan,0.2913,1,20102
F1,fl1-sbr-tou-2026-08-29,2026-08-29T18:45:00+00:00,A,1,0.36,0.3594,0.331,0.3239,nan,0.3248,0,79706
F1,fl1-sbr-tou-2026-08-29,2026-08-29T18:45:00+00:00,A,6,0.35,0.3594,0.331,0.3239,nan,0.3248,0,79706
F1,fl1-sbr-tou-2026-08-29,2026-08-29T18:45:00+00:00,A,24,0.35,0.3594,0.331,0.3239,nan,0.3248,0,79706
F1,fl1-lyo-hac-2026-08-29,2026-08-29T18:45:00+00:00,H,1,0.67,0.6461,0.6686,0.6757,nan,0.6822,0,1458285
F1,fl1-lyo-hac-2026-08-29,2026-08-29T18:45:00+00:00,H,6,0.66,0.6461,0.6686,0.6757,nan,0.6822,0,1458285
F1,fl1-lyo-hac-2026-08-29,2026-08-29T18:45:00+00:00,H,24,0.66,0.6461,0.6686,0.6757,nan,0.6822,0,1458285
F1,fl1-lyo-hac-2026-08-29,2026-08-29T18:45:00+00:00,D,1,0.21,0.2115,0.2006,0.1892,nan,0.1992,1,66645
F1,fl1-lyo-hac-2026-08-29,2026-08-29T18:45:00+00:00,D,6,0.2019,0.2115,0.2006,0.1892,nan,0.1992,1,66645
F1,fl1-lyo-hac-2026-08-29,2026-08-29T18:45:00+00:00,D,24,0.21,0.2115,0.2006,0.1892,nan,0.1992,1,66645
F1,fl1-lyo-hac-2026-08-29,2026-08-29T18:45:00+00:00,A,1,0.14,0.1424,0.1308,0.1351,nan,0.1186,0,147897
F1,fl1-lyo-hac-2026-08-29,2026-08-29T18:45:00+00:00,A,6,0.12,0.1424,0.1308,0.1351,nan,0.1186,0,147897
F1,fl1-lyo-hac-2026-08-29,2026-08-29T18:45:00+00:00,A,24,0.14,0.1424,0.1308,0.1351,nan,0.1186,0,147897
F1,fl1-aja-ang-2026-08-29,2026-08-29T18:45:00+00:00,H,1,0.47,0.4869,0.4356,0.4322,nan,0.4334,0,154217
F1,fl1-aja-ang-2026-08-29,2026-08-29T18:45:00+00:00,H,6,0.48,0.4869,0.4356,0.4322,nan,0.4334,0,154217
F1,fl1-aja-ang-2026-08-29,2026-08-29T18:45:00+00:00,H,24,0.5,0.4869,0.4356,0.4322,nan,0.4334,0,154217
F1,fl1-aja-ang-2026-08-29,2026-08-29T18:45:00+00:00,D,1,0.29,0.2708,0.2869,0.2881,nan,0.2995,0,49161
F1,fl1-aja-ang-2026-08-29,2026-08-29T18:45:00+00:00,D,6,0.28,0.2708,0.2869,0.2881,nan,0.2995,0,49161
F1,fl1-aja-ang-2026-08-29,2026-08-29T18:45:00+00:00,D,24,0.28,0.2708,0.2869,0.2881,nan,0.2995,0,49161
F1,fl1-aja-ang-2026-08-29,2026-08-29T18:45:00+00:00,A,1,0.25,0.2422,0.2775,0.2797,nan,0.2671,1,83257
F1,fl1-aja-ang-2026-08-29,2026-08-29T18:45:00+00:00,A,6,0.24,0.2422,0.2775,0.2797,nan,0.2671,1,83257
F1,fl1-aja-ang-2026-08-29,2026-08-29T18:45:00+00:00,A,24,0.22,0.2422,0.2775,0.2797,nan,0.2671,1,83257
F1,fl1-lor-tro-2026-08-29,2026-08-29T18:45:00+00:00,H,1,0.52,0.5084,0.4877,0.4866,nan,0.4931,0,95884
F1,fl1-lor-tro-2026-08-29,2026-08-29T18:45:00+00:00,H,6,0.51,0.5084,0.4877,0.4866,nan,0.4931,0,95884
F1,fl1-lor-tro-2026-08-29,2026-08-29T18:45:00+00:00,H,24,0.52,0.5084,0.4877,0.4866,nan,0.4931,0,95884
F1,fl1-lor-tro-2026-08-29,2026-08-29T18:45:00+00:00,D,1,0.28,0.2673,0.2827,0.2875,nan,0.2806,0,7537
F1,fl1-lor-tro-2026-08-29,2026-08-29T18:45:00+00:00,D,6,0.27,0.2673,0.2827,0.2875,nan,0.2806,0,7537
F1,fl1-lor-tro-2026-08-29,2026-08-29T18:45:00+00:00,D,24,0.27,0.2673,0.2827,0.2875,nan,0.2806,0,7537
F1,fl1-lor-tro-2026-08-29,2026-08-29T18:45:00+00:00,A,1,0.22,0.2243,0.2296,0.2259,nan,0.2264,1,39491
F1,fl1-lor-tro-2026-08-29,2026-08-29T18:45:00+00:00,A,6,0.22,0.2243,0.2296,0.2259,nan,0.2264,1,39491
F1,fl1-lor-tro-2026-08-29,2026-08-29T18:45:00+00:00,A,24,0.21,0.2243,0.2296,0.2259,nan,0.2264,1,39491
F1,fl1-pfc-ogc-2026-08-30,2026-08-30T13:00:00+00:00,H,1,0.47,0.4527,0.4855,0.4852,nan,0.4834,1,145426
F1,fl1-pfc-ogc-2026-08-30,2026-08-30T13:00:00+00:00,H,6,0.47,0.4527,0.4855,0.4852,nan,0.4834,1,145426
F1,fl1-pfc-ogc-2026-08-30,2026-08-30T13:00:00+00:00,H,24,0.47,0.4527,0.4855,0.4852,nan,0.4834,1,145426
F1,fl1-pfc-ogc-2026-08-30,2026-08-30T13:00:00+00:00,D,1,0.28,0.2848,0.2754,0.2783,nan,0.2818,0,62819
F1,fl1-pfc-ogc-2026-08-30,2026-08-30T13:00:00+00:00,D,6,0.29,0.2848,0.2754,0.2783,nan,0.2818,0,62819
F1,fl1-pfc-ogc-2026-08-30,2026-08-30T13:00:00+00:00,D,24,0.28,0.2848,0.2754,0.2783,nan,0.2818,0,62819
F1,fl1-pfc-ogc-2026-08-30,2026-08-30T13:00:00+00:00,A,1,0.25,0.2625,0.2391,0.2365,nan,0.2348,0,47422
F1,fl1-pfc-ogc-2026-08-30,2026-08-30T13:00:00+00:00,A,6,0.25,0.2625,0.2391,0.2365,nan,0.2348,0,47422
F1,fl1-pfc-ogc-2026-08-30,2026-08-30T13:00:00+00:00,A,24,0.24,0.2625,0.2391,0.2365,nan,0.2348,0,47422
F1,fl1-ren-lmf-2026-08-30,2026-08-30T15:15:00+00:00,H,1,0.69,0.6587,0.6986,0.6849,nan,0.7092,1,1553583
F1,fl1-ren-lmf-2026-08-30,2026-08-30T15:15:00+00:00,H,6,0.6861,0.6587,0.6986,0.6849,nan,0.7092,1,1553583
F1,fl1-ren-lmf-2026-08-30,2026-08-30T15:15:00+00:00,H,24,0.69,0.6587,0.6986,0.6849,nan,0.7092,1,1553583
F1,fl1-ren-lmf-2026-08-30,2026-08-30T15:15:00+00:00,D,1,0.2,0.2003,0.1807,0.18,nan,0.1805,0,67960
F1,fl1-ren-lmf-2026-08-30,2026-08-30T15:15:00+00:00,D,6,0.2,0.2003,0.1807,0.18,nan,0.1805,0,67960
F1,fl1-ren-lmf-2026-08-30,2026-08-30T15:15:00+00:00,D,24,0.19,0.2003,0.1807,0.18,nan,0.1805,0,67960
F1,fl1-ren-lmf-2026-08-30,2026-08-30T15:15:00+00:00,A,1,0.12,0.1411,0.1208,0.135,nan,0.1103,0,163665
F1,fl1-ren-lmf-2026-08-30,2026-08-30T15:15:00+00:00,A,6,0.12,0.1411,0.1208,0.135,nan,0.1103,0,163665
F1,fl1-ren-lmf-2026-08-30,2026-08-30T15:15:00+00:00,A,24,0.12,0.1411,0.1208,0.135,nan,0.1103,0,163665
F1,fl1-tou-lil-2026-09-03,2026-09-03T18:45:00+00:00,H,1,0.23,0.2775,0.2542,0.2642,nan,0.2482,0,37019
F1,fl1-tou-lil-2026-09-03,2026-09-03T18:45:00+00:00,H,6,0.24,0.2775,0.2542,0.2642,nan,0.2482,0,37019
F1,fl1-tou-lil-2026-09-03,2026-09-03T18:45:00+00:00,H,24,0.27,0.2775,0.2542,0.2642,nan,0.2482,0,37019
F1,fl1-tou-lil-2026-09-03,2026-09-03T18:45:00+00:00,D,1,0.27,0.2826,0.2766,0.2718,nan,0.2836,0,54308
F1,fl1-tou-lil-2026-09-03,2026-09-03T18:45:00+00:00,D,6,0.28,0.2826,0.2766,0.2718,nan,0.2836,0,54308
F1,fl1-tou-lil-2026-09-03,2026-09-03T18:45:00+00:00,D,24,0.28,0.2826,0.2766,0.2718,nan,0.2836,0,54308
F1,fl1-tou-lil-2026-09-03,2026-09-03T18:45:00+00:00,A,1,0.51,0.4399,0.4692,0.464,nan,0.4682,1,304664
F1,fl1-tou-lil-2026-09-03,2026-09-03T18:45:00+00:00,A,6,0.5,0.4399,0.4692,0.464,nan,0.4682,1,304664
F1,fl1-tou-lil-2026-09-03,2026-09-03T18:45:00+00:00,A,24,0.45,0.4399,0.4692,0.464,nan,0.4682,1,304664
F1,fl1-asm-olm-2026-08-30,2026-08-30T18:45:00+00:00,H,1,0.44,0.3935,0.4289,0.4318,nan,0.4298,1,268893
F1,fl1-asm-olm-2026-08-30,2026-08-30T18:45:00+00:00,H,6,0.43,0.3935,0.4289,0.4318,nan,0.4298,1,268893
F1,fl1-asm-olm-2026-08-30,2026-08-30T18:45:00+00:00,H,24,0.4,0.3935,0.4289,0.4318,nan,0.4298,1,268893
F1,fl1-asm-olm-2026-08-30,2026-08-30T18:45:00+00:00,D,1,0.27,0.2545,0.2696,0.2714,nan,0.277,0,82981
F1,fl1-asm-olm-2026-08-30,2026-08-30T18:45:00+00:00,D,6,0.27,0.2545,0.2696,0.2714,nan,0.277,0,82981
F1,fl1-asm-olm-2026-08-30,2026-08-30T18:45:00+00:00,D,24,0.27,0.2545,0.2696,0.2714,nan,0.277,0,82981
F1,fl1-asm-olm-2026-08-30,2026-08-30T18:45:00+00:00,A,1,0.31,0.3521,0.3015,0.2968,nan,0.2933,0,78824
F1,fl1-asm-olm-2026-08-30,2026-08-30T18:45:00+00:00,A,6,0.31,0.3521,0.3015,0.2968,nan,0.2933,0,78824
F1,fl1-asm-olm-2026-08-30,2026-08-30T18:45:00+00:00,A,24,0.35,0.3521,0.3015,0.2968,nan,0.2933,0,78824
F1,fl1-lyo-aja-2026-09-04,2026-09-04T17:00:00+00:00,H,1,0.7,0.664,0.6767,0.6656,nan,0.6849,1,973778
F1,fl1-lyo-aja-2026-09-04,2026-09-04T17:00:00+00:00,H,6,0.68,0.664,0.6767,0.6656,nan,0.6849,1,973778
F1,fl1-lyo-aja-2026-09-04,2026-09-04T17:00:00+00:00,H,24,0.64,0.664,0.6767,0.6656,nan,0.6849,1,973778
F1,fl1-lyo-aja-2026-09-04,2026-09-04T17:00:00+00:00,D,1,0.19,0.2036,0.1874,0.189,nan,0.191,0,39274
F1,fl1-lyo-aja-2026-09-04,2026-09-04T17:00:00+00:00,D,6,0.2,0.2036,0.1874,0.189,nan,0.191,0,39274
F1,fl1-lyo-aja-2026-09-04,2026-09-04T17:00:00+00:00,D,24,0.22,0.2036,0.1874,0.189,nan,0.191,0,39274
F1,fl1-lyo-aja-2026-09-04,2026-09-04T17:00:00+00:00,A,1,0.12,0.1324,0.1359,0.1454,nan,0.1241,0,256510
F1,fl1-lyo-aja-2026-09-04,2026-09-04T17:00:00+00:00,A,6,0.13,0.1324,0.1359,0.1454,nan,0.1241,0,256510
F1,fl1-lyo-aja-2026-09-04,2026-09-04T17:00:00+00:00,A,24,0.14,0.1324,0.1359,0.1454,nan,0.1241,0,256510
F1,fl1-psg-asm-2026-09-04,2026-09-04T19:05:00+00:00,H,1,0.73,0.7043,0.7172,0.7202,nan,0.7211,0,412422
F1,fl1-psg-asm-2026-09-04,2026-09-04T19:05:00+00:00,H,6,0.73,0.7043,0.7172,0.7202,nan,0.7211,0,412422
F1,fl1-psg-asm-2026-09-04,2026-09-04T19:05:00+00:00,H,24,0.7,0.7043,0.7172,0.7202,nan,0.7211,0,412422
F1,fl1-psg-asm-2026-09-04,2026-09-04T19:05:00+00:00,D,1,0.16,0.1688,0.1643,0.1628,nan,0.1658,0,87275
F1,fl1-psg-asm-2026-09-04,2026-09-04T19:05:00+00:00,D,6,0.17,0.1688,0.1643,0.1628,nan,0.1658,0,87275
F1,fl1-psg-asm-2026-09-04,2026-09-04T19:05:00+00:00,D,24,0.18,0.1688,0.1643,0.1628,nan,0.1658,0,87275
F1,fl1-psg-asm-2026-09-04,2026-09-04T19:05:00+00:00,A,1,0.12,0.1269,0.1185,0.117,nan,0.1131,1,281483
F1,fl1-psg-asm-2026-09-04,2026-09-04T19:05:00+00:00,A,6,0.12,0.1269,0.1185,0.117,nan,0.1131,1,281483
F1,fl1-psg-asm-2026-09-04,2026-09-04T19:05:00+00:00,A,24,0.13,0.1269,0.1185,0.117,nan,0.1131,1,281483
F1,fl1-rcl-lor-2026-09-05,2026-09-05T15:15:00+00:00,H,1,0.64,0.6434,0.6231,0.6303,nan,0.6318,0,152517
F1,fl1-rcl-lor-2026-09-05,2026-09-05T15:15:00+00:00,H,6,0.64,0.6434,0.6231,0.6303,nan,0.6318,0,152517
F1,fl1-rcl-lor-2026-09-05,2026-09-05T15:15:00+00:00,H,24,0.67,0.6434,0.6231,0.6303,nan,0.6318,0,152517
F1,fl1-rcl-lor-2026-09-05,2026-09-05T15:15:00+00:00,D,1,0.22,0.2092,0.2153,0.2184,nan,0.217,0,25905
F1,fl1-rcl-lor-2026-09-05,2026-09-05T15:15:00+00:00,D,6,0.2,0.2092,0.2153,0.2184,nan,0.217,0,25905
F1,fl1-rcl-lor-2026-09-05,2026-09-05T15:15:00+00:00,D,24,0.2,0.2092,0.2153,0.2184,nan,0.217,0,25905
F1,fl1-rcl-lor-2026-09-05,2026-09-05T15:15:00+00:00,A,1,0.16,0.1474,0.1617,0.1513,nan,0.1512,1,105923
F1,fl1-rcl-lor-2026-09-05,2026-09-05T15:15:00+00:00,A,6,0.15,0.1474,0.1617,0.1513,nan,0.1512,1,105923
F1,fl1-rcl-lor-2026-09-05,2026-09-05T15:15:00+00:00,A,24,0.14,0.1474,0.1617,0.1513,nan,0.1512,1,105923
F1,fl1-hac-sbr-2026-09-05,2026-09-05T18:45:00+00:00,H,1,0.35,0.3622,0.3308,0.3261,nan,0.3256,0,75917
F1,fl1-hac-sbr-2026-09-05,2026-09-05T18:45:00+00:00,H,6,0.35,0.3622,0.3308,0.3261,nan,0.3256,0,75917
F1,fl1-hac-sbr-2026-09-05,2026-09-05T18:45:00+00:00,H,24,0.37,0.3622,0.3308,0.3261,nan,0.3256,0,75917
F1,fl1-hac-sbr-2026-09-05,2026-09-05T18:45:00+00:00,D,1,0.29,0.2904,0.2937,0.2956,nan,0.301,0,51444
F1,fl1-hac-sbr-2026-09-05,2026-09-05T18:45:00+00:00,D,6,0.3,0.2904,0.2937,0.2956,nan,0.301,0,51444
F1,fl1-hac-sbr-2026-09-05,2026-09-05T18:45:00+00:00,D,24,0.3,0.2904,0.2937,0.2956,nan,0.301,0,51444
F1,fl1-hac-sbr-2026-09-05,2026-09-05T18:45:00+00:00,A,1,0.36,0.3474,0.3756,0.3783,nan,0.3734,1,89523
F1,fl1-hac-sbr-2026-09-05,2026-09-05T18:45:00+00:00,A,6,0.36,0.3474,0.3756,0.3783,nan,0.3734,1,89523
F1,fl1-hac-sbr-2026-09-05,2026-09-05T18:45:00+00:00,A,24,0.35,0.3474,0.3756,0.3783,nan,0.3734,1,89523
F1,fl1-ogc-lmf-2026-09-05,2026-09-05T18:45:00+00:00,H,1,0.55,0.5141,0.5712,0.5836,nan,0.5773,0,1672013
F1,fl1-ogc-lmf-2026-09-05,2026-09-05T18:45:00+00:00,H,6,0.54,0.5141,0.5712,0.5836,nan,0.5773,0,1672013
F1,fl1-ogc-lmf-2026-09-05,2026-09-05T18:45:00+00:00,H,24,0.53,0.5141,0.5712,0.5836,nan,0.5773,0,1672013
F1,fl1-ogc-lmf-2026-09-05,2026-09-05T18:45:00+00:00,D,1,0.26,0.2592,0.2368,0.2363,nan,0.2422,1,76443
F1,fl1-ogc-lmf-2026-09-05,2026-09-05T18:45:00+00:00,D,6,0.26,0.2592,0.2368,0.2363,nan,0.2422,1,76443
F1,fl1-ogc-lmf-2026-09-05,2026-09-05T18:45:00+00:00,D,24,0.27,0.2592,0.2368,0.2363,nan,0.2422,1,76443
F1,fl1-ogc-lmf-2026-09-05,2026-09-05T18:45:00+00:00,A,1,0.21,0.2267,0.192,0.1801,nan,0.1805,0,123822
F1,fl1-ogc-lmf-2026-09-05,2026-09-05T18:45:00+00:00,A,6,0.21,0.2267,0.192,0.1801,nan,0.1805,0,123822
F1,fl1-ogc-lmf-2026-09-05,2026-09-05T18:45:00+00:00,A,24,0.22,0.2267,0.192,0.1801,nan,0.1805,0,123822
F1,fl1-tro-str-2026-09-06,2026-09-06T13:00:00+00:00,H,1,0.32,0.3107,0.3409,0.3438,nan,0.3374,0,48338
F1,fl1-tro-str-2026-09-06,2026-09-06T13:00:00+00:00,H,6,0.32,0.3107,0.3409,0.3438,nan,0.3374,0,48338
F1,fl1-tro-str-2026-09-06,2026-09-06T13:00:00+00:00,H,24,0.32,0.3107,0.3409,0.3438,nan,0.3374,0,48338
F1,fl1-tro-str-2026-09-06,2026-09-06T13:00:00+00:00,D,1,0.28,0.2792,0.2751,0.2781,nan,0.2814,0,23580
F1,fl1-tro-str-2026-09-06,2026-09-06T13:00:00+00:00,D,6,0.27,0.2792,0.2751,0.2781,nan,0.2814,0,23580
F1,fl1-tro-str-2026-09-06,2026-09-06T13:00:00+00:00,D,24,0.29,0.2792,0.2751,0.2781,nan,0.2814,0,23580
F1,fl1-tro-str-2026-09-06,2026-09-06T13:00:00+00:00,A,1,0.4,0.4102,0.384,0.3782,nan,0.3812,1,103032
F1,fl1-tro-str-2026-09-06,2026-09-06T13:00:00+00:00,A,6,0.4,0.4102,0.384,0.3782,nan,0.3812,1,103032
F1,fl1-tro-str-2026-09-06,2026-09-06T13:00:00+00:00,A,24,0.41,0.4102,0.384,0.3782,nan,0.3812,1,103032
F1,fl1-olm-pfc-2026-09-06,2026-09-06T18:45:00+00:00,H,1,0.51,0.5336,0.5033,0.4983,nan,0.5024,0,774849
F1,fl1-olm-pfc-2026-09-06,2026-09-06T18:45:00+00:00,H,6,0.51,0.5336,0.5033,0.4983,nan,0.5024,0,774849
F1,fl1-olm-pfc-2026-09-06,2026-09-06T18:45:00+00:00,H,24,0.53,0.5336,0.5033,0.4983,nan,0.5024,0,774849
F1,fl1-olm-pfc-2026-09-06,2026-09-06T18:45:00+00:00,D,1,0.26,0.2419,0.251,0.2525,nan,0.255,0,47149
F1,fl1-olm-pfc-2026-09-06,2026-09-06T18:45:00+00:00,D,6,0.25,0.2419,0.251,0.2525,nan,0.255,0,47149
F1,fl1-olm-pfc-2026-09-06,2026-09-06T18:45:00+00:00,D,24,0.24,0.2419,0.251,0.2525,nan,0.255,0,47149
F1,fl1-olm-pfc-2026-09-06,2026-09-06T18:45:00+00:00,A,1,0.24,0.2245,0.2457,0.2492,nan,0.2426,1,169497
F1,fl1-olm-pfc-2026-09-06,2026-09-06T18:45:00+00:00,A,6,0.24,0.2245,0.2457,0.2492,nan,0.2426,1,169497
F1,fl1-olm-pfc-2026-09-06,2026-09-06T18:45:00+00:00,A,24,0.23,0.2245,0.2457,0.2492,nan,0.2426,1,169497
F1,fl1-ang-ren-2026-09-06,2026-09-06T15:15:00+00:00,H,1,0.24,0.247,0.2129,0.2096,nan,0.2033,0,71710
F1,fl1-ang-ren-2026-09-06,2026-09-06T15:15:00+00:00,H,6,0.24,0.247,0.2129,0.2096,nan,0.2033,0,71710
F1,fl1-ang-ren-2026-09-06,2026-09-06T15:15:00+00:00,D,1,0.25,0.2497,0.2347,0.2357,nan,0.2372,0,21350
F1,fl1-ang-ren-2026-09-06,2026-09-06T15:15:00+00:00,D,6,0.24,0.2497,0.2347,0.2357,nan,0.2372,0,21350
F1,fl1-ang-ren-2026-09-06,2026-09-06T15:15:00+00:00,D,24,0.25,0.2497,0.2347,0.2357,nan,0.2372,0,21350
F1,fl1-ang-ren-2026-09-06,2026-09-06T15:15:00+00:00,A,1,0.52,0.5033,0.5523,0.5547,nan,0.5596,1,989817
F1,fl1-ang-ren-2026-09-06,2026-09-06T15:15:00+00:00,A,6,0.52,0.5033,0.5523,0.5547,nan,0.5596,1,989817
F1,fl1-ang-ren-2026-09-06,2026-09-06T15:15:00+00:00,A,24,0.52,0.5033,0.5523,0.5547,nan,0.5596,1,989817
F1,fl1-ren-olm-2026-09-11,2026-09-11T18:45:00+00:00,H,1,0.45,0.4486,0.4774,0.483,nan,0.4785,1,3156796
F1,fl1-ren-olm-2026-09-11,2026-09-11T18:45:00+00:00,H,6,0.49,0.4486,0.4774,0.483,nan,0.4785,1,3156796
F1,fl1-ren-olm-2026-09-11,2026-09-11T18:45:00+00:00,H,24,0.46,0.4486,0.4774,0.483,nan,0.4785,1,3156796
F1,fl1-ren-olm-2026-09-11,2026-09-11T18:45:00+00:00,D,1,0.25,0.2461,0.2443,0.2479,nan,0.2488,0,202625
F1,fl1-ren-olm-2026-09-11,2026-09-11T18:45:00+00:00,D,6,0.25,0.2461,0.2443,0.2479,nan,0.2488,0,202625
F1,fl1-ren-olm-2026-09-11,2026-09-11T18:45:00+00:00,D,24,0.25,0.2461,0.2443,0.2479,nan,0.2488,0,202625
F1,fl1-ren-olm-2026-09-11,2026-09-11T18:45:00+00:00,A,1,0.29,0.3054,0.2783,0.2691,nan,0.2727,0,140406
F1,fl1-ren-olm-2026-09-11,2026-09-11T18:45:00+00:00,A,6,0.27,0.3054,0.2783,0.2691,nan,0.2727,0,140406
F1,fl1-ren-olm-2026-09-11,2026-09-11T18:45:00+00:00,A,24,0.3,0.3054,0.2783,0.2691,nan,0.2727,0,140406
F1,fl1-str-asm-2026-09-12,2026-09-12T15:15:00+00:00,H,1,0.29,0.3114,0.3132,0.3181,nan,0.3049,0,72432
F1,fl1-str-asm-2026-09-12,2026-09-12T15:15:00+00:00,H,6,0.29,0.3114,0.3132,0.3181,nan,0.3049,0,72432
F1,fl1-str-asm-2026-09-12,2026-09-12T15:15:00+00:00,H,24,0.31,0.3114,0.3132,0.3181,nan,0.3049,0,72432
F1,fl1-str-asm-2026-09-12,2026-09-12T15:15:00+00:00,D,1,0.26,0.2526,0.2583,0.2579,nan,0.2643,1,88786
F1,fl1-str-asm-2026-09-12,2026-09-12T15:15:00+00:00,D,6,0.26,0.2526,0.2583,0.2579,nan,0.2643,1,88786
F1,fl1-str-asm-2026-09-12,2026-09-12T15:15:00+00:00,D,24,0.26,0.2526,0.2583,0.2579,nan,0.2643,1,88786
F1,fl1-str-asm-2026-09-12,2026-09-12T15:15:00+00:00,A,1,0.46,0.436,0.4285,0.4241,nan,0.4308,0,195209
F1,fl1-str-asm-2026-09-12,2026-09-12T15:15:00+00:00,A,6,0.46,0.436,0.4285,0.4241,nan,0.4308,0,195209
F1,fl1-str-asm-2026-09-12,2026-09-12T15:15:00+00:00,A,24,0.45,0.436,0.4285,0.4241,nan,0.4308,0,195209
F1,fl1-pfc-lyo-2026-09-12,2026-09-12T18:45:00+00:00,H,1,0.38,0.3581,0.3796,0.3828,nan,0.3783,0,96537
F1,fl1-pfc-lyo-2026-09-12,2026-09-12T18:45:00+00:00,H,6,0.37,0.3581,0.3796,0.3828,nan,0.3783,0,96537
F1,fl1-pfc-lyo-2026-09-12,2026-09-12T18:45:00+00:00,H,24,0.37,0.3581,0.3796,0.3828,nan,0.3783,0,96537
F1,fl1-pfc-lyo-2026-09-12,2026-09-12T18:45:00+00:00,D,1,0.27,0.2621,0.2637,0.2605,nan,0.27,1,45914
F1,fl1-pfc-lyo-2026-09-12,2026-09-12T18:45:00+00:00,D,6,0.27,0.2621,0.2637,0.2605,nan,0.27,1,45914
F1,fl1-pfc-lyo-2026-09-12,2026-09-12T18:45:00+00:00,D,24,0.27,0.2621,0.2637,0.2605,nan,0.27,1,45914
F1,fl1-pfc-lyo-2026-09-12,2026-09-12T18:45:00+00:00,A,1,0.36,0.3798,0.3566,0.3566,nan,0.3517,0,39147
F1,fl1-pfc-lyo-2026-09-12,2026-09-12T18:45:00+00:00,A,6,0.3625,0.3798,0.3566,0.3566,nan,0.3517,0,39147
F1,fl1-pfc-lyo-2026-09-12,2026-09-12T18:45:00+00:00,A,24,0.38,0.3798,0.3566,0.3566,nan,0.3517,0,39147
F1,fl1-hac-ang-2026-09-12,2026-09-12T18:45:00+00:00,H,1,0.36,0.3807,0.3663,0.3632,nan,0.3639,0,23870
F1,fl1-hac-ang-2026-09-12,2026-09-12T18:45:00+00:00,H,6,0.36,0.3807,0.3663,0.3632,nan,0.3639,0,23870
F1,fl1-hac-ang-2026-09-12,2026-09-12T18:45:00+00:00,H,24,0.37,0.3807,0.3663,0.3632,nan,0.3639,0,23870
F1,fl1-hac-ang-2026-09-12,2026-09-12T18:45:00+00:00,D,1,0.3,0.2918,0.281,0.2777,nan,0.2849,1,11539
F1,fl1-hac-ang-2026-09-12,2026-09-12T18:45:00+00:00,D,6,0.3,0.2918,0.281,0.2777,nan,0.2849,1,11539
F1,fl1-hac-ang-2026-09-12,2026-09-12T18:45:00+00:00,D,24,0.3,0.2918,0.281,0.2777,nan,0.2849,1,11539
F1,fl1-hac-ang-2026-09-12,2026-09-12T18:45:00+00:00,A,1,0.35,0.3275,0.3526,0.3591,nan,0.3511,0,33384
F1,fl1-hac-ang-2026-09-12,2026-09-12T18:45:00+00:00,A,6,0.35,0.3275,0.3526,0.3591,nan,0.3511,0,33384
F1,fl1-hac-ang-2026-09-12,2026-09-12T18:45:00+00:00,A,24,0.33,0.3275,0.3526,0.3591,nan,0.3511,0,33384
F1,fl1-aja-ogc-2026-09-12,2026-09-12T18:45:00+00:00,H,1,0.34,0.3701,0.3302,0.3265,nan,0.3216,1,41693
F1,fl1-aja-ogc-2026-09-12,2026-09-12T18:45:00+00:00,H,6,0.35,0.3701,0.3302,0.3265,nan,0.3216,1,41693
F1,fl1-aja-ogc-2026-09-12,2026-09-12T18:45:00+00:00,H,24,0.37,0.3701,0.3302,0.3265,nan,0.3216,1,41693
F1,fl1-aja-ogc-2026-09-12,2026-09-12T18:45:00+00:00,D,1,0.29,0.2831,0.2826,0.287,nan,0.289,0,5171
F1,fl1-aja-ogc-2026-09-12,2026-09-12T18:45:00+00:00,D,6,0.29,0.2831,0.2826,0.287,nan,0.289,0,5171
F1,fl1-aja-ogc-2026-09-12,2026-09-12T18:45:00+00:00,D,24,0.29,0.2831,0.2826,0.287,nan,0.289,0,5171
F1,fl1-aja-ogc-2026-09-12,2026-09-12T18:45:00+00:00,A,1,0.39,0.3468,0.3872,0.3865,nan,0.3894,0,20223
F1,fl1-aja-ogc-2026-09-12,2026-09-12T18:45:00+00:00,A,6,0.38,0.3468,0.3872,0.3865,nan,0.3894,0,20223
F1,fl1-aja-ogc-2026-09-12,2026-09-12T18:45:00+00:00,A,24,0.34,0.3468,0.3872,0.3865,nan,0.3894,0,20223
F1,fl1-lor-tou-2026-09-12,2026-09-12T18:45:00+00:00,H,1,0.4,0.3662,0.4027,0.41,nan,0.4029,0,84156
F1,fl1-lor-tou-2026-09-12,2026-09-12T18:45:00+00:00,H,6,0.4,0.3662,0.4027,0.41,nan,0.4029,0,84156
F1,fl1-lor-tou-2026-09-12,2026-09-12T18:45:00+00:00,H,24,0.37,0.3662,0.4027,0.41,nan,0.4029,0,84156
F1,fl1-lor-tou-2026-09-12,2026-09-12T18:45:00+00:00,D,1,0.29,0.2841,0.2835,0.2858,nan,0.2896,1,21656
F1,fl1-lor-tou-2026-09-12,2026-09-12T18:45:00+00:00,D,6,0.29,0.2841,0.2835,0.2858,nan,0.2896,1,21656
F1,fl1-lor-tou-2026-09-12,2026-09-12T18:45:00+00:00,D,24,0.3,0.2841,0.2835,0.2858,nan,0.2896,1,21656
F1,fl1-lor-tou-2026-09-12,2026-09-12T18:45:00+00:00,A,1,0.31,0.3498,0.3138,0.3042,nan,0.3075,0,31474
F1,fl1-lor-tou-2026-09-12,2026-09-12T18:45:00+00:00,A,6,0.32,0.3498,0.3138,0.3042,nan,0.3075,0,31474
F1,fl1-lor-tou-2026-09-12,2026-09-12T18:45:00+00:00,A,24,0.32,0.3498,0.3138,0.3042,nan,0.3075,0,31474
F1,fl1-lil-tro-2026-09-13,2026-09-13T13:00:00+00:00,H,1,0.68,0.6733,0.6371,0.6316,nan,0.6505,1,152472
F1,fl1-lil-tro-2026-09-13,2026-09-13T13:00:00+00:00,H,6,0.7,0.6733,0.6371,0.6316,nan,0.6505,1,152472
F1,fl1-lil-tro-2026-09-13,2026-09-13T13:00:00+00:00,H,24,0.69,0.6733,0.6371,0.6316,nan,0.6505,1,152472
F1,fl1-lil-tro-2026-09-13,2026-09-13T13:00:00+00:00,D,1,0.2,0.1995,0.2063,0.2105,nan,0.2073,0,20208
F1,fl1-lil-tro-2026-09-13,2026-09-13T13:00:00+00:00,D,6,0.2,0.1995,0.2063,0.2105,nan,0.2073,0,20208
F1,fl1-lil-tro-2026-09-13,2026-09-13T13:00:00+00:00,D,24,0.2,0.1995,0.2063,0.2105,nan,0.2073,0,20208
F1,fl1-lil-tro-2026-09-13,2026-09-13T13:00:00+00:00,A,1,0.11,0.1272,0.1566,0.1579,nan,0.1422,0,94198
F1,fl1-lil-tro-2026-09-13,2026-09-13T13:00:00+00:00,A,6,0.12,0.1272,0.1566,0.1579,nan,0.1422,0,94198
F1,fl1-lil-tro-2026-09-13,2026-09-13T13:00:00+00:00,A,24,0.12,0.1272,0.1566,0.1579,nan,0.1422,0,94198
F1,fl1-sbr-psg-2026-09-13,2026-09-13T18:45:00+00:00,H,1,0.07,0.0947,0.0883,0.0789,nan,0.0712,0,555056
F1,fl1-sbr-psg-2026-09-13,2026-09-13T18:45:00+00:00,H,6,0.07,0.0947,0.0883,0.0789,nan,0.0712,0,555056
F1,fl1-sbr-psg-2026-09-13,2026-09-13T18:45:00+00:00,H,24,0.08,0.0947,0.0883,0.0789,nan,0.0712,0,555056
F1,fl1-sbr-psg-2026-09-13,2026-09-13T18:45:00+00:00,D,1,0.14,0.1587,0.1377,0.1456,nan,0.1312,0,51040
F1,fl1-sbr-psg-2026-09-13,2026-09-13T18:45:00+00:00,D,6,0.14,0.1587,0.1377,0.1456,nan,0.1312,0,51040
F1,fl1-sbr-psg-2026-09-13,2026-09-13T18:45:00+00:00,D,24,0.14,0.1587,0.1377,0.1456,nan,0.1312,0,51040
F1,fl1-sbr-psg-2026-09-13,2026-09-13T18:45:00+00:00,A,1,0.8,0.7466,0.7741,0.7756,nan,0.7976,1,980900
F1,fl1-sbr-psg-2026-09-13,2026-09-13T18:45:00+00:00,A,6,0.79,0.7466,0.7741,0.7756,nan,0.7976,1,980900
F1,fl1-sbr-psg-2026-09-13,2026-09-13T18:45:00+00:00,A,24,0.79,0.7466,0.7741,0.7756,nan,0.7976,1,980900
F1,fl1-lmf-rcl-2026-09-13,2026-09-13T15:15:00+00:00,H,1,0.18,0.1963,0.1965,0.1988,nan,0.1866,0,59550
F1,fl1-lmf-rcl-2026-09-13,2026-09-13T15:15:00+00:00,H,6,0.2,0.1963,0.1965,0.1988,nan,0.1866,0,59550
F1,fl1-lmf-rcl-2026-09-13,2026-09-13T15:15:00+00:00,H,24,0.19,0.1963,0.1965,0.1988,nan,0.1866,0,59550
F1,fl1-lmf-rcl-2026-09-13,2026-09-13T15:15:00+00:00,D,1,0.23,0.2329,0.2189,0.2181,nan,0.2248,1,62065
F1,fl1-lmf-rcl-2026-09-13,2026-09-13T15:15:00+00:00,D,6,0.24,0.2329,0.2189,0.2181,nan,0.2248,1,62065
F1,fl1-lmf-rcl-2026-09-13,2026-09-13T15:15:00+00:00,D,24,0.23,0.2329,0.2189,0.2181,nan,0.2248,1,62065
F1,fl1-lmf-rcl-2026-09-13,2026-09-13T15:15:00+00:00,A,1,0.5848,0.5708,0.5846,0.583,nan,0.5887,0,92104
F1,fl1-lmf-rcl-2026-09-13,2026-09-13T15:15:00+00:00,A,6,0.58,0.5708,0.5846,0.583,nan,0.5887,0,92104
F1,fl1-lmf-rcl-2026-09-13,2026-09-13T15:15:00+00:00,A,24,0.58,0.5708,0.5846,0.583,nan,0.5887,0,92104
F1,fl1-asm-rcl-2026-09-18,2026-09-18T18:45:00+00:00,H,1,0.51,0.4696,0.5208,0.5262,nan,0.5204,1,611933
F1,fl1-asm-rcl-2026-09-18,2026-09-18T18:45:00+00:00,H,6,0.49,0.4696,0.5208,0.5262,nan,0.5204,1,611933
F1,fl1-asm-rcl-2026-09-18,2026-09-18T18:45:00+00:00,H,24,0.47,0.4696,0.5208,0.5262,nan,0.5204,1,611933
F1,fl1-asm-rcl-2026-09-18,2026-09-18T18:45:00+00:00,D,1,0.26,0.2544,0.2405,0.2428,nan,0.2485,0,158614
F1,fl1-asm-rcl-2026-09-18,2026-09-18T18:45:00+00:00,D,6,0.26,0.2544,0.2405,0.2428,nan,0.2485,0,158614
F1,fl1-asm-rcl-2026-09-18,2026-09-18T18:45:00+00:00,D,24,0.26,0.2544,0.2405,0.2428,nan,0.2485,0,158614
F1,fl1-asm-rcl-2026-09-18,2026-09-18T18:45:00+00:00,A,1,0.24,0.276,0.2387,0.231,nan,0.2311,0,224253
F1,fl1-asm-rcl-2026-09-18,2026-09-18T18:45:00+00:00,A,6,0.26,0.276,0.2387,0.231,nan,0.2311,0,224253
F1,fl1-asm-rcl-2026-09-18,2026-09-18T18:45:00+00:00,A,24,0.27,0.276,0.2387,0.231,nan,0.2311,0,224253
F1,fl1-pfc-str-2026-09-19,2026-09-19T15:15:00+00:00,H,1,0.53,0.4688,0.526,0.5262,nan,0.5319,1,687882
F1,fl1-pfc-str-2026-09-19,2026-09-19T15:15:00+00:00,H,6,0.52,0.4688,0.526,0.5262,nan,0.5319,1,687882
F1,fl1-pfc-str-2026-09-19,2026-09-19T15:15:00+00:00,H,24,0.47,0.4688,0.526,0.5262,nan,0.5319,1,687882
F1,fl1-pfc-str-2026-09-19,2026-09-19T15:15:00+00:00,D,1,0.26,0.2555,0.2427,0.2428,nan,0.2518,0,66030
F1,fl1-pfc-str-2026-09-19,2026-09-19T15:15:00+00:00,D,6,0.26,0.2555,0.2427,0.2428,nan,0.2518,0,66030
F1,fl1-pfc-str-2026-09-19,2026-09-19T15:15:00+00:00,D,24,0.2685,0.2555,0.2427,0.2428,nan,0.2518,0,66030
F1,fl1-pfc-str-2026-09-19,2026-09-19T15:15:00+00:00,A,1,0.23,0.2758,0.2313,0.231,nan,0.2162,0,64960
F1,fl1-pfc-str-2026-09-19,2026-09-19T15:15:00+00:00,A,6,0.23,0.2758,0.2313,0.231,nan,0.2162,0,64960
F1,fl1-pfc-str-2026-09-19,2026-09-19T15:15:00+00:00,A,24,0.26,0.2758,0.2313,0.231,nan,0.2162,0,64960
F1,fl1-lyo-ren-2026-09-19,2026-09-19T18:45:00+00:00,H,1,0.44,0.4468,0.4507,0.4497,nan,0.4489,1,47622
F1,fl1-lyo-ren-2026-09-19,2026-09-19T18:45:00+00:00,H,6,0.45,0.4468,0.4507,0.4497,nan,0.4489,1,47622
F1,fl1-lyo-ren-2026-09-19,2026-09-19T18:45:00+00:00,H,24,0.46,0.4468,0.4507,0.4497,nan,0.4489,1,47622
F1,fl1-lyo-ren-2026-09-19,2026-09-19T18:45:00+00:00,D,1,0.26,0.251,0.2512,0.2552,nan,0.2622,0,4984
F1,fl1-lyo-ren-2026-09-19,2026-09-19T18:45:00+00:00,D,6,0.26,0.251,0.2512,0.2552,nan,0.2622,0,4984
F1,fl1-lyo-ren-2026-09-19,2026-09-19T18:45:00+00:00,D,24,0.25,0.251,0.2512,0.2552,nan,0.2622,0,4984
F1,fl1-lyo-ren-2026-09-19,2026-09-19T18:45:00+00:00,A,1,0.31,0.3022,0.2981,0.2951,nan,0.2889,0,13045
F1,fl1-lyo-ren-2026-09-19,2026-09-19T18:45:00+00:00,A,6,0.3,0.3022,0.2981,0.2951,nan,0.2889,0,13045
F1,fl1-lyo-ren-2026-09-19,2026-09-19T18:45:00+00:00,A,24,0.3,0.3022,0.2981,0.2951,nan,0.2889,0,13045
F1,fl1-tou-hac-2026-09-19,2026-09-19T18:45:00+00:00,H,1,0.57,0.5483,0.5713,0.5739,nan,0.5767,1,147123
F1,fl1-tou-hac-2026-09-19,2026-09-19T18:45:00+00:00,H,6,0.58,0.5483,0.5713,0.5739,nan,0.5767,1,147123
F1,fl1-tou-hac-2026-09-19,2026-09-19T18:45:00+00:00,H,24,0.57,0.5483,0.5713,0.5739,nan,0.5767,1,147123
F1,fl1-tou-hac-2026-09-19,2026-09-19T18:45:00+00:00,D,1,0.24,0.2487,0.2327,0.2367,nan,0.2362,0,10509
F1,fl1-tou-hac-2026-09-19,2026-09-19T18:45:00+00:00,D,6,0.24,0.2487,0.2327,0.2367,nan,0.2362,0,10509
F1,fl1-tou-hac-2026-09-19,2026-09-19T18:45:00+00:00,D,24,0.23,0.2487,0.2327,0.2367,nan,0.2362,0,10509
F1,fl1-tou-hac-2026-09-19,2026-09-19T18:45:00+00:00,A,1,0.2,0.203,0.196,0.1894,nan,0.1872,0,3379
F1,fl1-tou-hac-2026-09-19,2026-09-19T18:45:00+00:00,A,6,0.19,0.203,0.196,0.1894,nan,0.1872,0,3379
F1,fl1-tou-hac-2026-09-19,2026-09-19T18:45:00+00:00,A,24,0.2,0.203,0.196,0.1894,nan,0.1872,0,3379
F1,fl1-ang-tro-2026-09-19,2026-09-19T18:45:00+00:00,H,1,0.47,0.4282,0.4617,0.4673,nan,0.4571,1,15709
F1,fl1-ang-tro-2026-09-19,2026-09-19T18:45:00+00:00,H,6,0.47,0.4282,0.4617,0.4673,nan,0.4571,1,15709
F1,fl1-ang-tro-2026-09-19,2026-09-19T18:45:00+00:00,H,24,0.43,0.4282,0.4617,0.4673,nan,0.4571,1,15709
F1,fl1-ang-tro-2026-09-19,2026-09-19T18:45:00+00:00,D,1,0.27,0.2833,0.2714,0.2737,nan,0.2807,0,15845
F1,fl1-ang-tro-2026-09-19,2026-09-19T18:45:00+00:00,D,6,0.27,0.2833,0.2714,0.2737,nan,0.2807,0,15845
F1,fl1-ang-tro-2026-09-19,2026-09-19T18:45:00+00:00,D,24,0.28,0.2833,0.2714,0.2737,nan,0.2807,0,15845
F1,fl1-ang-tro-2026-09-19,2026-09-19T18:45:00+00:00,A,1,0.27,0.2885,0.2668,0.2589,nan,0.2622,0,4321
F1,fl1-ang-tro-2026-09-19,2026-09-19T18:45:00+00:00,A,6,0.26,0.2885,0.2668,0.2589,nan,0.2622,0,4321
F1,fl1-ang-tro-2026-09-19,2026-09-19T18:45:00+00:00,A,24,0.28,0.2885,0.2668,0.2589,nan,0.2622,0,4321
F1,fl1-lmf-lor-2026-09-19,2026-09-19T18:45:00+00:00,H,1,0.34,0.3559,0.3284,0.3278,nan,0.3212,1,31064
F1,fl1-lmf-lor-2026-09-19,2026-09-19T18:45:00+00:00,H,6,0.33,0.3559,0.3284,0.3278,nan,0.3212,1,31064
F1,fl1-lmf-lor-2026-09-19,2026-09-19T18:45:00+00:00,H,24,0.36,0.3559,0.3284,0.3278,nan,0.3212,1,31064
F1,fl1-lmf-lor-2026-09-19,2026-09-19T18:45:00+00:00,D,1,0.29,0.2771,0.2946,0.3066,nan,0.3017,0,7087
F1,fl1-lmf-lor-2026-09-19,2026-09-19T18:45:00+00:00,D,6,0.29,0.2771,0.2946,0.3066,nan,0.3017,0,7087
F1,fl1-lmf-lor-2026-09-19,2026-09-19T18:45:00+00:00,D,24,0.28,0.2771,0.2946,0.3066,nan,0.3017,0,7087
F1,fl1-lmf-lor-2026-09-19,2026-09-19T18:45:00+00:00,A,1,0.38,0.367,0.377,0.3656,nan,0.3771,0,7961
F1,fl1-lmf-lor-2026-09-19,2026-09-19T18:45:00+00:00,A,6,0.38,0.367,0.377,0.3656,nan,0.3771,0,7961
F1,fl1-lmf-lor-2026-09-19,2026-09-19T18:45:00+00:00,A,24,0.37,0.367,0.377,0.3656,nan,0.3771,0,7961
F1,fl1-aja-sbr-2026-09-20,2026-09-20T13:00:00+00:00,H,1,0.31,0.3356,0.3245,0.3284,nan,0.3171,1,55429
F1,fl1-aja-sbr-2026-09-20,2026-09-20T13:00:00+00:00,H,6,0.32,0.3356,0.3245,0.3284,nan,0.3171,1,55429
F1,fl1-aja-sbr-2026-09-20,2026-09-20T13:00:00+00:00,H,24,0.34,0.3356,0.3245,0.3284,nan,0.3171,1,55429
F1,fl1-aja-sbr-2026-09-20,2026-09-20T13:00:00+00:00,D,1,0.27,0.2676,0.2681,0.2574,nan,0.2736,0,21015
F1,fl1-aja-sbr-2026-09-20,2026-09-20T13:00:00+00:00,D,6,0.27,0.2676,0.2681,0.2574,nan,0.2736,0,21015
F1,fl1-aja-sbr-2026-09-20,2026-09-20T13:00:00+00:00,D,24,0.27,0.2676,0.2681,0.2574,nan,0.2736,0,21015
F1,fl1-aja-sbr-2026-09-20,2026-09-20T13:00:00+00:00,A,1,0.42,0.3968,0.4074,0.4141,nan,0.4093,0,88096
F1,fl1-aja-sbr-2026-09-20,2026-09-20T13:00:00+00:00,A,6,0.41,0.3968,0.4074,0.4141,nan,0.4093,0,88096
F1,fl1-aja-sbr-2026-09-20,2026-09-20T13:00:00+00:00,A,24,0.39,0.3968,0.4074,0.4141,nan,0.4093,0,88096
F1,fl1-ogc-lil-2026-09-20,2026-09-20T15:15:00+00:00,H,1,0.28,0.2692,0.3001,0.3058,nan,0.2761,1,175578
F1,fl1-ogc-lil-2026-09-20,2026-09-20T15:15:00+00:00,H,6,0.28,0.2692,0.3001,0.3058,nan,0.2761,1,175578
F1,fl1-ogc-lil-2026-09-20,2026-09-20T15:15:00+00:00,H,24,0.25,0.2692,0.3001,0.3058,nan,0.2761,1,175578
F1,fl1-ogc-lil-2026-09-20,2026-09-20T15:15:00+00:00,D,1,0.28,0.2716,0.2677,0.2633,nan,0.2761,0,41738
F1,fl1-ogc-lil-2026-09-20,2026-09-20T15:15:00+00:00,D,6,0.28,0.2716,0.2677,0.2633,nan,0.2761,0,41738
F1,fl1-ogc-lil-2026-09-20,2026-09-20T15:15:00+00:00,D,24,0.28,0.2716,0.2677,0.2633,nan,0.2761,0,41738
F1,fl1-ogc-lil-2026-09-20,2026-09-20T15:15:00+00:00,A,1,0.44,0.4592,0.4322,0.4309,nan,0.4478,0,329549
F1,fl1-ogc-lil-2026-09-20,2026-09-20T15:15:00+00:00,A,6,0.46,0.4592,0.4322,0.4309,nan,0.4478,0,329549
F1,fl1-ogc-lil-2026-09-20,2026-09-20T15:15:00+00:00,A,24,0.48,0.4592,0.4322,0.4309,nan,0.4478,0,329549
F1,fl1-olm-psg-2026-09-20,2026-09-20T18:45:00+00:00,H,1,0.13,0.1395,0.1437,0.1454,nan,0.1278,0,222678
F1,fl1-olm-psg-2026-09-20,2026-09-20T18:45:00+00:00,H,6,0.14,0.1395,0.1437,0.1454,nan,0.1278,0,222678
F1,fl1-olm-psg-2026-09-20,2026-09-20T18:45:00+00:00,H,24,0.13,0.1395,0.1437,0.1454,nan,0.1278,0,222678
F1,fl1-olm-psg-2026-09-20,2026-09-20T18:45:00+00:00,D,1,0.17,0.181,0.185,0.189,nan,0.1846,0,50200
F1,fl1-olm-psg-2026-09-20,2026-09-20T18:45:00+00:00,D,6,0.18,0.181,0.185,0.189,nan,0.1846,0,50200
F1,fl1-olm-psg-2026-09-20,2026-09-20T18:45:00+00:00,D,24,0.16,0.181,0.185,0.189,nan,0.1846,0,50200
F1,fl1-olm-psg-2026-09-20,2026-09-20T18:45:00+00:00,A,1,0.69,0.6795,0.6713,0.6656,nan,0.6876,1,991339
F1,fl1-olm-psg-2026-09-20,2026-09-20T18:45:00+00:00,A,6,0.68,0.6795,0.6713,0.6656,nan,0.6876,1,991339
F1,fl1-olm-psg-2026-09-20,2026-09-20T18:45:00+00:00,A,24,0.71,0.6795,0.6713,0.6656,nan,0.6876,1,991339
