league,slug,ticker,kickoff,side,horizon_h,pm_price,k_bid,k_ask,k_mid,outcome
SP1,lal-val-rso-2026-09-20,KXLALIGAGAME-26SEP20VCFRSO-VCF,2026-09-20T19:00:00+00:00,H,1,0.35,0.34,0.35,0.345,0
SP1,lal-val-rso-2026-09-20,KXLALIGAGAME-26SEP20VCFRSO-VCF,2026-09-20T19:00:00+00:00,H,6,0.33,0.33,0.34,0.335,0
SP1,lal-val-rso-2026-09-20,KXLALIGAGAME-26SEP20VCFRSO-VCF,2026-09-20T19:00:00+00:00,H,24,0.35,0.34,0.35,0.345,0
SP1,lal-val-rso-2026-09-20,KXLALIGAGAME-26SEP20VCFRSO-TIE,2026-09-20T19:00:00+00:00,D,1,0.28,0.28,0.29,0.285,0
SP1,lal-val-rso-2026-09-20,KXLALIGAGAME-26SEP20VCFRSO-TIE,2026-09-20T19:00:00+00:00,D,6,0.29,0.28,0.29,0.285,0
SP1,lal-val-rso-2026-09-20,KXLALIGAGAME-26SEP20VCFRSO-TIE,2026-09-20T19:00:00+00:00,D,24,0.28,0.28,0.29,0.285,0
SP1,lal-val-rso-2026-09-20,KXLALIGAGAME-26SEP20VCFRSO-RSO,2026-09-20T19:00:00+00:00,A,1,0.36,0.36,0.37,0.365,1
SP1,lal-val-rso-2026-09-20,KXLALIGAGAME-26SEP20VCFRSO-RSO,2026-09-20T19:00:00+00:00,A,6,0.38,0.37,0.38,0.375,1
SP1,lal-val-rso-2026-09-20,KXLALIGAGAME-26SEP20VCFRSO-RSO,2026-09-20T19:00:00+00:00,A,24,0.37,0.36,0.38,0.37,1
SP1,lal-vil-lev-2026-09-20,KXLALIGAGAME-26SEP20VILLEV-VIL,2026-09-20T16:30:00+00:00,H,1,0.62,0.63,0.64,0.635,1
SP1,lal-vil-lev-2026-09-20,KXLALIGAGAME-26SEP20VILLEV-VIL,2026-09-20T16:30:00+00:00,H,6,0.65,0.64,0.65,0.645,1
SP1,lal-vil-lev-2026-09-20,KXLALIGAGAME-26SEP20VILLEV-VIL,2026-09-20T16:30:00+00:00,H,24,0.65,0.64,0.65,0.645,1
SP1,lal-vil-lev-2026-09-20,KXLALIGAGAME-26SEP20VILLEV-TIE,2026-09-20T16:30:00+00:00,D,1,0.21,0.19,0.2,0.195,0
SP1,lal-vil-lev-2026-09-20,KXLALIGAGAME-26SEP20VILLEV-TIE,2026-09-20T16:30:00+00:00,D,6,0.19,0.19,0.2,0.195,0
SP1,lal-vil-lev-2026-09-20,KXLALIGAGAME-26SEP20VILLEV-TIE,2026-09-20T16:30:00+00:00,D,24,0.2,0.19,0.2,0.195,0
SP1,lal-vil-lev-2026-09-20,KXLALIGAGAME-26SEP20VILLEV-LEV,2026-09-20T16:30:00+00:00,A,1,0.17,0.16,0.17,0.165,0
SP1,lal-vil-lev-2026-09-20,KXLALIGAGAME-26SEP20VILLEV-LEV,2026-09-20T16:30:00+00:00,A,6,0.15,0.16,0.17,0.165,0
SP1,lal-vil-lev-2026-09-20,KXLALIGAGAME-26SEP20VILLEV-LEV,2026-09-20T16:30:00+00:00,A,24,0.16,0.15,0.16,0.155,0
SP1,lal-dep-bet-2026-09-20,KXLALIGAGAME-26SEP20DEPRBB-DEP,2026-09-20T16:30:00+00:00,H,1,0.26,0.26,0.27,0.265,0
SP1,lal-dep-bet-2026-09-20,KXLALIGAGAME-26SEP20DEPRBB-DEP,2026-09-20T16:30:00+00:00,H,6,0.26,0.25,0.27,0.26,0
SP1,lal-dep-bet-2026-09-20,KXLALIGAGAME-26SEP20DEPRBB-DEP,2026-09-20T16:30:00+00:00,H,24,0.27,0.26,0.27,0.265,0
SP1,lal-dep-bet-2026-09-20,KXLALIGAGAME-26SEP20DEPRBB-TIE,2026-09-20T16:30:00+00:00,D,1,0.25,0.25,0.26,0.255,1
SP1,lal-dep-bet-2026-09-20,KXLALIGAGAME-26SEP20DEPRBB-TIE,2026-09-20T16:30:00+00:00,D,6,0.25,0.25,0.26,0.255,1
SP1,lal-dep-bet-2026-09-20,KXLALIGAGAME-26SEP20DEPRBB-TIE,2026-09-20T16:30:00+00:00,D,24,0.26,0.25,0.26,0.255,1
SP1,lal-dep-bet-2026-09-20,KXLALIGAGAME-26SEP20DEPRBB-RBB,2026-09-20T16:30:00+00:00,A,1,0.49,0.48,0.49,0.485,0
SP1,lal-dep-bet-2026-09-20,KXLALIGAGAME-26SEP20DEPRBB-RBB,2026-09-20T16:30:00+00:00,A,6,0.49,0.48,0.49,0.485,0
SP1,lal-dep-bet-2026-09-20,KXLALIGAGAME-26SEP20DEPRBB-RBB,2026-09-20T16:30:00+00:00,A,24,0.47,0.47,0.48,0.475,0
SP1,lal-mad-rea-2026-09-20,KXLALIGAGAME-26SEP20ATMRMA-ATM,2026-09-20T14:15:00+00:00,H,1,0.28,0.27,0.28,0.275,1
SP1,lal-mad-rea-2026-09-20,KXLALIGAGAME-26SEP20ATMRMA-ATM,2026-09-20T14:15:00+00:00,H,6,0.28,0.27,0.29,0.28,1
SP1,lal-mad-rea-2026-09-20,KXLALIGAGAME-26SEP20ATMRMA-ATM,2026-09-20T14:15:00+00:00,H,24,0.27,0.26,0.27,0.265,1
SP1,lal-mad-rea-2026-09-20,KXLALIGAGAME-26SEP20ATMRMA-TIE,2026-09-20T14:15:00+00:00,D,1,0.26,0.24,0.25,0.245,0
SP1,lal-mad-rea-2026-09-20,KXLALIGAGAME-26SEP20ATMRMA-TIE,2026-09-20T14:15:00+00:00,D,6,0.26,0.24,0.26,0.25,0
SP1,lal-mad-rea-2026-09-20,KXLALIGAGAME-26SEP20ATMRMA-TIE,2026-09-20T14:15:00+00:00,D,24,0.24,0.23,0.24,0.235,0
SP1,lal-mad-rea-2026-09-20,KXLALIGAGAME-26SEP20ATMRMA-RMA,2026-09-20T14:15:00+00:00,A,1,0.48,0.48,0.49,0.485,0
SP1,lal-mad-rea-2026-09-20,KXLALIGAGAME-26SEP20ATMRMA-RMA,2026-09-20T14:15:00+00:00,A,6,0.47,0.47,0.48,0.475,0
SP1,lal-mad-rea-2026-09-20,KXLALIGAGAME-26SEP20ATMRMA-RMA,2026-09-20T14:15:00+00:00,A,24,0.5,0.49,0.5,0.495,0
SP1,lal-get-mala-2026-09-20,KXLALIGAGAME-26SEP20GETMCF-GET,2026-09-20T12:00:00+00:00,H,1,0.5,0.48,0.49,0.485,1
SP1,lal-get-mala-2026-09-20,KXLALIGAGAME-26SEP20GETMCF-GET,2026-09-20T12:00:00+00:00,H,6,0.47,0.47,0.48,0.475,1
SP1,lal-get-mala-2026-09-20,KXLALIGAGAME-26SEP20GETMCF-GET,2026-09-20T12:00:00+00:00,H,24,0.47,0.46,0.48,0.47,1
SP1,lal-get-mala-2026-09-20,KXLALIGAGAME-26SEP20GETMCF-TIE,2026-09-20T12:00:00+00:00,D,1,0.3,0.3,0.31,0.305,0
SP1,lal-get-mala-2026-09-20,KXLALIGAGAME-26SEP20GETMCF-TIE,2026-09-20T12:00:00+00:00,D,6,0.31,0.3,0.31,0.305,0
SP1,lal-get-mala-2026-09-20,KXLALIGAGAME-26SEP20GETMCF-TIE,2026-09-20T12:00:00+00:00,D,24,0.32,0.31,0.32,0.315,0
SP1,lal-get-mala-2026-09-20,KXLALIGAGAME-26SEP20GETMCF-MCF,2026-09-20T12:00:00+00:00,A,1,0.21,0.2,0.21,0.205,0
SP1,lal-get-mala-2026-09-20,KXLALIGAGAME-26SEP20GETMCF-MCF,2026-09-20T12:00:00+00:00,A,6,0.21,0.21,0.22,0.215,0
SP1,lal-get-mala-2026-09-20,KXLALIGAGAME-26SEP20GETMCF-MCF,2026-09-20T12:00:00+00:00,A,24,0.22,0.21,0.22,0.215,0
SP1,lal-sev-bar-2026-09-19,KXLALIGAGAME-26SEP19SEVBAR-SEV,2026-09-19T19:00:00+00:00,H,1,0.095,0.09,0.1,0.095,0
SP1,lal-sev-bar-2026-09-19,KXLALIGAGAME-26SEP19SEVBAR-SEV,2026-09-19T19:00:00+00:00,H,6,0.083,0.08,0.09,0.085,0
SP1,lal-sev-bar-2026-09-19,KXLALIGAGAME-26SEP19SEVBAR-SEV,2026-09-19T19:00:00+00:00,H,24,0.072,0.06,0.07,0.065,0
SP1,lal-sev-bar-2026-09-19,KXLALIGAGAME-26SEP19SEVBAR-TIE,2026-09-19T19:00:00+00:00,D,1,0.14,0.13,0.14,0.135,0
SP1,lal-sev-bar-2026-09-19,KXLALIGAGAME-26SEP19SEVBAR-TIE,2026-09-19T19:00:00+00:00,D,6,0.13,0.12,0.13,0.125,0
SP1,lal-sev-bar-2026-09-19,KXLALIGAGAME-26SEP19SEVBAR-TIE,2026-09-19T19:00:00+00:00,D,24,0.12,0.11,0.12,0.115,0
SP1,lal-sev-bar-2026-09-19,KXLALIGAGAME-26SEP19SEVBAR-BAR,2026-09-19T19:00:00+00:00,A,1,0.77,0.77,0.78,0.775,1
SP1,lal-sev-bar-2026-09-19,KXLALIGAGAME-26SEP19SEVBAR-BAR,2026-09-19T19:00:00+00:00,A,6,0.78,0.78,0.79,0.785,1
SP1,lal-sev-bar-2026-09-19,KXLALIGAGAME-26SEP19SEVBAR-BAR,2026-09-19T19:00:00+00:00,A,24,0.82,0.82,0.83,0.825,1
SP1,lal-cel-rrc-2026-09-19,KXLALIGAGAME-26SEP19RCCSAN-RCC,2026-09-19T16:30:00+00:00,H,1,0.53,0.53,0.54,0.535,1
SP1,lal-cel-rrc-2026-09-19,KXLALIGAGAME-26SEP19RCCSAN-RCC,2026-09-19T16:30:00+00:00,H,6,0.54,0.53,0.54,0.535,1
SP1,lal-cel-rrc-2026-09-19,KXLALIGAGAME-26SEP19RCCSAN-RCC,2026-09-19T16:30:00+00:00,H,24,0.54,0.53,0.54,0.535,1
SP1,lal-cel-rrc-2026-09-19,KXLALIGAGAME-26SEP19RCCSAN-TIE,2026-09-19T16:30:00+00:00,D,1,0.25,0.25,0.26,0.255,0
SP1,lal-cel-rrc-2026-09-19,KXLALIGAGAME-26SEP19RCCSAN-TIE,2026-09-19T16:30:00+00:00,D,6,0.25,0.24,0.25,0.245,0
SP1,lal-cel-rrc-2026-09-19,KXLALIGAGAME-26SEP19RCCSAN-TIE,2026-09-19T16:30:00+00:00,D,24,0.23,0.23,0.24,0.235,0
SP1,lal-cel-rrc-2026-09-19,KXLALIGAGAME-26SEP19RCCSAN-SAN,2026-09-19T16:30:00+00:00,A,1,0.22,0.21,0.22,0.215,0
SP1,lal-cel-rrc-2026-09-19,KXLALIGAGAME-26SEP19RCCSAN-SAN,2026-09-19T16:30:00+00:00,A,6,0.21,0.21,0.22,0.215,0
SP1,lal-cel-rrc-2026-09-19,KXLALIGAGAME-26SEP19RCCSAN-SAN,2026-09-19T16:30:00+00:00,A,24,0.23,0.22,0.24,0.23,0
SP1,lal-bil-ala-2026-09-19,KXLALIGAGAME-26SEP19ATHALA-ATH,2026-09-19T14:15:00+00:00,H,1,0.6,0.59,0.6,0.595,0
SP1,lal-bil-ala-2026-09-19,KXLALIGAGAME-26SEP19ATHALA-ATH,2026-09-19T14:15:00+00:00,H,6,0.6,0.59,0.6,0.595,0
SP1,lal-bil-ala-2026-09-19,KXLALIGAGAME-26SEP19ATHALA-ATH,2026-09-19T14:15:00+00:00,H,24,0.59,0.59,0.6,0.595,0
SP1,lal-bil-ala-2026-09-19,KXLALIGAGAME-26SEP19ATHALA-TIE,2026-09-19T14:15:00+00:00,D,1,0.24,0.23,0.24,0.235,1
SP1,lal-bil-ala-2026-09-19,KXLALIGAGAME-26SEP19ATHALA-TIE,2026-09-19T14:15:00+00:00,D,6,0.24,0.23,0.24,0.235,1
SP1,lal-bil-ala-2026-09-19,KXLALIGAGAME-26SEP19ATHALA-TIE,2026-09-19T14:15:00+00:00,D,24,0.25,0.23,0.24,0.235,1
SP1,lal-bil-ala-2026-09-19,KXLALIGAGAME-26SEP19ATHALA-ALA,2026-09-19T14:15:00+00:00,A,1,0.16,0.16,0.17,0.165,0
SP1,lal-bil-ala-2026-09-19,KXLALIGAGAME-26SEP19ATHALA-ALA,2026-09-19T14:15:00+00:00,A,6,0.17,0.16,0.17,0.165,0
SP1,lal-bil-ala-2026-09-19,KXLALIGAGAME-26SEP19ATHALA-ALA,2026-09-19T14:15:00+00:00,A,24,0.17,0.17,0.18,0.175,0
SP1,lal-osa-ray-2026-09-19,KXLALIGAGAME-26SEP19OSARVC-OSA,2026-09-19T12:00:00+00:00,H,1,0.35,0.35,0.36,0.355,0
SP1,lal-osa-ray-2026-09-19,KXLALIGAGAME-26SEP19OSARVC-OSA,2026-09-19T12:00:00+00:00,H,6,0.38,0.36,0.37,0.365,0
SP1,lal-osa-ray-2026-09-19,KXLALIGAGAME-26SEP19OSARVC-OSA,2026-09-19T12:00:00+00:00,H,24,0.4,0.39,0.4,0.395,0
SP1,lal-osa-ray-2026-09-19,KXLALIGAGAME-26SEP19OSARVC-TIE,2026-09-19T12:00:00+00:00,D,1,0.29,0.28,0.3,0.29,1
SP1,lal-osa-ray-2026-09-19,KXLALIGAGAME-26SEP19OSARVC-TIE,2026-09-19T12:00:00+00:00,D,6,0.3,0.29,0.3,0.295,1
SP1,lal-osa-ray-2026-09-19,KXLALIGAGAME-26SEP19OSARVC-TIE,2026-09-19T12:00:00+00:00,D,24,0.29,0.28,0.29,0.285,1
SP1,lal-osa-ray-2026-09-19,KXLALIGAGAME-26SEP19OSARVC-RVC,2026-09-19T12:00:00+00:00,A,1,0.35,0.35,0.36,0.355,0
SP1,lal-osa-ray-2026-09-19,KXLALIGAGAME-26SEP19OSARVC-RVC,2026-09-19T12:00:00+00:00,A,6,0.34,0.33,0.34,0.335,0
SP1,lal-osa-ray-2026-09-19,KXLALIGAGAME-26SEP19OSARVC-RVC,2026-09-19T12:00:00+00:00,A,24,0.32,0.31,0.32,0.315,0
SP1,lal-esp-elc-2026-09-18,KXLALIGAGAME-26SEP18ESPELC-ESP,2026-09-18T19:00:00+00:00,H,1,0.55,0.54,0.55,0.545,0
SP1,lal-esp-elc-2026-09-18,KXLALIGAGAME-26SEP18ESPELC-ESP,2026-09-18T19:00:00+00:00,H,6,0.53,0.53,0.54,0.535,0
SP1,lal-esp-elc-2026-09-18,KXLALIGAGAME-26SEP18ESPELC-ESP,2026-09-18T19:00:00+00:00,H,24,0.53,0.52,0.53,0.525,0
SP1,lal-esp-elc-2026-09-18,KXLALIGAGAME-26SEP18ESPELC-TIE,2026-09-18T19:00:00+00:00,D,1,0.26,0.25,0.26,0.255,0
SP1,lal-esp-elc-2026-09-18,KXLALIGAGAME-26SEP18ESPELC-TIE,2026-09-18T19:00:00+00:00,D,6,0.27,0.25,0.26,0.255,0
SP1,lal-esp-elc-2026-09-18,KXLALIGAGAME-26SEP18ESPELC-TIE,2026-09-18T19:00:00+00:00,D,24,0.27,0.26,0.27,0.265,0
SP1,lal-esp-elc-2026-09-18,KXLALIGAGAME-26SEP18ESPELC-ELC,2026-09-18T19:00:00+00:00,A,1,0.2,0.19,0.2,0.195,1
SP1,lal-esp-elc-2026-09-18,KXLALIGAGAME-26SEP18ESPELC-ELC,2026-09-18T19:00:00+00:00,A,6,0.21,0.2,0.21,0.205,1
SP1,lal-esp-elc-2026-09-18,KXLALIGAGAME-26SEP18ESPELC-ELC,2026-09-18T19:00:00+00:00,A,24,0.21,0.2,0.21,0.205,1
SP1,lal-mala-vil-2026-09-17,KXLALIGAGAME-26SEP17MCFVIL-MCF,2026-09-17T19:30:00+00:00,H,1,0.28,0.25,0.26,0.255,0
SP1,lal-mala-vil-2026-09-17,KXLALIGAGAME-26SEP17MCFVIL-MCF,2026-09-17T19:30:00+00:00,H,6,0.26,0.25,0.26,0.255,0
SP1,lal-mala-vil-2026-09-17,KXLALIGAGAME-26SEP17MCFVIL-MCF,2026-09-17T19:30:00+00:00,H,24,0.27,0.25,0.26,0.255,0
SP1,lal-mala-vil-2026-09-17,KXLALIGAGAME-26SEP17MCFVIL-TIE,2026-09-17T19:30:00+00:00,D,1,0.26,0.24,0.25,0.245,0
SP1,lal-mala-vil-2026-09-17,KXLALIGAGAME-26SEP17MCFVIL-TIE,2026-09-17T19:30:00+00:00,D,6,0.24,0.24,0.25,0.245,0
SP1,lal-mala-vil-2026-09-17,KXLALIGAGAME-26SEP17MCFVIL-TIE,2026-09-17T19:30:00+00:00,D,24,0.25,0.24,0.25,0.245,0
SP1,lal-mala-vil-2026-09-17,KXLALIGAGAME-26SEP17MCFVIL-VIL,2026-09-17T19:30:00+00:00,A,1,0.46,0.49,0.5,0.495,1
SP1,lal-mala-vil-2026-09-17,KXLALIGAGAME-26SEP17MCFVIL-VIL,2026-09-17T19:30:00+00:00,A,6,0.5,0.49,0.51,0.5,1
SP1,lal-mala-vil-2026-09-17,KXLALIGAGAME-26SEP17MCFVIL-VIL,2026-09-17T19:30:00+00:00,A,24,0.49,0.49,0.5,0.495,1
SP1,lal-bet-get-2026-09-17,KXLALIGAGAME-26SEP17RBBGET-RBB,2026-09-17T17:00:00+00:00,H,1,0.64,0.64,0.65,0.645,1
SP1,lal-bet-get-2026-09-17,KXLALIGAGAME-26SEP17RBBGET-RBB,2026-09-17T17:00:00+00:00,H,6,0.59,0.59,0.6,0.595,1
SP1,lal-bet-get-2026-09-17,KXLALIGAGAME-26SEP17RBBGET-RBB,2026-09-17T17:00:00+00:00,H,24,0.59,0.58,0.59,0.585,1
SP1,lal-bet-get-2026-09-17,KXLALIGAGAME-26SEP17RBBGET-TIE,2026-09-17T17:00:00+00:00,D,1,0.24,0.23,0.24,0.235,0
SP1,lal-bet-get-2026-09-17,KXLALIGAGAME-26SEP17RBBGET-TIE,2026-09-17T17:00:00+00:00,D,6,0.25,0.24,0.25,0.245,0
SP1,lal-bet-get-2026-09-17,KXLALIGAGAME-26SEP17RBBGET-TIE,2026-09-17T17:00:00+00:00,D,24,0.26,0.25,0.26,0.255,0
SP1,lal-bet-get-2026-09-17,KXLALIGAGAME-26SEP17RBBGET-GET,2026-09-17T17:00:00+00:00,A,1,0.12,0.12,0.13,0.125,0
SP1,lal-bet-get-2026-09-17,KXLALIGAGAME-26SEP17RBBGET-GET,2026-09-17T17:00:00+00:00,A,6,0.16,0.14,0.15,0.145,0
SP1,lal-bet-get-2026-09-17,KXLALIGAGAME-26SEP17RBBGET-GET,2026-09-17T17:00:00+00:00,A,24,0.16,0.16,0.17,0.165,0
SP1,lal-bar-rrc-2026-09-16,KXLALIGAGAME-26SEP16BARSAN-BAR,2026-09-16T19:30:00+00:00,H,1,0.92,0.91,0.92,0.915,1
SP1,lal-bar-rrc-2026-09-16,KXLALIGAGAME-26SEP16BARSAN-BAR,2026-09-16T19:30:00+00:00,H,6,0.92,0.92,0.93,0.925,1
SP1,lal-bar-rrc-2026-09-16,KXLALIGAGAME-26SEP16BARSAN-BAR,2026-09-16T19:30:00+00:00,H,24,0.93,0.92,0.93,0.925,1
SP1,lal-bar-rrc-2026-09-16,KXLALIGAGAME-26SEP16BARSAN-TIE,2026-09-16T19:30:00+00:00,D,1,0.06,0.05,0.06,0.055,0
SP1,lal-bar-rrc-2026-09-16,KXLALIGAGAME-26SEP16BARSAN-TIE,2026-09-16T19:30:00+00:00,D,6,0.06,0.04,0.05,0.045,0
SP1,lal-bar-rrc-2026-09-16,KXLALIGAGAME-26SEP16BARSAN-TIE,2026-09-16T19:30:00+00:00,D,24,0.05,0.04,0.05,0.045,0
SP1,lal-bar-rrc-2026-09-16,KXLALIGAGAME-26SEP16BARSAN-SAN,2026-09-16T19:30:00+00:00,A,1,0.027,0.02,0.03,0.025,0
SP1,lal-bar-rrc-2026-09-16,KXLALIGAGAME-26SEP16BARSAN-SAN,2026-09-16T19:30:00+00:00,A,6,0.028,0.02,0.03,0.025,0
SP1,lal-bar-rrc-2026-09-16,KXLALIGAGAME-26SEP16BARSAN-SAN,2026-09-16T19:30:00+00:00,A,24,0.029,0.02,0.03,0.025,0
SP1,lal-dep-sev-2026-09-16,KXLALIGAGAME-26SEP16DEPSEV-DEP,2026-09-16T17:00:00+00:00,H,1,0.37,0.36,0.37,0.365,0
SP1,lal-dep-sev-2026-09-16,KXLALIGAGAME-26SEP16DEPSEV-DEP,2026-09-16T17:00:00+00:00,H,6,0.37,0.37,0.38,0.375,0
SP1,lal-dep-sev-2026-09-16,KXLALIGAGAME-26SEP16DEPSEV-DEP,2026-09-16T17:00:00+00:00,H,24,0.38,0.37,0.38,0.375,0
SP1,lal-dep-sev-2026-09-16,KXLALIGAGAME-26SEP16DEPSEV-TIE,2026-09-16T17:00:00+00:00,D,1,0.32,0.31,0.32,0.315,0
SP1,lal-dep-sev-2026-09-16,KXLALIGAGAME-26SEP16DEPSEV-TIE,2026-09-16T17:00:00+00:00,D,6,0.32,0.31,0.32,0.315,0
SP1,lal-dep-sev-2026-09-16,KXLALIGAGAME-26SEP16DEPSEV-TIE,2026-09-16T17:00:00+00:00,D,24,0.32,0.31,0.32,0.315,0
SP1,lal-dep-sev-2026-09-16,KXLALIGAGAME-26SEP16DEPSEV-SEV,2026-09-16T17:00:00+00:00,A,1,0.32,0.31,0.32,0.315,1
SP1,lal-dep-sev-2026-09-16,KXLALIGAGAME-26SEP16DEPSEV-SEV,2026-09-16T17:00:00+00:00,A,6,0.31,0.31,0.32,0.315,1
SP1,lal-dep-sev-2026-09-16,KXLALIGAGAME-26SEP16DEPSEV-SEV,2026-09-16T17:00:00+00:00,A,24,0.31,0.3,0.32,0.31,1
SP1,lal-mad-osa-2026-09-16,KXLALIGAGAME-26SEP16ATMOSA-ATM,2026-09-16T17:00:00+00:00,H,1,0.73,0.71,0.72,0.715,1
SP1,lal-mad-osa-2026-09-16,KXLALIGAGAME-26SEP16ATMOSA-ATM,2026-09-16T17:00:00+00:00,H,6,0.7,0.7,0.71,0.705,1
SP1,lal-mad-osa-2026-09-16,KXLALIGAGAME-26SEP16ATMOSA-ATM,2026-09-16T17:00:00+00:00,H,24,0.71,0.7,0.71,0.705,1
SP1,lal-mad-osa-2026-09-16,KXLALIGAGAME-26SEP16ATMOSA-TIE,2026-09-16T17:00:00+00:00,D,1,0.19,0.18,0.19,0.185,0
SP1,lal-mad-osa-2026-09-16,KXLALIGAGAME-26SEP16ATMOSA-TIE,2026-09-16T17:00:00+00:00,D,6,0.2,0.19,0.2,0.195,0
SP1,lal-mad-osa-2026-09-16,KXLALIGAGAME-26SEP16ATMOSA-TIE,2026-09-16T17:00:00+00:00,D,24,0.2,0.18,0.19,0.185,0
SP1,lal-mad-osa-2026-09-16,KXLALIGAGAME-26SEP16ATMOSA-OSA,2026-09-16T17:00:00+00:00,A,1,0.09,0.08,0.09,0.085,0
SP1,lal-mad-osa-2026-09-16,KXLALIGAGAME-26SEP16ATMOSA-OSA,2026-09-16T17:00:00+00:00,A,6,0.1,0.1,0.11,0.105,0
SP1,lal-mad-osa-2026-09-16,KXLALIGAGAME-26SEP16ATMOSA-OSA,2026-09-16T17:00:00+00:00,A,24,0.11,0.1,0.11,0.105,0
SP1,lal-elc-rea-2026-09-15,KXLALIGAGAME-26SEP15ELCRMA-ELC,2026-09-15T19:30:00+00:00,H,1,0.06,0.06,0.07,0.065,0
SP1,lal-elc-rea-2026-09-15,KXLALIGAGAME-26SEP15ELCRMA-ELC,2026-09-15T19:30:00+00:00,H,6,0.06,0.06,0.07,0.065,0
SP1,lal-elc-rea-2026-09-15,KXLALIGAGAME-26SEP15ELCRMA-ELC,2026-09-15T19:30:00+00:00,H,24,0.08,0.07,0.08,0.075,0
SP1,lal-elc-rea-2026-09-15,KXLALIGAGAME-26SEP15ELCRMA-TIE,2026-09-15T19:30:00+00:00,D,1,0.13,0.12,0.13,0.125,0
SP1,lal-elc-rea-2026-09-15,KXLALIGAGAME-26SEP15ELCRMA-TIE,2026-09-15T19:30:00+00:00,D,6,0.13,0.11,0.12,0.115,0
SP1,lal-elc-rea-2026-09-15,KXLALIGAGAME-26SEP15ELCRMA-TIE,2026-09-15T19:30:00+00:00,D,24,0.14,0.13,0.14,0.135,0
SP1,lal-elc-rea-2026-09-15,KXLALIGAGAME-26SEP15ELCRMA-RMA,2026-09-15T19:30:00+00:00,A,1,0.81,0.81,0.82,0.815,1
SP1,lal-elc-rea-2026-09-15,KXLALIGAGAME-26SEP15ELCRMA-RMA,2026-09-15T19:30:00+00:00,A,6,0.83,0.82,0.83,0.825,1
SP1,lal-elc-rea-2026-09-15,KXLALIGAGAME-26SEP15ELCRMA-RMA,2026-09-15T19:30:00+00:00,A,24,0.8,0.79,0.8,0.795,1
SP1,lal-ala-val-2026-09-15,KXLALIGAGAME-26SEP15ALAVCF-ALA,2026-09-15T18:00:00+00:00,H,1,0.59,0.59,0.6,0.595,0
SP1,lal-ala-val-2026-09-15,KXLALIGAGAME-26SEP15ALAVCF-ALA,2026-09-15T18:00:00+00:00,H,6,0.56,0.56,0.57,0.565,0
SP1,lal-ala-val-2026-09-15,KXLALIGAGAME-26SEP15ALAVCF-ALA,2026-09-15T18:00:00+00:00,H,24,0.52,0.51,0.52,0.515,0
SP1,lal-ala-val-2026-09-15,KXLALIGAGAME-26SEP15ALAVCF-TIE,2026-09-15T18:00:00+00:00,D,1,0.26,0.25,0.26,0.255,0
SP1,lal-ala-val-2026-09-15,KXLALIGAGAME-26SEP15ALAVCF-TIE,2026-09-15T18:00:00+00:00,D,6,0.27,0.27,0.28,0.275,0
SP1,lal-ala-val-2026-09-15,KXLALIGAGAME-26SEP15ALAVCF-TIE,2026-09-15T18:00:00+00:00,D,24,0.29,0.28,0.29,0.285,0
SP1,lal-ala-val-2026-09-15,KXLALIGAGAME-26SEP15ALAVCF-VCF,2026-09-15T18:00:00+00:00,A,1,0.16,0.15,0.16,0.155,1
SP1,lal-ala-val-2026-09-15,KXLALIGAGAME-26SEP15ALAVCF-VCF,2026-09-15T18:00:00+00:00,A,6,0.17,0.17,0.18,0.175,1
SP1,lal-ala-val-2026-09-15,KXLALIGAGAME-26SEP15ALAVCF-VCF,2026-09-15T18:00:00+00:00,A,24,0.19,0.19,0.2,0.195,1
SP1,lal-ray-esp-2026-09-15,KXLALIGAGAME-26SEP15RVCESP-RVC,2026-09-15T17:00:00+00:00,H,1,0.41,0.41,0.42,0.415,1
SP1,lal-ray-esp-2026-09-15,KXLALIGAGAME-26SEP15RVCESP-RVC,2026-09-15T17:00:00+00:00,H,6,0.42,0.41,0.42,0.415,1
SP1,lal-ray-esp-2026-09-15,KXLALIGAGAME-26SEP15RVCESP-RVC,2026-09-15T17:00:00+00:00,H,24,0.44,0.43,0.44,0.435,1
SP1,lal-ray-esp-2026-09-15,KXLALIGAGAME-26SEP15RVCESP-TIE,2026-09-15T17:00:00+00:00,D,1,0.29,0.28,0.29,0.285,0
SP1,lal-ray-esp-2026-09-15,KXLALIGAGAME-26SEP15RVCESP-TIE,2026-09-15T17:00:00+00:00,D,6,0.29,0.28,0.29,0.285,0
SP1,lal-ray-esp-2026-09-15,KXLALIGAGAME-26SEP15RVCESP-TIE,2026-09-15T17:00:00+00:00,D,24,0.29,0.27,0.28,0.275,0
SP1,lal-ray-esp-2026-09-15,KXLALIGAGAME-26SEP15RVCESP-ESP,2026-09-15T17:00:00+00:00,A,1,0.3,0.29,0.3,0.295,0
SP1,lal-ray-esp-2026-09-15,KXLALIGAGAME-26SEP15RVCESP-ESP,2026-09-15T17:00:00+00:00,A,6,0.3,0.3,0.31,0.305,0
SP1,lal-ray-esp-2026-09-15,KXLALIGAGAME-26SEP15RVCESP-ESP,2026-09-15T17:00:00+00:00,A,24,0.29,0.28,0.3,0.29,0
SP1,lal-vil-bet-2026-09-14,KXLALIGAGAME-26SEP13VILRBB-VIL,2026-09-14T19:00:00+00:00,H,1,0.49,0.48,0.49,0.485,0
SP1,lal-vil-bet-2026-09-14,KXLALIGAGAME-26SEP13VILRBB-VIL,2026-09-14T19:00:00+00:00,H,6,0.48,0.48,0.49,0.485,0
SP1,lal-vil-bet-2026-09-14,KXLALIGAGAME-26SEP13VILRBB-VIL,2026-09-14T19:00:00+00:00,H,24,0.51,0.49,0.5,0.495,0
SP1,lal-vil-bet-2026-09-14,KXLALIGAGAME-26SEP13VILRBB-TIE,2026-09-14T19:00:00+00:00,D,1,0.24,0.24,0.25,0.245,0
SP1,lal-vil-bet-2026-09-14,KXLALIGAGAME-26SEP13VILRBB-TIE,2026-09-14T19:00:00+00:00,D,6,0.25,0.24,0.25,0.245,0
SP1,lal-vil-bet-2026-09-14,KXLALIGAGAME-26SEP13VILRBB-TIE,2026-09-14T19:00:00+00:00,D,24,0.25,0.23,0.25,0.24,0
SP1,lal-vil-bet-2026-09-14,KXLALIGAGAME-26SEP13VILRBB-RBB,2026-09-14T19:00:00+00:00,A,1,0.27,0.27,0.28,0.275,1
SP1,lal-vil-bet-2026-09-14,KXLALIGAGAME-26SEP13VILRBB-RBB,2026-09-14T19:00:00+00:00,A,6,0.27,0.27,0.28,0.275,1
SP1,lal-vil-bet-2026-09-14,KXLALIGAGAME-26SEP13VILRBB-RBB,2026-09-14T19:00:00+00:00,A,24,0.27,0.25,0.27,0.26,1
SP1,lal-rso-mad-2026-09-13,KXLALIGAGAME-26SEP13RSOATM-RSO,2026-09-13T19:00:00+00:00,H,1,0.28,0.29,0.3,0.295,0
SP1,lal-rso-mad-2026-09-13,KXLALIGAGAME-26SEP13RSOATM-RSO,2026-09-13T19:00:00+00:00,H,6,0.28,0.29,0.3,0.295,0
SP1,lal-rso-mad-2026-09-13,KXLALIGAGAME-26SEP13RSOATM-RSO,2026-09-13T19:00:00+00:00,H,24,0.32,0.31,0.32,0.315,0
SP1,lal-rso-mad-2026-09-13,KXLALIGAGAME-26SEP13RSOATM-TIE,2026-09-13T19:00:00+00:00,D,1,0.27,0.26,0.27,0.265,0
SP1,lal-rso-mad-2026-09-13,KXLALIGAGAME-26SEP13RSOATM-TIE,2026-09-13T19:00:00+00:00,D,6,0.27,0.27,0.28,0.275,0
SP1,lal-rso-mad-2026-09-13,KXLALIGAGAME-26SEP13RSOATM-TIE,2026-09-13T19:00:00+00:00,D,24,0.28,0.27,0.28,0.275,0
SP1,lal-rso-mad-2026-09-13,KXLALIGAGAME-26SEP13RSOATM-ATM,2026-09-13T19:00:00+00:00,A,1,0.46,0.45,0.46,0.455,1
SP1,lal-rso-mad-2026-09-13,KXLALIGAGAME-26SEP13RSOATM-ATM,2026-09-13T19:00:00+00:00,A,6,0.45,0.44,0.45,0.445,1
SP1,lal-rso-mad-2026-09-13,KXLALIGAGAME-26SEP13RSOATM-ATM,2026-09-13T19:00:00+00:00,A,24,0.41,0.41,0.42,0.415,1
SP1,lal-rea-ray-2026-09-12,KXLALIGAGAME-26SEP13RMARVC-RMA,2026-09-12T19:00:00+00:00,H,1,0.86,0.86,0.87,0.865,1
SP1,lal-rea-ray-2026-09-12,KXLALIGAGAME-26SEP13RMARVC-RMA,2026-09-12T19:00:00+00:00,H,6,0.86,0.86,0.87,0.865,1
SP1,lal-rea-ray-2026-09-12,KXLALIGAGAME-26SEP13RMARVC-RMA,2026-09-12T19:00:00+00:00,H,24,0.89,0.88,0.89,0.885,1
SP1,lal-rea-ray-2026-09-12,KXLALIGAGAME-26SEP13RMARVC-TIE,2026-09-12T19:00:00+00:00,D,1,0.09,0.09,0.1,0.095,0
SP1,lal-rea-ray-2026-09-12,KXLALIGAGAME-26SEP13RMARVC-TIE,2026-09-12T19:00:00+00:00,D,6,0.09,0.08,0.09,0.085,0
SP1,lal-rea-ray-2026-09-12,KXLALIGAGAME-26SEP13RMARVC-TIE,2026-09-12T19:00:00+00:00,D,24,0.09,0.07,0.08,0.075,0
SP1,lal-rea-ray-2026-09-12,KXLALIGAGAME-26SEP13RMARVC-RVC,2026-09-12T19:00:00+00:00,A,1,0.046,0.04,0.05,0.045,0
SP1,lal-rea-ray-2026-09-12,KXLALIGAGAME-26SEP13RMARVC-RVC,2026-09-12T19:00:00+00:00,A,6,0.046,0.04,0.05,0.045,0
SP1,lal-rea-ray-2026-09-12,KXLALIGAGAME-26SEP13RMARVC-RVC,2026-09-12T19:00:00+00:00,A,24,0.035,0.04,0.05,0.045,0
SP1,lal-rrc-ala-2026-09-12,KXLALIGAGAME-26SEP13SANALA-SAN,2026-09-12T12:00:00+00:00,H,1,0.35,0.36,0.37,0.365,1
SP1,lal-rrc-ala-2026-09-12,KXLALIGAGAME-26SEP13SANALA-SAN,2026-09-12T12:00:00+00:00,H,6,0.38,0.37,0.38,0.375,1
SP1,lal-rrc-ala-2026-09-12,KXLALIGAGAME-26SEP13SANALA-SAN,2026-09-12T12:00:00+00:00,H,24,0.39,0.38,0.39,0.385,1
SP1,lal-rrc-ala-2026-09-12,KXLALIGAGAME-26SEP13SANALA-TIE,2026-09-12T12:00:00+00:00,D,1,0.28,0.27,0.28,0.275,0
SP1,lal-rrc-ala-2026-09-12,KXLALIGAGAME-26SEP13SANALA-TIE,2026-09-12T12:00:00+00:00,D,6,0.28,0.26,0.27,0.265,0
SP1,lal-rrc-ala-2026-09-12,KXLALIGAGAME-26SEP13SANALA-TIE,2026-09-12T12:00:00+00:00,D,24,0.27,0.26,0.27,0.265,0
SP1,lal-rrc-ala-2026-09-12,KXLALIGAGAME-26SEP13SANALA-ALA,2026-09-12T12:00:00+00:00,A,1,0.36,0.37,0.38,0.375,0
SP1,lal-rrc-ala-2026-09-12,KXLALIGAGAME-26SEP13SANALA-ALA,2026-09-12T12:00:00+00:00,A,6,0.35,0.35,0.36,0.355,0
SP1,lal-rrc-ala-2026-09-12,KXLALIGAGAME-26SEP13SANALA-ALA,2026-09-12T12:00:00+00:00,A,24,0.35,0.34,0.35,0.345,0
SP1,lal-osa-esp-2026-09-12,KXLALIGAGAME-26SEP13OSAESP-OSA,2026-09-12T14:15:00+00:00,H,1,0.44,0.41,0.42,0.415,0
SP1,lal-osa-esp-2026-09-12,KXLALIGAGAME-26SEP13OSAESP-OSA,2026-09-12T14:15:00+00:00,H,6,0.42,0.41,0.43,0.42,0
SP1,lal-osa-esp-2026-09-12,KXLALIGAGAME-26SEP13OSAESP-OSA,2026-09-12T14:15:00+00:00,H,24,0.45,0.43,0.44,0.435,0
SP1,lal-osa-esp-2026-09-12,KXLALIGAGAME-26SEP13OSAESP-TIE,2026-09-12T14:15:00+00:00,D,1,0.3,0.3,0.31,0.305,0
SP1,lal-osa-esp-2026-09-12,KXLALIGAGAME-26SEP13OSAESP-TIE,2026-09-12T14:15:00+00:00,D,6,0.3,0.3,0.31,0.305,0
SP1,lal-osa-esp-2026-09-12,KXLALIGAGAME-26SEP13OSAESP-TIE,2026-09-12T14:15:00+00:00,D,24,0.3,0.29,0.3,0.295,0
SP1,lal-osa-esp-2026-09-12,KXLALIGAGAME-26SEP13OSAESP-ESP,2026-09-12T14:15:00+00:00,A,1,0.26,0.27,0.28,0.275,1
SP1,lal-osa-esp-2026-09-12,KXLALIGAGAME-26SEP13OSAESP-ESP,2026-09-12T14:15:00+00:00,A,6,0.28,0.27,0.28,0.275,1
SP1,lal-osa-esp-2026-09-12,KXLALIGAGAME-26SEP13OSAESP-ESP,2026-09-12T14:15:00+00:00,A,24,0.26,0.25,0.26,0.255,1
SP1,lal-lev-bar-2026-09-13,KXLALIGAGAME-26SEP13LEVBAR-LEV,2026-09-13T14:15:00+00:00,H,1,0.06,0.05,0.06,0.055,0
SP1,lal-lev-bar-2026-09-13,KXLALIGAGAME-26SEP13LEVBAR-LEV,2026-09-13T14:15:00+00:00,H,6,0.05,0.05,0.06,0.055,0
SP1,lal-lev-bar-2026-09-13,KXLALIGAGAME-26SEP13LEVBAR-LEV,2026-09-13T14:15:00+00:00,H,24,0.06,0.05,0.06,0.055,0
SP1,lal-lev-bar-2026-09-13,KXLALIGAGAME-26SEP13LEVBAR-TIE,2026-09-13T14:15:00+00:00,D,1,0.1,0.1,0.11,0.105,0
SP1,lal-lev-bar-2026-09-13,KXLALIGAGAME-26SEP13LEVBAR-TIE,2026-09-13T14:15:00+00:00,D,6,0.1,0.09,0.1,0.095,0
SP1,lal-lev-bar-2026-09-13,KXLALIGAGAME-26SEP13LEVBAR-TIE,2026-09-13T14:15:00+00:00,D,24,0.1,0.08,0.09,0.085,0
SP1,lal-lev-bar-2026-09-13,KXLALIGAGAME-26SEP13LEVBAR-BAR,2026-09-13T14:15:00+00:00,A,1,0.84,0.84,0.85,0.845,1
SP1,lal-lev-bar-2026-09-13,KXLALIGAGAME-26SEP13LEVBAR-BAR,2026-09-13T14:15:00+00:00,A,6,0.84,0.84,0.85,0.845,1
SP1,lal-lev-bar-2026-09-13,KXLALIGAGAME-26SEP13LEVBAR-BAR,2026-09-13T14:15:00+00:00,A,24,0.86,0.85,0.86,0.855,1
SP1,lal-get-dep-2026-09-13,KXLALIGAGAME-26SEP13GETDEP-GET,2026-09-13T16:30:00+00:00,H,1,0.36,0.36,0.37,0.365,0
SP1,lal-get-dep-2026-09-13,KXLALIGAGAME-26SEP13GETDEP-GET,2026-09-13T16:30:00+00:00,H,6,0.37,0.37,0.38,0.375,0
SP1,lal-get-dep-2026-09-13,KXLALIGAGAME-26SEP13GETDEP-GET,2026-09-13T16:30:00+00:00,H,24,0.39,0.38,0.39,0.385,0
SP1,lal-get-dep-2026-09-13,KXLALIGAGAME-26SEP13GETDEP-TIE,2026-09-13T16:30:00+00:00,D,1,0.33,0.33,0.34,0.335,1
SP1,lal-get-dep-2026-09-13,KXLALIGAGAME-26SEP13GETDEP-TIE,2026-09-13T16:30:00+00:00,D,6,0.33,0.33,0.34,0.335,1
SP1,lal-get-dep-2026-09-13,KXLALIGAGAME-26SEP13GETDEP-TIE,2026-09-13T16:30:00+00:00,D,24,0.34,0.33,0.34,0.335,1
SP1,lal-get-dep-2026-09-13,KXLALIGAGAME-26SEP13GETDEP-DEP,2026-09-13T16:30:00+00:00,A,1,0.31,0.3,0.31,0.305,0
SP1,lal-get-dep-2026-09-13,KXLALIGAGAME-26SEP13GETDEP-DEP,2026-09-13T16:30:00+00:00,A,6,0.3,0.29,0.3,0.295,0
SP1,lal-get-dep-2026-09-13,KXLALIGAGAME-26SEP13GETDEP-DEP,2026-09-13T16:30:00+00:00,A,24,0.28,0.27,0.28,0.275,0
SP1,lal-cel-mala-2026-09-13,KXLALIGAGAME-26SEP13RCCMCF-RCC,2026-09-13T12:00:00+00:00,H,1,0.56,0.56,0.57,0.565,0
SP1,lal-cel-mala-2026-09-13,KXLALIGAGAME-26SEP13RCCMCF-RCC,2026-09-13T12:00:00+00:00,H,6,0.57,0.56,0.57,0.565,0
SP1,lal-cel-mala-2026-09-13,KXLALIGAGAME-26SEP13RCCMCF-RCC,2026-09-13T12:00:00+00:00,H,24,0.57,0.56,0.57,0.565,0
SP1,lal-cel-mala-2026-09-13,KXLALIGAGAME-26SEP13RCCMCF-TIE,2026-09-13T12:00:00+00:00,D,1,0.27,0.26,0.27,0.265,1
SP1,lal-cel-mala-2026-09-13,KXLALIGAGAME-26SEP13RCCMCF-TIE,2026-09-13T12:00:00+00:00,D,6,0.26,0.25,0.26,0.255,1
SP1,lal-cel-mala-2026-09-13,KXLALIGAGAME-26SEP13RCCMCF-TIE,2026-09-13T12:00:00+00:00,D,24,0.26,0.25,0.26,0.255,1
SP1,lal-cel-mala-2026-09-13,KXLALIGAGAME-26SEP13RCCMCF-MCF,2026-09-13T12:00:00+00:00,A,1,0.17,0.17,0.18,0.175,0
SP1,lal-cel-mala-2026-09-13,KXLALIGAGAME-26SEP13RCCMCF-MCF,2026-09-13T12:00:00+00:00,A,6,0.17,0.17,0.18,0.175,0
SP1,lal-cel-mala-2026-09-13,KXLALIGAGAME-26SEP13RCCMCF-MCF,2026-09-13T12:00:00+00:00,A,24,0.18,0.17,0.18,0.175,0
SP1,lal-bil-elc-2026-09-12,KXLALIGAGAME-26SEP13ATHELC-ATH,2026-09-12T16:30:00+00:00,H,1,0.7,0.69,0.7,0.695,0
SP1,lal-bil-elc-2026-09-12,KXLALIGAGAME-26SEP13ATHELC-ATH,2026-09-12T16:30:00+00:00,H,6,0.69,0.69,0.7,0.695,0
SP1,lal-bil-elc-2026-09-12,KXLALIGAGAME-26SEP13ATHELC-ATH,2026-09-12T16:30:00+00:00,H,24,0.69,0.69,0.7,0.695,0
SP1,lal-bil-elc-2026-09-12,KXLALIGAGAME-26SEP13ATHELC-TIE,2026-09-12T16:30:00+00:00,D,1,0.19,0.18,0.19,0.185,1
SP1,lal-bil-elc-2026-09-12,KXLALIGAGAME-26SEP13ATHELC-TIE,2026-09-12T16:30:00+00:00,D,6,0.19,0.18,0.19,0.185,1
SP1,lal-bil-elc-2026-09-12,KXLALIGAGAME-26SEP13ATHELC-TIE,2026-09-12T16:30:00+00:00,D,24,0.2,0.19,0.2,0.195,1
SP1,lal-bil-elc-2026-09-12,KXLALIGAGAME-26SEP13ATHELC-ELC,2026-09-12T16:30:00+00:00,A,1,0.11,0.1,0.12,0.11,0
SP1,lal-bil-elc-2026-09-12,KXLALIGAGAME-26SEP13ATHELC-ELC,2026-09-12T16:30:00+00:00,A,6,0.12,0.11,0.12,0.115,0
SP1,lal-bil-elc-2026-09-12,KXLALIGAGAME-26SEP13ATHELC-ELC,2026-09-12T16:30:00+00:00,A,24,0.11,0.11,0.13,0.12,0
SP1,lal-elc-rso-2026-09-07,KXLALIGAGAME-26SEP07ELCRSO-ELC,2026-09-07T19:30:00+00:00,H,1,0.28,0.26,0.27,0.265,0
SP1,lal-elc-rso-2026-09-07,KXLALIGAGAME-26SEP07ELCRSO-ELC,2026-09-07T19:30:00+00:00,H,6,0.27,0.27,0.28,0.275,0
SP1,lal-elc-rso-2026-09-07,KXLALIGAGAME-26SEP07ELCRSO-ELC,2026-09-07T19:30:00+00:00,H,24,0.32,0.31,0.32,0.315,0
SP1,lal-elc-rso-2026-09-07,KXLALIGAGAME-26SEP07ELCRSO-TIE,2026-09-07T19:30:00+00:00,D,1,0.27,0.27,0.28,0.275,0
SP1,lal-elc-rso-2026-09-07,KXLALIGAGAME-26SEP07ELCRSO-TIE,2026-09-07T19:30:00+00:00,D,6,0.28,0.27,0.28,0.275,0
SP1,lal-elc-rso-2026-09-07,KXLALIGAGAME-26SEP07ELCRSO-TIE,2026-09-07T19:30:00+00:00,D,24,0.27,0.27,0.28,0.275,0
SP1,lal-elc-rso-2026-09-07,KXLALIGAGAME-26SEP07ELCRSO-RSO,2026-09-07T19:30:00+00:00,A,1,0.45,0.46,0.47,0.465,1
SP1,lal-elc-rso-2026-09-07,KXLALIGAGAME-26SEP07ELCRSO-RSO,2026-09-07T19:30:00+00:00,A,6,0.44,0.44,0.45,0.445,1
SP1,lal-elc-rso-2026-09-07,KXLALIGAGAME-26SEP07ELCRSO-RSO,2026-09-07T19:30:00+00:00,A,24,0.42,0.4,0.41,0.405,1
SP1,lal-get-cel-2026-09-07,KXLALIGAGAME-26SEP07GETRCC-GET,2026-09-07T17:00:00+00:00,H,1,0.37,0.37,0.38,0.375,0
SP1,lal-get-cel-2026-09-07,KXLALIGAGAME-26SEP07GETRCC-GET,2026-09-07T17:00:00+00:00,H,6,0.37,0.37,0.38,0.375,0
SP1,lal-get-cel-2026-09-07,KXLALIGAGAME-26SEP07GETRCC-GET,2026-09-07T17:00:00+00:00,H,24,0.4,0.38,0.39,0.385,0
SP1,lal-get-cel-2026-09-07,KXLALIGAGAME-26SEP07GETRCC-TIE,2026-09-07T17:00:00+00:00,D,1,0.35,0.34,0.35,0.345,1
SP1,lal-get-cel-2026-09-07,KXLALIGAGAME-26SEP07GETRCC-TIE,2026-09-07T17:00:00+00:00,D,6,0.34,0.33,0.34,0.335,1
SP1,lal-get-cel-2026-09-07,KXLALIGAGAME-26SEP07GETRCC-TIE,2026-09-07T17:00:00+00:00,D,24,0.34,0.33,0.34,0.335,1
SP1,lal-get-cel-2026-09-07,KXLALIGAGAME-26SEP07GETRCC-RCC,2026-09-07T17:00:00+00:00,A,1,0.29,0.28,0.29,0.285,0
SP1,lal-get-cel-2026-09-07,KXLALIGAGAME-26SEP07GETRCC-RCC,2026-09-07T17:00:00+00:00,A,6,0.28,0.28,0.29,0.285,0
SP1,lal-get-cel-2026-09-07,KXLALIGAGAME-26SEP07GETRCC-RCC,2026-09-07T17:00:00+00:00,A,24,0.28,0.27,0.28,0.275,0
SP1,lal-esp-sev-2026-09-06,KXLALIGAGAME-26SEP06ESPSEV-ESP,2026-09-06T19:00:00+00:00,H,1,0.41,0.41,0.42,0.415,0
SP1,lal-esp-sev-2026-09-06,KXLALIGAGAME-26SEP06ESPSEV-ESP,2026-09-06T19:00:00+00:00,H,6,0.43,0.42,0.43,0.425,0
SP1,lal-esp-sev-2026-09-06,KXLALIGAGAME-26SEP06ESPSEV-ESP,2026-09-06T19:00:00+00:00,H,24,0.43,0.42,0.43,0.425,0
SP1,lal-esp-sev-2026-09-06,KXLALIGAGAME-26SEP06ESPSEV-TIE,2026-09-06T19:00:00+00:00,D,1,0.3,0.29,0.3,0.295,1
SP1,lal-esp-sev-2026-09-06,KXLALIGAGAME-26SEP06ESPSEV-TIE,2026-09-06T19:00:00+00:00,D,6,0.3,0.29,0.3,0.295,1
SP1,lal-esp-sev-2026-09-06,KXLALIGAGAME-26SEP06ESPSEV-TIE,2026-09-06T19:00:00+00:00,D,24,0.29,0.29,0.3,0.295,1
SP1,lal-esp-sev-2026-09-06,KXLALIGAGAME-26SEP06ESPSEV-SEV,2026-09-06T19:00:00+00:00,A,1,0.3,0.28,0.29,0.285,0
SP1,lal-esp-sev-2026-09-06,KXLALIGAGAME-26SEP06ESPSEV-SEV,2026-09-06T19:00:00+00:00,A,6,0.28,0.27,0.29,0.28,0
SP1,lal-esp-sev-2026-09-06,KXLALIGAGAME-26SEP06ESPSEV-SEV,2026-09-06T19:00:00+00:00,A,24,0.28,0.28,0.29,0.285,0
SP1,lal-mala-lev-2026-09-06,KXLALIGAGAME-26SEP06MCFLEV-MCF,2026-09-06T16:30:00+00:00,H,1,0.4,0.39,0.4,0.395,0
SP1,lal-mala-lev-2026-09-06,KXLALIGAGAME-26SEP06MCFLEV-MCF,2026-09-06T16:30:00+00:00,H,6,0.4,0.39,0.4,0.395,0
SP1,lal-mala-lev-2026-09-06,KXLALIGAGAME-26SEP06MCFLEV-MCF,2026-09-06T16:30:00+00:00,H,24,0.41,0.4,0.41,0.405,0
SP1,lal-mala-lev-2026-09-06,KXLALIGAGAME-26SEP06MCFLEV-TIE,2026-09-06T16:30:00+00:00,D,1,0.29,0.28,0.29,0.285,1
SP1,lal-mala-lev-2026-09-06,KXLALIGAGAME-26SEP06MCFLEV-TIE,2026-09-06T16:30:00+00:00,D,6,0.3,0.28,0.29,0.285,1
SP1,lal-mala-lev-2026-09-06,KXLALIGAGAME-26SEP06MCFLEV-TIE,2026-09-06T16:30:00+00:00,D,24,0.3,0.28,0.29,0.285,1
SP1,lal-mala-lev-2026-09-06,KXLALIGAGAME-26SEP06MCFLEV-LEV,2026-09-06T16:30:00+00:00,A,1,0.32,0.31,0.32,0.315,0
SP1,lal-mala-lev-2026-09-06,KXLALIGAGAME-26SEP06MCFLEV-LEV,2026-09-06T16:30:00+00:00,A,6,0.31,0.31,0.32,0.315,0
SP1,lal-mala-lev-2026-09-06,KXLALIGAGAME-26SEP06MCFLEV-LEV,2026-09-06T16:30:00+00:00,A,24,0.32,0.3,0.32,0.31,0
SP1,lal-ala-osa-2026-09-06,KXLALIGAGAME-26SEP06ALAOSA-ALA,2026-09-06T16:30:00+00:00,H,1,0.42,0.41,0.42,0.415,1
SP1,lal-ala-osa-2026-09-06,KXLALIGAGAME-26SEP06ALAOSA-ALA,2026-09-06T16:30:00+00:00,H,6,0.41,0.42,0.43,0.425,1
SP1,lal-ala-osa-2026-09-06,KXLALIGAGAME-26SEP06ALAOSA-ALA,2026-09-06T16:30:00+00:00,H,24,0.43,0.41,0.43,0.42,1
SP1,lal-ala-osa-2026-09-06,KXLALIGAGAME-26SEP06ALAOSA-TIE,2026-09-06T16:30:00+00:00,D,1,0.32,0.31,0.32,0.315,0
SP1,lal-ala-osa-2026-09-06,KXLALIGAGAME-26SEP06ALAOSA-TIE,2026-09-06T16:30:00+00:00,D,6,0.32,0.3,0.32,0.31,0
SP1,lal-ala-osa-2026-09-06,KXLALIGAGAME-26SEP06ALAOSA-TIE,2026-09-06T16:30:00+00:00,D,24,0.32,0.31,0.32,0.315,0
SP1,lal-ala-osa-2026-09-06,KXLALIGAGAME-26SEP06ALAOSA-OSA,2026-09-06T16:30:00+00:00,A,1,0.27,0.27,0.28,0.275,0
SP1,lal-ala-osa-2026-09-06,KXLALIGAGAME-26SEP06ALAOSA-OSA,2026-09-06T16:30:00+00:00,A,6,0.27,0.26,0.28,0.27,0
SP1,lal-ala-osa-2026-09-06,KXLALIGAGAME-26SEP06ALAOSA-OSA,2026-09-06T16:30:00+00:00,A,24,0.27,0.26,0.27,0.265,0
SP1,lal-val-bar-2026-09-06,KXLALIGAGAME-26SEP06VCFBAR-VCF,2026-09-06T14:15:00+00:00,H,1,0.07,0.08,0.09,0.085,0
SP1,lal-val-bar-2026-09-06,KXLALIGAGAME-26SEP06VCFBAR-VCF,2026-09-06T14:15:00+00:00,H,6,0.09,0.08,0.09,0.085,0
SP1,lal-val-bar-2026-09-06,KXLALIGAGAME-26SEP06VCFBAR-VCF,2026-09-06T14:15:00+00:00,H,24,0.1,0.09,0.1,0.095,0
SP1,lal-val-bar-2026-09-06,KXLALIGAGAME-26SEP06VCFBAR-TIE,2026-09-06T14:15:00+00:00,D,1,0.14,0.14,0.15,0.145,0
SP1,lal-val-bar-2026-09-06,KXLALIGAGAME-26SEP06VCFBAR-TIE,2026-09-06T14:15:00+00:00,D,6,0.14,0.14,0.15,0.145,0
SP1,lal-val-bar-2026-09-06,KXLALIGAGAME-26SEP06VCFBAR-TIE,2026-09-06T14:15:00+00:00,D,24,0.14,0.13,0.14,0.135,0
SP1,lal-val-bar-2026-09-06,KXLALIGAGAME-26SEP06VCFBAR-BAR,2026-09-06T14:15:00+00:00,A,1,0.77,0.77,0.78,0.775,1
SP1,lal-val-bar-2026-09-06,KXLALIGAGAME-26SEP06VCFBAR-BAR,2026-09-06T14:15:00+00:00,A,6,0.77,0.77,0.78,0.775,1
SP1,lal-val-bar-2026-09-06,KXLALIGAGAME-26SEP06VCFBAR-BAR,2026-09-06T14:15:00+00:00,A,24,0.76,0.76,0.77,0.765,1
SP1,lal-vil-dep-2026-09-05,KXLALIGAGAME-26SEP05VILDEP-VIL,2026-09-05T19:00:00+00:00,H,1,0.67,0.66,0.67,0.665,0
SP1,lal-vil-dep-2026-09-05,KXLALIGAGAME-26SEP05VILDEP-VIL,2026-09-05T19:00:00+00:00,H,6,0.67,0.65,0.66,0.655,0
SP1,lal-vil-dep-2026-09-05,KXLALIGAGAME-26SEP05VILDEP-VIL,2026-09-05T19:00:00+00:00,H,24,0.65,0.64,0.65,0.645,0
SP1,lal-vil-dep-2026-09-05,KXLALIGAGAME-26SEP05VILDEP-TIE,2026-09-05T19:00:00+00:00,D,1,0.19,0.19,0.2,0.195,0
SP1,lal-vil-dep-2026-09-05,KXLALIGAGAME-26SEP05VILDEP-TIE,2026-09-05T19:00:00+00:00,D,6,0.21,0.2,0.21,0.205,0
SP1,lal-vil-dep-2026-09-05,KXLALIGAGAME-26SEP05VILDEP-TIE,2026-09-05T19:00:00+00:00,D,24,0.21,0.2,0.21,0.205,0
SP1,lal-vil-dep-2026-09-05,KXLALIGAGAME-26SEP05VILDEP-DEP,2026-09-05T19:00:00+00:00,A,1,0.14,0.13,0.14,0.135,1
SP1,lal-vil-dep-2026-09-05,KXLALIGAGAME-26SEP05VILDEP-DEP,2026-09-05T19:00:00+00:00,A,6,0.14,0.14,0.15,0.145,1
SP1,lal-vil-dep-2026-09-05,KXLALIGAGAME-26SEP05VILDEP-DEP,2026-09-05T19:00:00+00:00,A,24,0.14,0.14,0.15,0.145,1
SP1,lal-ray-rrc-2026-09-05,KXLALIGAGAME-26SEP05RVCSAN-RVC,2026-09-05T16:30:00+00:00,H,1,0.48,0.47,0.48,0.475,1
SP1,lal-ray-rrc-2026-09-05,KXLALIGAGAME-26SEP05RVCSAN-RVC,2026-09-05T16:30:00+00:00,H,6,0.46,0.46,0.47,0.465,1
SP1,lal-ray-rrc-2026-09-05,KXLALIGAGAME-26SEP05RVCSAN-RVC,2026-09-05T16:30:00+00:00,H,24,0.42,0.42,0.44,0.43,1
SP1,lal-ray-rrc-2026-09-05,KXLALIGAGAME-26SEP05RVCSAN-TIE,2026-09-05T16:30:00+00:00,D,1,0.28,0.26,0.27,0.265,0
SP1,lal-ray-rrc-2026-09-05,KXLALIGAGAME-26SEP05RVCSAN-TIE,2026-09-05T16:30:00+00:00,D,6,0.28,0.26,0.27,0.265,0
SP1,lal-ray-rrc-2026-09-05,KXLALIGAGAME-26SEP05RVCSAN-TIE,2026-09-05T16:30:00+00:00,D,24,0.28,0.28,0.29,0.285,0
SP1,lal-ray-rrc-2026-09-05,KXLALIGAGAME-26SEP05RVCSAN-SAN,2026-09-05T16:30:00+00:00,A,1,0.25,0.25,0.26,0.255,0
SP1,lal-ray-rrc-2026-09-05,KXLALIGAGAME-26SEP05RVCSAN-SAN,2026-09-05T16:30:00+00:00,A,6,0.27,0.26,0.27,0.265,0
SP1,lal-ray-rrc-2026-09-05,KXLALIGAGAME-26SEP05RVCSAN-SAN,2026-09-05T16:30:00+00:00,A,24,0.29,0.28,0.29,0.285,0
SP1,lal-bil-mad-2026-09-05,KXLALIGAGAME-26SEP05ATHATM-ATH,2026-09-05T14:15:00+00:00,H,1,0.33,0.31,0.32,0.315,1
SP1,lal-bil-mad-2026-09-05,KXLALIGAGAME-26SEP05ATHATM-ATH,2026-09-05T14:15:00+00:00,H,6,0.32,0.31,0.32,0.315,1
SP1,lal-bil-mad-2026-09-05,KXLALIGAGAME-26SEP05ATHATM-ATH,2026-09-05T14:15:00+00:00,H,24,0.31,0.3,0.31,0.305,1
SP1,lal-bil-mad-2026-09-05,KXLALIGAGAME-26SEP05ATHATM-TIE,2026-09-05T14:15:00+00:00,D,1,0.28,0.28,0.29,0.285,0
SP1,lal-bil-mad-2026-09-05,KXLALIGAGAME-26SEP05ATHATM-TIE,2026-09-05T14:15:00+00:00,D,6,0.28,0.28,0.29,0.285,0
SP1,lal-bil-mad-2026-09-05,KXLALIGAGAME-26SEP05ATHATM-TIE,2026-09-05T14:15:00+00:00,D,24,0.27,0.27,0.28,0.275,0
SP1,lal-bil-mad-2026-09-05,KXLALIGAGAME-26SEP05ATHATM-ATM,2026-09-05T14:15:00+00:00,A,1,0.39,0.4,0.41,0.405,0
SP1,lal-bil-mad-2026-09-05,KXLALIGAGAME-26SEP05ATHATM-ATM,2026-09-05T14:15:00+00:00,A,6,0.4,0.4,0.41,0.405,0
SP1,lal-bil-mad-2026-09-05,KXLALIGAGAME-26SEP05ATHATM-ATM,2026-09-05T14:15:00+00:00,A,24,0.42,0.42,0.43,0.425,0
SP1,lal-bet-rea-2026-09-04,KXLALIGAGAME-26SEP04RBBRMA-RBB,2026-09-04T19:00:00+00:00,H,1,0.15,0.14,0.15,0.145,1
SP1,lal-bet-rea-2026-09-04,KXLALIGAGAME-26SEP04RBBRMA-RBB,2026-09-04T19:00:00+00:00,H,6,0.15,0.14,0.15,0.145,1
SP1,lal-bet-rea-2026-09-04,KXLALIGAGAME-26SEP04RBBRMA-RBB,2026-09-04T19:00:00+00:00,H,24,0.12,0.11,0.12,0.115,1
SP1,lal-bet-rea-2026-09-04,KXLALIGAGAME-26SEP04RBBRMA-TIE,2026-09-04T19:00:00+00:00,D,1,0.18,0.17,0.18,0.175,0
SP1,lal-bet-rea-2026-09-04,KXLALIGAGAME-26SEP04RBBRMA-TIE,2026-09-04T19:00:00+00:00,D,6,0.18,0.17,0.18,0.175,0
SP1,lal-bet-rea-2026-09-04,KXLALIGAGAME-26SEP04RBBRMA-TIE,2026-09-04T19:00:00+00:00,D,24,0.18,0.16,0.17,0.165,0
SP1,lal-bet-rea-2026-09-04,KXLALIGAGAME-26SEP04RBBRMA-RMA,2026-09-04T19:00:00+00:00,A,1,0.68,0.67,0.68,0.675,0
SP1,lal-bet-rea-2026-09-04,KXLALIGAGAME-26SEP04RBBRMA-RMA,2026-09-04T19:00:00+00:00,A,6,0.68,0.68,0.69,0.685,0
SP1,lal-bet-rea-2026-09-04,KXLALIGAGAME-26SEP04RBBRMA-RMA,2026-09-04T19:00:00+00:00,A,24,0.72,0.7,0.71,0.705,0
SP1,lal-rso-cel-2026-09-03,KXLALIGAGAME-26SEP03RSORCC-RSO,2026-09-03T19:00:00+00:00,H,1,0.54,0.53,0.54,0.535,0
SP1,lal-rso-cel-2026-09-03,KXLALIGAGAME-26SEP03RSORCC-RSO,2026-09-03T19:00:00+00:00,H,6,0.52,0.52,0.53,0.525,0
SP1,lal-rso-cel-2026-09-03,KXLALIGAGAME-26SEP03RSORCC-RSO,2026-09-03T19:00:00+00:00,H,24,0.51,0.5,0.51,0.505,0
SP1,lal-rso-cel-2026-09-03,KXLALIGAGAME-26SEP03RSORCC-TIE,2026-09-03T19:00:00+00:00,D,1,0.26,0.25,0.26,0.255,1
SP1,lal-rso-cel-2026-09-03,KXLALIGAGAME-26SEP03RSORCC-TIE,2026-09-03T19:00:00+00:00,D,6,0.26,0.25,0.26,0.255,1
SP1,lal-rso-cel-2026-09-03,KXLALIGAGAME-26SEP03RSORCC-TIE,2026-09-03T19:00:00+00:00,D,24,0.27,0.26,0.27,0.265,1
SP1,lal-rso-cel-2026-09-03,KXLALIGAGAME-26SEP03RSORCC-RCC,2026-09-03T19:00:00+00:00,A,1,0.21,0.2,0.21,0.205,0
SP1,lal-rso-cel-2026-09-03,KXLALIGAGAME-26SEP03RSORCC-RCC,2026-09-03T19:00:00+00:00,A,6,0.22,0.21,0.22,0.215,0
SP1,lal-rso-cel-2026-09-03,KXLALIGAGAME-26SEP03RSORCC-RCC,2026-09-03T19:00:00+00:00,A,24,0.24,0.23,0.24,0.235,0
SP1,lal-bar-ray-2026-08-31,KXLALIGAGAME-26AUG31BARRVC-BAR,2026-08-31T19:30:00+00:00,H,1,0.9,0.89,0.9,0.895,1
SP1,lal-bar-ray-2026-08-31,KXLALIGAGAME-26AUG31BARRVC-BAR,2026-08-31T19:30:00+00:00,H,6,0.89,0.88,0.89,0.885,1
SP1,lal-bar-ray-2026-08-31,KXLALIGAGAME-26AUG31BARRVC-BAR,2026-08-31T19:30:00+00:00,H,24,0.88,0.87,0.88,0.875,1
SP1,lal-bar-ray-2026-08-31,KXLALIGAGAME-26AUG31BARRVC-TIE,2026-08-31T19:30:00+00:00,D,1,0.07,0.07,0.08,0.075,0
SP1,lal-bar-ray-2026-08-31,KXLALIGAGAME-26AUG31BARRVC-TIE,2026-08-31T19:30:00+00:00,D,6,0.07,0.08,0.09,0.085,0
SP1,lal-bar-ray-2026-08-31,KXLALIGAGAME-26AUG31BARRVC-TIE,2026-08-31T19:30:00+00:00,D,24,0.1,0.09,0.1,0.095,0
SP1,lal-bar-ray-2026-08-31,KXLALIGAGAME-26AUG31BARRVC-RVC,2026-08-31T19:30:00+00:00,A,1,0.03,0.03,0.04,0.035,0
SP1,lal-bar-ray-2026-08-31,KXLALIGAGAME-26AUG31BARRVC-RVC,2026-08-31T19:30:00+00:00,A,6,0.033,0.03,0.04,0.035,0
SP1,lal-bar-ray-2026-08-31,KXLALIGAGAME-26AUG31BARRVC-RVC,2026-08-31T19:30:00+00:00,A,24,0.033,0.03,0.04,0.035,0
SP1,lal-osa-get-2026-08-31,KXLALIGAGAME-26AUG31OSAGET-OSA,2026-08-31T17:30:00+00:00,H,1,0.43,0.44,0.45,0.445,1
SP1,lal-osa-get-2026-08-31,KXLALIGAGAME-26AUG31OSAGET-OSA,2026-08-31T17:30:00+00:00,H,6,0.44,0.44,0.45,0.445,1
SP1,lal-osa-get-2026-08-31,KXLALIGAGAME-26AUG31OSAGET-OSA,2026-08-31T17:30:00+00:00,H,24,0.44,0.44,0.45,0.445,1
SP1,lal-osa-get-2026-08-31,KXLALIGAGAME-26AUG31OSAGET-TIE,2026-08-31T17:30:00+00:00,D,1,0.34,0.33,0.34,0.335,0
SP1,lal-osa-get-2026-08-31,KXLALIGAGAME-26AUG31OSAGET-TIE,2026-08-31T17:30:00+00:00,D,6,0.34,0.33,0.34,0.335,0
SP1,lal-osa-get-2026-08-31,KXLALIGAGAME-26AUG31OSAGET-TIE,2026-08-31T17:30:00+00:00,D,24,0.33,0.32,0.33,0.325,0
SP1,lal-osa-get-2026-08-31,KXLALIGAGAME-26AUG31OSAGET-GET,2026-08-31T17:30:00+00:00,A,1,0.23,0.22,0.23,0.225,0
SP1,lal-osa-get-2026-08-31,KXLALIGAGAME-26AUG31OSAGET-GET,2026-08-31T17:30:00+00:00,A,6,0.21,0.22,0.23,0.225,0
SP1,lal-osa-get-2026-08-31,KXLALIGAGAME-26AUG31OSAGET-GET,2026-08-31T17:30:00+00:00,A,24,0.24,0.23,0.24,0.235,0
SP1,lal-cel-bil-2026-08-30,KXLALIGAGAME-26AUG30RCCATH-RCC,2026-08-30T19:30:00+00:00,H,1,0.34,0.34,0.35,0.345,0
SP1,lal-cel-bil-2026-08-30,KXLALIGAGAME-26AUG30RCCATH-RCC,2026-08-30T19:30:00+00:00,H,6,0.35,0.35,0.36,0.355,0
SP1,lal-cel-bil-2026-08-30,KXLALIGAGAME-26AUG30RCCATH-RCC,2026-08-30T19:30:00+00:00,H,24,0.4,0.39,0.4,0.395,0
SP1,lal-cel-bil-2026-08-30,KXLALIGAGAME-26AUG30RCCATH-TIE,2026-08-30T19:30:00+00:00,D,1,0.3,0.3,0.31,0.305,0
SP1,lal-cel-bil-2026-08-30,KXLALIGAGAME-26AUG30RCCATH-TIE,2026-08-30T19:30:00+00:00,D,6,0.3,0.29,0.3,0.295,0
SP1,lal-cel-bil-2026-08-30,KXLALIGAGAME-26AUG30RCCATH-TIE,2026-08-30T19:30:00+00:00,D,24,0.3,0.29,0.3,0.295,0
SP1,lal-cel-bil-2026-08-30,KXLALIGAGAME-26AUG30RCCATH-ATH,2026-08-30T19:30:00+00:00,A,1,0.36,0.36,0.37,0.365,1
SP1,lal-cel-bil-2026-08-30,KXLALIGAGAME-26AUG30RCCATH-ATH,2026-08-30T19:30:00+00:00,A,6,0.35,0.34,0.35,0.345,1
SP1,lal-cel-bil-2026-08-30,KXLALIGAGAME-26AUG30RCCATH-ATH,2026-08-30T19:30:00+00:00,A,24,0.32,0.31,0.32,0.315,1
SP1,lal-dep-val-2026-08-30,KXLALIGAGAME-26AUG30DEPVCF-DEP,2026-08-30T17:30:00+00:00,H,1,0.37,0.36,0.38,0.37,1
SP1,lal-dep-val-2026-08-30,KXLALIGAGAME-26AUG30DEPVCF-DEP,2026-08-30T17:30:00+00:00,H,6,0.38,0.36,0.37,0.365,1
SP1,lal-dep-val-2026-08-30,KXLALIGAGAME-26AUG30DEPVCF-DEP,2026-08-30T17:30:00+00:00,H,24,0.38,0.37,0.38,0.375,1
SP1,lal-dep-val-2026-08-30,KXLALIGAGAME-26AUG30DEPVCF-TIE,2026-08-30T17:30:00+00:00,D,1,0.32,0.31,0.32,0.315,0
SP1,lal-dep-val-2026-08-30,KXLALIGAGAME-26AUG30DEPVCF-TIE,2026-08-30T17:30:00+00:00,D,6,0.32,0.31,0.32,0.315,0
SP1,lal-dep-val-2026-08-30,KXLALIGAGAME-26AUG30DEPVCF-TIE,2026-08-30T17:30:00+00:00,D,24,0.31,0.31,0.32,0.315,0
SP1,lal-dep-val-2026-08-30,KXLALIGAGAME-26AUG30DEPVCF-VCF,2026-08-30T17:30:00+00:00,A,1,0.32,0.31,0.32,0.315,0
SP1,lal-dep-val-2026-08-30,KXLALIGAGAME-26AUG30DEPVCF-VCF,2026-08-30T17:30:00+00:00,A,6,0.31,0.3,0.31,0.305,0
SP1,lal-dep-val-2026-08-30,KXLALIGAGAME-26AUG30DEPVCF-VCF,2026-08-30T17:30:00+00:00,A,24,0.31,0.3,0.31,0.305,0
SP1,lal-rea-mala-2026-08-30,KXLALIGAGAME-26AUG30RMAMCF-RMA,2026-08-30T15:00:00+00:00,H,1,0.91,0.91,0.92,0.915,1
SP1,lal-rea-mala-2026-08-30,KXLALIGAGAME-26AUG30RMAMCF-RMA,2026-08-30T15:00:00+00:00,H,6,0.9,0.9,0.91,0.905,1
SP1,lal-rea-mala-2026-08-30,KXLALIGAGAME-26AUG30RMAMCF-RMA,2026-08-30T15:00:00+00:00,H,24,0.89,0.88,0.89,0.885,1
SP1,lal-rea-mala-2026-08-30,KXLALIGAGAME-26AUG30RMAMCF-TIE,2026-08-30T15:00:00+00:00,D,1,0.07,0.06,0.07,0.065,0
SP1,lal-rea-mala-2026-08-30,KXLALIGAGAME-26AUG30RMAMCF-TIE,2026-08-30T15:00:00+00:00,D,6,0.08,0.07,0.08,0.075,0
SP1,lal-rea-mala-2026-08-30,KXLALIGAGAME-26AUG30RMAMCF-TIE,2026-08-30T15:00:00+00:00,D,24,0.09,0.07,0.08,0.075,0
SP1,lal-rea-mala-2026-08-30,KXLALIGAGAME-26AUG30RMAMCF-MCF,2026-08-30T15:00:00+00:00,A,1,0.026,0.02,0.03,0.025,0
SP1,lal-rea-mala-2026-08-30,KXLALIGAGAME-26AUG30RMAMCF-MCF,2026-08-30T15:00:00+00:00,A,6,0.027,0.02,0.03,0.025,0
SP1,lal-rea-mala-2026-08-30,KXLALIGAGAME-26AUG30RMAMCF-MCF,2026-08-30T15:00:00+00:00,A,24,0.034,0.03,0.04,0.035,0
SP1,lal-sev-mad-2026-08-29,KXLALIGAGAME-26AUG29SEVATM-SEV,2026-08-29T19:30:00+00:00,H,1,0.23,0.22,0.23,0.225,0
SP1,lal-sev-mad-2026-08-29,KXLALIGAGAME-26AUG29SEVATM-SEV,2026-08-29T19:30:00+00:00,H,6,0.23,0.23,0.24,0.235,0
SP1,lal-sev-mad-2026-08-29,KXLALIGAGAME-26AUG29SEVATM-SEV,2026-08-29T19:30:00+00:00,H,24,0.25,0.25,0.26,0.255,0
SP1,lal-sev-mad-2026-08-29,KXLALIGAGAME-26AUG29SEVATM-TIE,2026-08-29T19:30:00+00:00,D,1,0.28,0.27,0.28,0.275,0
SP1,lal-sev-mad-2026-08-29,KXLALIGAGAME-26AUG29SEVATM-TIE,2026-08-29T19:30:00+00:00,D,6,0.28,0.27,0.28,0.275,0
SP1,lal-sev-mad-2026-08-29,KXLALIGAGAME-26AUG29SEVATM-TIE,2026-08-29T19:30:00+00:00,D,24,0.29,0.27,0.28,0.275,0
SP1,lal-sev-mad-2026-08-29,KXLALIGAGAME-26AUG29SEVATM-ATM,2026-08-29T19:30:00+00:00,A,1,0.51,0.5,0.51,0.505,1
SP1,lal-sev-mad-2026-08-29,KXLALIGAGAME-26AUG29SEVATM-ATM,2026-08-29T19:30:00+00:00,A,6,0.5,0.49,0.5,0.495,1
SP1,lal-sev-mad-2026-08-29,KXLALIGAGAME-26AUG29SEVATM-ATM,2026-08-29T19:30:00+00:00,A,24,0.46,0.46,0.47,0.465,1
SP1,lal-rso-esp-2026-08-29,KXLALIGAGAME-26AUG29RSOESP-RSO,2026-08-29T17:00:00+00:00,H,1,0.52,0.52,0.53,0.525,1
SP1,lal-rso-esp-2026-08-29,KXLALIGAGAME-26AUG29RSOESP-RSO,2026-08-29T17:00:00+00:00,H,6,0.53,0.53,0.54,0.535,1
SP1,lal-rso-esp-2026-08-29,KXLALIGAGAME-26AUG29RSOESP-RSO,2026-08-29T17:00:00+00:00,H,24,0.52,0.5,0.51,0.505,1
SP1,lal-rso-esp-2026-08-29,KXLALIGAGAME-26AUG29RSOESP-TIE,2026-08-29T17:00:00+00:00,D,1,0.25,0.25,0.26,0.255,0
SP1,lal-rso-esp-2026-08-29,KXLALIGAGAME-26AUG29RSOESP-TIE,2026-08-29T17:00:00+00:00,D,6,0.25,0.25,0.26,0.255,0
SP1,lal-rso-esp-2026-08-29,KXLALIGAGAME-26AUG29RSOESP-TIE,2026-08-29T17:00:00+00:00,D,24,0.26,0.25,0.26,0.255,0
SP1,lal-rso-esp-2026-08-29,KXLALIGAGAME-26AUG29RSOESP-ESP,2026-08-29T17:00:00+00:00,A,1,0.22,0.22,0.23,0.225,0
SP1,lal-rso-esp-2026-08-29,KXLALIGAGAME-26AUG29RSOESP-ESP,2026-08-29T17:00:00+00:00,A,6,0.2188,0.21,0.22,0.215,0
SP1,lal-rso-esp-2026-08-29,KXLALIGAGAME-26AUG29RSOESP-ESP,2026-08-29T17:00:00+00:00,A,24,0.23,0.22,0.24,0.23,0
SP1,lal-lev-bet-2026-08-29,KXLALIGAGAME-26AUG29LEVRBB-LEV,2026-08-29T15:00:00+00:00,H,1,0.29,0.28,0.29,0.285,1
SP1,lal-lev-bet-2026-08-29,KXLALIGAGAME-26AUG29LEVRBB-LEV,2026-08-29T15:00:00+00:00,H,6,0.28,0.27,0.28,0.275,1
SP1,lal-lev-bet-2026-08-29,KXLALIGAGAME-26AUG29LEVRBB-LEV,2026-08-29T15:00:00+00:00,H,24,0.27,0.27,0.28,0.275,1
SP1,lal-lev-bet-2026-08-29,KXLALIGAGAME-26AUG29LEVRBB-TIE,2026-08-29T15:00:00+00:00,D,1,0.29,0.28,0.29,0.285,0
SP1,lal-lev-bet-2026-08-29,KXLALIGAGAME-26AUG29LEVRBB-TIE,2026-08-29T15:00:00+00:00,D,6,0.29,0.27,0.28,0.275,0
SP1,lal-lev-bet-2026-08-29,KXLALIGAGAME-26AUG29LEVRBB-TIE,2026-08-29T15:00:00+00:00,D,24,0.28,0.27,0.28,0.275,0
SP1,lal-lev-bet-2026-08-29,KXLALIGAGAME-26AUG29LEVRBB-RBB,2026-08-29T15:00:00+00:00,A,1,0.44,0.43,0.44,0.435,0
SP1,lal-lev-bet-2026-08-29,KXLALIGAGAME-26AUG29LEVRBB-RBB,2026-08-29T15:00:00+00:00,A,6,0.43,0.43,0.44,0.435,0
SP1,lal-lev-bet-2026-08-29,KXLALIGAGAME-26AUG29LEVRBB-RBB,2026-08-29T15:00:00+00:00,A,24,0.44,0.44,0.45,0.445,0
SP1,lal-ala-vil-2026-08-28,KXLALIGAGAME-26AUG28ALAVIL-ALA,2026-08-28T19:30:00+00:00,H,1,0.3,0.29,0.3,0.295,1
SP1,lal-ala-vil-2026-08-28,KXLALIGAGAME-26AUG28ALAVIL-ALA,2026-08-28T19:30:00+00:00,H,6,0.3,0.29,0.3,0.295,1
SP1,lal-ala-vil-2026-08-28,KXLALIGAGAME-26AUG28ALAVIL-ALA,2026-08-28T19:30:00+00:00,H,24,0.31,0.3,0.31,0.305,1
SP1,lal-ala-vil-2026-08-28,KXLALIGAGAME-26AUG28ALAVIL-TIE,2026-08-28T19:30:00+00:00,D,1,0.27,0.27,0.28,0.275,0
SP1,lal-ala-vil-2026-08-28,KXLALIGAGAME-26AUG28ALAVIL-TIE,2026-08-28T19:30:00+00:00,D,6,0.28,0.27,0.28,0.275,0
SP1,lal-ala-vil-2026-08-28,KXLALIGAGAME-26AUG28ALAVIL-TIE,2026-08-28T19:30:00+00:00,D,24,0.28,0.26,0.27,0.265,0
SP1,lal-ala-vil-2026-08-28,KXLALIGAGAME-26AUG28ALAVIL-VIL,2026-08-28T19:30:00+00:00,A,1,0.43,0.43,0.44,0.435,0
SP1,lal-ala-vil-2026-08-28,KXLALIGAGAME-26AUG28ALAVIL-VIL,2026-08-28T19:30:00+00:00,A,6,0.43,0.42,0.43,0.425,0
SP1,lal-ala-vil-2026-08-28,KXLALIGAGAME-26AUG28ALAVIL-VIL,2026-08-28T19:30:00+00:00,A,24,0.43,0.42,0.43,0.425,0
SP1,lal-rrc-elc-2026-08-28,KXLALIGAGAME-26AUG28SANELC-SAN,2026-08-28T17:00:00+00:00,H,1,0.48,0.47,0.48,0.475,1
SP1,lal-rrc-elc-2026-08-28,KXLALIGAGAME-26AUG28SANELC-SAN,2026-08-28T17:00:00+00:00,H,6,0.48,0.46,0.47,0.465,1
SP1,lal-rrc-elc-2026-08-28,KXLALIGAGAME-26AUG28SANELC-SAN,2026-08-28T17:00:00+00:00,H,24,0.46,0.45,0.46,0.455,1
SP1,lal-rrc-elc-2026-08-28,KXLALIGAGAME-26AUG28SANELC-TIE,2026-08-28T17:00:00+00:00,D,1,0.26,0.26,0.27,0.265,0
SP1,lal-rrc-elc-2026-08-28,KXLALIGAGAME-26AUG28SANELC-TIE,2026-08-28T17:00:00+00:00,D,6,0.27,0.27,0.28,0.275,0
SP1,lal-rrc-elc-2026-08-28,KXLALIGAGAME-26AUG28SANELC-TIE,2026-08-28T17:00:00+00:00,D,24,0.28,0.27,0.28,0.275,0
SP1,lal-rrc-elc-2026-08-28,KXLALIGAGAME-26AUG28SANELC-ELC,2026-08-28T17:00:00+00:00,A,1,0.27,0.26,0.27,0.265,0
SP1,lal-rrc-elc-2026-08-28,KXLALIGAGAME-26AUG28SANELC-ELC,2026-08-28T17:00:00+00:00,A,6,0.26,0.26,0.27,0.265,0
SP1,lal-rrc-elc-2026-08-28,KXLALIGAGAME-26AUG28SANELC-ELC,2026-08-28T17:00:00+00:00,A,24,0.27,0.26,0.27,0.265,0
SP1,lal-cel-osa-2026-08-16,KXLALIGAGAME-26AUG27RCCOSA-RCC,2026-08-27T18:30:00+00:00,H,1,0.51,0.49,0.5,0.495,0
SP1,lal-cel-osa-2026-08-16,KXLALIGAGAME-26AUG27RCCOSA-RCC,2026-08-27T18:30:00+00:00,H,6,0.5,0.49,0.5,0.495,0
SP1,lal-cel-osa-2026-08-16,KXLALIGAGAME-26AUG27RCCOSA-RCC,2026-08-27T18:30:00+00:00,H,24,0.5,0.49,0.5,0.495,0
SP1,lal-cel-osa-2026-08-16,KXLALIGAGAME-26AUG27RCCOSA-TIE,2026-08-27T18:30:00+00:00,D,1,0.3,0.28,0.29,0.285,0
SP1,lal-cel-osa-2026-08-16,KXLALIGAGAME-26AUG27RCCOSA-TIE,2026-08-27T18:30:00+00:00,D,6,0.29,0.28,0.29,0.285,0
SP1,lal-cel-osa-2026-08-16,KXLALIGAGAME-26AUG27RCCOSA-TIE,2026-08-27T18:30:00+00:00,D,24,0.27,0.27,0.28,0.275,0
SP1,lal-cel-osa-2026-08-16,KXLALIGAGAME-26AUG27RCCOSA-OSA,2026-08-27T18:30:00+00:00,A,1,0.21,0.22,0.23,0.225,1
SP1,lal-cel-osa-2026-08-16,KXLALIGAGAME-26AUG27RCCOSA-OSA,2026-08-27T18:30:00+00:00,A,6,0.23,0.22,0.23,0.225,1
SP1,lal-cel-osa-2026-08-16,KXLALIGAGAME-26AUG27RCCOSA-OSA,2026-08-27T18:30:00+00:00,A,24,0.23,0.22,0.23,0.225,1
SP1,lal-bar-bil-2026-08-27,KXLALIGAGAME-26AUG27BARATH-BAR,2026-08-27T19:00:00+00:00,H,1,0.8,0.8,0.81,0.805,1
SP1,lal-bar-bil-2026-08-27,KXLALIGAGAME-26AUG27BARATH-BAR,2026-08-27T19:00:00+00:00,H,6,0.8,0.8,0.81,0.805,1
SP1,lal-bar-bil-2026-08-27,KXLALIGAGAME-26AUG27BARATH-BAR,2026-08-27T19:00:00+00:00,H,24,0.77,0.77,0.78,0.775,1
SP1,lal-bar-bil-2026-08-27,KXLALIGAGAME-26AUG27BARATH-TIE,2026-08-27T19:00:00+00:00,D,1,0.14,0.12,0.13,0.125,0
SP1,lal-bar-bil-2026-08-27,KXLALIGAGAME-26AUG27BARATH-TIE,2026-08-27T19:00:00+00:00,D,6,0.13,0.12,0.13,0.125,0
SP1,lal-bar-bil-2026-08-27,KXLALIGAGAME-26AUG27BARATH-TIE,2026-08-27T19:00:00+00:00,D,24,0.14,0.14,0.15,0.145,0
SP1,lal-bar-bil-2026-08-27,KXLALIGAGAME-26AUG27BARATH-ATH,2026-08-27T19:00:00+00:00,A,1,0.08,0.06,0.07,0.065,0
SP1,lal-bar-bil-2026-08-27,KXLALIGAGAME-26AUG27BARATH-ATH,2026-08-27T19:00:00+00:00,A,6,0.08,0.06,0.07,0.065,0
SP1,lal-bar-bil-2026-08-27,KXLALIGAGAME-26AUG27BARATH-ATH,2026-08-27T19:00:00+00:00,A,24,0.08,0.09,0.1,0.095,0
SP1,lal-rea-rso-2026-08-26,KXLALIGAGAME-26AUG26RMARSO-RMA,2026-08-26T19:00:00+00:00,H,1,0.82,0.81,0.82,0.815,1
SP1,lal-rea-rso-2026-08-26,KXLALIGAGAME-26AUG26RMARSO-RMA,2026-08-26T19:00:00+00:00,H,6,0.79,0.78,0.79,0.785,1
SP1,lal-rea-rso-2026-08-26,KXLALIGAGAME-26AUG26RMARSO-RMA,2026-08-26T19:00:00+00:00,H,24,0.75,0.75,0.76,0.755,1
SP1,lal-rea-rso-2026-08-26,KXLALIGAGAME-26AUG26RMARSO-TIE,2026-08-26T19:00:00+00:00,D,1,0.13,0.12,0.13,0.125,0
SP1,lal-rea-rso-2026-08-26,KXLALIGAGAME-26AUG26RMARSO-TIE,2026-08-26T19:00:00+00:00,D,6,0.15,0.14,0.15,0.145,0
SP1,lal-rea-rso-2026-08-26,KXLALIGAGAME-26AUG26RMARSO-TIE,2026-08-26T19:00:00+00:00,D,24,0.16,0.15,0.16,0.155,0
SP1,lal-rea-rso-2026-08-26,KXLALIGAGAME-26AUG26RMARSO-RSO,2026-08-26T19:00:00+00:00,A,1,0.07,0.06,0.07,0.065,0
SP1,lal-rea-rso-2026-08-26,KXLALIGAGAME-26AUG26RMARSO-RSO,2026-08-26T19:00:00+00:00,A,6,0.09,0.07,0.08,0.075,0
SP1,lal-rea-rso-2026-08-26,KXLALIGAGAME-26AUG26RMARSO-RSO,2026-08-26T19:00:00+00:00,A,24,0.09,0.09,0.1,0.095,0
SP1,lal-val-bet-2026-08-25,KXLALIGAGAME-26AUG25VCFRBB-VCF,2026-08-25T19:00:00+00:00,H,1,0.35,0.35,0.36,0.355,0
SP1,lal-val-bet-2026-08-25,KXLALIGAGAME-26AUG25VCFRBB-VCF,2026-08-25T19:00:00+00:00,H,6,0.34,0.33,0.34,0.335,0
SP1,lal-val-bet-2026-08-25,KXLALIGAGAME-26AUG25VCFRBB-VCF,2026-08-25T19:00:00+00:00,H,24,0.33,0.33,0.34,0.335,0
SP1,lal-val-bet-2026-08-25,KXLALIGAGAME-26AUG25VCFRBB-TIE,2026-08-25T19:00:00+00:00,D,1,0.3,0.29,0.3,0.295,0
SP1,lal-val-bet-2026-08-25,KXLALIGAGAME-26AUG25VCFRBB-TIE,2026-08-25T19:00:00+00:00,D,6,0.29,0.29,0.3,0.295,0
SP1,lal-val-bet-2026-08-25,KXLALIGAGAME-26AUG25VCFRBB-TIE,2026-08-25T19:00:00+00:00,D,24,0.28,0.28,0.29,0.285,0
SP1,lal-val-bet-2026-08-25,KXLALIGAGAME-26AUG25VCFRBB-RBB,2026-08-25T19:00:00+00:00,A,1,0.34,0.34,0.35,0.345,1
SP1,lal-val-bet-2026-08-25,KXLALIGAGAME-26AUG25VCFRBB-RBB,2026-08-25T19:00:00+00:00,A,6,0.37,0.37,0.38,0.375,1
SP1,lal-val-bet-2026-08-25,KXLALIGAGAME-26AUG25VCFRBB-RBB,2026-08-25T19:00:00+00:00,A,24,0.37,0.37,0.38,0.375,1
SP1,lal-mala-dep-2026-08-24,KXLALIGAGAME-26AUG24MCFDEP-MCF,2026-08-24T19:30:00+00:00,H,1,0.4,0.4,0.42,0.41,0
SP1,lal-mala-dep-2026-08-24,KXLALIGAGAME-26AUG24MCFDEP-MCF,2026-08-24T19:30:00+00:00,H,6,0.4,0.4,0.41,0.405,0
SP1,lal-mala-dep-2026-08-24,KXLALIGAGAME-26AUG24MCFDEP-MCF,2026-08-24T19:30:00+00:00,H,24,0.39,0.38,0.39,0.385,0
SP1,lal-mala-dep-2026-08-24,KXLALIGAGAME-26AUG24MCFDEP-TIE,2026-08-24T19:30:00+00:00,D,1,0.32,0.31,0.32,0.315,1
SP1,lal-mala-dep-2026-08-24,KXLALIGAGAME-26AUG24MCFDEP-TIE,2026-08-24T19:30:00+00:00,D,6,0.31,0.31,0.32,0.315,1
SP1,lal-mala-dep-2026-08-24,KXLALIGAGAME-26AUG24MCFDEP-TIE,2026-08-24T19:30:00+00:00,D,24,0.33,0.32,0.33,0.325,1
SP1,lal-mala-dep-2026-08-24,KXLALIGAGAME-26AUG24MCFDEP-DEP,2026-08-24T19:30:00+00:00,A,1,0.27,0.27,0.28,0.275,0
SP1,lal-mala-dep-2026-08-24,KXLALIGAGAME-26AUG24MCFDEP-DEP,2026-08-24T19:30:00+00:00,A,6,0.27,0.27,0.28,0.275,0
SP1,lal-mala-dep-2026-08-24,KXLALIGAGAME-26AUG24MCFDEP-DEP,2026-08-24T19:30:00+00:00,A,24,0.3,0.28,0.29,0.285,0
SP1,lal-osa-lev-2026-08-24,KXLALIGAGAME-26AUG24OSALEV-OSA,2026-08-24T17:30:00+00:00,H,1,0.51,0.51,0.52,0.515,0
SP1,lal-osa-lev-2026-08-24,KXLALIGAGAME-26AUG24OSALEV-OSA,2026-08-24T17:30:00+00:00,H,6,0.52,0.51,0.52,0.515,0
SP1,lal-osa-lev-2026-08-24,KXLALIGAGAME-26AUG24OSALEV-OSA,2026-08-24T17:30:00+00:00,H,24,0.54,0.52,0.53,0.525,0
SP1,lal-osa-lev-2026-08-24,KXLALIGAGAME-26AUG24OSALEV-TIE,2026-08-24T17:30:00+00:00,D,1,0.27,0.27,0.28,0.275,1
SP1,lal-osa-lev-2026-08-24,KXLALIGAGAME-26AUG24OSALEV-TIE,2026-08-24T17:30:00+00:00,D,6,0.28,0.27,0.28,0.275,1
SP1,lal-osa-lev-2026-08-24,KXLALIGAGAME-26AUG24OSALEV-TIE,2026-08-24T17:30:00+00:00,D,24,0.27,0.25,0.26,0.255,1
SP1,lal-osa-lev-2026-08-24,KXLALIGAGAME-26AUG24OSALEV-LEV,2026-08-24T17:30:00+00:00,A,1,0.2,0.21,0.22,0.215,0
SP1,lal-osa-lev-2026-08-24,KXLALIGAGAME-26AUG24OSALEV-LEV,2026-08-24T17:30:00+00:00,A,6,0.21,0.21,0.22,0.215,0
SP1,lal-osa-lev-2026-08-24,KXLALIGAGAME-26AUG24OSALEV-LEV,2026-08-24T17:30:00+00:00,A,24,0.2,0.2,0.21,0.205,0
SP1,lal-elc-bar-2026-08-23,KXLALIGAGAME-26AUG23ELCBAR-ELC,2026-08-23T19:30:00+00:00,H,1,0.1,0.1,0.11,0.105,0
SP1,lal-elc-bar-2026-08-23,KXLALIGAGAME-26AUG23ELCBAR-ELC,2026-08-23T19:30:00+00:00,H,6,0.11,0.11,0.12,0.115,0
SP1,lal-elc-bar-2026-08-23,KXLALIGAGAME-26AUG23ELCBAR-ELC,2026-08-23T19:30:00+00:00,H,24,0.09,0.09,0.11,0.1,0
SP1,lal-elc-bar-2026-08-23,KXLALIGAGAME-26AUG23ELCBAR-TIE,2026-08-23T19:30:00+00:00,D,1,0.17,0.16,0.17,0.165,0
SP1,lal-elc-bar-2026-08-23,KXLALIGAGAME-26AUG23ELCBAR-TIE,2026-08-23T19:30:00+00:00,D,6,0.17,0.16,0.17,0.165,0
SP1,lal-elc-bar-2026-08-23,KXLALIGAGAME-26AUG23ELCBAR-TIE,2026-08-23T19:30:00+00:00,D,24,0.17,0.15,0.16,0.155,0
SP1,lal-elc-bar-2026-08-23,KXLALIGAGAME-26AUG23ELCBAR-BAR,2026-08-23T19:30:00+00:00,A,1,0.73,0.73,0.74,0.735,1
SP1,lal-elc-bar-2026-08-23,KXLALIGAGAME-26AUG23ELCBAR-BAR,2026-08-23T19:30:00+00:00,A,6,0.71,0.72,0.73,0.725,1
SP1,lal-elc-bar-2026-08-23,KXLALIGAGAME-26AUG23ELCBAR-BAR,2026-08-23T19:30:00+00:00,A,24,0.75,0.74,0.75,0.745,1
SP1,lal-get-rrc-2026-08-23,KXLALIGAGAME-26AUG23GETSAN-GET,2026-08-23T17:30:00+00:00,H,1,0.42,0.43,0.44,0.435,1
SP1,lal-get-rrc-2026-08-23,KXLALIGAGAME-26AUG23GETSAN-GET,2026-08-23T17:30:00+00:00,H,6,0.43,0.43,0.44,0.435,1
SP1,lal-get-rrc-2026-08-23,KXLALIGAGAME-26AUG23GETSAN-GET,2026-08-23T17:30:00+00:00,H,24,0.45,0.44,0.45,0.445,1
SP1,lal-get-rrc-2026-08-23,KXLALIGAGAME-26AUG23GETSAN-TIE,2026-08-23T17:30:00+00:00,D,1,0.32,0.3,0.31,0.305,0
SP1,lal-get-rrc-2026-08-23,KXLALIGAGAME-26AUG23GETSAN-TIE,2026-08-23T17:30:00+00:00,D,6,0.32,0.31,0.32,0.315,0
SP1,lal-get-rrc-2026-08-23,KXLALIGAGAME-26AUG23GETSAN-TIE,2026-08-23T17:30:00+00:00,D,24,0.33,0.31,0.32,0.315,0
SP1,lal-get-rrc-2026-08-23,KXLALIGAGAME-26AUG23GETSAN-SAN,2026-08-23T17:30:00+00:00,A,1,0.26,0.25,0.26,0.255,0
SP1,lal-get-rrc-2026-08-23,KXLALIGAGAME-26AUG23GETSAN-SAN,2026-08-23T17:30:00+00:00,A,6,0.25,0.25,0.26,0.255,0
SP1,lal-get-rrc-2026-08-23,KXLALIGAGAME-26AUG23GETSAN-SAN,2026-08-23T17:30:00+00:00,A,24,0.23,0.23,0.24,0.235,0
SP1,lal-mad-vil-2026-08-23,KXLALIGAGAME-26AUG23ATMVIL-ATM,2026-08-23T15:00:00+00:00,H,1,0.55,0.54,0.55,0.545,0
SP1,lal-mad-vil-2026-08-23,KXLALIGAGAME-26AUG23ATMVIL-ATM,2026-08-23T15:00:00+00:00,H,6,0.53,0.53,0.54,0.535,0
SP1,lal-mad-vil-2026-08-23,KXLALIGAGAME-26AUG23ATMVIL-ATM,2026-08-23T15:00:00+00:00,H,24,0.52,0.51,0.53,0.52,0
SP1,lal-mad-vil-2026-08-23,KXLALIGAGAME-26AUG23ATMVIL-TIE,2026-08-23T15:00:00+00:00,D,1,0.25,0.24,0.25,0.245,1
SP1,lal-mad-vil-2026-08-23,KXLALIGAGAME-26AUG23ATMVIL-TIE,2026-08-23T15:00:00+00:00,D,6,0.25,0.24,0.25,0.245,1
SP1,lal-mad-vil-2026-08-23,KXLALIGAGAME-26AUG23ATMVIL-TIE,2026-08-23T15:00:00+00:00,D,24,0.26,0.25,0.26,0.255,1
SP1,lal-mad-vil-2026-08-23,KXLALIGAGAME-26AUG23ATMVIL-VIL,2026-08-23T15:00:00+00:00,A,1,0.2,0.21,0.22,0.215,0
SP1,lal-mad-vil-2026-08-23,KXLALIGAGAME-26AUG23ATMVIL-VIL,2026-08-23T15:00:00+00:00,A,6,0.22,0.22,0.23,0.225,0
SP1,lal-mad-vil-2026-08-23,KXLALIGAGAME-26AUG23ATMVIL-VIL,2026-08-23T15:00:00+00:00,A,24,0.23,0.22,0.23,0.225,0
SP1,lal-esp-rea-2026-08-22,KXLALIGAGAME-26AUG22ESPRMA-ESP,2026-08-22T19:30:00+00:00,H,1,0.12,0.11,0.12,0.115,0
SP1,lal-esp-rea-2026-08-22,KXLALIGAGAME-26AUG22ESPRMA-ESP,2026-08-22T19:30:00+00:00,H,6,0.12,0.12,0.13,0.125,0
SP1,lal-esp-rea-2026-08-22,KXLALIGAGAME-26AUG22ESPRMA-ESP,2026-08-22T19:30:00+00:00,H,24,0.11,0.11,0.12,0.115,0
SP1,lal-esp-rea-2026-08-22,KXLALIGAGAME-26AUG22ESPRMA-TIE,2026-08-22T19:30:00+00:00,D,1,0.2,0.19,0.2,0.195,0
SP1,lal-esp-rea-2026-08-22,KXLALIGAGAME-26AUG22ESPRMA-TIE,2026-08-22T19:30:00+00:00,D,6,0.21,0.2,0.21,0.205,0
SP1,lal-esp-rea-2026-08-22,KXLALIGAGAME-26AUG22ESPRMA-TIE,2026-08-22T19:30:00+00:00,D,24,0.21,0.19,0.2,0.195,0
SP1,lal-esp-rea-2026-08-22,KXLALIGAGAME-26AUG22ESPRMA-RMA,2026-08-22T19:30:00+00:00,A,1,0.69,0.69,0.7,0.695,1
SP1,lal-esp-rea-2026-08-22,KXLALIGAGAME-26AUG22ESPRMA-RMA,2026-08-22T19:30:00+00:00,A,6,0.68,0.68,0.69,0.685,1
SP1,lal-esp-rea-2026-08-22,KXLALIGAGAME-26AUG22ESPRMA-RMA,2026-08-22T19:30:00+00:00,A,24,0.69,0.68,0.69,0.685,1
SP1,lal-val-cel-2026-08-22,KXLALIGAGAME-26AUG22VCFRCC-VCF,2026-08-22T17:30:00+00:00,H,1,0.38,0.37,0.39,0.38,0
SP1,lal-val-cel-2026-08-22,KXLALIGAGAME-26AUG22VCFRCC-VCF,2026-08-22T17:30:00+00:00,H,6,0.38,0.38,0.39,0.385,0
SP1,lal-val-cel-2026-08-22,KXLALIGAGAME-26AUG22VCFRCC-VCF,2026-08-22T17:30:00+00:00,H,24,0.41,0.39,0.4,0.395,0
SP1,lal-val-cel-2026-08-22,KXLALIGAGAME-26AUG22VCFRCC-TIE,2026-08-22T17:30:00+00:00,D,1,0.31,0.3,0.31,0.305,1
SP1,lal-val-cel-2026-08-22,KXLALIGAGAME-26AUG22VCFRCC-TIE,2026-08-22T17:30:00+00:00,D,6,0.3,0.29,0.3,0.295,1
SP1,lal-val-cel-2026-08-22,KXLALIGAGAME-26AUG22VCFRCC-TIE,2026-08-22T17:30:00+00:00,D,24,0.31,0.29,0.3,0.295,1
SP1,lal-val-cel-2026-08-22,KXLALIGAGAME-26AUG22VCFRCC-RCC,2026-08-22T17:30:00+00:00,A,1,0.31,0.3,0.31,0.305,0
SP1,lal-val-cel-2026-08-22,KXLALIGAGAME-26AUG22VCFRCC-RCC,2026-08-22T17:30:00+00:00,A,6,0.32,0.31,0.32,0.315,0
SP1,lal-val-cel-2026-08-22,KXLALIGAGAME-26AUG22VCFRCC-RCC,2026-08-22T17:30:00+00:00,A,24,0.31,0.3,0.31,0.305,0
SP1,lal-bil-sev-2026-08-22,KXLALIGAGAME-26AUG22ATHSEV-ATH,2026-08-22T15:00:00+00:00,H,1,0.55,0.55,0.56,0.555,0
SP1,lal-bil-sev-2026-08-22,KXLALIGAGAME-26AUG22ATHSEV-ATH,2026-08-22T15:00:00+00:00,H,6,0.56,0.56,0.57,0.565,0
SP1,lal-bil-sev-2026-08-22,KXLALIGAGAME-26AUG22ATHSEV-ATH,2026-08-22T15:00:00+00:00,H,24,0.57,0.56,0.57,0.565,0
SP1,lal-bil-sev-2026-08-22,KXLALIGAGAME-26AUG22ATHSEV-TIE,2026-08-22T15:00:00+00:00,D,1,0.27,0.25,0.26,0.255,0
SP1,lal-bil-sev-2026-08-22,KXLALIGAGAME-26AUG22ATHSEV-TIE,2026-08-22T15:00:00+00:00,D,6,0.27,0.25,0.26,0.255,0
SP1,lal-bil-sev-2026-08-22,KXLALIGAGAME-26AUG22ATHSEV-TIE,2026-08-22T15:00:00+00:00,D,24,0.26,0.25,0.26,0.255,0
SP1,lal-bil-sev-2026-08-22,KXLALIGAGAME-26AUG22ATHSEV-SEV,2026-08-22T15:00:00+00:00,A,1,0.19,0.18,0.19,0.185,1
SP1,lal-bil-sev-2026-08-22,KXLALIGAGAME-26AUG22ATHSEV-SEV,2026-08-22T15:00:00+00:00,A,6,0.18,0.17,0.18,0.175,1
SP1,lal-bil-sev-2026-08-22,KXLALIGAGAME-26AUG22ATHSEV-SEV,2026-08-22T15:00:00+00:00,A,24,0.18,0.18,0.19,0.185,1
SP1,lal-bet-rso-2026-08-21,KXLALIGAGAME-26AUG21RBBRSO-RBB,2026-08-21T19:00:00+00:00,H,1,0.46,0.46,0.47,0.465,1
SP1,lal-bet-rso-2026-08-21,KXLALIGAGAME-26AUG21RBBRSO-RBB,2026-08-21T19:00:00+00:00,H,6,0.47,0.47,0.48,0.475,1
SP1,lal-bet-rso-2026-08-21,KXLALIGAGAME-26AUG21RBBRSO-RBB,2026-08-21T19:00:00+00:00,H,24,0.47,0.46,0.47,0.465,1
SP1,lal-bet-rso-2026-08-21,KXLALIGAGAME-26AUG21RBBRSO-TIE,2026-08-21T19:00:00+00:00,D,1,0.28,0.27,0.28,0.275,0
SP1,lal-bet-rso-2026-08-21,KXLALIGAGAME-26AUG21RBBRSO-TIE,2026-08-21T19:00:00+00:00,D,6,0.28,0.27,0.28,0.275,0
SP1,lal-bet-rso-2026-08-21,KXLALIGAGAME-26AUG21RBBRSO-TIE,2026-08-21T19:00:00+00:00,D,24,0.28,0.26,0.28,0.27,0
SP1,lal-bet-rso-2026-08-21,KXLALIGAGAME-26AUG21RBBRSO-RSO,2026-08-21T19:00:00+00:00,A,1,0.26,0.26,0.27,0.265,0
SP1,lal-bet-rso-2026-08-21,KXLALIGAGAME-26AUG21RBBRSO-RSO,2026-08-21T19:00:00+00:00,A,6,0.25,0.25,0.26,0.255,0
SP1,lal-bet-rso-2026-08-21,KXLALIGAGAME-26AUG21RBBRSO-RSO,2026-08-21T19:00:00+00:00,A,24,0.27,0.26,0.27,0.265,0
SP1,lal-ray-ala-2026-08-20,KXLALIGAGAME-26AUG20RVCALA-RVC,2026-08-20T19:00:00+00:00,H,1,0.39,0.4,0.41,0.405,0
SP1,lal-ray-ala-2026-08-20,KXLALIGAGAME-26AUG20RVCALA-RVC,2026-08-20T19:00:00+00:00,H,6,0.42,0.42,0.43,0.425,0
SP1,lal-ray-ala-2026-08-20,KXLALIGAGAME-26AUG20RVCALA-RVC,2026-08-20T19:00:00+00:00,H,24,0.42,0.42,0.43,0.425,0
SP1,lal-ray-ala-2026-08-20,KXLALIGAGAME-26AUG20RVCALA-TIE,2026-08-20T19:00:00+00:00,D,1,0.32,0.31,0.32,0.315,1
SP1,lal-ray-ala-2026-08-20,KXLALIGAGAME-26AUG20RVCALA-TIE,2026-08-20T19:00:00+00:00,D,6,0.31,0.31,0.32,0.315,1
SP1,lal-ray-ala-2026-08-20,KXLALIGAGAME-26AUG20RVCALA-TIE,2026-08-20T19:00:00+00:00,D,24,0.32,0.31,0.32,0.315,1
SP1,lal-ray-ala-2026-08-20,KXLALIGAGAME-26AUG20RVCALA-ALA,2026-08-20T19:00:00+00:00,A,1,0.3,0.28,0.29,0.285,0
SP1,lal-ray-ala-2026-08-20,KXLALIGAGAME-26AUG20RVCALA-ALA,2026-08-20T19:00:00+00:00,A,6,0.27,0.26,0.27,0.265,0
SP1,lal-ray-ala-2026-08-20,KXLALIGAGAME-26AUG20RVCALA-ALA,2026-08-20T19:00:00+00:00,A,24,0.25,0.25,0.26,0.255,0
SP1,lal-mad-mala-2026-08-19,KXLALIGAGAME-26AUG19ATMMCF-ATM,2026-08-19T19:00:00+00:00,H,1,0.71,0.71,0.72,0.715,1
SP1,lal-mad-mala-2026-08-19,KXLALIGAGAME-26AUG19ATMMCF-ATM,2026-08-19T19:00:00+00:00,H,6,0.72,0.72,0.73,0.725,1
SP1,lal-mad-mala-2026-08-19,KXLALIGAGAME-26AUG19ATMMCF-ATM,2026-08-19T19:00:00+00:00,H,24,0.73,0.73,0.75,0.74,1
SP1,lal-mad-mala-2026-08-19,KXLALIGAGAME-26AUG19ATMMCF-TIE,2026-08-19T19:00:00+00:00,D,1,0.19,0.17,0.18,0.175,0
SP1,lal-mad-mala-2026-08-19,KXLALIGAGAME-26AUG19ATMMCF-TIE,2026-08-19T19:00:00+00:00,D,6,0.19,0.17,0.18,0.175,0
SP1,lal-mad-mala-2026-08-19,KXLALIGAGAME-26AUG19ATMMCF-TIE,2026-08-19T19:00:00+00:00,D,24,0.18,0.17,0.18,0.175,0
SP1,lal-mad-mala-2026-08-19,KXLALIGAGAME-26AUG19ATMMCF-MCF,2026-08-19T19:00:00+00:00,A,1,0.11,0.11,0.12,0.115,0
SP1,lal-mad-mala-2026-08-19,KXLALIGAGAME-26AUG19ATMMCF-MCF,2026-08-19T19:00:00+00:00,A,6,0.09,0.09,0.1,0.095,0
SP1,lal-mad-mala-2026-08-19,KXLALIGAGAME-26AUG19ATMMCF-MCF,2026-08-19T19:00:00+00:00,A,24,0.08,0.09,0.1,0.095,0
SP1,lal-dep-elc-2026-08-17,KXLALIGAGAME-26AUG17DEPELC-DEP,2026-08-17T19:00:00+00:00,H,1,0.43,0.42,0.43,0.425,0
SP1,lal-dep-elc-2026-08-17,KXLALIGAGAME-26AUG17DEPELC-DEP,2026-08-17T19:00:00+00:00,H,6,0.43,0.43,0.44,0.435,0
SP1,lal-dep-elc-2026-08-17,KXLALIGAGAME-26AUG17DEPELC-DEP,2026-08-17T19:00:00+00:00,H,24,0.41,0.42,0.43,0.425,0
SP1,lal-dep-elc-2026-08-17,KXLALIGAGAME-26AUG17DEPELC-TIE,2026-08-17T19:00:00+00:00,D,1,0.32,0.3,0.31,0.305,1
SP1,lal-dep-elc-2026-08-17,KXLALIGAGAME-26AUG17DEPELC-TIE,2026-08-17T19:00:00+00:00,D,6,0.32,0.3,0.31,0.305,1
SP1,lal-dep-elc-2026-08-17,KXLALIGAGAME-26AUG17DEPELC-TIE,2026-08-17T19:00:00+00:00,D,24,0.32,0.31,0.32,0.315,1
SP1,lal-dep-elc-2026-08-17,KXLALIGAGAME-26AUG17DEPELC-ELC,2026-08-17T19:00:00+00:00,A,1,0.26,0.25,0.26,0.255,0
SP1,lal-dep-elc-2026-08-17,KXLALIGAGAME-26AUG17DEPELC-ELC,2026-08-17T19:00:00+00:00,A,6,0.26,0.25,0.26,0.255,0
SP1,lal-dep-elc-2026-08-17,KXLALIGAGAME-26AUG17DEPELC-ELC,2026-08-17T19:00:00+00:00,A,24,0.26,0.26,0.27,0.265,0
SP1,lal-esp-lev-2026-08-16,KXLALIGAGAME-26AUG16ESPLEV-ESP,2026-08-16T17:00:00+00:00,H,1,0.45,0.45,0.46,0.455,1
SP1,lal-esp-lev-2026-08-16,KXLALIGAGAME-26AUG16ESPLEV-ESP,2026-08-16T17:00:00+00:00,H,6,0.45,0.45,0.46,0.455,1
SP1,lal-esp-lev-2026-08-16,KXLALIGAGAME-26AUG16ESPLEV-ESP,2026-08-16T17:00:00+00:00,H,24,0.47,0.46,0.47,0.465,1
SP1,lal-esp-lev-2026-08-16,KXLALIGAGAME-26AUG16ESPLEV-TIE,2026-08-16T17:00:00+00:00,D,1,0.3,0.29,0.3,0.295,0
SP1,lal-esp-lev-2026-08-16,KXLALIGAGAME-26AUG16ESPLEV-TIE,2026-08-16T17:00:00+00:00,D,6,0.3,0.29,0.3,0.295,0
SP1,lal-esp-lev-2026-08-16,KXLALIGAGAME-26AUG16ESPLEV-TIE,2026-08-16T17:00:00+00:00,D,24,0.3,0.28,0.3,0.29,0
SP1,lal-esp-lev-2026-08-16,KXLALIGAGAME-26AUG16ESPLEV-LEV,2026-08-16T17:00:00+00:00,A,1,0.26,0.25,0.26,0.255,0
SP1,lal-esp-lev-2026-08-16,KXLALIGAGAME-26AUG16ESPLEV-LEV,2026-08-16T17:00:00+00:00,A,6,0.25,0.24,0.25,0.245,0
SP1,lal-esp-lev-2026-08-16,KXLALIGAGAME-26AUG16ESPLEV-LEV,2026-08-16T17:00:00+00:00,A,24,0.24,0.24,0.25,0.245,0
SP1,lal-rrc-vil-2026-08-16,KXLALIGAGAME-26AUG16SANVIL-SAN,2026-08-16T15:00:00+00:00,H,1,0.26,0.26,0.27,0.265,0
SP1,lal-rrc-vil-2026-08-16,KXLALIGAGAME-26AUG16SANVIL-SAN,2026-08-16T15:00:00+00:00,H,6,0.25,0.25,0.26,0.255,0
SP1,lal-rrc-vil-2026-08-16,KXLALIGAGAME-26AUG16SANVIL-SAN,2026-08-16T15:00:00+00:00,H,24,0.29,0.28,0.29,0.285,0
SP1,lal-rrc-vil-2026-08-16,KXLALIGAGAME-26AUG16SANVIL-TIE,2026-08-16T15:00:00+00:00,D,1,0.26,0.26,0.27,0.265,1
SP1,lal-rrc-vil-2026-08-16,KXLALIGAGAME-26AUG16SANVIL-TIE,2026-08-16T15:00:00+00:00,D,6,0.26,0.26,0.27,0.265,1
SP1,lal-rrc-vil-2026-08-16,KXLALIGAGAME-26AUG16SANVIL-TIE,2026-08-16T15:00:00+00:00,D,24,0.27,0.26,0.27,0.265,1
SP1,lal-rrc-vil-2026-08-16,KXLALIGAGAME-26AUG16SANVIL-VIL,2026-08-16T15:00:00+00:00,A,1,0.47,0.47,0.48,0.475,0
SP1,lal-rrc-vil-2026-08-16,KXLALIGAGAME-26AUG16SANVIL-VIL,2026-08-16T15:00:00+00:00,A,6,0.47,0.47,0.48,0.475,0
SP1,lal-rrc-vil-2026-08-16,KXLALIGAGAME-26AUG16SANVIL-VIL,2026-08-16T15:00:00+00:00,A,24,0.44,0.44,0.45,0.445,0
SP1,lal-sev-ray-2026-08-15,KXLALIGAGAME-26AUG15SEVRVC-SEV,2026-08-15T19:30:00+00:00,H,1,0.36,0.39,0.4,0.395,1
SP1,lal-sev-ray-2026-08-15,KXLALIGAGAME-26AUG15SEVRVC-SEV,2026-08-15T19:30:00+00:00,H,6,0.4,0.39,0.4,0.395,1
SP1,lal-sev-ray-2026-08-15,KXLALIGAGAME-26AUG15SEVRVC-SEV,2026-08-15T19:30:00+00:00,H,24,0.42,0.41,0.42,0.415,1
SP1,lal-sev-ray-2026-08-15,KXLALIGAGAME-26AUG15SEVRVC-TIE,2026-08-15T19:30:00+00:00,D,1,0.33,0.31,0.32,0.315,0
SP1,lal-sev-ray-2026-08-15,KXLALIGAGAME-26AUG15SEVRVC-TIE,2026-08-15T19:30:00+00:00,D,6,0.31,0.3,0.31,0.305,0
SP1,lal-sev-ray-2026-08-15,KXLALIGAGAME-26AUG15SEVRVC-TIE,2026-08-15T19:30:00+00:00,D,24,0.3,0.29,0.3,0.295,0
SP1,lal-sev-ray-2026-08-15,KXLALIGAGAME-26AUG15SEVRVC-RVC,2026-08-15T19:30:00+00:00,A,1,0.31,0.28,0.29,0.285,0
SP1,lal-sev-ray-2026-08-15,KXLALIGAGAME-26AUG15SEVRVC-RVC,2026-08-15T19:30:00+00:00,A,6,0.29,0.28,0.29,0.285,0
SP1,lal-sev-ray-2026-08-15,KXLALIGAGAME-26AUG15SEVRVC-RVC,2026-08-15T19:30:00+00:00,A,24,0.29,0.28,0.29,0.285,0
SP1,lal-ala-get-2026-08-15,KXLALIGAGAME-26AUG15ALAGET-ALA,2026-08-15T17:30:00+00:00,H,1,0.41,0.39,0.4,0.395,1
SP1,lal-ala-get-2026-08-15,KXLALIGAGAME-26AUG15ALAGET-ALA,2026-08-15T17:30:00+00:00,H,6,0.4,0.4,0.41,0.405,1
SP1,lal-ala-get-2026-08-15,KXLALIGAGAME-26AUG15ALAGET-ALA,2026-08-15T17:30:00+00:00,H,24,0.41,0.4,0.41,0.405,1
SP1,lal-ala-get-2026-08-15,KXLALIGAGAME-26AUG15ALAGET-TIE,2026-08-15T17:30:00+00:00,D,1,0.35,0.33,0.34,0.335,0
SP1,lal-ala-get-2026-08-15,KXLALIGAGAME-26AUG15ALAGET-TIE,2026-08-15T17:30:00+00:00,D,6,0.34,0.33,0.34,0.335,0
SP1,lal-ala-get-2026-08-15,KXLALIGAGAME-26AUG15ALAGET-TIE,2026-08-15T17:30:00+00:00,D,24,0.34,0.33,0.35,0.34,0
SP1,lal-ala-get-2026-08-15,KXLALIGAGAME-26AUG15ALAGET-GET,2026-08-15T17:30:00+00:00,A,1,0.25,0.25,0.26,0.255,0
SP1,lal-ala-get-2026-08-15,KXLALIGAGAME-26AUG15ALAGET-GET,2026-08-15T17:30:00+00:00,A,6,0.25,0.25,0.26,0.255,0
SP1,lal-ala-get-2026-08-15,KXLALIGAGAME-26AUG15ALAGET-GET,2026-08-15T17:30:00+00:00,A,24,0.25,0.24,0.25,0.245,0
D1,bun-scp-hof-2026-09-20,KXBUNDESLIGAGAME-26SEP20PADTSG-PAD,2026-09-20T17:30:00+00:00,H,1,0.23,0.22,0.23,0.225,1
D1,bun-scp-hof-2026-09-20,KXBUNDESLIGAGAME-26SEP20PADTSG-PAD,2026-09-20T17:30:00+00:00,H,6,0.21,0.21,0.23,0.22,1
D1,bun-scp-hof-2026-09-20,KXBUNDESLIGAGAME-26SEP20PADTSG-PAD,2026-09-20T17:30:00+00:00,H,24,0.22,0.2,0.22,0.21,1
D1,bun-scp-hof-2026-09-20,KXBUNDESLIGAGAME-26SEP20PADTSG-TIE,2026-09-20T17:30:00+00:00,D,1,0.22,0.21,0.22,0.215,0
D1,bun-scp-hof-2026-09-20,KXBUNDESLIGAGAME-26SEP20PADTSG-TIE,2026-09-20T17:30:00+00:00,D,6,0.22,0.21,0.22,0.215,0
D1,bun-scp-hof-2026-09-20,KXBUNDESLIGAGAME-26SEP20PADTSG-TIE,2026-09-20T17:30:00+00:00,D,24,0.21,0.21,0.22,0.215,0
D1,bun-scp-hof-2026-09-20,KXBUNDESLIGAGAME-26SEP20PADTSG-TSG,2026-09-20T17:30:00+00:00,A,1,0.55,0.57,0.58,0.575,0
D1,bun-scp-hof-2026-09-20,KXBUNDESLIGAGAME-26SEP20PADTSG-TSG,2026-09-20T17:30:00+00:00,A,6,0.57,0.57,0.58,0.575,0
D1,bun-scp-hof-2026-09-20,KXBUNDESLIGAGAME-26SEP20PADTSG-TSG,2026-09-20T17:30:00+00:00,A,24,0.58,0.57,0.58,0.575,0
D1,bun-s04-elv-2026-09-20,KXBUNDESLIGAGAME-26SEP20SCHSVE-SCH,2026-09-20T15:30:00+00:00,H,1,0.5,0.49,0.5,0.495,0
D1,bun-s04-elv-2026-09-20,KXBUNDESLIGAGAME-26SEP20SCHSVE-SCH,2026-09-20T15:30:00+00:00,H,6,0.5,0.49,0.5,0.495,0
D1,bun-s04-elv-2026-09-20,KXBUNDESLIGAGAME-26SEP20SCHSVE-SCH,2026-09-20T15:30:00+00:00,H,24,0.47,0.46,0.47,0.465,0
D1,bun-s04-elv-2026-09-20,KXBUNDESLIGAGAME-26SEP20SCHSVE-TIE,2026-09-20T15:30:00+00:00,D,1,0.25,0.25,0.26,0.255,1
D1,bun-s04-elv-2026-09-20,KXBUNDESLIGAGAME-26SEP20SCHSVE-TIE,2026-09-20T15:30:00+00:00,D,6,0.25,0.25,0.26,0.255,1
D1,bun-s04-elv-2026-09-20,KXBUNDESLIGAGAME-26SEP20SCHSVE-TIE,2026-09-20T15:30:00+00:00,D,24,0.26,0.25,0.26,0.255,1
D1,bun-s04-elv-2026-09-20,KXBUNDESLIGAGAME-26SEP20SCHSVE-SVE,2026-09-20T15:30:00+00:00,A,1,0.25,0.25,0.26,0.255,0
D1,bun-s04-elv-2026-09-20,KXBUNDESLIGAGAME-26SEP20SCHSVE-SVE,2026-09-20T15:30:00+00:00,A,6,0.26,0.25,0.26,0.255,0
D1,bun-s04-elv-2026-09-20,KXBUNDESLIGAGAME-26SEP20SCHSVE-SVE,2026-09-20T15:30:00+00:00,A,24,0.27,0.26,0.27,0.265,0
D1,bun-b04-lei-2026-09-20,KXBUNDESLIGAGAME-26SEP20LEVRBL-LEV,2026-09-20T13:30:00+00:00,H,1,0.52,0.51,0.52,0.515,1
D1,bun-b04-lei-2026-09-20,KXBUNDESLIGAGAME-26SEP20LEVRBL-LEV,2026-09-20T13:30:00+00:00,H,6,0.51,0.5,0.51,0.505,1
D1,bun-b04-lei-2026-09-20,KXBUNDESLIGAGAME-26SEP20LEVRBL-LEV,2026-09-20T13:30:00+00:00,H,24,0.49,0.48,0.49,0.485,1
D1,bun-b04-lei-2026-09-20,KXBUNDESLIGAGAME-26SEP20LEVRBL-TIE,2026-09-20T13:30:00+00:00,D,1,0.22,0.22,0.23,0.225,0
D1,bun-b04-lei-2026-09-20,KXBUNDESLIGAGAME-26SEP20LEVRBL-TIE,2026-09-20T13:30:00+00:00,D,6,0.22,0.22,0.23,0.225,0
D1,bun-b04-lei-2026-09-20,KXBUNDESLIGAGAME-26SEP20LEVRBL-TIE,2026-09-20T13:30:00+00:00,D,24,0.23,0.22,0.23,0.225,0
D1,bun-b04-lei-2026-09-20,KXBUNDESLIGAGAME-26SEP20LEVRBL-RBL,2026-09-20T13:30:00+00:00,A,1,0.27,0.26,0.27,0.265,0
D1,bun-b04-lei-2026-09-20,KXBUNDESLIGAGAME-26SEP20LEVRBL-RBL,2026-09-20T13:30:00+00:00,A,6,0.27,0.26,0.27,0.265,0
D1,bun-b04-lei-2026-09-20,KXBUNDESLIGAGAME-26SEP20LEVRBL-RBL,2026-09-20T13:30:00+00:00,A,24,0.29,0.27,0.29,0.28,0
D1,bun-stu-dor-2026-09-19,KXBUNDESLIGAGAME-26SEP19VFBBVB-VFB,2026-09-19T16:30:00+00:00,H,1,0.39,0.39,0.4,0.395,0
D1,bun-stu-dor-2026-09-19,KXBUNDESLIGAGAME-26SEP19VFBBVB-VFB,2026-09-19T16:30:00+00:00,H,6,0.4,0.38,0.39,0.385,0
D1,bun-stu-dor-2026-09-19,KXBUNDESLIGAGAME-26SEP19VFBBVB-VFB,2026-09-19T16:30:00+00:00,H,24,0.39,0.39,0.4,0.395,0
D1,bun-stu-dor-2026-09-19,KXBUNDESLIGAGAME-26SEP19VFBBVB-TIE,2026-09-19T16:30:00+00:00,D,1,0.25,0.24,0.25,0.245,0
D1,bun-stu-dor-2026-09-19,KXBUNDESLIGAGAME-26SEP19VFBBVB-TIE,2026-09-19T16:30:00+00:00,D,6,0.25,0.24,0.25,0.245,0
D1,bun-stu-dor-2026-09-19,KXBUNDESLIGAGAME-26SEP19VFBBVB-TIE,2026-09-19T16:30:00+00:00,D,24,0.24,0.24,0.25,0.245,0
D1,bun-stu-dor-2026-09-19,KXBUNDESLIGAGAME-26SEP19VFBBVB-BVB,2026-09-19T16:30:00+00:00,A,1,0.36,0.36,0.37,0.365,1
D1,bun-stu-dor-2026-09-19,KXBUNDESLIGAGAME-26SEP19VFBBVB-BVB,2026-09-19T16:30:00+00:00,A,6,0.36,0.36,0.37,0.365,1
D1,bun-stu-dor-2026-09-19,KXBUNDESLIGAGAME-26SEP19VFBBVB-BVB,2026-09-19T16:30:00+00:00,A,24,0.35,0.35,0.36,0.355,1
D1,bun-wer-aug-2026-09-19,KXBUNDESLIGAGAME-26SEP19SVWFCA-SVW,2026-09-19T13:30:00+00:00,H,1,0.42,0.41,0.42,0.415,1
D1,bun-wer-aug-2026-09-19,KXBUNDESLIGAGAME-26SEP19SVWFCA-SVW,2026-09-19T13:30:00+00:00,H,6,0.41,0.41,0.42,0.415,1
D1,bun-wer-aug-2026-09-19,KXBUNDESLIGAGAME-26SEP19SVWFCA-SVW,2026-09-19T13:30:00+00:00,H,24,0.41,0.4,0.41,0.405,1
D1,bun-wer-aug-2026-09-19,KXBUNDESLIGAGAME-26SEP19SVWFCA-TIE,2026-09-19T13:30:00+00:00,D,1,0.25,0.25,0.26,0.255,0
D1,bun-wer-aug-2026-09-19,KXBUNDESLIGAGAME-26SEP19SVWFCA-TIE,2026-09-19T13:30:00+00:00,D,6,0.25,0.24,0.25,0.245,0
D1,bun-wer-aug-2026-09-19,KXBUNDESLIGAGAME-26SEP19SVWFCA-TIE,2026-09-19T13:30:00+00:00,D,24,0.25,0.24,0.25,0.245,0
D1,bun-wer-aug-2026-09-19,KXBUNDESLIGAGAME-26SEP19SVWFCA-FCA,2026-09-19T13:30:00+00:00,A,1,0.34,0.33,0.34,0.335,0
D1,bun-wer-aug-2026-09-19,KXBUNDESLIGAGAME-26SEP19SVWFCA-FCA,2026-09-19T13:30:00+00:00,A,6,0.33,0.32,0.34,0.33,0
D1,bun-wer-aug-2026-09-19,KXBUNDESLIGAGAME-26SEP19SVWFCA-FCA,2026-09-19T13:30:00+00:00,A,24,0.35,0.34,0.35,0.345,0
D1,bun-hsv-koe-2026-09-19,KXBUNDESLIGAGAME-26SEP19HSVKOE-HSV,2026-09-19T13:30:00+00:00,H,1,0.35,0.34,0.35,0.345,1
D1,bun-hsv-koe-2026-09-19,KXBUNDESLIGAGAME-26SEP19HSVKOE-HSV,2026-09-19T13:30:00+00:00,H,6,0.34,0.34,0.35,0.345,1
D1,bun-hsv-koe-2026-09-19,KXBUNDESLIGAGAME-26SEP19HSVKOE-HSV,2026-09-19T13:30:00+00:00,H,24,0.35,0.34,0.35,0.345,1
D1,bun-hsv-koe-2026-09-19,KXBUNDESLIGAGAME-26SEP19HSVKOE-TIE,2026-09-19T13:30:00+00:00,D,1,0.27,0.26,0.27,0.265,0
D1,bun-hsv-koe-2026-09-19,KXBUNDESLIGAGAME-26SEP19HSVKOE-TIE,2026-09-19T13:30:00+00:00,D,6,0.27,0.26,0.27,0.265,0
D1,bun-hsv-koe-2026-09-19,KXBUNDESLIGAGAME-26SEP19HSVKOE-TIE,2026-09-19T13:30:00+00:00,D,24,0.27,0.25,0.27,0.26,0
D1,bun-hsv-koe-2026-09-19,KXBUNDESLIGAGAME-26SEP19HSVKOE-KOE,2026-09-19T13:30:00+00:00,A,1,0.39,0.38,0.39,0.385,0
D1,bun-hsv-koe-2026-09-19,KXBUNDESLIGAGAME-26SEP19HSVKOE-KOE,2026-09-19T13:30:00+00:00,A,6,0.39,0.38,0.39,0.385,0
D1,bun-hsv-koe-2026-09-19,KXBUNDESLIGAGAME-26SEP19HSVKOE-KOE,2026-09-19T13:30:00+00:00,A,24,0.4,0.38,0.4,0.39,0
D1,bun-moe-mai-2026-09-19,KXBUNDESLIGAGAME-26SEP19BMGM05-BMG,2026-09-19T13:30:00+00:00,H,1,0.29,0.28,0.3,0.29,0
D1,bun-moe-mai-2026-09-19,KXBUNDESLIGAGAME-26SEP19BMGM05-BMG,2026-09-19T13:30:00+00:00,H,6,0.31,0.3,0.32,0.31,0
D1,bun-moe-mai-2026-09-19,KXBUNDESLIGAGAME-26SEP19BMGM05-BMG,2026-09-19T13:30:00+00:00,H,24,0.32,0.31,0.32,0.315,0
D1,bun-moe-mai-2026-09-19,KXBUNDESLIGAGAME-26SEP19BMGM05-TIE,2026-09-19T13:30:00+00:00,D,1,0.26,0.25,0.26,0.255,0
D1,bun-moe-mai-2026-09-19,KXBUNDESLIGAGAME-26SEP19BMGM05-TIE,2026-09-19T13:30:00+00:00,D,6,0.25,0.25,0.26,0.255,0
D1,bun-moe-mai-2026-09-19,KXBUNDESLIGAGAME-26SEP19BMGM05-TIE,2026-09-19T13:30:00+00:00,D,24,0.26,0.25,0.26,0.255,0
D1,bun-moe-mai-2026-09-19,KXBUNDESLIGAGAME-26SEP19BMGM05-M05,2026-09-19T13:30:00+00:00,A,1,0.45,0.44,0.45,0.445,1
D1,bun-moe-mai-2026-09-19,KXBUNDESLIGAGAME-26SEP19BMGM05-M05,2026-09-19T13:30:00+00:00,A,6,0.44,0.43,0.44,0.435,1
D1,bun-moe-mai-2026-09-19,KXBUNDESLIGAGAME-26SEP19BMGM05-M05,2026-09-19T13:30:00+00:00,A,24,0.43,0.42,0.43,0.425,1
D1,bun-ein-fre-2026-09-19,KXBUNDESLIGAGAME-26SEP19SGESCF-SGE,2026-09-19T13:30:00+00:00,H,1,0.37,0.37,0.38,0.375,0
D1,bun-ein-fre-2026-09-19,KXBUNDESLIGAGAME-26SEP19SGESCF-SGE,2026-09-19T13:30:00+00:00,H,6,0.38,0.38,0.39,0.385,0
D1,bun-ein-fre-2026-09-19,KXBUNDESLIGAGAME-26SEP19SGESCF-SGE,2026-09-19T13:30:00+00:00,H,24,0.41,0.39,0.41,0.4,0
D1,bun-ein-fre-2026-09-19,KXBUNDESLIGAGAME-26SEP19SGESCF-TIE,2026-09-19T13:30:00+00:00,D,1,0.26,0.25,0.26,0.255,1
D1,bun-ein-fre-2026-09-19,KXBUNDESLIGAGAME-26SEP19SGESCF-TIE,2026-09-19T13:30:00+00:00,D,6,0.25,0.24,0.25,0.245,1
D1,bun-ein-fre-2026-09-19,KXBUNDESLIGAGAME-26SEP19SGESCF-TIE,2026-09-19T13:30:00+00:00,D,24,0.24,0.24,0.25,0.245,1
D1,bun-ein-fre-2026-09-19,KXBUNDESLIGAGAME-26SEP19SGESCF-SCF,2026-09-19T13:30:00+00:00,A,1,0.37,0.36,0.37,0.365,0
D1,bun-ein-fre-2026-09-19,KXBUNDESLIGAGAME-26SEP19SGESCF-SCF,2026-09-19T13:30:00+00:00,A,6,0.37,0.36,0.37,0.365,0
D1,bun-ein-fre-2026-09-19,KXBUNDESLIGAGAME-26SEP19SGESCF-SCF,2026-09-19T13:30:00+00:00,A,24,0.36,0.35,0.36,0.355,0
D1,bun-bay-uni-2026-09-18,KXBUNDESLIGAGAME-26SEP18BMUUNI-BMU,2026-09-18T18:30:00+00:00,H,1,0.94,0.94,0.95,0.945,1
D1,bun-bay-uni-2026-09-18,KXBUNDESLIGAGAME-26SEP18BMUUNI-BMU,2026-09-18T18:30:00+00:00,H,6,0.94,0.93,0.94,0.935,1
D1,bun-bay-uni-2026-09-18,KXBUNDESLIGAGAME-26SEP18BMUUNI-BMU,2026-09-18T18:30:00+00:00,H,24,0.92,0.92,0.93,0.925,1
D1,bun-bay-uni-2026-09-18,KXBUNDESLIGAGAME-26SEP18BMUUNI-TIE,2026-09-18T18:30:00+00:00,D,1,0.05,0.04,0.05,0.045,0
D1,bun-bay-uni-2026-09-18,KXBUNDESLIGAGAME-26SEP18BMUUNI-TIE,2026-09-18T18:30:00+00:00,D,6,0.05,0.04,0.05,0.045,0
D1,bun-bay-uni-2026-09-18,KXBUNDESLIGAGAME-26SEP18BMUUNI-TIE,2026-09-18T18:30:00+00:00,D,24,0.05,0.05,0.06,0.055,0
D1,bun-bay-uni-2026-09-18,KXBUNDESLIGAGAME-26SEP18BMUUNI-UNI,2026-09-18T18:30:00+00:00,A,1,0.018,0.01,0.02,0.015,0
D1,bun-bay-uni-2026-09-18,KXBUNDESLIGAGAME-26SEP18BMUUNI-UNI,2026-09-18T18:30:00+00:00,A,6,0.019,0.01,0.02,0.015,0
D1,bun-bay-uni-2026-09-18,KXBUNDESLIGAGAME-26SEP18BMUUNI-UNI,2026-09-18T18:30:00+00:00,A,24,0.026,0.02,0.03,0.025,0
D1,bun-elv-bay-2026-09-13,KXBUNDESLIGAGAME-26SEP13SVEBMU-SVE,2026-09-13T15:30:00+00:00,H,1,0.06,0.05,0.06,0.055,0
D1,bun-elv-bay-2026-09-13,KXBUNDESLIGAGAME-26SEP13SVEBMU-SVE,2026-09-13T15:30:00+00:00,H,6,0.05,0.05,0.06,0.055,0
D1,bun-elv-bay-2026-09-13,KXBUNDESLIGAGAME-26SEP13SVEBMU-SVE,2026-09-13T15:30:00+00:00,H,24,0.06,0.05,0.06,0.055,0
D1,bun-elv-bay-2026-09-13,KXBUNDESLIGAGAME-26SEP13SVEBMU-TIE,2026-09-13T15:30:00+00:00,D,1,0.11,0.09,0.1,0.095,0
D1,bun-elv-bay-2026-09-13,KXBUNDESLIGAGAME-26SEP13SVEBMU-TIE,2026-09-13T15:30:00+00:00,D,6,0.09,0.09,0.1,0.095,0
D1,bun-elv-bay-2026-09-13,KXBUNDESLIGAGAME-26SEP13SVEBMU-TIE,2026-09-13T15:30:00+00:00,D,24,0.1,0.09,0.1,0.095,0
D1,bun-elv-bay-2026-09-13,KXBUNDESLIGAGAME-26SEP13SVEBMU-BMU,2026-09-13T15:30:00+00:00,A,1,0.84,0.84,0.85,0.845,1
D1,bun-elv-bay-2026-09-13,KXBUNDESLIGAGAME-26SEP13SVEBMU-BMU,2026-09-13T15:30:00+00:00,A,6,0.86,0.85,0.86,0.855,1
D1,bun-elv-bay-2026-09-13,KXBUNDESLIGAGAME-26SEP13SVEBMU-BMU,2026-09-13T15:30:00+00:00,A,24,0.85,0.84,0.85,0.845,1
D1,bun-lei-hsv-2026-09-13,KXBUNDESLIGAGAME-26SEP13RBLHSV-RBL,2026-09-13T13:30:00+00:00,H,1,0.73,0.72,0.73,0.725,1
D1,bun-lei-hsv-2026-09-13,KXBUNDESLIGAGAME-26SEP13RBLHSV-RBL,2026-09-13T13:30:00+00:00,H,6,0.73,0.72,0.73,0.725,1
D1,bun-lei-hsv-2026-09-13,KXBUNDESLIGAGAME-26SEP13RBLHSV-RBL,2026-09-13T13:30:00+00:00,H,24,0.71,0.71,0.73,0.72,1
D1,bun-lei-hsv-2026-09-13,KXBUNDESLIGAGAME-26SEP13RBLHSV-TIE,2026-09-13T13:30:00+00:00,D,1,0.16,0.16,0.17,0.165,0
D1,bun-lei-hsv-2026-09-13,KXBUNDESLIGAGAME-26SEP13RBLHSV-TIE,2026-09-13T13:30:00+00:00,D,6,0.16,0.16,0.17,0.165,0
D1,bun-lei-hsv-2026-09-13,KXBUNDESLIGAGAME-26SEP13RBLHSV-TIE,2026-09-13T13:30:00+00:00,D,24,0.18,0.16,0.17,0.165,0
D1,bun-lei-hsv-2026-09-13,KXBUNDESLIGAGAME-26SEP13RBLHSV-HSV,2026-09-13T13:30:00+00:00,A,1,0.11,0.1,0.11,0.105,0
D1,bun-lei-hsv-2026-09-13,KXBUNDESLIGAGAME-26SEP13RBLHSV-HSV,2026-09-13T13:30:00+00:00,A,6,0.109,0.1,0.12,0.11,0
D1,bun-lei-hsv-2026-09-13,KXBUNDESLIGAGAME-26SEP13RBLHSV-HSV,2026-09-13T13:30:00+00:00,A,24,0.12,0.11,0.12,0.115,0
D1,bun-koe-wer-2026-09-12,KXBUNDESLIGAGAME-26SEP12KOESVW-KOE,2026-09-12T16:30:00+00:00,H,1,0.47,0.46,0.48,0.47,0
D1,bun-koe-wer-2026-09-12,KXBUNDESLIGAGAME-26SEP12KOESVW-KOE,2026-09-12T16:30:00+00:00,H,6,0.47,0.46,0.47,0.465,0
D1,bun-koe-wer-2026-09-12,KXBUNDESLIGAGAME-26SEP12KOESVW-KOE,2026-09-12T16:30:00+00:00,H,24,0.47,0.46,0.47,0.465,0
D1,bun-koe-wer-2026-09-12,KXBUNDESLIGAGAME-26SEP12KOESVW-TIE,2026-09-12T16:30:00+00:00,D,1,0.25,0.25,0.26,0.255,1
D1,bun-koe-wer-2026-09-12,KXBUNDESLIGAGAME-26SEP12KOESVW-TIE,2026-09-12T16:30:00+00:00,D,6,0.26,0.25,0.26,0.255,1
D1,bun-koe-wer-2026-09-12,KXBUNDESLIGAGAME-26SEP12KOESVW-TIE,2026-09-12T16:30:00+00:00,D,24,0.25,0.25,0.26,0.255,1
D1,bun-koe-wer-2026-09-12,KXBUNDESLIGAGAME-26SEP12KOESVW-SVW,2026-09-12T16:30:00+00:00,A,1,0.27,0.27,0.28,0.275,0
D1,bun-koe-wer-2026-09-12,KXBUNDESLIGAGAME-26SEP12KOESVW-SVW,2026-09-12T16:30:00+00:00,A,6,0.28,0.27,0.28,0.275,0
D1,bun-koe-wer-2026-09-12,KXBUNDESLIGAGAME-26SEP12KOESVW-SVW,2026-09-12T16:30:00+00:00,A,24,0.29,0.27,0.28,0.275,0
D1,bun-mai-ein-2026-09-12,KXBUNDESLIGAGAME-26SEP12M05SGE-M05,2026-09-12T13:30:00+00:00,H,1,0.54,0.54,0.55,0.545,0
D1,bun-mai-ein-2026-09-12,KXBUNDESLIGAGAME-26SEP12M05SGE-M05,2026-09-12T13:30:00+00:00,H,6,0.53,0.53,0.54,0.535,0
D1,bun-mai-ein-2026-09-12,KXBUNDESLIGAGAME-26SEP12M05SGE-M05,2026-09-12T13:30:00+00:00,H,24,0.5,0.48,0.49,0.485,0
D1,bun-mai-ein-2026-09-12,KXBUNDESLIGAGAME-26SEP12M05SGE-TIE,2026-09-12T13:30:00+00:00,D,1,0.23,0.22,0.23,0.225,0
D1,bun-mai-ein-2026-09-12,KXBUNDESLIGAGAME-26SEP12M05SGE-TIE,2026-09-12T13:30:00+00:00,D,6,0.24,0.23,0.24,0.235,0
D1,bun-mai-ein-2026-09-12,KXBUNDESLIGAGAME-26SEP12M05SGE-TIE,2026-09-12T13:30:00+00:00,D,24,0.25,0.24,0.25,0.245,0
D1,bun-mai-ein-2026-09-12,KXBUNDESLIGAGAME-26SEP12M05SGE-SGE,2026-09-12T13:30:00+00:00,A,1,0.24,0.23,0.24,0.235,1
D1,bun-mai-ein-2026-09-12,KXBUNDESLIGAGAME-26SEP12M05SGE-SGE,2026-09-12T13:30:00+00:00,A,6,0.24,0.24,0.25,0.245,1
D1,bun-mai-ein-2026-09-12,KXBUNDESLIGAGAME-26SEP12M05SGE-SGE,2026-09-12T13:30:00+00:00,A,24,0.27,0.27,0.28,0.275,1
D1,bun-aug-b04-2026-09-12,KXBUNDESLIGAGAME-26SEP12FCALEV-FCA,2026-09-12T13:30:00+00:00,H,1,0.25,0.25,0.26,0.255,0
D1,bun-aug-b04-2026-09-12,KXBUNDESLIGAGAME-26SEP12FCALEV-FCA,2026-09-12T13:30:00+00:00,H,6,0.25,0.24,0.25,0.245,0
D1,bun-aug-b04-2026-09-12,KXBUNDESLIGAGAME-26SEP12FCALEV-FCA,2026-09-12T13:30:00+00:00,H,24,0.23,0.23,0.24,0.235,0
D1,bun-aug-b04-2026-09-12,KXBUNDESLIGAGAME-26SEP12FCALEV-TIE,2026-09-12T13:30:00+00:00,D,1,0.23,0.23,0.24,0.235,1
D1,bun-aug-b04-2026-09-12,KXBUNDESLIGAGAME-26SEP12FCALEV-TIE,2026-09-12T13:30:00+00:00,D,6,0.23,0.22,0.23,0.225,1
D1,bun-aug-b04-2026-09-12,KXBUNDESLIGAGAME-26SEP12FCALEV-TIE,2026-09-12T13:30:00+00:00,D,24,0.22,0.22,0.23,0.225,1
D1,bun-aug-b04-2026-09-12,KXBUNDESLIGAGAME-26SEP12FCALEV-LEV,2026-09-12T13:30:00+00:00,A,1,0.51,0.5,0.52,0.51,0
D1,bun-aug-b04-2026-09-12,KXBUNDESLIGAGAME-26SEP12FCALEV-LEV,2026-09-12T13:30:00+00:00,A,6,0.52,0.51,0.52,0.515,0
D1,bun-aug-b04-2026-09-12,KXBUNDESLIGAGAME-26SEP12FCALEV-LEV,2026-09-12T13:30:00+00:00,A,24,0.54,0.53,0.54,0.535,0
D1,bun-fre-moe-2026-09-12,KXBUNDESLIGAGAME-26SEP12SCFBMG-SCF,2026-09-12T13:30:00+00:00,H,1,0.57,0.57,0.58,0.575,1
D1,bun-fre-moe-2026-09-12,KXBUNDESLIGAGAME-26SEP12SCFBMG-SCF,2026-09-12T13:30:00+00:00,H,6,0.57,0.57,0.58,0.575,1
D1,bun-fre-moe-2026-09-12,KXBUNDESLIGAGAME-26SEP12SCFBMG-SCF,2026-09-12T13:30:00+00:00,H,24,0.57,0.56,0.57,0.565,1
D1,bun-fre-moe-2026-09-12,KXBUNDESLIGAGAME-26SEP12SCFBMG-TIE,2026-09-12T13:30:00+00:00,D,1,0.22,0.22,0.23,0.225,0
D1,bun-fre-moe-2026-09-12,KXBUNDESLIGAGAME-26SEP12SCFBMG-TIE,2026-09-12T13:30:00+00:00,D,6,0.23,0.22,0.23,0.225,0
D1,bun-fre-moe-2026-09-12,KXBUNDESLIGAGAME-26SEP12SCFBMG-TIE,2026-09-12T13:30:00+00:00,D,24,0.23,0.22,0.23,0.225,0
D1,bun-fre-moe-2026-09-12,KXBUNDESLIGAGAME-26SEP12SCFBMG-BMG,2026-09-12T13:30:00+00:00,A,1,0.2,0.19,0.2,0.195,0
D1,bun-fre-moe-2026-09-12,KXBUNDESLIGAGAME-26SEP12SCFBMG-BMG,2026-09-12T13:30:00+00:00,A,6,0.2,0.19,0.2,0.195,0
D1,bun-fre-moe-2026-09-12,KXBUNDESLIGAGAME-26SEP12SCFBMG-BMG,2026-09-12T13:30:00+00:00,A,24,0.2,0.2,0.21,0.205,0
D1,bun-hof-stu-2026-09-12,KXBUNDESLIGAGAME-26SEP12TSGVFB-TSG,2026-09-12T13:30:00+00:00,H,1,0.43,0.41,0.42,0.415,1
D1,bun-hof-stu-2026-09-12,KXBUNDESLIGAGAME-26SEP12TSGVFB-TSG,2026-09-12T13:30:00+00:00,H,6,0.4,0.4,0.42,0.41,1
D1,bun-hof-stu-2026-09-12,KXBUNDESLIGAGAME-26SEP12TSGVFB-TSG,2026-09-12T13:30:00+00:00,H,24,0.4,0.4,0.41,0.405,1
D1,bun-hof-stu-2026-09-12,KXBUNDESLIGAGAME-26SEP12TSGVFB-TIE,2026-09-12T13:30:00+00:00,D,1,0.24,0.23,0.24,0.235,0
D1,bun-hof-stu-2026-09-12,KXBUNDESLIGAGAME-26SEP12TSGVFB-TIE,2026-09-12T13:30:00+00:00,D,6,0.23,0.24,0.25,0.245,0
D1,bun-hof-stu-2026-09-12,KXBUNDESLIGAGAME-26SEP12TSGVFB-TIE,2026-09-12T13:30:00+00:00,D,24,0.24,0.23,0.24,0.235,0
D1,bun-hof-stu-2026-09-12,KXBUNDESLIGAGAME-26SEP12TSGVFB-VFB,2026-09-12T13:30:00+00:00,A,1,0.33,0.34,0.35,0.345,0
D1,bun-hof-stu-2026-09-12,KXBUNDESLIGAGAME-26SEP12TSGVFB-VFB,2026-09-12T13:30:00+00:00,A,6,0.36,0.35,0.36,0.355,0
D1,bun-hof-stu-2026-09-12,KXBUNDESLIGAGAME-26SEP12TSGVFB-VFB,2026-09-12T13:30:00+00:00,A,24,0.36,0.35,0.36,0.355,0
D1,bun-dor-scp-2026-09-12,KXBUNDESLIGAGAME-26SEP12BVBPAD-BVB,2026-09-12T13:30:00+00:00,H,1,0.77,0.77,0.78,0.775,1
D1,bun-dor-scp-2026-09-12,KXBUNDESLIGAGAME-26SEP12BVBPAD-BVB,2026-09-12T13:30:00+00:00,H,6,0.79,0.79,0.8,0.795,1
D1,bun-dor-scp-2026-09-12,KXBUNDESLIGAGAME-26SEP12BVBPAD-BVB,2026-09-12T13:30:00+00:00,H,24,0.8,0.79,0.8,0.795,1
D1,bun-dor-scp-2026-09-12,KXBUNDESLIGAGAME-26SEP12BVBPAD-TIE,2026-09-12T13:30:00+00:00,D,1,0.15,0.13,0.14,0.135,0
D1,bun-dor-scp-2026-09-12,KXBUNDESLIGAGAME-26SEP12BVBPAD-TIE,2026-09-12T13:30:00+00:00,D,6,0.13,0.12,0.13,0.125,0
D1,bun-dor-scp-2026-09-12,KXBUNDESLIGAGAME-26SEP12BVBPAD-TIE,2026-09-12T13:30:00+00:00,D,24,0.12,0.12,0.13,0.125,0
D1,bun-dor-scp-2026-09-12,KXBUNDESLIGAGAME-26SEP12BVBPAD-PAD,2026-09-12T13:30:00+00:00,A,1,0.09,0.08,0.09,0.085,0
D1,bun-dor-scp-2026-09-12,KXBUNDESLIGAGAME-26SEP12BVBPAD-PAD,2026-09-12T13:30:00+00:00,A,6,0.08,0.07,0.08,0.075,0
D1,bun-dor-scp-2026-09-12,KXBUNDESLIGAGAME-26SEP12BVBPAD-PAD,2026-09-12T13:30:00+00:00,A,24,0.07,0.07,0.08,0.075,0
D1,bun-uni-s04-2026-09-11,KXBUNDESLIGAGAME-26SEP11UNISCH-UNI,2026-09-11T18:30:00+00:00,H,1,0.41,0.39,0.4,0.395,0
D1,bun-uni-s04-2026-09-11,KXBUNDESLIGAGAME-26SEP11UNISCH-UNI,2026-09-11T18:30:00+00:00,H,6,0.4,0.39,0.4,0.395,0
D1,bun-uni-s04-2026-09-11,KXBUNDESLIGAGAME-26SEP11UNISCH-UNI,2026-09-11T18:30:00+00:00,H,24,0.41,0.41,0.42,0.415,0
D1,bun-uni-s04-2026-09-11,KXBUNDESLIGAGAME-26SEP11UNISCH-TIE,2026-09-11T18:30:00+00:00,D,1,0.27,0.27,0.28,0.275,0
D1,bun-uni-s04-2026-09-11,KXBUNDESLIGAGAME-26SEP11UNISCH-TIE,2026-09-11T18:30:00+00:00,D,6,0.27,0.27,0.28,0.275,0
D1,bun-uni-s04-2026-09-11,KXBUNDESLIGAGAME-26SEP11UNISCH-TIE,2026-09-11T18:30:00+00:00,D,24,0.27,0.26,0.27,0.265,0
D1,bun-uni-s04-2026-09-11,KXBUNDESLIGAGAME-26SEP11UNISCH-SCH,2026-09-11T18:30:00+00:00,A,1,0.31,0.33,0.34,0.335,1
D1,bun-uni-s04-2026-09-11,KXBUNDESLIGAGAME-26SEP11UNISCH-SCH,2026-09-11T18:30:00+00:00,A,6,0.33,0.32,0.33,0.325,1
D1,bun-uni-s04-2026-09-11,KXBUNDESLIGAGAME-26SEP11UNISCH-SCH,2026-09-11T18:30:00+00:00,A,24,0.32,0.31,0.32,0.315,1
D1,bun-ein-aug-2026-09-06,KXBUNDESLIGAGAME-26SEP06SGEFCA-SGE,2026-09-06T15:30:00+00:00,H,1,0.52,0.52,0.53,0.525,0
D1,bun-ein-aug-2026-09-06,KXBUNDESLIGAGAME-26SEP06SGEFCA-SGE,2026-09-06T15:30:00+00:00,H,6,0.52,0.51,0.52,0.515,0
D1,bun-ein-aug-2026-09-06,KXBUNDESLIGAGAME-26SEP06SGEFCA-SGE,2026-09-06T15:30:00+00:00,H,24,0.48,0.48,0.5,0.49,0
D1,bun-ein-aug-2026-09-06,KXBUNDESLIGAGAME-26SEP06SGEFCA-TIE,2026-09-06T15:30:00+00:00,D,1,0.23,0.22,0.23,0.225,0
D1,bun-ein-aug-2026-09-06,KXBUNDESLIGAGAME-26SEP06SGEFCA-TIE,2026-09-06T15:30:00+00:00,D,6,0.23,0.23,0.24,0.235,0
D1,bun-ein-aug-2026-09-06,KXBUNDESLIGAGAME-26SEP06SGEFCA-TIE,2026-09-06T15:30:00+00:00,D,24,0.23,0.23,0.24,0.235,0
D1,bun-ein-aug-2026-09-06,KXBUNDESLIGAGAME-26SEP06SGEFCA-FCA,2026-09-06T15:30:00+00:00,A,1,0.25,0.24,0.25,0.245,1
D1,bun-ein-aug-2026-09-06,KXBUNDESLIGAGAME-26SEP06SGEFCA-FCA,2026-09-06T15:30:00+00:00,A,6,0.26,0.25,0.26,0.255,1
D1,bun-ein-aug-2026-09-06,KXBUNDESLIGAGAME-26SEP06SGEFCA-FCA,2026-09-06T15:30:00+00:00,A,24,0.28,0.27,0.28,0.275,1
D1,bun-hsv-mai-2026-09-06,KXBUNDESLIGAGAME-26SEP06HSVM05-HSV,2026-09-06T13:30:00+00:00,H,1,0.32,0.32,0.33,0.325,0
D1,bun-hsv-mai-2026-09-06,KXBUNDESLIGAGAME-26SEP06HSVM05-HSV,2026-09-06T13:30:00+00:00,H,6,0.33,0.33,0.34,0.335,0
D1,bun-hsv-mai-2026-09-06,KXBUNDESLIGAGAME-26SEP06HSVM05-HSV,2026-09-06T13:30:00+00:00,H,24,0.3462,0.33,0.35,0.34,0
D1,bun-hsv-mai-2026-09-06,KXBUNDESLIGAGAME-26SEP06HSVM05-TIE,2026-09-06T13:30:00+00:00,D,1,0.28,0.27,0.28,0.275,0
D1,bun-hsv-mai-2026-09-06,KXBUNDESLIGAGAME-26SEP06HSVM05-TIE,2026-09-06T13:30:00+00:00,D,6,0.27,0.27,0.28,0.275,0
D1,bun-hsv-mai-2026-09-06,KXBUNDESLIGAGAME-26SEP06HSVM05-TIE,2026-09-06T13:30:00+00:00,D,24,0.27,0.26,0.27,0.265,0
D1,bun-hsv-mai-2026-09-06,KXBUNDESLIGAGAME-26SEP06HSVM05-M05,2026-09-06T13:30:00+00:00,A,1,0.4,0.39,0.4,0.395,1
D1,bun-hsv-mai-2026-09-06,KXBUNDESLIGAGAME-26SEP06HSVM05-M05,2026-09-06T13:30:00+00:00,A,6,0.39,0.39,0.4,0.395,1
D1,bun-hsv-mai-2026-09-06,KXBUNDESLIGAGAME-26SEP06HSVM05-M05,2026-09-06T13:30:00+00:00,A,24,0.4,0.39,0.4,0.395,1
D1,bun-s04-bay-2026-09-05,KXBUNDESLIGAGAME-26SEP05SCHBMU-SCH,2026-09-05T16:30:00+00:00,H,1,0.06,0.05,0.06,0.055,0
D1,bun-s04-bay-2026-09-05,KXBUNDESLIGAGAME-26SEP05SCHBMU-SCH,2026-09-05T16:30:00+00:00,H,6,0.05,0.05,0.06,0.055,0
D1,bun-s04-bay-2026-09-05,KXBUNDESLIGAGAME-26SEP05SCHBMU-SCH,2026-09-05T16:30:00+00:00,H,24,0.05,0.05,0.06,0.055,0
D1,bun-s04-bay-2026-09-05,KXBUNDESLIGAGAME-26SEP05SCHBMU-TIE,2026-09-05T16:30:00+00:00,D,1,0.11,0.09,0.1,0.095,1
D1,bun-s04-bay-2026-09-05,KXBUNDESLIGAGAME-26SEP05SCHBMU-TIE,2026-09-05T16:30:00+00:00,D,6,0.1,0.09,0.1,0.095,1
D1,bun-s04-bay-2026-09-05,KXBUNDESLIGAGAME-26SEP05SCHBMU-TIE,2026-09-05T16:30:00+00:00,D,24,0.09,0.09,0.1,0.095,1
D1,bun-s04-bay-2026-09-05,KXBUNDESLIGAGAME-26SEP05SCHBMU-BMU,2026-09-05T16:30:00+00:00,A,1,0.85,0.85,0.86,0.855,0
D1,bun-s04-bay-2026-09-05,KXBUNDESLIGAGAME-26SEP05SCHBMU-BMU,2026-09-05T16:30:00+00:00,A,6,0.85,0.85,0.86,0.855,0
D1,bun-s04-bay-2026-09-05,KXBUNDESLIGAGAME-26SEP05SCHBMU-BMU,2026-09-05T16:30:00+00:00,A,24,0.85,0.85,0.86,0.855,0
D1,bun-scp-fre-2026-09-05,KXBUNDESLIGAGAME-26SEP05PADSCF-PAD,2026-09-05T13:30:00+00:00,H,1,0.25,0.25,0.26,0.255,0
D1,bun-scp-fre-2026-09-05,KXBUNDESLIGAGAME-26SEP05PADSCF-PAD,2026-09-05T13:30:00+00:00,H,6,0.25,0.25,0.26,0.255,0
D1,bun-scp-fre-2026-09-05,KXBUNDESLIGAGAME-26SEP05PADSCF-PAD,2026-09-05T13:30:00+00:00,H,24,0.26,0.26,0.27,0.265,0
D1,bun-scp-fre-2026-09-05,KXBUNDESLIGAGAME-26SEP05PADSCF-TIE,2026-09-05T13:30:00+00:00,D,1,0.25,0.25,0.26,0.255,0
D1,bun-scp-fre-2026-09-05,KXBUNDESLIGAGAME-26SEP05PADSCF-TIE,2026-09-05T13:30:00+00:00,D,6,0.26,0.25,0.26,0.255,0
D1,bun-scp-fre-2026-09-05,KXBUNDESLIGAGAME-26SEP05PADSCF-TIE,2026-09-05T13:30:00+00:00,D,24,0.25,0.25,0.26,0.255,0
D1,bun-scp-fre-2026-09-05,KXBUNDESLIGAGAME-26SEP05PADSCF-SCF,2026-09-05T13:30:00+00:00,A,1,0.5,0.49,0.5,0.495,1
D1,bun-scp-fre-2026-09-05,KXBUNDESLIGAGAME-26SEP05PADSCF-SCF,2026-09-05T13:30:00+00:00,A,6,0.49,0.49,0.5,0.495,1
D1,bun-scp-fre-2026-09-05,KXBUNDESLIGAGAME-26SEP05PADSCF-SCF,2026-09-05T13:30:00+00:00,A,24,0.49,0.47,0.49,0.48,1
D1,bun-wer-lei-2026-09-05,KXBUNDESLIGAGAME-26SEP05SVWRBL-SVW,2026-09-05T13:30:00+00:00,H,1,0.22,0.21,0.22,0.215,1
D1,bun-wer-lei-2026-09-05,KXBUNDESLIGAGAME-26SEP05SVWRBL-SVW,2026-09-05T13:30:00+00:00,H,6,0.22,0.21,0.22,0.215,1
D1,bun-wer-lei-2026-09-05,KXBUNDESLIGAGAME-26SEP05SVWRBL-SVW,2026-09-05T13:30:00+00:00,H,24,0.22,0.21,0.22,0.215,1
D1,bun-wer-lei-2026-09-05,KXBUNDESLIGAGAME-26SEP05SVWRBL-TIE,2026-09-05T13:30:00+00:00,D,1,0.23,0.22,0.23,0.225,0
D1,bun-wer-lei-2026-09-05,KXBUNDESLIGAGAME-26SEP05SVWRBL-TIE,2026-09-05T13:30:00+00:00,D,6,0.22,0.22,0.23,0.225,0
D1,bun-wer-lei-2026-09-05,KXBUNDESLIGAGAME-26SEP05SVWRBL-TIE,2026-09-05T13:30:00+00:00,D,24,0.23,0.22,0.23,0.225,0
D1,bun-wer-lei-2026-09-05,KXBUNDESLIGAGAME-26SEP05SVWRBL-RBL,2026-09-05T13:30:00+00:00,A,1,0.55,0.55,0.56,0.555,0
D1,bun-wer-lei-2026-09-05,KXBUNDESLIGAGAME-26SEP05SVWRBL-RBL,2026-09-05T13:30:00+00:00,A,6,0.55,0.55,0.56,0.555,0
D1,bun-wer-lei-2026-09-05,KXBUNDESLIGAGAME-26SEP05SVWRBL-RBL,2026-09-05T13:30:00+00:00,A,24,0.56,0.55,0.56,0.555,0
D1,bun-moe-elv-2026-09-05,KXBUNDESLIGAGAME-26SEP05BMGSVE-BMG,2026-09-05T13:30:00+00:00,H,1,0.5,0.5,0.51,0.505,0
D1,bun-moe-elv-2026-09-05,KXBUNDESLIGAGAME-26SEP05BMGSVE-BMG,2026-09-05T13:30:00+00:00,H,6,0.51,0.5,0.52,0.51,0
D1,bun-moe-elv-2026-09-05,KXBUNDESLIGAGAME-26SEP05BMGSVE-BMG,2026-09-05T13:30:00+00:00,H,24,0.51,0.51,0.52,0.515,0
D1,bun-moe-elv-2026-09-05,KXBUNDESLIGAGAME-26SEP05BMGSVE-TIE,2026-09-05T13:30:00+00:00,D,1,0.25,0.23,0.24,0.235,0
D1,bun-moe-elv-2026-09-05,KXBUNDESLIGAGAME-26SEP05BMGSVE-TIE,2026-09-05T13:30:00+00:00,D,6,0.25,0.24,0.25,0.245,0
D1,bun-moe-elv-2026-09-05,KXBUNDESLIGAGAME-26SEP05BMGSVE-TIE,2026-09-05T13:30:00+00:00,D,24,0.25,0.24,0.25,0.245,0
D1,bun-moe-elv-2026-09-05,KXBUNDESLIGAGAME-26SEP05BMGSVE-SVE,2026-09-05T13:30:00+00:00,A,1,0.26,0.24,0.25,0.245,1
D1,bun-moe-elv-2026-09-05,KXBUNDESLIGAGAME-26SEP05BMGSVE-SVE,2026-09-05T13:30:00+00:00,A,6,0.25,0.24,0.25,0.245,1
D1,bun-moe-elv-2026-09-05,KXBUNDESLIGAGAME-26SEP05BMGSVE-SVE,2026-09-05T13:30:00+00:00,A,24,0.25,0.23,0.24,0.235,1
D1,bun-b04-uni-2026-09-05,KXBUNDESLIGAGAME-26SEP05LEVUNI-LEV,2026-09-05T13:30:00+00:00,H,1,0.71,0.7,0.71,0.705,1
D1,bun-b04-uni-2026-09-05,KXBUNDESLIGAGAME-26SEP05LEVUNI-LEV,2026-09-05T13:30:00+00:00,H,6,0.68,0.67,0.68,0.675,1
D1,bun-b04-uni-2026-09-05,KXBUNDESLIGAGAME-26SEP05LEVUNI-LEV,2026-09-05T13:30:00+00:00,H,24,0.68,0.66,0.67,0.665,1
D1,bun-b04-uni-2026-09-05,KXBUNDESLIGAGAME-26SEP05LEVUNI-TIE,2026-09-05T13:30:00+00:00,D,1,0.18,0.17,0.18,0.175,0
D1,bun-b04-uni-2026-09-05,KXBUNDESLIGAGAME-26SEP05LEVUNI-TIE,2026-09-05T13:30:00+00:00,D,6,0.19,0.18,0.19,0.185,0
D1,bun-b04-uni-2026-09-05,KXBUNDESLIGAGAME-26SEP05LEVUNI-TIE,2026-09-05T13:30:00+00:00,D,24,0.19,0.18,0.19,0.185,0
D1,bun-b04-uni-2026-09-05,KXBUNDESLIGAGAME-26SEP05LEVUNI-UNI,2026-09-05T13:30:00+00:00,A,1,0.12,0.12,0.13,0.125,0
D1,bun-b04-uni-2026-09-05,KXBUNDESLIGAGAME-26SEP05LEVUNI-UNI,2026-09-05T13:30:00+00:00,A,6,0.14,0.14,0.15,0.145,0
D1,bun-b04-uni-2026-09-05,KXBUNDESLIGAGAME-26SEP05LEVUNI-UNI,2026-09-05T13:30:00+00:00,A,24,0.14,0.14,0.15,0.145,0
D1,bun-hof-dor-2026-09-05,KXBUNDESLIGAGAME-26SEP05TSGBVB-TSG,2026-09-05T13:30:00+00:00,H,1,0.37,0.36,0.37,0.365,0
D1,bun-hof-dor-2026-09-05,KXBUNDESLIGAGAME-26SEP05TSGBVB-TSG,2026-09-05T13:30:00+00:00,H,6,0.35,0.35,0.36,0.355,0
D1,bun-hof-dor-2026-09-05,KXBUNDESLIGAGAME-26SEP05TSGBVB-TSG,2026-09-05T13:30:00+00:00,H,24,0.34,0.32,0.33,0.325,0
D1,bun-hof-dor-2026-09-05,KXBUNDESLIGAGAME-26SEP05TSGBVB-TIE,2026-09-05T13:30:00+00:00,D,1,0.25,0.25,0.26,0.255,0
D1,bun-hof-dor-2026-09-05,KXBUNDESLIGAGAME-26SEP05TSGBVB-TIE,2026-09-05T13:30:00+00:00,D,6,0.24,0.24,0.25,0.245,0
D1,bun-hof-dor-2026-09-05,KXBUNDESLIGAGAME-26SEP05TSGBVB-TIE,2026-09-05T13:30:00+00:00,D,24,0.25,0.24,0.25,0.245,0
D1,bun-hof-dor-2026-09-05,KXBUNDESLIGAGAME-26SEP05TSGBVB-BVB,2026-09-05T13:30:00+00:00,A,1,0.39,0.38,0.39,0.385,1
D1,bun-hof-dor-2026-09-05,KXBUNDESLIGAGAME-26SEP05TSGBVB-BVB,2026-09-05T13:30:00+00:00,A,6,0.39,0.39,0.4,0.395,1
D1,bun-hof-dor-2026-09-05,KXBUNDESLIGAGAME-26SEP05TSGBVB-BVB,2026-09-05T13:30:00+00:00,A,24,0.43,0.42,0.43,0.425,1
D1,bun-stu-koe-2026-09-04,KXBUNDESLIGAGAME-26SEP04VFBKOE-VFB,2026-09-04T18:30:00+00:00,H,1,0.67,0.66,0.68,0.67,1
D1,bun-stu-koe-2026-09-04,KXBUNDESLIGAGAME-26SEP04VFBKOE-VFB,2026-09-04T18:30:00+00:00,H,6,0.66,0.65,0.66,0.655,1
D1,bun-stu-koe-2026-09-04,KXBUNDESLIGAGAME-26SEP04VFBKOE-VFB,2026-09-04T18:30:00+00:00,H,24,0.66,0.64,0.65,0.645,1
D1,bun-stu-koe-2026-09-04,KXBUNDESLIGAGAME-26SEP04VFBKOE-TIE,2026-09-04T18:30:00+00:00,D,1,0.18,0.19,0.2,0.195,0
D1,bun-stu-koe-2026-09-04,KXBUNDESLIGAGAME-26SEP04VFBKOE-TIE,2026-09-04T18:30:00+00:00,D,6,0.19,0.19,0.2,0.195,0
D1,bun-stu-koe-2026-09-04,KXBUNDESLIGAGAME-26SEP04VFBKOE-TIE,2026-09-04T18:30:00+00:00,D,24,0.19,0.19,0.2,0.195,0
D1,bun-stu-koe-2026-09-04,KXBUNDESLIGAGAME-26SEP04VFBKOE-KOE,2026-09-04T18:30:00+00:00,A,1,0.15,0.14,0.15,0.145,0
D1,bun-stu-koe-2026-09-04,KXBUNDESLIGAGAME-26SEP04VFBKOE-KOE,2026-09-04T18:30:00+00:00,A,6,0.15,0.15,0.16,0.155,0
D1,bun-stu-koe-2026-09-04,KXBUNDESLIGAGAME-26SEP04VFBKOE-KOE,2026-09-04T18:30:00+00:00,A,24,0.17,0.16,0.17,0.165,0
D1,bun-aug-s04-2026-08-30,KXBUNDESLIGAGAME-26AUG30FCASCH-FCA,2026-08-30T15:30:00+00:00,H,1,0.44,0.43,0.44,0.435,1
D1,bun-aug-s04-2026-08-30,KXBUNDESLIGAGAME-26AUG30FCASCH-FCA,2026-08-30T15:30:00+00:00,H,6,0.43,0.43,0.44,0.435,1
D1,bun-aug-s04-2026-08-30,KXBUNDESLIGAGAME-26AUG30FCASCH-FCA,2026-08-30T15:30:00+00:00,H,24,0.44,0.43,0.44,0.435,1
D1,bun-aug-s04-2026-08-30,KXBUNDESLIGAGAME-26AUG30FCASCH-TIE,2026-08-30T15:30:00+00:00,D,1,0.28,0.27,0.28,0.275,0
D1,bun-aug-s04-2026-08-30,KXBUNDESLIGAGAME-26AUG30FCASCH-TIE,2026-08-30T15:30:00+00:00,D,6,0.28,0.26,0.27,0.265,0
D1,bun-aug-s04-2026-08-30,KXBUNDESLIGAGAME-26AUG30FCASCH-TIE,2026-08-30T15:30:00+00:00,D,24,0.25,0.25,0.26,0.255,0
D1,bun-aug-s04-2026-08-30,KXBUNDESLIGAGAME-26AUG30FCASCH-SCH,2026-08-30T15:30:00+00:00,A,1,0.29,0.28,0.29,0.285,0
D1,bun-aug-s04-2026-08-30,KXBUNDESLIGAGAME-26AUG30FCASCH-SCH,2026-08-30T15:30:00+00:00,A,6,0.29,0.29,0.3,0.295,0
D1,bun-aug-s04-2026-08-30,KXBUNDESLIGAGAME-26AUG30FCASCH-SCH,2026-08-30T15:30:00+00:00,A,24,0.3,0.29,0.3,0.295,0
D1,bun-fre-wer-2026-08-30,KXBUNDESLIGAGAME-26AUG30SCFSVW-SCF,2026-08-30T13:30:00+00:00,H,1,0.54,0.53,0.54,0.535,1
D1,bun-fre-wer-2026-08-30,KXBUNDESLIGAGAME-26AUG30SCFSVW-SCF,2026-08-30T13:30:00+00:00,H,6,0.53,0.51,0.52,0.515,1
D1,bun-fre-wer-2026-08-30,KXBUNDESLIGAGAME-26AUG30SCFSVW-SCF,2026-08-30T13:30:00+00:00,H,24,0.49,0.5,0.51,0.505,1
D1,bun-fre-wer-2026-08-30,KXBUNDESLIGAGAME-26AUG30SCFSVW-TIE,2026-08-30T13:30:00+00:00,D,1,0.26,0.25,0.26,0.255,0
D1,bun-fre-wer-2026-08-30,KXBUNDESLIGAGAME-26AUG30SCFSVW-TIE,2026-08-30T13:30:00+00:00,D,6,0.26,0.25,0.26,0.255,0
D1,bun-fre-wer-2026-08-30,KXBUNDESLIGAGAME-26AUG30SCFSVW-TIE,2026-08-30T13:30:00+00:00,D,24,0.26,0.25,0.26,0.255,0
D1,bun-fre-wer-2026-08-30,KXBUNDESLIGAGAME-26AUG30SCFSVW-SVW,2026-08-30T13:30:00+00:00,A,1,0.2,0.21,0.22,0.215,0
D1,bun-fre-wer-2026-08-30,KXBUNDESLIGAGAME-26AUG30SCFSVW-SVW,2026-08-30T13:30:00+00:00,A,6,0.22,0.21,0.22,0.215,0
D1,bun-fre-wer-2026-08-30,KXBUNDESLIGAGAME-26AUG30SCFSVW-SVW,2026-08-30T13:30:00+00:00,A,24,0.24,0.23,0.24,0.235,0
D1,bun-dor-hsv-2026-08-29,KXBUNDESLIGAGAME-26AUG29BVBHSV-BVB,2026-08-29T16:30:00+00:00,H,1,0.72,0.71,0.72,0.715,1
D1,bun-dor-hsv-2026-08-29,KXBUNDESLIGAGAME-26AUG29BVBHSV-BVB,2026-08-29T16:30:00+00:00,H,6,0.71,0.71,0.72,0.715,1
D1,bun-dor-hsv-2026-08-29,KXBUNDESLIGAGAME-26AUG29BVBHSV-BVB,2026-08-29T16:30:00+00:00,H,24,0.75,0.74,0.75,0.745,1
D1,bun-dor-hsv-2026-08-29,KXBUNDESLIGAGAME-26AUG29BVBHSV-TIE,2026-08-29T16:30:00+00:00,D,1,0.18,0.17,0.18,0.175,0
D1,bun-dor-hsv-2026-08-29,KXBUNDESLIGAGAME-26AUG29BVBHSV-TIE,2026-08-29T16:30:00+00:00,D,6,0.18,0.16,0.17,0.165,0
D1,bun-dor-hsv-2026-08-29,KXBUNDESLIGAGAME-26AUG29BVBHSV-TIE,2026-08-29T16:30:00+00:00,D,24,0.16,0.15,0.16,0.155,0
D1,bun-dor-hsv-2026-08-29,KXBUNDESLIGAGAME-26AUG29BVBHSV-HSV,2026-08-29T16:30:00+00:00,A,1,0.11,0.11,0.12,0.115,0
D1,bun-dor-hsv-2026-08-29,KXBUNDESLIGAGAME-26AUG29BVBHSV-HSV,2026-08-29T16:30:00+00:00,A,6,0.11,0.11,0.12,0.115,0
D1,bun-dor-hsv-2026-08-29,KXBUNDESLIGAGAME-26AUG29BVBHSV-HSV,2026-08-29T16:30:00+00:00,A,24,0.1,0.09,0.1,0.095,0
D1,bun-elv-b04-2026-08-29,KXBUNDESLIGAGAME-26AUG29SVELEV-SVE,2026-08-29T13:30:00+00:00,H,1,0.18,0.17,0.18,0.175,1
D1,bun-elv-b04-2026-08-29,KXBUNDESLIGAGAME-26AUG29SVELEV-SVE,2026-08-29T13:30:00+00:00,H,6,0.18,0.17,0.18,0.175,1
D1,bun-elv-b04-2026-08-29,KXBUNDESLIGAGAME-26AUG29SVELEV-SVE,2026-08-29T13:30:00+00:00,H,24,0.19,0.18,0.19,0.185,1
D1,bun-elv-b04-2026-08-29,KXBUNDESLIGAGAME-26AUG29SVELEV-TIE,2026-08-29T13:30:00+00:00,D,1,0.21,0.2,0.21,0.205,0
D1,bun-elv-b04-2026-08-29,KXBUNDESLIGAGAME-26AUG29SVELEV-TIE,2026-08-29T13:30:00+00:00,D,6,0.22,0.2,0.21,0.205,0
D1,bun-elv-b04-2026-08-29,KXBUNDESLIGAGAME-26AUG29SVELEV-TIE,2026-08-29T13:30:00+00:00,D,24,0.2,0.2,0.21,0.205,0
D1,bun-elv-b04-2026-08-29,KXBUNDESLIGAGAME-26AUG29SVELEV-LEV,2026-08-29T13:30:00+00:00,A,1,0.61,0.61,0.62,0.615,0
D1,bun-elv-b04-2026-08-29,KXBUNDESLIGAGAME-26AUG29SVELEV-LEV,2026-08-29T13:30:00+00:00,A,6,0.61,0.61,0.62,0.615,0
D1,bun-elv-b04-2026-08-29,KXBUNDESLIGAGAME-26AUG29SVELEV-LEV,2026-08-29T13:30:00+00:00,A,24,0.62,0.6,0.61,0.605,0
D1,bun-koe-hof-2026-08-29,KXBUNDESLIGAGAME-26AUG29KOETSG-KOE,2026-08-29T13:30:00+00:00,H,1,0.32,0.3,0.31,0.305,1
D1,bun-koe-hof-2026-08-29,KXBUNDESLIGAGAME-26AUG29KOETSG-KOE,2026-08-29T13:30:00+00:00,H,6,0.31,0.3,0.31,0.305,1
D1,bun-koe-hof-2026-08-29,KXBUNDESLIGAGAME-26AUG29KOETSG-KOE,2026-08-29T13:30:00+00:00,H,24,0.32,0.31,0.32,0.315,1
D1,bun-koe-hof-2026-08-29,KXBUNDESLIGAGAME-26AUG29KOETSG-TIE,2026-08-29T13:30:00+00:00,D,1,0.26,0.25,0.26,0.255,0
D1,bun-koe-hof-2026-08-29,KXBUNDESLIGAGAME-26AUG29KOETSG-TIE,2026-08-29T13:30:00+00:00,D,6,0.26,0.25,0.26,0.255,0
D1,bun-koe-hof-2026-08-29,KXBUNDESLIGAGAME-26AUG29KOETSG-TIE,2026-08-29T13:30:00+00:00,D,24,0.25,0.25,0.26,0.255,0
D1,bun-koe-hof-2026-08-29,KXBUNDESLIGAGAME-26AUG29KOETSG-TSG,2026-08-29T13:30:00+00:00,A,1,0.43,0.42,0.43,0.425,0
D1,bun-koe-hof-2026-08-29,KXBUNDESLIGAGAME-26AUG29KOETSG-TSG,2026-08-29T13:30:00+00:00,A,6,0.43,0.42,0.43,0.425,0
D1,bun-koe-hof-2026-08-29,KXBUNDESLIGAGAME-26AUG29KOETSG-TSG,2026-08-29T13:30:00+00:00,A,24,0.43,0.42,0.43,0.425,0
D1,bun-uni-ein-2026-08-29,KXBUNDESLIGAGAME-26AUG29UNISGE-UNI,2026-08-29T13:30:00+00:00,H,1,0.36,0.35,0.36,0.355,0
D1,bun-uni-ein-2026-08-29,KXBUNDESLIGAGAME-26AUG29UNISGE-UNI,2026-08-29T13:30:00+00:00,H,6,0.36,0.36,0.37,0.365,0
D1,bun-uni-ein-2026-08-29,KXBUNDESLIGAGAME-26AUG29UNISGE-UNI,2026-08-29T13:30:00+00:00,H,24,0.37,0.35,0.36,0.355,0
D1,bun-uni-ein-2026-08-29,KXBUNDESLIGAGAME-26AUG29UNISGE-TIE,2026-08-29T13:30:00+00:00,D,1,0.27,0.26,0.27,0.265,1
D1,bun-uni-ein-2026-08-29,KXBUNDESLIGAGAME-26AUG29UNISGE-TIE,2026-08-29T13:30:00+00:00,D,6,0.27,0.26,0.27,0.265,1
D1,bun-uni-ein-2026-08-29,KXBUNDESLIGAGAME-26AUG29UNISGE-TIE,2026-08-29T13:30:00+00:00,D,24,0.26,0.26,0.27,0.265,1
D1,bun-uni-ein-2026-08-29,KXBUNDESLIGAGAME-26AUG29UNISGE-SGE,2026-08-29T13:30:00+00:00,A,1,0.37,0.36,0.37,0.365,0
D1,bun-uni-ein-2026-08-29,KXBUNDESLIGAGAME-26AUG29UNISGE-SGE,2026-08-29T13:30:00+00:00,A,6,0.37,0.36,0.37,0.365,0
D1,bun-uni-ein-2026-08-29,KXBUNDESLIGAGAME-26AUG29UNISGE-SGE,2026-08-29T13:30:00+00:00,A,24,0.37,0.36,0.37,0.365,0
D1,bun-mai-scp-2026-08-29,KXBUNDESLIGAGAME-26AUG29M05PAD-M05,2026-08-29T13:30:00+00:00,H,1,0.62,0.63,0.64,0.635,0
D1,bun-mai-scp-2026-08-29,KXBUNDESLIGAGAME-26AUG29M05PAD-M05,2026-08-29T13:30:00+00:00,H,6,0.63,0.62,0.63,0.625,0
D1,bun-mai-scp-2026-08-29,KXBUNDESLIGAGAME-26AUG29M05PAD-M05,2026-08-29T13:30:00+00:00,H,24,0.59,0.58,0.59,0.585,0
D1,bun-mai-scp-2026-08-29,KXBUNDESLIGAGAME-26AUG29M05PAD-TIE,2026-08-29T13:30:00+00:00,D,1,0.21,0.2,0.21,0.205,1
D1,bun-mai-scp-2026-08-29,KXBUNDESLIGAGAME-26AUG29M05PAD-TIE,2026-08-29T13:30:00+00:00,D,6,0.22,0.21,0.22,0.215,1
D1,bun-mai-scp-2026-08-29,KXBUNDESLIGAGAME-26AUG29M05PAD-TIE,2026-08-29T13:30:00+00:00,D,24,0.24,0.22,0.23,0.225,1
D1,bun-mai-scp-2026-08-29,KXBUNDESLIGAGAME-26AUG29M05PAD-PAD,2026-08-29T13:30:00+00:00,A,1,0.16,0.15,0.16,0.155,0
D1,bun-mai-scp-2026-08-29,KXBUNDESLIGAGAME-26AUG29M05PAD-PAD,2026-08-29T13:30:00+00:00,A,6,0.16,0.15,0.16,0.155,0
D1,bun-mai-scp-2026-08-29,KXBUNDESLIGAGAME-26AUG29M05PAD-PAD,2026-08-29T13:30:00+00:00,A,24,0.19,0.18,0.19,0.185,0
D1,bun-lei-moe-2026-08-29,KXBUNDESLIGAGAME-26AUG29RBLBMG-RBL,2026-08-29T13:30:00+00:00,H,1,0.62,0.61,0.62,0.615,1
D1,bun-lei-moe-2026-08-29,KXBUNDESLIGAGAME-26AUG29RBLBMG-RBL,2026-08-29T13:30:00+00:00,H,6,0.61,0.61,0.62,0.615,1
D1,bun-lei-moe-2026-08-29,KXBUNDESLIGAGAME-26AUG29RBLBMG-RBL,2026-08-29T13:30:00+00:00,H,24,0.62,0.61,0.62,0.615,1
D1,bun-lei-moe-2026-08-29,KXBUNDESLIGAGAME-26AUG29RBLBMG-TIE,2026-08-29T13:30:00+00:00,D,1,0.22,0.2,0.21,0.205,0
D1,bun-lei-moe-2026-08-29,KXBUNDESLIGAGAME-26AUG29RBLBMG-TIE,2026-08-29T13:30:00+00:00,D,6,0.22,0.2,0.21,0.205,0
D1,bun-lei-moe-2026-08-29,KXBUNDESLIGAGAME-26AUG29RBLBMG-TIE,2026-08-29T13:30:00+00:00,D,24,0.21,0.2,0.21,0.205,0
D1,bun-lei-moe-2026-08-29,KXBUNDESLIGAGAME-26AUG29RBLBMG-BMG,2026-08-29T13:30:00+00:00,A,1,0.17,0.16,0.17,0.165,0
D1,bun-lei-moe-2026-08-29,KXBUNDESLIGAGAME-26AUG29RBLBMG-BMG,2026-08-29T13:30:00+00:00,A,6,0.18,0.16,0.17,0.165,0
D1,bun-lei-moe-2026-08-29,KXBUNDESLIGAGAME-26AUG29RBLBMG-BMG,2026-08-29T13:30:00+00:00,A,24,0.17,0.16,0.17,0.165,0
D1,bun-bay-stu-2026-08-28,KXBUNDESLIGAGAME-26AUG28BMUVFB-BMU,2026-08-28T18:30:00+00:00,H,1,0.8,0.8,0.81,0.805,1
D1,bun-bay-stu-2026-08-28,KXBUNDESLIGAGAME-26AUG28BMUVFB-BMU,2026-08-28T18:30:00+00:00,H,6,0.81,0.8,0.81,0.805,1
D1,bun-bay-stu-2026-08-28,KXBUNDESLIGAGAME-26AUG28BMUVFB-BMU,2026-08-28T18:30:00+00:00,H,24,0.78,0.78,0.79,0.785,1
D1,bun-bay-stu-2026-08-28,KXBUNDESLIGAGAME-26AUG28BMUVFB-TIE,2026-08-28T18:30:00+00:00,D,1,0.13,0.12,0.13,0.125,0
D1,bun-bay-stu-2026-08-28,KXBUNDESLIGAGAME-26AUG28BMUVFB-TIE,2026-08-28T18:30:00+00:00,D,6,0.12,0.11,0.12,0.115,0
D1,bun-bay-stu-2026-08-28,KXBUNDESLIGAGAME-26AUG28BMUVFB-TIE,2026-08-28T18:30:00+00:00,D,24,0.13,0.12,0.13,0.125,0
D1,bun-bay-stu-2026-08-28,KXBUNDESLIGAGAME-26AUG28BMUVFB-VFB,2026-08-28T18:30:00+00:00,A,1,0.07,0.07,0.08,0.075,0
D1,bun-bay-stu-2026-08-28,KXBUNDESLIGAGAME-26AUG28BMUVFB-VFB,2026-08-28T18:30:00+00:00,A,6,0.07,0.07,0.08,0.075,0
D1,bun-bay-stu-2026-08-28,KXBUNDESLIGAGAME-26AUG28BMUVFB-VFB,2026-08-28T18:30:00+00:00,A,24,0.09,0.08,0.09,0.085,0
F1,fl1-olm-psg-2026-09-20,KXLIGUE1GAME-26SEP20OLMPSG-OLM,2026-09-20T18:45:00+00:00,H,1,0.13,0.13,0.14,0.135,0
F1,fl1-olm-psg-2026-09-20,KXLIGUE1GAME-26SEP20OLMPSG-OLM,2026-09-20T18:45:00+00:00,H,6,0.14,0.14,0.15,0.145,0
F1,fl1-olm-psg-2026-09-20,KXLIGUE1GAME-26SEP20OLMPSG-OLM,2026-09-20T18:45:00+00:00,H,24,0.13,0.12,0.13,0.125,0
F1,fl1-olm-psg-2026-09-20,KXLIGUE1GAME-26SEP20OLMPSG-TIE,2026-09-20T18:45:00+00:00,D,1,0.17,0.17,0.18,0.175,0
F1,fl1-olm-psg-2026-09-20,KXLIGUE1GAME-26SEP20OLMPSG-TIE,2026-09-20T18:45:00+00:00,D,6,0.18,0.17,0.18,0.175,0
F1,fl1-olm-psg-2026-09-20,KXLIGUE1GAME-26SEP20OLMPSG-TIE,2026-09-20T18:45:00+00:00,D,24,0.16,0.16,0.17,0.165,0
F1,fl1-olm-psg-2026-09-20,KXLIGUE1GAME-26SEP20OLMPSG-PSG,2026-09-20T18:45:00+00:00,A,1,0.69,0.69,0.7,0.695,1
F1,fl1-olm-psg-2026-09-20,KXLIGUE1GAME-26SEP20OLMPSG-PSG,2026-09-20T18:45:00+00:00,A,6,0.68,0.67,0.68,0.675,1
F1,fl1-olm-psg-2026-09-20,KXLIGUE1GAME-26SEP20OLMPSG-PSG,2026-09-20T18:45:00+00:00,A,24,0.71,0.7,0.71,0.705,1
F1,fl1-ogc-lil-2026-09-20,KXLIGUE1GAME-26SEP20NICLIL-NIC,2026-09-20T15:15:00+00:00,H,1,0.28,0.27,0.28,0.275,1
F1,fl1-ogc-lil-2026-09-20,KXLIGUE1GAME-26SEP20NICLIL-NIC,2026-09-20T15:15:00+00:00,H,6,0.28,0.26,0.27,0.265,1
F1,fl1-ogc-lil-2026-09-20,KXLIGUE1GAME-26SEP20NICLIL-NIC,2026-09-20T15:15:00+00:00,H,24,0.25,0.25,0.26,0.255,1
F1,fl1-ogc-lil-2026-09-20,KXLIGUE1GAME-26SEP20NICLIL-TIE,2026-09-20T15:15:00+00:00,D,1,0.28,0.27,0.28,0.275,0
F1,fl1-ogc-lil-2026-09-20,KXLIGUE1GAME-26SEP20NICLIL-TIE,2026-09-20T15:15:00+00:00,D,6,0.28,0.27,0.28,0.275,0
F1,fl1-ogc-lil-2026-09-20,KXLIGUE1GAME-26SEP20NICLIL-TIE,2026-09-20T15:15:00+00:00,D,24,0.28,0.26,0.28,0.27,0
F1,fl1-ogc-lil-2026-09-20,KXLIGUE1GAME-26SEP20NICLIL-LIL,2026-09-20T15:15:00+00:00,A,1,0.44,0.44,0.45,0.445,0
F1,fl1-ogc-lil-2026-09-20,KXLIGUE1GAME-26SEP20NICLIL-LIL,2026-09-20T15:15:00+00:00,A,6,0.46,0.45,0.46,0.455,0
F1,fl1-ogc-lil-2026-09-20,KXLIGUE1GAME-26SEP20NICLIL-LIL,2026-09-20T15:15:00+00:00,A,24,0.48,0.46,0.47,0.465,0
F1,fl1-aja-sbr-2026-09-20,KXLIGUE1GAME-26SEP20AUXSTB-AUX,2026-09-20T13:00:00+00:00,H,1,0.31,0.31,0.32,0.315,1
F1,fl1-aja-sbr-2026-09-20,KXLIGUE1GAME-26SEP20AUXSTB-AUX,2026-09-20T13:00:00+00:00,H,6,0.32,0.32,0.33,0.325,1
F1,fl1-aja-sbr-2026-09-20,KXLIGUE1GAME-26SEP20AUXSTB-AUX,2026-09-20T13:00:00+00:00,H,24,0.34,0.32,0.34,0.33,1
F1,fl1-aja-sbr-2026-09-20,KXLIGUE1GAME-26SEP20AUXSTB-TIE,2026-09-20T13:00:00+00:00,D,1,0.27,0.27,0.28,0.275,0
F1,fl1-aja-sbr-2026-09-20,KXLIGUE1GAME-26SEP20AUXSTB-TIE,2026-09-20T13:00:00+00:00,D,6,0.27,0.27,0.28,0.275,0
F1,fl1-aja-sbr-2026-09-20,KXLIGUE1GAME-26SEP20AUXSTB-TIE,2026-09-20T13:00:00+00:00,D,24,0.27,0.27,0.28,0.275,0
F1,fl1-aja-sbr-2026-09-20,KXLIGUE1GAME-26SEP20AUXSTB-STB,2026-09-20T13:00:00+00:00,A,1,0.42,0.41,0.42,0.415,0
F1,fl1-aja-sbr-2026-09-20,KXLIGUE1GAME-26SEP20AUXSTB-STB,2026-09-20T13:00:00+00:00,A,6,0.41,0.4,0.41,0.405,0
F1,fl1-aja-sbr-2026-09-20,KXLIGUE1GAME-26SEP20AUXSTB-STB,2026-09-20T13:00:00+00:00,A,24,0.39,0.39,0.4,0.395,0
F1,fl1-tou-hac-2026-09-19,KXLIGUE1GAME-26SEP19TFCHAC-TFC,2026-09-19T18:45:00+00:00,H,1,0.57,0.57,0.58,0.575,1
F1,fl1-tou-hac-2026-09-19,KXLIGUE1GAME-26SEP19TFCHAC-TFC,2026-09-19T18:45:00+00:00,H,6,0.58,0.57,0.58,0.575,1
F1,fl1-tou-hac-2026-09-19,KXLIGUE1GAME-26SEP19TFCHAC-TFC,2026-09-19T18:45:00+00:00,H,24,0.57,0.57,0.58,0.575,1
F1,fl1-tou-hac-2026-09-19,KXLIGUE1GAME-26SEP19TFCHAC-TIE,2026-09-19T18:45:00+00:00,D,1,0.24,0.23,0.24,0.235,0
F1,fl1-tou-hac-2026-09-19,KXLIGUE1GAME-26SEP19TFCHAC-TIE,2026-09-19T18:45:00+00:00,D,6,0.24,0.23,0.24,0.235,0
F1,fl1-tou-hac-2026-09-19,KXLIGUE1GAME-26SEP19TFCHAC-TIE,2026-09-19T18:45:00+00:00,D,24,0.23,0.24,0.25,0.245,0
F1,fl1-tou-hac-2026-09-19,KXLIGUE1GAME-26SEP19TFCHAC-HAC,2026-09-19T18:45:00+00:00,A,1,0.2,0.18,0.19,0.185,0
F1,fl1-tou-hac-2026-09-19,KXLIGUE1GAME-26SEP19TFCHAC-HAC,2026-09-19T18:45:00+00:00,A,6,0.19,0.19,0.2,0.195,0
F1,fl1-tou-hac-2026-09-19,KXLIGUE1GAME-26SEP19TFCHAC-HAC,2026-09-19T18:45:00+00:00,A,24,0.2,0.19,0.2,0.195,0
F1,fl1-lyo-ren-2026-09-19,KXLIGUE1GAME-26SEP19OLREN-OL,2026-09-19T18:45:00+00:00,H,1,0.44,0.43,0.45,0.44,1
F1,fl1-lyo-ren-2026-09-19,KXLIGUE1GAME-26SEP19OLREN-OL,2026-09-19T18:45:00+00:00,H,6,0.45,0.44,0.45,0.445,1
F1,fl1-lyo-ren-2026-09-19,KXLIGUE1GAME-26SEP19OLREN-OL,2026-09-19T18:45:00+00:00,H,24,0.46,0.45,0.47,0.46,1
F1,fl1-lyo-ren-2026-09-19,KXLIGUE1GAME-26SEP19OLREN-TIE,2026-09-19T18:45:00+00:00,D,1,0.26,0.25,0.26,0.255,0
F1,fl1-lyo-ren-2026-09-19,KXLIGUE1GAME-26SEP19OLREN-TIE,2026-09-19T18:45:00+00:00,D,6,0.26,0.25,0.26,0.255,0
F1,fl1-lyo-ren-2026-09-19,KXLIGUE1GAME-26SEP19OLREN-TIE,2026-09-19T18:45:00+00:00,D,24,0.25,0.24,0.25,0.245,0
F1,fl1-lyo-ren-2026-09-19,KXLIGUE1GAME-26SEP19OLREN-REN,2026-09-19T18:45:00+00:00,A,1,0.31,0.3,0.31,0.305,0
F1,fl1-lyo-ren-2026-09-19,KXLIGUE1GAME-26SEP19OLREN-REN,2026-09-19T18:45:00+00:00,A,6,0.3,0.29,0.31,0.3,0
F1,fl1-lyo-ren-2026-09-19,KXLIGUE1GAME-26SEP19OLREN-REN,2026-09-19T18:45:00+00:00,A,24,0.3,0.28,0.3,0.29,0
F1,fl1-lmf-lor-2026-09-19,KXLIGUE1GAME-26SEP19MANFCL-MAN,2026-09-19T18:45:00+00:00,H,1,0.34,0.34,0.35,0.345,1
F1,fl1-lmf-lor-2026-09-19,KXLIGUE1GAME-26SEP19MANFCL-MAN,2026-09-19T18:45:00+00:00,H,6,0.33,0.34,0.35,0.345,1
F1,fl1-lmf-lor-2026-09-19,KXLIGUE1GAME-26SEP19MANFCL-MAN,2026-09-19T18:45:00+00:00,H,24,0.36,0.34,0.36,0.35,1
F1,fl1-lmf-lor-2026-09-19,KXLIGUE1GAME-26SEP19MANFCL-TIE,2026-09-19T18:45:00+00:00,D,1,0.29,0.28,0.29,0.285,0
F1,fl1-lmf-lor-2026-09-19,KXLIGUE1GAME-26SEP19MANFCL-TIE,2026-09-19T18:45:00+00:00,D,6,0.29,0.28,0.29,0.285,0
F1,fl1-lmf-lor-2026-09-19,KXLIGUE1GAME-26SEP19MANFCL-TIE,2026-09-19T18:45:00+00:00,D,24,0.28,0.27,0.28,0.275,0
F1,fl1-lmf-lor-2026-09-19,KXLIGUE1GAME-26SEP19MANFCL-FCL,2026-09-19T18:45:00+00:00,A,1,0.38,0.37,0.38,0.375,0
F1,fl1-lmf-lor-2026-09-19,KXLIGUE1GAME-26SEP19MANFCL-FCL,2026-09-19T18:45:00+00:00,A,6,0.38,0.37,0.38,0.375,0
F1,fl1-lmf-lor-2026-09-19,KXLIGUE1GAME-26SEP19MANFCL-FCL,2026-09-19T18:45:00+00:00,A,24,0.37,0.36,0.38,0.37,0
F1,fl1-ang-tro-2026-09-19,KXLIGUE1GAME-26SEP19ANGEST-ANG,2026-09-19T18:45:00+00:00,H,1,0.47,0.45,0.46,0.455,1
F1,fl1-ang-tro-2026-09-19,KXLIGUE1GAME-26SEP19ANGEST-ANG,2026-09-19T18:45:00+00:00,H,6,0.47,0.46,0.47,0.465,1
F1,fl1-ang-tro-2026-09-19,KXLIGUE1GAME-26SEP19ANGEST-ANG,2026-09-19T18:45:00+00:00,H,24,0.43,0.43,0.45,0.44,1
F1,fl1-ang-tro-2026-09-19,KXLIGUE1GAME-26SEP19ANGEST-TIE,2026-09-19T18:45:00+00:00,D,1,0.27,0.27,0.28,0.275,0
F1,fl1-ang-tro-2026-09-19,KXLIGUE1GAME-26SEP19ANGEST-TIE,2026-09-19T18:45:00+00:00,D,6,0.27,0.27,0.28,0.275,0
F1,fl1-ang-tro-2026-09-19,KXLIGUE1GAME-26SEP19ANGEST-TIE,2026-09-19T18:45:00+00:00,D,24,0.28,0.27,0.28,0.275,0
F1,fl1-ang-tro-2026-09-19,KXLIGUE1GAME-26SEP19ANGEST-EST,2026-09-19T18:45:00+00:00,A,1,0.27,0.26,0.27,0.265,0
F1,fl1-ang-tro-2026-09-19,KXLIGUE1GAME-26SEP19ANGEST-EST,2026-09-19T18:45:00+00:00,A,6,0.26,0.27,0.28,0.275,0
F1,fl1-ang-tro-2026-09-19,KXLIGUE1GAME-26SEP19ANGEST-EST,2026-09-19T18:45:00+00:00,A,24,0.28,0.27,0.29,0.28,0
F1,fl1-pfc-str-2026-09-19,KXLIGUE1GAME-26SEP19PARRCS-PAR,2026-09-19T15:15:00+00:00,H,1,0.53,0.52,0.53,0.525,1
F1,fl1-pfc-str-2026-09-19,KXLIGUE1GAME-26SEP19PARRCS-PAR,2026-09-19T15:15:00+00:00,H,6,0.52,0.52,0.53,0.525,1
F1,fl1-pfc-str-2026-09-19,KXLIGUE1GAME-26SEP19PARRCS-PAR,2026-09-19T15:15:00+00:00,H,24,0.47,0.47,0.49,0.48,1
F1,fl1-pfc-str-2026-09-19,KXLIGUE1GAME-26SEP19PARRCS-TIE,2026-09-19T15:15:00+00:00,D,1,0.26,0.24,0.26,0.25,0
F1,fl1-pfc-str-2026-09-19,KXLIGUE1GAME-26SEP19PARRCS-TIE,2026-09-19T15:15:00+00:00,D,6,0.26,0.24,0.25,0.245,0
F1,fl1-pfc-str-2026-09-19,KXLIGUE1GAME-26SEP19PARRCS-TIE,2026-09-19T15:15:00+00:00,D,24,0.2685,0.25,0.26,0.255,0
F1,fl1-pfc-str-2026-09-19,KXLIGUE1GAME-26SEP19PARRCS-RCS,2026-09-19T15:15:00+00:00,A,1,0.23,0.22,0.23,0.225,0
F1,fl1-pfc-str-2026-09-19,KXLIGUE1GAME-26SEP19PARRCS-RCS,2026-09-19T15:15:00+00:00,A,6,0.23,0.24,0.25,0.245,0
F1,fl1-pfc-str-2026-09-19,KXLIGUE1GAME-26SEP19PARRCS-RCS,2026-09-19T15:15:00+00:00,A,24,0.26,0.25,0.27,0.26,0
F1,fl1-asm-rcl-2026-09-18,KXLIGUE1GAME-26SEP18ASMRCL-ASM,2026-09-18T18:45:00+00:00,H,1,0.51,0.5,0.51,0.505,1
F1,fl1-asm-rcl-2026-09-18,KXLIGUE1GAME-26SEP18ASMRCL-ASM,2026-09-18T18:45:00+00:00,H,6,0.49,0.48,0.49,0.485,1
F1,fl1-asm-rcl-2026-09-18,KXLIGUE1GAME-26SEP18ASMRCL-ASM,2026-09-18T18:45:00+00:00,H,24,0.47,0.46,0.48,0.47,1
F1,fl1-asm-rcl-2026-09-18,KXLIGUE1GAME-26SEP18ASMRCL-TIE,2026-09-18T18:45:00+00:00,D,1,0.26,0.25,0.26,0.255,0
F1,fl1-asm-rcl-2026-09-18,KXLIGUE1GAME-26SEP18ASMRCL-TIE,2026-09-18T18:45:00+00:00,D,6,0.26,0.25,0.26,0.255,0
F1,fl1-asm-rcl-2026-09-18,KXLIGUE1GAME-26SEP18ASMRCL-TIE,2026-09-18T18:45:00+00:00,D,24,0.26,0.25,0.26,0.255,0
F1,fl1-asm-rcl-2026-09-18,KXLIGUE1GAME-26SEP18ASMRCL-RCL,2026-09-18T18:45:00+00:00,A,1,0.24,0.24,0.25,0.245,0
F1,fl1-asm-rcl-2026-09-18,KXLIGUE1GAME-26SEP18ASMRCL-RCL,2026-09-18T18:45:00+00:00,A,6,0.26,0.26,0.27,0.265,0
F1,fl1-asm-rcl-2026-09-18,KXLIGUE1GAME-26SEP18ASMRCL-RCL,2026-09-18T18:45:00+00:00,A,24,0.27,0.26,0.27,0.265,0
F1,fl1-sbr-psg-2026-09-13,KXLIGUE1GAME-26SEP13STBPSG-STB,2026-09-13T18:45:00+00:00,H,1,0.07,0.06,0.07,0.065,0
F1,fl1-sbr-psg-2026-09-13,KXLIGUE1GAME-26SEP13STBPSG-STB,2026-09-13T18:45:00+00:00,H,6,0.07,0.07,0.08,0.075,0
F1,fl1-sbr-psg-2026-09-13,KXLIGUE1GAME-26SEP13STBPSG-STB,2026-09-13T18:45:00+00:00,H,24,0.08,0.07,0.08,0.075,0
F1,fl1-sbr-psg-2026-09-13,KXLIGUE1GAME-26SEP13STBPSG-TIE,2026-09-13T18:45:00+00:00,D,1,0.14,0.13,0.14,0.135,0
F1,fl1-sbr-psg-2026-09-13,KXLIGUE1GAME-26SEP13STBPSG-TIE,2026-09-13T18:45:00+00:00,D,6,0.14,0.13,0.14,0.135,0
F1,fl1-sbr-psg-2026-09-13,KXLIGUE1GAME-26SEP13STBPSG-TIE,2026-09-13T18:45:00+00:00,D,24,0.14,0.13,0.14,0.135,0
F1,fl1-sbr-psg-2026-09-13,KXLIGUE1GAME-26SEP13STBPSG-PSG,2026-09-13T18:45:00+00:00,A,1,0.8,0.78,0.79,0.785,1
F1,fl1-sbr-psg-2026-09-13,KXLIGUE1GAME-26SEP13STBPSG-PSG,2026-09-13T18:45:00+00:00,A,6,0.79,0.78,0.79,0.785,1
F1,fl1-sbr-psg-2026-09-13,KXLIGUE1GAME-26SEP13STBPSG-PSG,2026-09-13T18:45:00+00:00,A,24,0.79,0.78,0.79,0.785,1
F1,fl1-lmf-rcl-2026-09-13,KXLIGUE1GAME-26SEP13MANRCL-MAN,2026-09-13T15:15:00+00:00,H,1,0.18,0.18,0.19,0.185,0
F1,fl1-lmf-rcl-2026-09-13,KXLIGUE1GAME-26SEP13MANRCL-MAN,2026-09-13T15:15:00+00:00,H,6,0.2,0.19,0.2,0.195,0
F1,fl1-lmf-rcl-2026-09-13,KXLIGUE1GAME-26SEP13MANRCL-MAN,2026-09-13T15:15:00+00:00,H,24,0.19,0.19,0.2,0.195,0
F1,fl1-lmf-rcl-2026-09-13,KXLIGUE1GAME-26SEP13MANRCL-TIE,2026-09-13T15:15:00+00:00,D,1,0.23,0.22,0.23,0.225,1
F1,fl1-lmf-rcl-2026-09-13,KXLIGUE1GAME-26SEP13MANRCL-TIE,2026-09-13T15:15:00+00:00,D,6,0.24,0.22,0.23,0.225,1
F1,fl1-lmf-rcl-2026-09-13,KXLIGUE1GAME-26SEP13MANRCL-TIE,2026-09-13T15:15:00+00:00,D,24,0.23,0.22,0.23,0.225,1
F1,fl1-lmf-rcl-2026-09-13,KXLIGUE1GAME-26SEP13MANRCL-RCL,2026-09-13T15:15:00+00:00,A,1,0.5848,0.58,0.59,0.585,0
F1,fl1-lmf-rcl-2026-09-13,KXLIGUE1GAME-26SEP13MANRCL-RCL,2026-09-13T15:15:00+00:00,A,6,0.58,0.56,0.57,0.565,0
F1,fl1-lmf-rcl-2026-09-13,KXLIGUE1GAME-26SEP13MANRCL-RCL,2026-09-13T15:15:00+00:00,A,24,0.58,0.58,0.59,0.585,0
F1,fl1-lil-tro-2026-09-13,KXLIGUE1GAME-26SEP13LILEST-LIL,2026-09-13T13:00:00+00:00,H,1,0.68,0.68,0.69,0.685,1
F1,fl1-lil-tro-2026-09-13,KXLIGUE1GAME-26SEP13LILEST-LIL,2026-09-13T13:00:00+00:00,H,6,0.7,0.68,0.69,0.685,1
F1,fl1-lil-tro-2026-09-13,KXLIGUE1GAME-26SEP13LILEST-LIL,2026-09-13T13:00:00+00:00,H,24,0.69,0.68,0.69,0.685,1
F1,fl1-lil-tro-2026-09-13,KXLIGUE1GAME-26SEP13LILEST-TIE,2026-09-13T13:00:00+00:00,D,1,0.2,0.19,0.2,0.195,0
F1,fl1-lil-tro-2026-09-13,KXLIGUE1GAME-26SEP13LILEST-TIE,2026-09-13T13:00:00+00:00,D,6,0.2,0.19,0.2,0.195,0
F1,fl1-lil-tro-2026-09-13,KXLIGUE1GAME-26SEP13LILEST-TIE,2026-09-13T13:00:00+00:00,D,24,0.2,0.19,0.2,0.195,0
F1,fl1-lil-tro-2026-09-13,KXLIGUE1GAME-26SEP13LILEST-EST,2026-09-13T13:00:00+00:00,A,1,0.11,0.11,0.12,0.115,0
F1,fl1-lil-tro-2026-09-13,KXLIGUE1GAME-26SEP13LILEST-EST,2026-09-13T13:00:00+00:00,A,6,0.12,0.11,0.12,0.115,0
F1,fl1-lil-tro-2026-09-13,KXLIGUE1GAME-26SEP13LILEST-EST,2026-09-13T13:00:00+00:00,A,24,0.12,0.11,0.13,0.12,0
F1,fl1-pfc-lyo-2026-09-12,KXLIGUE1GAME-26SEP12PAROL-PAR,2026-09-12T18:45:00+00:00,H,1,0.38,0.38,0.39,0.385,0
F1,fl1-pfc-lyo-2026-09-12,KXLIGUE1GAME-26SEP12PAROL-PAR,2026-09-12T18:45:00+00:00,H,6,0.37,0.37,0.38,0.375,0
F1,fl1-pfc-lyo-2026-09-12,KXLIGUE1GAME-26SEP12PAROL-PAR,2026-09-12T18:45:00+00:00,H,24,0.37,0.36,0.38,0.37,0
F1,fl1-pfc-lyo-2026-09-12,KXLIGUE1GAME-26SEP12PAROL-TIE,2026-09-12T18:45:00+00:00,D,1,0.27,0.26,0.27,0.265,1
F1,fl1-pfc-lyo-2026-09-12,KXLIGUE1GAME-26SEP12PAROL-TIE,2026-09-12T18:45:00+00:00,D,6,0.27,0.26,0.27,0.265,1
F1,fl1-pfc-lyo-2026-09-12,KXLIGUE1GAME-26SEP12PAROL-TIE,2026-09-12T18:45:00+00:00,D,24,0.27,0.25,0.26,0.255,1
F1,fl1-pfc-lyo-2026-09-12,KXLIGUE1GAME-26SEP12PAROL-OL,2026-09-12T18:45:00+00:00,A,1,0.36,0.35,0.36,0.355,0
F1,fl1-pfc-lyo-2026-09-12,KXLIGUE1GAME-26SEP12PAROL-OL,2026-09-12T18:45:00+00:00,A,6,0.3625,0.36,0.37,0.365,0
F1,fl1-pfc-lyo-2026-09-12,KXLIGUE1GAME-26SEP12PAROL-OL,2026-09-12T18:45:00+00:00,A,24,0.38,0.36,0.38,0.37,0
F1,fl1-lor-tou-2026-09-12,KXLIGUE1GAME-26SEP12FCLTFC-FCL,2026-09-12T18:45:00+00:00,H,1,0.4,0.39,0.4,0.395,0
F1,fl1-lor-tou-2026-09-12,KXLIGUE1GAME-26SEP12FCLTFC-FCL,2026-09-12T18:45:00+00:00,H,6,0.4,0.39,0.4,0.395,0
F1,fl1-lor-tou-2026-09-12,KXLIGUE1GAME-26SEP12FCLTFC-FCL,2026-09-12T18:45:00+00:00,H,24,0.37,0.37,0.38,0.375,0
F1,fl1-lor-tou-2026-09-12,KXLIGUE1GAME-26SEP12FCLTFC-TIE,2026-09-12T18:45:00+00:00,D,1,0.29,0.28,0.29,0.285,1
F1,fl1-lor-tou-2026-09-12,KXLIGUE1GAME-26SEP12FCLTFC-TIE,2026-09-12T18:45:00+00:00,D,6,0.29,0.28,0.29,0.285,1
F1,fl1-lor-tou-2026-09-12,KXLIGUE1GAME-26SEP12FCLTFC-TIE,2026-09-12T18:45:00+00:00,D,24,0.3,0.28,0.3,0.29,1
F1,fl1-lor-tou-2026-09-12,KXLIGUE1GAME-26SEP12FCLTFC-TFC,2026-09-12T18:45:00+00:00,A,1,0.31,0.31,0.32,0.315,0
F1,fl1-lor-tou-2026-09-12,KXLIGUE1GAME-26SEP12FCLTFC-TFC,2026-09-12T18:45:00+00:00,A,6,0.32,0.31,0.32,0.315,0
F1,fl1-lor-tou-2026-09-12,KXLIGUE1GAME-26SEP12FCLTFC-TFC,2026-09-12T18:45:00+00:00,A,24,0.32,0.32,0.34,0.33,0
F1,fl1-hac-ang-2026-09-12,KXLIGUE1GAME-26SEP12HACANG-HAC,2026-09-12T18:45:00+00:00,H,1,0.36,0.35,0.36,0.355,0
F1,fl1-hac-ang-2026-09-12,KXLIGUE1GAME-26SEP12HACANG-HAC,2026-09-12T18:45:00+00:00,H,6,0.36,0.35,0.36,0.355,0
F1,fl1-hac-ang-2026-09-12,KXLIGUE1GAME-26SEP12HACANG-HAC,2026-09-12T18:45:00+00:00,H,24,0.37,0.37,0.38,0.375,0
F1,fl1-hac-ang-2026-09-12,KXLIGUE1GAME-26SEP12HACANG-TIE,2026-09-12T18:45:00+00:00,D,1,0.3,0.29,0.3,0.295,1
F1,fl1-hac-ang-2026-09-12,KXLIGUE1GAME-26SEP12HACANG-TIE,2026-09-12T18:45:00+00:00,D,6,0.3,0.29,0.3,0.295,1
F1,fl1-hac-ang-2026-09-12,KXLIGUE1GAME-26SEP12HACANG-TIE,2026-09-12T18:45:00+00:00,D,24,0.3,0.29,0.3,0.295,1
F1,fl1-hac-ang-2026-09-12,KXLIGUE1GAME-26SEP12HACANG-ANG,2026-09-12T18:45:00+00:00,A,1,0.35,0.35,0.36,0.355,0
F1,fl1-hac-ang-2026-09-12,KXLIGUE1GAME-26SEP12HACANG-ANG,2026-09-12T18:45:00+00:00,A,6,0.35,0.35,0.36,0.355,0
F1,fl1-hac-ang-2026-09-12,KXLIGUE1GAME-26SEP12HACANG-ANG,2026-09-12T18:45:00+00:00,A,24,0.33,0.32,0.33,0.325,0
F1,fl1-aja-ogc-2026-09-12,KXLIGUE1GAME-26SEP12AUXNIC-AUX,2026-09-12T18:45:00+00:00,H,1,0.34,0.34,0.35,0.345,1
F1,fl1-aja-ogc-2026-09-12,KXLIGUE1GAME-26SEP12AUXNIC-AUX,2026-09-12T18:45:00+00:00,H,6,0.35,0.34,0.35,0.345,1
F1,fl1-aja-ogc-2026-09-12,KXLIGUE1GAME-26SEP12AUXNIC-AUX,2026-09-12T18:45:00+00:00,H,24,0.37,0.36,0.37,0.365,1
F1,fl1-aja-ogc-2026-09-12,KXLIGUE1GAME-26SEP12AUXNIC-TIE,2026-09-12T18:45:00+00:00,D,1,0.29,0.28,0.29,0.285,0
F1,fl1-aja-ogc-2026-09-12,KXLIGUE1GAME-26SEP12AUXNIC-TIE,2026-09-12T18:45:00+00:00,D,6,0.29,0.28,0.29,0.285,0
F1,fl1-aja-ogc-2026-09-12,KXLIGUE1GAME-26SEP12AUXNIC-TIE,2026-09-12T18:45:00+00:00,D,24,0.29,0.28,0.29,0.285,0
F1,fl1-aja-ogc-2026-09-12,KXLIGUE1GAME-26SEP12AUXNIC-NIC,2026-09-12T18:45:00+00:00,A,1,0.39,0.37,0.38,0.375,0
F1,fl1-aja-ogc-2026-09-12,KXLIGUE1GAME-26SEP12AUXNIC-NIC,2026-09-12T18:45:00+00:00,A,6,0.38,0.37,0.38,0.375,0
F1,fl1-aja-ogc-2026-09-12,KXLIGUE1GAME-26SEP12AUXNIC-NIC,2026-09-12T18:45:00+00:00,A,24,0.34,0.34,0.35,0.345,0
F1,fl1-str-asm-2026-09-12,KXLIGUE1GAME-26SEP12RCSASM-RCS,2026-09-12T15:15:00+00:00,H,1,0.29,0.29,0.3,0.295,0
F1,fl1-str-asm-2026-09-12,KXLIGUE1GAME-26SEP12RCSASM-RCS,2026-09-12T15:15:00+00:00,H,6,0.29,0.28,0.29,0.285,0
F1,fl1-str-asm-2026-09-12,KXLIGUE1GAME-26SEP12RCSASM-RCS,2026-09-12T15:15:00+00:00,H,24,0.31,0.29,0.3,0.295,0
F1,fl1-str-asm-2026-09-12,KXLIGUE1GAME-26SEP12RCSASM-TIE,2026-09-12T15:15:00+00:00,D,1,0.26,0.25,0.26,0.255,1
F1,fl1-str-asm-2026-09-12,KXLIGUE1GAME-26SEP12RCSASM-TIE,2026-09-12T15:15:00+00:00,D,6,0.26,0.24,0.25,0.245,1
F1,fl1-str-asm-2026-09-12,KXLIGUE1GAME-26SEP12RCSASM-TIE,2026-09-12T15:15:00+00:00,D,24,0.26,0.25,0.26,0.255,1
F1,fl1-str-asm-2026-09-12,KXLIGUE1GAME-26SEP12RCSASM-ASM,2026-09-12T15:15:00+00:00,A,1,0.46,0.46,0.47,0.465,0
F1,fl1-str-asm-2026-09-12,KXLIGUE1GAME-26SEP12RCSASM-ASM,2026-09-12T15:15:00+00:00,A,6,0.46,0.46,0.47,0.465,0
F1,fl1-str-asm-2026-09-12,KXLIGUE1GAME-26SEP12RCSASM-ASM,2026-09-12T15:15:00+00:00,A,24,0.45,0.44,0.46,0.45,0
F1,fl1-ren-olm-2026-09-11,KXLIGUE1GAME-26SEP11RENOLM-REN,2026-09-11T18:45:00+00:00,H,1,0.45,0.46,0.47,0.465,1
F1,fl1-ren-olm-2026-09-11,KXLIGUE1GAME-26SEP11RENOLM-REN,2026-09-11T18:45:00+00:00,H,6,0.49,0.48,0.49,0.485,1
F1,fl1-ren-olm-2026-09-11,KXLIGUE1GAME-26SEP11RENOLM-REN,2026-09-11T18:45:00+00:00,H,24,0.46,0.45,0.46,0.455,1
F1,fl1-ren-olm-2026-09-11,KXLIGUE1GAME-26SEP11RENOLM-TIE,2026-09-11T18:45:00+00:00,D,1,0.25,0.24,0.25,0.245,0
F1,fl1-ren-olm-2026-09-11,KXLIGUE1GAME-26SEP11RENOLM-TIE,2026-09-11T18:45:00+00:00,D,6,0.25,0.23,0.25,0.24,0
F1,fl1-ren-olm-2026-09-11,KXLIGUE1GAME-26SEP11RENOLM-TIE,2026-09-11T18:45:00+00:00,D,24,0.25,0.24,0.25,0.245,0
F1,fl1-ren-olm-2026-09-11,KXLIGUE1GAME-26SEP11RENOLM-OLM,2026-09-11T18:45:00+00:00,A,1,0.29,0.28,0.29,0.285,0
F1,fl1-ren-olm-2026-09-11,KXLIGUE1GAME-26SEP11RENOLM-OLM,2026-09-11T18:45:00+00:00,A,6,0.27,0.27,0.28,0.275,0
F1,fl1-ren-olm-2026-09-11,KXLIGUE1GAME-26SEP11RENOLM-OLM,2026-09-11T18:45:00+00:00,A,24,0.3,0.29,0.3,0.295,0
F1,fl1-olm-pfc-2026-09-06,KXLIGUE1GAME-26SEP06OLMPAR-OLM,2026-09-06T18:45:00+00:00,H,1,0.51,0.51,0.52,0.515,0
F1,fl1-olm-pfc-2026-09-06,KXLIGUE1GAME-26SEP06OLMPAR-OLM,2026-09-06T18:45:00+00:00,H,6,0.51,0.5,0.51,0.505,0
F1,fl1-olm-pfc-2026-09-06,KXLIGUE1GAME-26SEP06OLMPAR-OLM,2026-09-06T18:45:00+00:00,H,24,0.53,0.52,0.54,0.53,0
F1,fl1-olm-pfc-2026-09-06,KXLIGUE1GAME-26SEP06OLMPAR-TIE,2026-09-06T18:45:00+00:00,D,1,0.26,0.25,0.26,0.255,0
F1,fl1-olm-pfc-2026-09-06,KXLIGUE1GAME-26SEP06OLMPAR-TIE,2026-09-06T18:45:00+00:00,D,6,0.25,0.25,0.26,0.255,0
F1,fl1-olm-pfc-2026-09-06,KXLIGUE1GAME-26SEP06OLMPAR-TIE,2026-09-06T18:45:00+00:00,D,24,0.24,0.23,0.24,0.235,0
F1,fl1-olm-pfc-2026-09-06,KXLIGUE1GAME-26SEP06OLMPAR-PAR,2026-09-06T18:45:00+00:00,A,1,0.24,0.23,0.24,0.235,1
F1,fl1-olm-pfc-2026-09-06,KXLIGUE1GAME-26SEP06OLMPAR-PAR,2026-09-06T18:45:00+00:00,A,6,0.24,0.23,0.24,0.235,1
F1,fl1-olm-pfc-2026-09-06,KXLIGUE1GAME-26SEP06OLMPAR-PAR,2026-09-06T18:45:00+00:00,A,24,0.23,0.22,0.23,0.225,1
F1,fl1-ang-ren-2026-09-06,KXLIGUE1GAME-26SEP06ANGREN-ANG,2026-09-06T15:15:00+00:00,H,1,0.24,0.23,0.24,0.235,0
F1,fl1-ang-ren-2026-09-06,KXLIGUE1GAME-26SEP06ANGREN-ANG,2026-09-06T15:15:00+00:00,H,6,0.24,0.23,0.24,0.235,0
F1,fl1-ang-ren-2026-09-06,KXLIGUE1GAME-26SEP06ANGREN-TIE,2026-09-06T15:15:00+00:00,D,1,0.25,0.23,0.24,0.235,0
F1,fl1-ang-ren-2026-09-06,KXLIGUE1GAME-26SEP06ANGREN-TIE,2026-09-06T15:15:00+00:00,D,6,0.24,0.23,0.24,0.235,0
F1,fl1-ang-ren-2026-09-06,KXLIGUE1GAME-26SEP06ANGREN-TIE,2026-09-06T15:15:00+00:00,D,24,0.25,0.24,0.25,0.245,0
F1,fl1-ang-ren-2026-09-06,KXLIGUE1GAME-26SEP06ANGREN-REN,2026-09-06T15:15:00+00:00,A,1,0.52,0.52,0.53,0.525,1
F1,fl1-ang-ren-2026-09-06,KXLIGUE1GAME-26SEP06ANGREN-REN,2026-09-06T15:15:00+00:00,A,6,0.52,0.52,0.53,0.525,1
F1,fl1-ang-ren-2026-09-06,KXLIGUE1GAME-26SEP06ANGREN-REN,2026-09-06T15:15:00+00:00,A,24,0.52,0.51,0.52,0.515,1
F1,fl1-tro-str-2026-09-06,KXLIGUE1GAME-26SEP06ESTRCS-EST,2026-09-06T13:00:00+00:00,H,1,0.32,0.32,0.33,0.325,0
F1,fl1-tro-str-2026-09-06,KXLIGUE1GAME-26SEP06ESTRCS-EST,2026-09-06T13:00:00+00:00,H,6,0.32,0.31,0.32,0.315,0
F1,fl1-tro-str-2026-09-06,KXLIGUE1GAME-26SEP06ESTRCS-EST,2026-09-06T13:00:00+00:00,H,24,0.32,0.31,0.33,0.32,0
F1,fl1-tro-str-2026-09-06,KXLIGUE1GAME-26SEP06ESTRCS-TIE,2026-09-06T13:00:00+00:00,D,1,0.28,0.27,0.28,0.275,0
F1,fl1-tro-str-2026-09-06,KXLIGUE1GAME-26SEP06ESTRCS-TIE,2026-09-06T13:00:00+00:00,D,6,0.27,0.27,0.28,0.275,0
F1,fl1-tro-str-2026-09-06,KXLIGUE1GAME-26SEP06ESTRCS-TIE,2026-09-06T13:00:00+00:00,D,24,0.29,0.27,0.28,0.275,0
F1,fl1-tro-str-2026-09-06,KXLIGUE1GAME-26SEP06ESTRCS-RCS,2026-09-06T13:00:00+00:00,A,1,0.4,0.4,0.41,0.405,1
F1,fl1-tro-str-2026-09-06,KXLIGUE1GAME-26SEP06ESTRCS-RCS,2026-09-06T13:00:00+00:00,A,6,0.4,0.4,0.41,0.405,1
F1,fl1-tro-str-2026-09-06,KXLIGUE1GAME-26SEP06ESTRCS-RCS,2026-09-06T13:00:00+00:00,A,24,0.41,0.4,0.41,0.405,1
F1,fl1-ogc-lmf-2026-09-05,KXLIGUE1GAME-26SEP05NICMAN-NIC,2026-09-05T18:45:00+00:00,H,1,0.55,0.54,0.55,0.545,0
F1,fl1-ogc-lmf-2026-09-05,KXLIGUE1GAME-26SEP05NICMAN-NIC,2026-09-05T18:45:00+00:00,H,6,0.54,0.54,0.55,0.545,0
F1,fl1-ogc-lmf-2026-09-05,KXLIGUE1GAME-26SEP05NICMAN-NIC,2026-09-05T18:45:00+00:00,H,24,0.53,0.52,0.53,0.525,0
F1,fl1-ogc-lmf-2026-09-05,KXLIGUE1GAME-26SEP05NICMAN-TIE,2026-09-05T18:45:00+00:00,D,1,0.26,0.24,0.25,0.245,1
F1,fl1-ogc-lmf-2026-09-05,KXLIGUE1GAME-26SEP05NICMAN-TIE,2026-09-05T18:45:00+00:00,D,6,0.26,0.24,0.25,0.245,1
F1,fl1-ogc-lmf-2026-09-05,KXLIGUE1GAME-26SEP05NICMAN-TIE,2026-09-05T18:45:00+00:00,D,24,0.27,0.25,0.26,0.255,1
F1,fl1-ogc-lmf-2026-09-05,KXLIGUE1GAME-26SEP05NICMAN-MAN,2026-09-05T18:45:00+00:00,A,1,0.21,0.2,0.21,0.205,0
F1,fl1-ogc-lmf-2026-09-05,KXLIGUE1GAME-26SEP05NICMAN-MAN,2026-09-05T18:45:00+00:00,A,6,0.21,0.2,0.21,0.205,0
F1,fl1-ogc-lmf-2026-09-05,KXLIGUE1GAME-26SEP05NICMAN-MAN,2026-09-05T18:45:00+00:00,A,24,0.22,0.22,0.23,0.225,0
F1,fl1-hac-sbr-2026-09-05,KXLIGUE1GAME-26SEP05HACSTB-HAC,2026-09-05T18:45:00+00:00,H,1,0.35,0.35,0.36,0.355,0
F1,fl1-hac-sbr-2026-09-05,KXLIGUE1GAME-26SEP05HACSTB-HAC,2026-09-05T18:45:00+00:00,H,6,0.35,0.35,0.36,0.355,0
F1,fl1-hac-sbr-2026-09-05,KXLIGUE1GAME-26SEP05HACSTB-HAC,2026-09-05T18:45:00+00:00,H,24,0.37,0.35,0.36,0.355,0
F1,fl1-hac-sbr-2026-09-05,KXLIGUE1GAME-26SEP05HACSTB-TIE,2026-09-05T18:45:00+00:00,D,1,0.29,0.29,0.3,0.295,0
F1,fl1-hac-sbr-2026-09-05,KXLIGUE1GAME-26SEP05HACSTB-TIE,2026-09-05T18:45:00+00:00,D,6,0.3,0.29,0.3,0.295,0
F1,fl1-hac-sbr-2026-09-05,KXLIGUE1GAME-26SEP05HACSTB-TIE,2026-09-05T18:45:00+00:00,D,24,0.3,0.28,0.3,0.29,0
F1,fl1-hac-sbr-2026-09-05,KXLIGUE1GAME-26SEP05HACSTB-STB,2026-09-05T18:45:00+00:00,A,1,0.36,0.35,0.36,0.355,1
F1,fl1-hac-sbr-2026-09-05,KXLIGUE1GAME-26SEP05HACSTB-STB,2026-09-05T18:45:00+00:00,A,6,0.36,0.35,0.36,0.355,1
F1,fl1-hac-sbr-2026-09-05,KXLIGUE1GAME-26SEP05HACSTB-STB,2026-09-05T18:45:00+00:00,A,24,0.35,0.34,0.35,0.345,1
F1,fl1-rcl-lor-2026-09-05,KXLIGUE1GAME-26SEP05RCLFCL-RCL,2026-09-05T15:15:00+00:00,H,1,0.64,0.62,0.63,0.625,0
F1,fl1-rcl-lor-2026-09-05,KXLIGUE1GAME-26SEP05RCLFCL-RCL,2026-09-05T15:15:00+00:00,H,6,0.64,0.64,0.65,0.645,0
F1,fl1-rcl-lor-2026-09-05,KXLIGUE1GAME-26SEP05RCLFCL-RCL,2026-09-05T15:15:00+00:00,H,24,0.67,0.65,0.66,0.655,0
F1,fl1-rcl-lor-2026-09-05,KXLIGUE1GAME-26SEP05RCLFCL-TIE,2026-09-05T15:15:00+00:00,D,1,0.22,0.21,0.22,0.215,0
F1,fl1-rcl-lor-2026-09-05,KXLIGUE1GAME-26SEP05RCLFCL-TIE,2026-09-05T15:15:00+00:00,D,6,0.2,0.2,0.21,0.205,0
F1,fl1-rcl-lor-2026-09-05,KXLIGUE1GAME-26SEP05RCLFCL-TIE,2026-09-05T15:15:00+00:00,D,24,0.2,0.19,0.2,0.195,0
F1,fl1-rcl-lor-2026-09-05,KXLIGUE1GAME-26SEP05RCLFCL-FCL,2026-09-05T15:15:00+00:00,A,1,0.16,0.16,0.17,0.165,1
F1,fl1-rcl-lor-2026-09-05,KXLIGUE1GAME-26SEP05RCLFCL-FCL,2026-09-05T15:15:00+00:00,A,6,0.15,0.15,0.16,0.155,1
F1,fl1-rcl-lor-2026-09-05,KXLIGUE1GAME-26SEP05RCLFCL-FCL,2026-09-05T15:15:00+00:00,A,24,0.14,0.14,0.15,0.145,1
F1,fl1-psg-asm-2026-09-04,KXLIGUE1GAME-26SEP04PSGASM-PSG,2026-09-04T19:05:00+00:00,H,1,0.73,0.71,0.72,0.715,0
F1,fl1-psg-asm-2026-09-04,KXLIGUE1GAME-26SEP04PSGASM-PSG,2026-09-04T19:05:00+00:00,H,6,0.73,0.72,0.73,0.725,0
F1,fl1-psg-asm-2026-09-04,KXLIGUE1GAME-26SEP04PSGASM-PSG,2026-09-04T19:05:00+00:00,H,24,0.7,0.69,0.7,0.695,0
F1,fl1-psg-asm-2026-09-04,KXLIGUE1GAME-26SEP04PSGASM-TIE,2026-09-04T19:05:00+00:00,D,1,0.16,0.16,0.17,0.165,0
F1,fl1-psg-asm-2026-09-04,KXLIGUE1GAME-26SEP04PSGASM-TIE,2026-09-04T19:05:00+00:00,D,6,0.17,0.16,0.17,0.165,0
F1,fl1-psg-asm-2026-09-04,KXLIGUE1GAME-26SEP04PSGASM-TIE,2026-09-04T19:05:00+00:00,D,24,0.18,0.17,0.18,0.175,0
F1,fl1-psg-asm-2026-09-04,KXLIGUE1GAME-26SEP04PSGASM-ASM,2026-09-04T19:05:00+00:00,A,1,0.12,0.11,0.12,0.115,1
F1,fl1-psg-asm-2026-09-04,KXLIGUE1GAME-26SEP04PSGASM-ASM,2026-09-04T19:05:00+00:00,A,6,0.12,0.11,0.12,0.115,1
F1,fl1-psg-asm-2026-09-04,KXLIGUE1GAME-26SEP04PSGASM-ASM,2026-09-04T19:05:00+00:00,A,24,0.13,0.12,0.13,0.125,1
F1,fl1-lyo-aja-2026-09-04,KXLIGUE1GAME-26SEP04OLAUX-OL,2026-09-04T17:00:00+00:00,H,1,0.7,0.69,0.7,0.695,1
F1,fl1-lyo-aja-2026-09-04,KXLIGUE1GAME-26SEP04OLAUX-OL,2026-09-04T17:00:00+00:00,H,6,0.68,0.67,0.68,0.675,1
F1,fl1-lyo-aja-2026-09-04,KXLIGUE1GAME-26SEP04OLAUX-OL,2026-09-04T17:00:00+00:00,H,24,0.64,0.64,0.65,0.645,1
F1,fl1-lyo-aja-2026-09-04,KXLIGUE1GAME-26SEP04OLAUX-TIE,2026-09-04T17:00:00+00:00,D,1,0.19,0.18,0.19,0.185,0
F1,fl1-lyo-aja-2026-09-04,KXLIGUE1GAME-26SEP04OLAUX-TIE,2026-09-04T17:00:00+00:00,D,6,0.2,0.19,0.2,0.195,0
F1,fl1-lyo-aja-2026-09-04,KXLIGUE1GAME-26SEP04OLAUX-TIE,2026-09-04T17:00:00+00:00,D,24,0.22,0.2,0.21,0.205,0
F1,fl1-lyo-aja-2026-09-04,KXLIGUE1GAME-26SEP04OLAUX-AUX,2026-09-04T17:00:00+00:00,A,1,0.12,0.11,0.12,0.115,0
F1,fl1-lyo-aja-2026-09-04,KXLIGUE1GAME-26SEP04OLAUX-AUX,2026-09-04T17:00:00+00:00,A,6,0.13,0.12,0.13,0.125,0
F1,fl1-lyo-aja-2026-09-04,KXLIGUE1GAME-26SEP04OLAUX-AUX,2026-09-04T17:00:00+00:00,A,24,0.14,0.14,0.15,0.145,0
F1,fl1-tou-lil-2026-09-03,KXLIGUE1GAME-26SEP03TFCLIL-TFC,2026-09-03T18:45:00+00:00,H,1,0.23,0.21,0.22,0.215,0
F1,fl1-tou-lil-2026-09-03,KXLIGUE1GAME-26SEP03TFCLIL-TFC,2026-09-03T18:45:00+00:00,H,6,0.24,0.23,0.24,0.235,0
F1,fl1-tou-lil-2026-09-03,KXLIGUE1GAME-26SEP03TFCLIL-TFC,2026-09-03T18:45:00+00:00,H,24,0.27,0.27,0.28,0.275,0
F1,fl1-tou-lil-2026-09-03,KXLIGUE1GAME-26SEP03TFCLIL-TIE,2026-09-03T18:45:00+00:00,D,1,0.27,0.26,0.27,0.265,0
F1,fl1-tou-lil-2026-09-03,KXLIGUE1GAME-26SEP03TFCLIL-TIE,2026-09-03T18:45:00+00:00,D,6,0.28,0.27,0.28,0.275,0
F1,fl1-tou-lil-2026-09-03,KXLIGUE1GAME-26SEP03TFCLIL-TIE,2026-09-03T18:45:00+00:00,D,24,0.28,0.27,0.28,0.275,0
F1,fl1-tou-lil-2026-09-03,KXLIGUE1GAME-26SEP03TFCLIL-LIL,2026-09-03T18:45:00+00:00,A,1,0.51,0.51,0.52,0.515,1
F1,fl1-tou-lil-2026-09-03,KXLIGUE1GAME-26SEP03TFCLIL-LIL,2026-09-03T18:45:00+00:00,A,6,0.5,0.49,0.5,0.495,1
F1,fl1-tou-lil-2026-09-03,KXLIGUE1GAME-26SEP03TFCLIL-LIL,2026-09-03T18:45:00+00:00,A,24,0.45,0.44,0.45,0.445,1
F1,fl1-asm-olm-2026-08-30,KXLIGUE1GAME-26AUG30ASMOLM-ASM,2026-08-30T18:45:00+00:00,H,1,0.44,0.43,0.44,0.435,1
F1,fl1-asm-olm-2026-08-30,KXLIGUE1GAME-26AUG30ASMOLM-ASM,2026-08-30T18:45:00+00:00,H,6,0.43,0.42,0.43,0.425,1
F1,fl1-asm-olm-2026-08-30,KXLIGUE1GAME-26AUG30ASMOLM-ASM,2026-08-30T18:45:00+00:00,H,24,0.4,0.39,0.4,0.395,1
F1,fl1-asm-olm-2026-08-30,KXLIGUE1GAME-26AUG30ASMOLM-TIE,2026-08-30T18:45:00+00:00,D,1,0.27,0.26,0.27,0.265,0
F1,fl1-asm-olm-2026-08-30,KXLIGUE1GAME-26AUG30ASMOLM-TIE,2026-08-30T18:45:00+00:00,D,6,0.27,0.26,0.27,0.265,0
F1,fl1-asm-olm-2026-08-30,KXLIGUE1GAME-26AUG30ASMOLM-TIE,2026-08-30T18:45:00+00:00,D,24,0.27,0.25,0.26,0.255,0
F1,fl1-asm-olm-2026-08-30,KXLIGUE1GAME-26AUG30ASMOLM-OLM,2026-08-30T18:45:00+00:00,A,1,0.31,0.29,0.31,0.3,0
F1,fl1-asm-olm-2026-08-30,KXLIGUE1GAME-26AUG30ASMOLM-OLM,2026-08-30T18:45:00+00:00,A,6,0.31,0.3,0.31,0.305,0
F1,fl1-asm-olm-2026-08-30,KXLIGUE1GAME-26AUG30ASMOLM-OLM,2026-08-30T18:45:00+00:00,A,24,0.35,0.34,0.35,0.345,0
F1,fl1-ren-lmf-2026-08-30,KXLIGUE1GAME-26AUG30RENMAN-REN,2026-08-30T15:15:00+00:00,H,1,0.69,0.68,0.69,0.685,1
F1,fl1-ren-lmf-2026-08-30,KXLIGUE1GAME-26AUG30RENMAN-REN,2026-08-30T15:15:00+00:00,H,6,0.6861,0.68,0.69,0.685,1
F1,fl1-ren-lmf-2026-08-30,KXLIGUE1GAME-26AUG30RENMAN-REN,2026-08-30T15:15:00+00:00,H,24,0.69,0.68,0.69,0.685,1
F1,fl1-ren-lmf-2026-08-30,KXLIGUE1GAME-26AUG30RENMAN-TIE,2026-08-30T15:15:00+00:00,D,1,0.2,0.18,0.19,0.185,0
F1,fl1-ren-lmf-2026-08-30,KXLIGUE1GAME-26AUG30RENMAN-TIE,2026-08-30T15:15:00+00:00,D,6,0.2,0.18,0.19,0.185,0
F1,fl1-ren-lmf-2026-08-30,KXLIGUE1GAME-26AUG30RENMAN-TIE,2026-08-30T15:15:00+00:00,D,24,0.19,0.18,0.19,0.185,0
F1,fl1-ren-lmf-2026-08-30,KXLIGUE1GAME-26AUG30RENMAN-MAN,2026-08-30T15:15:00+00:00,A,1,0.12,0.12,0.13,0.125,0
F1,fl1-ren-lmf-2026-08-30,KXLIGUE1GAME-26AUG30RENMAN-MAN,2026-08-30T15:15:00+00:00,A,6,0.12,0.12,0.13,0.125,0
F1,fl1-ren-lmf-2026-08-30,KXLIGUE1GAME-26AUG30RENMAN-MAN,2026-08-30T15:15:00+00:00,A,24,0.12,0.12,0.13,0.125,0
F1,fl1-pfc-ogc-2026-08-30,KXLIGUE1GAME-26AUG30PARNIC-PAR,2026-08-30T13:00:00+00:00,H,1,0.47,0.46,0.47,0.465,1
F1,fl1-pfc-ogc-2026-08-30,KXLIGUE1GAME-26AUG30PARNIC-PAR,2026-08-30T13:00:00+00:00,H,6,0.47,0.46,0.47,0.465,1
F1,fl1-pfc-ogc-2026-08-30,KXLIGUE1GAME-26AUG30PARNIC-PAR,2026-08-30T13:00:00+00:00,H,24,0.47,0.45,0.46,0.455,1
F1,fl1-pfc-ogc-2026-08-30,KXLIGUE1GAME-26AUG30PARNIC-TIE,2026-08-30T13:00:00+00:00,D,1,0.28,0.28,0.29,0.285,0
F1,fl1-pfc-ogc-2026-08-30,KXLIGUE1GAME-26AUG30PARNIC-TIE,2026-08-30T13:00:00+00:00,D,6,0.29,0.28,0.29,0.285,0
F1,fl1-pfc-ogc-2026-08-30,KXLIGUE1GAME-26AUG30PARNIC-TIE,2026-08-30T13:00:00+00:00,D,24,0.28,0.28,0.29,0.285,0
F1,fl1-pfc-ogc-2026-08-30,KXLIGUE1GAME-26AUG30PARNIC-NIC,2026-08-30T13:00:00+00:00,A,1,0.25,0.24,0.25,0.245,0
F1,fl1-pfc-ogc-2026-08-30,KXLIGUE1GAME-26AUG30PARNIC-NIC,2026-08-30T13:00:00+00:00,A,6,0.25,0.24,0.25,0.245,0
F1,fl1-pfc-ogc-2026-08-30,KXLIGUE1GAME-26AUG30PARNIC-NIC,2026-08-30T13:00:00+00:00,A,24,0.24,0.24,0.25,0.245,0
F1,fl1-lyo-hac-2026-08-29,KXLIGUE1GAME-26AUG29OLHAC-OL,2026-08-29T18:45:00+00:00,H,1,0.67,0.66,0.67,0.665,0
F1,fl1-lyo-hac-2026-08-29,KXLIGUE1GAME-26AUG29OLHAC-OL,2026-08-29T18:45:00+00:00,H,6,0.66,0.66,0.67,0.665,0
F1,fl1-lyo-hac-2026-08-29,KXLIGUE1GAME-26AUG29OLHAC-OL,2026-08-29T18:45:00+00:00,H,24,0.66,0.65,0.66,0.655,0
F1,fl1-lyo-hac-2026-08-29,KXLIGUE1GAME-26AUG29OLHAC-TIE,2026-08-29T18:45:00+00:00,D,1,0.21,0.2,0.21,0.205,1
F1,fl1-lyo-hac-2026-08-29,KXLIGUE1GAME-26AUG29OLHAC-TIE,2026-08-29T18:45:00+00:00,D,6,0.2019,0.2,0.21,0.205,1
F1,fl1-lyo-hac-2026-08-29,KXLIGUE1GAME-26AUG29OLHAC-TIE,2026-08-29T18:45:00+00:00,D,24,0.21,0.2,0.21,0.205,1
F1,fl1-lyo-hac-2026-08-29,KXLIGUE1GAME-26AUG29OLHAC-HAC,2026-08-29T18:45:00+00:00,A,1,0.14,0.13,0.14,0.135,0
F1,fl1-lyo-hac-2026-08-29,KXLIGUE1GAME-26AUG29OLHAC-HAC,2026-08-29T18:45:00+00:00,A,6,0.12,0.13,0.14,0.135,0
F1,fl1-lyo-hac-2026-08-29,KXLIGUE1GAME-26AUG29OLHAC-HAC,2026-08-29T18:45:00+00:00,A,24,0.14,0.13,0.14,0.135,0
F1,fl1-lor-tro-2026-08-29,KXLIGUE1GAME-26AUG29FCLEST-FCL,2026-08-29T18:45:00+00:00,H,1,0.52,0.51,0.52,0.515,0
F1,fl1-lor-tro-2026-08-29,KXLIGUE1GAME-26AUG29FCLEST-FCL,2026-08-29T18:45:00+00:00,H,6,0.51,0.51,0.52,0.515,0
F1,fl1-lor-tro-2026-08-29,KXLIGUE1GAME-26AUG29FCLEST-FCL,2026-08-29T18:45:00+00:00,H,24,0.52,0.51,0.53,0.52,0
F1,fl1-lor-tro-2026-08-29,KXLIGUE1GAME-26AUG29FCLEST-TIE,2026-08-29T18:45:00+00:00,D,1,0.28,0.26,0.27,0.265,0
F1,fl1-lor-tro-2026-08-29,KXLIGUE1GAME-26AUG29FCLEST-TIE,2026-08-29T18:45:00+00:00,D,6,0.27,0.26,0.27,0.265,0
F1,fl1-lor-tro-2026-08-29,KXLIGUE1GAME-26AUG29FCLEST-TIE,2026-08-29T18:45:00+00:00,D,24,0.27,0.26,0.27,0.265,0
F1,fl1-lor-tro-2026-08-29,KXLIGUE1GAME-26AUG29FCLEST-EST,2026-08-29T18:45:00+00:00,A,1,0.22,0.21,0.22,0.215,1
F1,fl1-lor-tro-2026-08-29,KXLIGUE1GAME-26AUG29FCLEST-EST,2026-08-29T18:45:00+00:00,A,6,0.22,0.21,0.22,0.215,1
F1,fl1-lor-tro-2026-08-29,KXLIGUE1GAME-26AUG29FCLEST-EST,2026-08-29T18:45:00+00:00,A,24,0.21,0.21,0.22,0.215,1
F1,fl1-sbr-tou-2026-08-29,KXLIGUE1GAME-26AUG29STBTFC-STB,2026-08-29T18:45:00+00:00,H,1,0.36,0.35,0.36,0.355,0
F1,fl1-sbr-tou-2026-08-29,KXLIGUE1GAME-26AUG29STBTFC-STB,2026-08-29T18:45:00+00:00,H,6,0.35,0.35,0.36,0.355,0
F1,fl1-sbr-tou-2026-08-29,KXLIGUE1GAME-26AUG29STBTFC-STB,2026-08-29T18:45:00+00:00,H,24,0.36,0.35,0.36,0.355,0
F1,fl1-sbr-tou-2026-08-29,KXLIGUE1GAME-26AUG29STBTFC-TIE,2026-08-29T18:45:00+00:00,D,1,0.28,0.28,0.29,0.285,1
F1,fl1-sbr-tou-2026-08-29,KXLIGUE1GAME-26AUG29STBTFC-TIE,2026-08-29T18:45:00+00:00,D,6,0.28,0.28,0.29,0.285,1
F1,fl1-sbr-tou-2026-08-29,KXLIGUE1GAME-26AUG29STBTFC-TIE,2026-08-29T18:45:00+00:00,D,24,0.29,0.28,0.29,0.285,1
F1,fl1-sbr-tou-2026-08-29,KXLIGUE1GAME-26AUG29STBTFC-TFC,2026-08-29T18:45:00+00:00,A,1,0.36,0.35,0.36,0.355,0
F1,fl1-sbr-tou-2026-08-29,KXLIGUE1GAME-26AUG29STBTFC-TFC,2026-08-29T18:45:00+00:00,A,6,0.35,0.35,0.36,0.355,0
F1,fl1-sbr-tou-2026-08-29,KXLIGUE1GAME-26AUG29STBTFC-TFC,2026-08-29T18:45:00+00:00,A,24,0.35,0.36,0.37,0.365,0
F1,fl1-aja-ang-2026-08-29,KXLIGUE1GAME-26AUG29AUXANG-AUX,2026-08-29T18:45:00+00:00,H,1,0.47,0.48,0.49,0.485,0
F1,fl1-aja-ang-2026-08-29,KXLIGUE1GAME-26AUG29AUXANG-AUX,2026-08-29T18:45:00+00:00,H,6,0.48,0.48,0.49,0.485,0
F1,fl1-aja-ang-2026-08-29,KXLIGUE1GAME-26AUG29AUXANG-AUX,2026-08-29T18:45:00+00:00,H,24,0.5,0.49,0.5,0.495,0
F1,fl1-aja-ang-2026-08-29,KXLIGUE1GAME-26AUG29AUXANG-TIE,2026-08-29T18:45:00+00:00,D,1,0.29,0.27,0.29,0.28,0
F1,fl1-aja-ang-2026-08-29,KXLIGUE1GAME-26AUG29AUXANG-TIE,2026-08-29T18:45:00+00:00,D,6,0.28,0.28,0.29,0.285,0
F1,fl1-aja-ang-2026-08-29,KXLIGUE1GAME-26AUG29AUXANG-TIE,2026-08-29T18:45:00+00:00,D,24,0.28,0.27,0.28,0.275,0
F1,fl1-aja-ang-2026-08-29,KXLIGUE1GAME-26AUG29AUXANG-ANG,2026-08-29T18:45:00+00:00,A,1,0.25,0.24,0.25,0.245,1
F1,fl1-aja-ang-2026-08-29,KXLIGUE1GAME-26AUG29AUXANG-ANG,2026-08-29T18:45:00+00:00,A,6,0.24,0.24,0.25,0.245,1
F1,fl1-aja-ang-2026-08-29,KXLIGUE1GAME-26AUG29AUXANG-ANG,2026-08-29T18:45:00+00:00,A,24,0.22,0.23,0.24,0.235,1
F1,fl1-str-rcl-2026-08-29,KXLIGUE1GAME-26AUG29RCSRCL-RCS,2026-08-29T15:15:00+00:00,H,1,0.25,0.23,0.24,0.235,1
F1,fl1-str-rcl-2026-08-29,KXLIGUE1GAME-26AUG29RCSRCL-RCS,2026-08-29T15:15:00+00:00,H,6,0.24,0.25,0.26,0.255,1
F1,fl1-str-rcl-2026-08-29,KXLIGUE1GAME-26AUG29RCSRCL-RCS,2026-08-29T15:15:00+00:00,H,24,0.27,0.26,0.27,0.265,1
F1,fl1-str-rcl-2026-08-29,KXLIGUE1GAME-26AUG29RCSRCL-TIE,2026-08-29T15:15:00+00:00,D,1,0.25,0.26,0.27,0.265,0
F1,fl1-str-rcl-2026-08-29,KXLIGUE1GAME-26AUG29RCSRCL-TIE,2026-08-29T15:15:00+00:00,D,6,0.25,0.26,0.27,0.265,0
F1,fl1-str-rcl-2026-08-29,KXLIGUE1GAME-26AUG29RCSRCL-TIE,2026-08-29T15:15:00+00:00,D,24,0.27,0.26,0.27,0.265,0
F1,fl1-str-rcl-2026-08-29,KXLIGUE1GAME-26AUG29RCSRCL-RCL,2026-08-29T15:15:00+00:00,A,1,0.51,0.5,0.51,0.505,0
F1,fl1-str-rcl-2026-08-29,KXLIGUE1GAME-26AUG29RCSRCL-RCL,2026-08-29T15:15:00+00:00,A,6,0.5,0.5,0.51,0.505,0
F1,fl1-str-rcl-2026-08-29,KXLIGUE1GAME-26AUG29RCSRCL-RCL,2026-08-29T15:15:00+00:00,A,24,0.47,0.46,0.47,0.465,0
F1,fl1-lil-psg-2026-08-28,KXLIGUE1GAME-26AUG28LILPSG-LIL,2026-08-28T18:45:00+00:00,H,1,0.17,0.17,0.18,0.175,0
F1,fl1-lil-psg-2026-08-28,KXLIGUE1GAME-26AUG28LILPSG-LIL,2026-08-28T18:45:00+00:00,H,6,0.19,0.18,0.19,0.185,0
F1,fl1-lil-psg-2026-08-28,KXLIGUE1GAME-26AUG28LILPSG-LIL,2026-08-28T18:45:00+00:00,H,24,0.2,0.18,0.19,0.185,0
F1,fl1-lil-psg-2026-08-28,KXLIGUE1GAME-26AUG28LILPSG-TIE,2026-08-28T18:45:00+00:00,D,1,0.24,0.23,0.24,0.235,1
F1,fl1-lil-psg-2026-08-28,KXLIGUE1GAME-26AUG28LILPSG-TIE,2026-08-28T18:45:00+00:00,D,6,0.24,0.23,0.24,0.235,1
F1,fl1-lil-psg-2026-08-28,KXLIGUE1GAME-26AUG28LILPSG-TIE,2026-08-28T18:45:00+00:00,D,24,0.24,0.23,0.24,0.235,1
F1,fl1-lil-psg-2026-08-28,KXLIGUE1GAME-26AUG28LILPSG-PSG,2026-08-28T18:45:00+00:00,A,1,0.59,0.59,0.6,0.595,0
F1,fl1-lil-psg-2026-08-28,KXLIGUE1GAME-26AUG28LILPSG-PSG,2026-08-28T18:45:00+00:00,A,6,0.58,0.57,0.58,0.575,0
F1,fl1-lil-psg-2026-08-28,KXLIGUE1GAME-26AUG28LILPSG-PSG,2026-08-28T18:45:00+00:00,A,24,0.53,0.55,0.56,0.555,0
F1,fl1-hac-asm-2026-08-23,KXLIGUE1GAME-26AUG23HACASM-HAC,2026-08-23T15:15:00+00:00,H,1,0.25,0.24,0.25,0.245,0
F1,fl1-hac-asm-2026-08-23,KXLIGUE1GAME-26AUG23HACASM-HAC,2026-08-23T15:15:00+00:00,H,6,0.26,0.24,0.25,0.245,0
F1,fl1-hac-asm-2026-08-23,KXLIGUE1GAME-26AUG23HACASM-HAC,2026-08-23T15:15:00+00:00,H,24,0.25,0.24,0.25,0.245,0
F1,fl1-hac-asm-2026-08-23,KXLIGUE1GAME-26AUG23HACASM-TIE,2026-08-23T15:15:00+00:00,D,1,0.26,0.25,0.26,0.255,0
F1,fl1-hac-asm-2026-08-23,KXLIGUE1GAME-26AUG23HACASM-TIE,2026-08-23T15:15:00+00:00,D,6,0.25,0.25,0.26,0.255,0
F1,fl1-hac-asm-2026-08-23,KXLIGUE1GAME-26AUG23HACASM-TIE,2026-08-23T15:15:00+00:00,D,24,0.24,0.23,0.24,0.235,0
F1,fl1-hac-asm-2026-08-23,KXLIGUE1GAME-26AUG23HACASM-ASM,2026-08-23T15:15:00+00:00,A,1,0.49,0.49,0.5,0.495,1
F1,fl1-hac-asm-2026-08-23,KXLIGUE1GAME-26AUG23HACASM-ASM,2026-08-23T15:15:00+00:00,A,6,0.5,0.5,0.51,0.505,1
F1,fl1-hac-asm-2026-08-23,KXLIGUE1GAME-26AUG23HACASM-ASM,2026-08-23T15:15:00+00:00,A,24,0.52,0.5,0.51,0.505,1
F1,fl1-ang-lil-2026-08-23,KXLIGUE1GAME-26AUG23ANGLIL-ANG,2026-08-23T13:00:00+00:00,H,1,0.2,0.19,0.2,0.195,0
F1,fl1-ang-lil-2026-08-23,KXLIGUE1GAME-26AUG23ANGLIL-ANG,2026-08-23T13:00:00+00:00,H,6,0.18,0.18,0.19,0.185,0
F1,fl1-ang-lil-2026-08-23,KXLIGUE1GAME-26AUG23ANGLIL-ANG,2026-08-23T13:00:00+00:00,H,24,0.2,0.18,0.2,0.19,0
F1,fl1-ang-lil-2026-08-23,KXLIGUE1GAME-26AUG23ANGLIL-TIE,2026-08-23T13:00:00+00:00,D,1,0.25,0.25,0.26,0.255,0
F1,fl1-ang-lil-2026-08-23,KXLIGUE1GAME-26AUG23ANGLIL-TIE,2026-08-23T13:00:00+00:00,D,6,0.26,0.25,0.26,0.255,0
F1,fl1-ang-lil-2026-08-23,KXLIGUE1GAME-26AUG23ANGLIL-TIE,2026-08-23T13:00:00+00:00,D,24,0.25,0.25,0.27,0.26,0
F1,fl1-ang-lil-2026-08-23,KXLIGUE1GAME-26AUG23ANGLIL-LIL,2026-08-23T13:00:00+00:00,A,1,0.56,0.55,0.56,0.555,1
F1,fl1-ang-lil-2026-08-23,KXLIGUE1GAME-26AUG23ANGLIL-LIL,2026-08-23T13:00:00+00:00,A,6,0.56,0.55,0.56,0.555,1
F1,fl1-ang-lil-2026-08-23,KXLIGUE1GAME-26AUG23ANGLIL-LIL,2026-08-23T13:00:00+00:00,A,24,0.56,0.55,0.56,0.555,1
F1,fl1-tro-pfc-2026-08-22,KXLIGUE1GAME-26AUG22ESTPAR-EST,2026-08-22T18:45:00+00:00,H,1,0.28,0.28,0.29,0.285,0
F1,fl1-tro-pfc-2026-08-22,KXLIGUE1GAME-26AUG22ESTPAR-EST,2026-08-22T18:45:00+00:00,H,6,0.29,0.28,0.29,0.285,0
F1,fl1-tro-pfc-2026-08-22,KXLIGUE1GAME-26AUG22ESTPAR-EST,2026-08-22T18:45:00+00:00,H,24,0.3,0.29,0.31,0.3,0
F1,fl1-tro-pfc-2026-08-22,KXLIGUE1GAME-26AUG22ESTPAR-TIE,2026-08-22T18:45:00+00:00,D,1,0.28,0.27,0.28,0.275,1
F1,fl1-tro-pfc-2026-08-22,KXLIGUE1GAME-26AUG22ESTPAR-TIE,2026-08-22T18:45:00+00:00,D,6,0.28,0.27,0.28,0.275,1
F1,fl1-tro-pfc-2026-08-22,KXLIGUE1GAME-26AUG22ESTPAR-TIE,2026-08-22T18:45:00+00:00,D,24,0.28,0.26,0.28,0.27,1
F1,fl1-tro-pfc-2026-08-22,KXLIGUE1GAME-26AUG22ESTPAR-PAR,2026-08-22T18:45:00+00:00,A,1,0.45,0.44,0.45,0.445,0
F1,fl1-tro-pfc-2026-08-22,KXLIGUE1GAME-26AUG22ESTPAR-PAR,2026-08-22T18:45:00+00:00,A,6,0.45,0.44,0.45,0.445,0
F1,fl1-tro-pfc-2026-08-22,KXLIGUE1GAME-26AUG22ESTPAR-PAR,2026-08-22T18:45:00+00:00,A,24,0.43,0.41,0.42,0.415,0
F1,fl1-tou-lyo-2026-08-22,KXLIGUE1GAME-26AUG22TFCOL-TFC,2026-08-22T18:45:00+00:00,H,1,0.41,0.39,0.4,0.395,0
F1,fl1-tou-lyo-2026-08-22,KXLIGUE1GAME-26AUG22TFCOL-TFC,2026-08-22T18:45:00+00:00,H,6,0.39,0.39,0.4,0.395,0
F1,fl1-tou-lyo-2026-08-22,KXLIGUE1GAME-26AUG22TFCOL-TFC,2026-08-22T18:45:00+00:00,H,24,0.33,0.33,0.35,0.34,0
F1,fl1-tou-lyo-2026-08-22,KXLIGUE1GAME-26AUG22TFCOL-TIE,2026-08-22T18:45:00+00:00,D,1,0.29,0.28,0.29,0.285,0
F1,fl1-tou-lyo-2026-08-22,KXLIGUE1GAME-26AUG22TFCOL-TIE,2026-08-22T18:45:00+00:00,D,6,0.27,0.28,0.29,0.285,0
F1,fl1-tou-lyo-2026-08-22,KXLIGUE1GAME-26AUG22TFCOL-TIE,2026-08-22T18:45:00+00:00,D,24,0.28,0.28,0.29,0.285,0
F1,fl1-tou-lyo-2026-08-22,KXLIGUE1GAME-26AUG22TFCOL-OL,2026-08-22T18:45:00+00:00,A,1,0.31,0.32,0.33,0.325,1
F1,fl1-tou-lyo-2026-08-22,KXLIGUE1GAME-26AUG22TFCOL-OL,2026-08-22T18:45:00+00:00,A,6,0.33,0.32,0.33,0.325,1
F1,fl1-tou-lyo-2026-08-22,KXLIGUE1GAME-26AUG22TFCOL-OL,2026-08-22T18:45:00+00:00,A,24,0.38,0.37,0.38,0.375,1
F1,fl1-ogc-lor-2026-08-22,KXLIGUE1GAME-26AUG22NICFCL-NIC,2026-08-22T18:45:00+00:00,H,1,0.41,0.42,0.43,0.425,0
F1,fl1-ogc-lor-2026-08-22,KXLIGUE1GAME-26AUG22NICFCL-NIC,2026-08-22T18:45:00+00:00,H,6,0.44,0.44,0.45,0.445,0
F1,fl1-ogc-lor-2026-08-22,KXLIGUE1GAME-26AUG22NICFCL-NIC,2026-08-22T18:45:00+00:00,H,24,0.45,0.44,0.45,0.445,0
F1,fl1-ogc-lor-2026-08-22,KXLIGUE1GAME-26AUG22NICFCL-TIE,2026-08-22T18:45:00+00:00,D,1,0.3,0.29,0.3,0.295,1
F1,fl1-ogc-lor-2026-08-22,KXLIGUE1GAME-26AUG22NICFCL-TIE,2026-08-22T18:45:00+00:00,D,6,0.29,0.28,0.29,0.285,1
F1,fl1-ogc-lor-2026-08-22,KXLIGUE1GAME-26AUG22NICFCL-TIE,2026-08-22T18:45:00+00:00,D,24,0.26,0.26,0.28,0.27,1
F1,fl1-ogc-lor-2026-08-22,KXLIGUE1GAME-26AUG22NICFCL-FCL,2026-08-22T18:45:00+00:00,A,1,0.29,0.27,0.28,0.275,0
F1,fl1-ogc-lor-2026-08-22,KXLIGUE1GAME-26AUG22NICFCL-FCL,2026-08-22T18:45:00+00:00,A,6,0.28,0.27,0.28,0.275,0
F1,fl1-ogc-lor-2026-08-22,KXLIGUE1GAME-26AUG22NICFCL-FCL,2026-08-22T18:45:00+00:00,A,24,0.28,0.27,0.29,0.28,0
F1,fl1-lmf-sbr-2026-08-22,KXLIGUE1GAME-26AUG22MANSTB-MAN,2026-08-22T18:45:00+00:00,H,1,0.38,0.37,0.38,0.375,0
F1,fl1-lmf-sbr-2026-08-22,KXLIGUE1GAME-26AUG22MANSTB-MAN,2026-08-22T18:45:00+00:00,H,6,0.38,0.37,0.38,0.375,0
F1,fl1-lmf-sbr-2026-08-22,KXLIGUE1GAME-26AUG22MANSTB-MAN,2026-08-22T18:45:00+00:00,H,24,0.37,0.37,0.38,0.375,0
F1,fl1-lmf-sbr-2026-08-22,KXLIGUE1GAME-26AUG22MANSTB-TIE,2026-08-22T18:45:00+00:00,D,1,0.29,0.28,0.29,0.285,1
F1,fl1-lmf-sbr-2026-08-22,KXLIGUE1GAME-26AUG22MANSTB-TIE,2026-08-22T18:45:00+00:00,D,6,0.29,0.28,0.29,0.285,1
F1,fl1-lmf-sbr-2026-08-22,KXLIGUE1GAME-26AUG22MANSTB-TIE,2026-08-22T18:45:00+00:00,D,24,0.27,0.27,0.28,0.275,1
F1,fl1-lmf-sbr-2026-08-22,KXLIGUE1GAME-26AUG22MANSTB-STB,2026-08-22T18:45:00+00:00,A,1,0.34,0.33,0.34,0.335,0
F1,fl1-lmf-sbr-2026-08-22,KXLIGUE1GAME-26AUG22MANSTB-STB,2026-08-22T18:45:00+00:00,A,6,0.33,0.33,0.34,0.335,0
F1,fl1-rcl-aja-2026-08-22,KXLIGUE1GAME-26AUG22RCLAUX-RCL,2026-08-22T15:15:00+00:00,H,1,0.66,0.65,0.66,0.655,1
F1,fl1-rcl-aja-2026-08-22,KXLIGUE1GAME-26AUG22RCLAUX-RCL,2026-08-22T15:15:00+00:00,H,6,0.64,0.64,0.65,0.645,1
F1,fl1-rcl-aja-2026-08-22,KXLIGUE1GAME-26AUG22RCLAUX-RCL,2026-08-22T15:15:00+00:00,H,24,0.63,0.62,0.64,0.63,1
F1,fl1-rcl-aja-2026-08-22,KXLIGUE1GAME-26AUG22RCLAUX-TIE,2026-08-22T15:15:00+00:00,D,1,0.21,0.2,0.21,0.205,0
F1,fl1-rcl-aja-2026-08-22,KXLIGUE1GAME-26AUG22RCLAUX-TIE,2026-08-22T15:15:00+00:00,D,6,0.22,0.21,0.22,0.215,0
F1,fl1-rcl-aja-2026-08-22,KXLIGUE1GAME-26AUG22RCLAUX-TIE,2026-08-22T15:15:00+00:00,D,24,0.22,0.2,0.22,0.21,0
F1,fl1-rcl-aja-2026-08-22,KXLIGUE1GAME-26AUG22RCLAUX-AUX,2026-08-22T15:15:00+00:00,A,1,0.13,0.13,0.14,0.135,0
F1,fl1-rcl-aja-2026-08-22,KXLIGUE1GAME-26AUG22RCLAUX-AUX,2026-08-22T15:15:00+00:00,A,6,0.14,0.15,0.16,0.155,0
F1,fl1-rcl-aja-2026-08-22,KXLIGUE1GAME-26AUG22RCLAUX-AUX,2026-08-22T15:15:00+00:00,A,24,0.16,0.15,0.16,0.155,0
F1,fl1-olm-str-2026-08-21,KXLIGUE1GAME-26AUG21OLMRCS-OLM,2026-08-21T18:45:00+00:00,H,1,0.56,0.55,0.57,0.56,1
F1,fl1-olm-str-2026-08-21,KXLIGUE1GAME-26AUG21OLMRCS-OLM,2026-08-21T18:45:00+00:00,H,6,0.56,0.55,0.56,0.555,1
F1,fl1-olm-str-2026-08-21,KXLIGUE1GAME-26AUG21OLMRCS-OLM,2026-08-21T18:45:00+00:00,H,24,0.56,0.55,0.56,0.555,1
F1,fl1-olm-str-2026-08-21,KXLIGUE1GAME-26AUG21OLMRCS-TIE,2026-08-21T18:45:00+00:00,D,1,0.24,0.23,0.24,0.235,0
F1,fl1-olm-str-2026-08-21,KXLIGUE1GAME-26AUG21OLMRCS-TIE,2026-08-21T18:45:00+00:00,D,6,0.24,0.22,0.23,0.225,0
F1,fl1-olm-str-2026-08-21,KXLIGUE1GAME-26AUG21OLMRCS-RCS,2026-08-21T18:45:00+00:00,A,1,0.21,0.2,0.21,0.205,0
F1,fl1-olm-str-2026-08-21,KXLIGUE1GAME-26AUG21OLMRCS-RCS,2026-08-21T18:45:00+00:00,A,6,0.22,0.21,0.22,0.215,0
F1,fl1-olm-str-2026-08-21,KXLIGUE1GAME-26AUG21OLMRCS-RCS,2026-08-21T18:45:00+00:00,A,24,0.21,0.21,0.22,0.215,0
